stat_id,player_id,date_of_game,stadium_name,rush_yards,num_rushes,rec_yards,num_receptions,points,snaps_played
1,4759,2021-08-22,Mendoza and Sons Stadium,92,6,179,5,0,66
2,6465,2020-10-29,"Robertson, Hart and Pierce Stadium",6,24,163,8,14,34
3,8025,2025-08-21,Henderson and Sons Stadium,0,25,152,13,7,64
4,4088,2025-07-21,Taylor PLC Stadium,10,0,88,6,17,24
5,5960,2026-04-24,"Ford, Cortez and Hernandez Stadium",8,26,35,9,14,4
6,8824,2021-07-20,"Jordan, Bowers and French Stadium",7,2,129,3,18,74
7,6003,2021-09-02,Ford-White Stadium,52,27,174,4,3,6
8,2827,2021-05-02,"Evans, Preston and Oneill Stadium",130,15,165,5,21,7
9,7614,2021-07-23,"Hudson, Perry and Levine Stadium",144,2,135,1,0,62
10,8809,2023-09-25,Garcia-Perez Stadium,101,8,186,11,12,80
11,124,2024-12-09,"Richardson, Wilson and Evans Stadium",127,17,98,15,3,15
12,7172,2025-10-27,"Taylor, Burns and Baxter Stadium",84,26,19,7,6,43
13,7814,2023-12-29,Thompson LLC Stadium,105,12,87,11,0,23
14,6610,2021-01-02,Vargas Group Stadium,8,4,59,1,7,40
15,6218,2022-06-12,Hamilton-Martinez Stadium,125,7,159,3,0,19
16,7356,2021-06-19,Hampton PLC Stadium,55,9,75,0,28,55
17,61,2023-01-09,"Walsh, Ramos and Adams Stadium",116,9,139,7,3,33
18,300,2026-03-09,Pope Ltd Stadium,62,23,32,12,6,44
19,4092,2021-10-23,Carson-Rangel Stadium,47,6,83,5,3,69
20,418,2021-10-03,Peterson PLC Stadium,107,9,70,8,0,5
21,8297,2024-08-16,"Thomas, Mahoney and Anderson Stadium",62,22,15,7,21,23
22,5473,2020-04-29,Fernandez-Robinson Stadium,115,5,68,15,14,10
23,2819,2022-07-31,Heath LLC Stadium,32,28,6,0,21,44
24,8797,2023-09-19,"Pena, Singleton and Peterson Stadium",29,24,143,14,28,68
25,4436,2021-04-04,"Cummings, Smith and Woods Stadium",139,13,44,5,0,21
26,9357,2023-02-12,Ward Ltd Stadium,-4,8,96,14,14,53
27,2328,2024-07-01,Duncan-Nelson Stadium,13,5,88,12,12,23
28,7575,2021-09-03,"Campbell, Clark and Rosales Stadium",41,27,46,12,17,4
29,9939,2020-03-07,Rodriguez-Torres Stadium,16,9,74,3,17,3
30,306,2024-10-21,Hall-Mcdonald Stadium,125,6,45,1,6,55
31,3318,2022-04-29,Williams Inc Stadium,21,21,55,1,17,9
32,9275,2024-11-03,Dennis-Sloan Stadium,71,26,96,12,3,76
33,8238,2021-11-02,"Vaughn, Costa and Hill Stadium",39,0,54,3,7,74
34,9151,2020-07-29,Arnold PLC Stadium,118,24,69,5,6,65
35,1288,2023-12-27,Marsh-Graves Stadium,58,29,178,10,28,79
36,1001,2020-02-23,Heath-Mcguire Stadium,2,3,121,1,3,51
37,832,2020-05-28,Kidd-King Stadium,122,24,44,7,28,30
38,5970,2022-05-08,Smith PLC Stadium,37,7,131,12,3,19
39,8810,2026-01-07,"Pacheco, Mason and Reeves Stadium",146,19,25,7,18,56
40,4253,2022-08-26,James Group Stadium,45,14,16,5,24,42
41,2546,2025-11-16,Mendoza-Acosta Stadium,100,20,59,5,14,61
42,3592,2025-12-06,Hanson-Andrade Stadium,92,13,176,3,3,26
43,4951,2020-08-24,Dunlap-Jimenez Stadium,38,1,80,13,21,46
44,6143,2022-05-12,Rosario-Mueller Stadium,137,7,177,15,14,75
45,4503,2021-11-04,Campbell-Pena Stadium,147,6,134,7,12,29
46,5501,2023-05-04,"Hamilton, Harrison and Roth Stadium",106,16,70,9,24,36
47,9057,2022-11-06,Schwartz-Lee Stadium,51,30,123,10,28,57
48,8741,2024-01-31,Rodriguez Group Stadium,49,22,23,5,28,19
49,2964,2022-09-28,Cantrell Group Stadium,59,7,114,11,0,63
50,7509,2021-06-08,Parker and Sons Stadium,140,5,118,7,18,68
51,7965,2024-10-16,Hampton PLC Stadium,96,5,92,1,3,77
52,6549,2024-11-07,Mullins LLC Stadium,55,28,46,9,21,71
53,8633,2024-08-30,"Moore, Holmes and Sanford Stadium",55,23,92,4,17,71
54,3646,2020-07-03,Baker Inc Stadium,70,11,163,8,12,44
55,5917,2023-01-01,Holloway Group Stadium,50,25,70,6,3,63
56,8212,2025-10-26,Torres LLC Stadium,104,27,159,12,0,72
57,8674,2023-04-09,"Drake, Gonzalez and Diaz Stadium",49,17,136,5,21,20
58,4980,2020-08-06,"Moss, Owens and Jones Stadium",113,22,185,10,14,56
59,1079,2025-06-02,Perez-Lee Stadium,19,16,120,7,0,62
60,8228,2023-01-24,"Martin, Glover and Bennett Stadium",35,1,193,1,24,20
61,2063,2026-02-04,"Conley, Smith and Taylor Stadium",106,22,75,3,14,62
62,4320,2024-02-10,Rodriguez PLC Stadium,51,21,106,7,12,66
63,4561,2022-04-09,"Lutz, Mcclain and Bean Stadium",88,0,65,5,12,6
64,6080,2022-07-16,Maddox and Sons Stadium,136,22,55,13,7,12
65,528,2021-05-27,Wells-Green Stadium,107,30,4,7,24,24
66,5506,2021-11-27,Watson Inc Stadium,144,4,8,6,17,73
67,691,2020-01-05,Buckley-Smith Stadium,138,30,11,12,14,28
68,7551,2023-09-11,"Ho, Rogers and Hurst Stadium",88,21,168,2,24,31
69,3761,2025-10-29,Todd Inc Stadium,34,25,42,13,21,13
70,5423,2020-08-13,"Patterson, Hinton and Cardenas Stadium",113,3,2,2,14,32
71,3318,2024-03-01,Walker-Small Stadium,149,12,87,5,24,17
72,2826,2025-08-19,"Blackwell, Fuentes and Hudson Stadium",43,10,161,1,18,63
73,6560,2021-06-13,Nolan LLC Stadium,95,19,116,12,3,65
74,528,2021-06-28,Baker PLC Stadium,55,17,96,4,14,47
75,3964,2024-04-10,Vasquez LLC Stadium,81,22,87,11,28,64
76,6834,2020-12-25,"Yates, Mclean and Williams Stadium",73,24,101,14,12,58
77,8830,2021-07-08,Frank LLC Stadium,99,21,142,3,3,18
78,3579,2020-09-28,Thomas-Jordan Stadium,9,4,33,9,6,50
79,7610,2024-01-14,Warner-Martin Stadium,36,6,156,2,6,24
80,7993,2023-01-26,Brown-Davis Stadium,66,24,147,13,0,48
81,2455,2023-12-29,Moore-King Stadium,5,9,128,12,0,58
82,4339,2021-12-23,"Valencia, Wells and Strickland Stadium",104,5,130,12,21,32
83,151,2022-03-07,Williams-Vasquez Stadium,128,11,125,1,14,18
84,7668,2025-06-15,"Ward, Long and Baker Stadium",81,10,184,3,0,71
85,8908,2022-10-12,"Robbins, Velez and Mitchell Stadium",27,10,147,12,6,29
86,6542,2020-07-25,Alvarez PLC Stadium,-5,10,199,6,14,37
87,8977,2020-01-03,Lewis-Burke Stadium,112,24,86,5,17,37
88,3511,2024-05-23,"Clark, Fox and Hoover Stadium",17,2,149,14,14,38
89,7471,2021-04-11,"Edwards, Wilcox and Jones Stadium",31,15,20,0,28,20
90,5006,2024-09-18,Rojas-Welch Stadium,12,28,29,3,18,5
91,9779,2022-10-09,"Garcia, Webster and Walker Stadium",134,15,173,15,3,50
92,5330,2026-01-31,Lopez-Bowman Stadium,68,10,170,10,14,19
93,7303,2021-09-21,"Stewart, Bray and Neal Stadium",145,26,127,13,18,77
94,9015,2025-02-05,Beck-Oneill Stadium,85,26,115,7,7,72
95,7984,2022-09-22,Meyer and Sons Stadium,48,28,77,8,12,2
96,1454,2024-06-17,Macdonald and Sons Stadium,-5,9,189,1,14,79
97,4206,2020-12-16,"Rodriguez, Vasquez and Reyes Stadium",51,6,55,0,28,4
98,1621,2025-08-09,"Morris, Cole and Mercado Stadium",120,10,104,1,12,44
99,5798,2022-06-06,"Bryant, Rojas and Garner Stadium",64,27,170,14,24,71
100,7418,2020-01-03,Mcclain-Paul Stadium,114,2,200,12,28,27
101,96,2021-02-13,Frye-Savage Stadium,5,5,165,14,24,66
102,3290,2022-01-23,Lee-Snyder Stadium,46,28,59,0,18,38
103,2042,2023-03-17,Callahan Inc Stadium,105,10,99,11,12,21
104,4853,2023-04-16,Fisher-Long Stadium,20,26,108,13,18,76
105,5325,2022-08-24,Foley PLC Stadium,113,19,148,12,17,27
106,3386,2023-01-11,Miller LLC Stadium,98,20,41,15,17,3
107,6077,2020-06-16,Salazar LLC Stadium,92,3,55,9,28,24
108,303,2023-09-12,"Brady, Greene and Parrish Stadium",75,30,11,10,14,6
109,8618,2023-09-01,"Boyle, Alvarez and Gallagher Stadium",18,16,92,1,14,46
110,3973,2022-09-22,Harris-Harris Stadium,12,7,25,3,28,59
111,427,2020-12-06,Cochran-Davis Stadium,35,17,172,2,21,58
112,353,2020-07-25,"Simpson, Turner and Ellis Stadium",83,18,122,5,21,43
113,6861,2022-07-08,"White, Grimes and Harris Stadium",98,20,109,15,7,24
114,1534,2021-09-25,Johnston-Cummings Stadium,24,24,52,0,18,50
115,823,2025-07-26,Garcia-Foster Stadium,64,24,116,13,14,21
116,5546,2023-10-13,"Powell, Harris and Perez Stadium",49,10,164,7,28,55
117,3296,2024-08-23,"Briggs, Arnold and Morgan Stadium",82,30,129,9,6,62
118,8956,2022-04-27,"Welch, Howard and Garcia Stadium",42,16,6,5,14,60
119,3079,2025-11-07,Patrick Group Stadium,7,18,14,8,17,61
120,7680,2020-04-23,Mcconnell-Elliott Stadium,95,2,41,3,21,23
121,2138,2021-08-24,"Jimenez, Taylor and Perez Stadium",113,11,66,5,3,5
122,1549,2022-11-17,"Bennett, Horn and Rose Stadium",17,18,188,15,3,68
123,9000,2023-09-23,Vaughn-Montoya Stadium,100,14,88,4,14,38
124,7199,2024-01-05,"Goodman, Kelley and Hensley Stadium",95,5,3,10,3,31
125,7291,2021-11-15,Graham-Duffy Stadium,52,23,32,9,21,49
126,8774,2020-05-26,Morgan-Walker Stadium,81,7,66,13,0,45
127,4908,2023-01-13,Anthony-Bryan Stadium,85,13,1,14,12,2
128,2580,2023-05-06,Garner Group Stadium,-2,30,123,1,12,72
129,1415,2021-10-26,Swanson-Lewis Stadium,64,20,184,5,17,59
130,3929,2023-09-13,"Jackson, Buck and Jones Stadium",112,9,45,7,12,27
131,2423,2023-11-28,Henry-Archer Stadium,30,18,33,1,24,18
132,5764,2020-09-02,"Baldwin, Molina and Harris Stadium",33,4,38,5,7,30
133,2556,2021-05-18,"Nichols, Green and Parker Stadium",47,5,173,6,7,29
134,9659,2026-02-05,"Dunn, Smith and Schultz Stadium",149,15,32,5,28,62
135,9452,2021-10-02,Powell Group Stadium,13,0,182,10,0,68
136,1434,2022-10-23,Matthews-Garcia Stadium,119,0,168,7,7,31
137,9089,2022-08-31,Bennett-Davis Stadium,63,9,78,5,0,22
138,6328,2022-10-03,"Marshall, Russell and Oconnor Stadium",37,29,57,7,24,40
139,1834,2024-09-02,"Wallace, Walls and Clark Stadium",2,28,103,0,0,33
140,5124,2022-12-27,"Shelton, Maldonado and Johnston Stadium",63,15,91,8,6,17
141,8213,2024-12-17,Shepard Ltd Stadium,27,24,50,3,24,57
142,9209,2021-07-10,Miller-Martin Stadium,13,29,50,5,0,49
143,8236,2024-11-18,"Duncan, Wagner and Hernandez Stadium",77,2,1,5,17,35
144,4745,2020-08-21,"Roberts, Bryant and Harmon Stadium",54,23,147,9,17,35
145,410,2022-12-27,Gonzalez Ltd Stadium,21,8,112,13,24,51
146,4613,2021-12-31,"David, Smith and Davis Stadium",82,18,22,10,14,28
147,5760,2021-11-24,"Gomez, Perez and Myers Stadium",110,9,1,13,24,38
148,3607,2020-02-28,"Rhodes, Gillespie and Thomas Stadium",37,7,3,12,3,30
149,2465,2022-10-22,Stein Group Stadium,38,29,136,15,28,36
150,8353,2023-06-18,"Mcdaniel, Davis and Fisher Stadium",9,6,104,0,17,45
151,4907,2023-02-12,"Hudson, Alvarez and Thompson Stadium",63,1,26,10,3,15
152,8387,2020-02-04,Galvan and Sons Stadium,62,23,196,10,21,59
153,9527,2024-02-29,Johnson-Watts Stadium,46,22,55,9,24,40
154,934,2021-04-05,Garcia LLC Stadium,6,29,49,12,21,25
155,2720,2021-09-19,"Rollins, Hendricks and Johnson Stadium",17,14,33,12,0,3
156,9582,2020-12-26,Wade PLC Stadium,83,22,159,9,3,62
157,4989,2021-11-28,"Watson, Lawson and Kane Stadium",16,7,62,14,7,80
158,3449,2020-08-04,Perez and Sons Stadium,87,29,161,7,17,52
159,8604,2025-09-19,"Mayer, Glass and Wilkinson Stadium",102,28,128,7,14,54
160,83,2025-06-01,Jones-Rivera Stadium,94,22,196,2,24,52
161,6287,2024-09-08,"Parker, Garcia and Bradford Stadium",111,8,28,11,3,70
162,6159,2020-12-15,Hall Ltd Stadium,126,2,73,4,21,68
163,7617,2023-09-20,"Campbell, Johnson and Lloyd Stadium",74,30,167,15,17,66
164,3733,2026-04-02,"Castillo, Robbins and Morris Stadium",11,5,155,6,21,19
165,4995,2023-08-15,"Stafford, Ramirez and Oconnor Stadium",25,18,4,11,3,67
166,580,2023-05-20,Gomez-White Stadium,-2,28,70,3,14,27
167,9510,2024-05-10,"Guerrero, Hamilton and Bonilla Stadium",74,24,171,1,21,73
168,6630,2023-08-04,Hooper and Sons Stadium,33,14,162,10,18,79
169,3142,2026-03-19,Smith Inc Stadium,137,13,109,6,24,27
170,366,2020-03-28,Johnson-Klein Stadium,34,29,59,8,6,9
171,4999,2024-10-18,"Strickland, Martin and Mays Stadium",112,5,17,10,6,9
172,7516,2021-07-12,Blake and Sons Stadium,136,28,183,5,12,18
173,6890,2022-06-05,Munoz PLC Stadium,104,23,200,11,24,10
174,7576,2024-02-09,White Inc Stadium,58,18,187,6,17,17
175,7444,2022-12-15,"King, Nichols and Mullins Stadium",134,9,8,0,17,75
176,2264,2021-03-30,Turner Ltd Stadium,104,23,5,5,3,70
177,5075,2026-01-30,Mendez and Sons Stadium,120,15,192,12,6,18
178,4860,2022-10-21,Johnson-Washington Stadium,124,12,175,8,0,47
179,7838,2023-02-13,Smith and Sons Stadium,120,19,104,8,7,30
180,150,2023-03-05,Edwards-Haynes Stadium,31,24,177,13,12,67
181,7200,2025-01-24,Stevenson-Green Stadium,109,20,33,4,14,43
182,1774,2022-03-29,Sanchez Inc Stadium,16,28,53,10,0,46
183,1971,2023-09-17,Moore and Sons Stadium,103,30,10,12,24,25
184,6716,2022-02-16,"Mendoza, Romero and Watson Stadium",135,20,195,2,0,66
185,8720,2022-05-19,"Bishop, Lopez and Bowman Stadium",78,6,29,2,7,30
186,5638,2022-01-20,Butler PLC Stadium,136,30,124,2,24,48
187,6114,2024-04-23,Mendez Ltd Stadium,13,21,105,4,12,61
188,7925,2025-11-11,"Butler, Gordon and Conrad Stadium",75,21,52,15,7,66
189,6295,2022-11-16,Everett PLC Stadium,116,8,54,11,12,57
190,1826,2022-03-17,Johnson-Warner Stadium,102,22,114,4,3,11
191,5282,2025-09-18,Williams and Sons Stadium,10,11,139,11,12,36
192,5434,2024-01-14,Phillips Ltd Stadium,80,11,6,12,24,53
193,2623,2020-02-18,Harrison-Mills Stadium,132,14,29,3,28,8
194,2336,2025-12-29,Archer PLC Stadium,12,1,82,9,17,60
195,18,2023-11-14,Morgan Inc Stadium,148,0,42,15,24,13
196,4008,2022-05-15,"Atkins, Johnson and Hampton Stadium",53,14,147,9,3,42
197,2532,2020-05-01,Curry-Barry Stadium,62,1,108,15,0,22
198,9017,2025-08-29,Matthews-Peterson Stadium,37,12,126,10,12,31
199,8325,2020-12-12,"Wells, Ortiz and Johnson Stadium",68,24,12,3,12,18
200,9200,2022-02-08,Santiago Inc Stadium,8,24,69,1,18,55
201,6679,2025-09-21,Russell PLC Stadium,23,0,191,7,24,53
202,9923,2022-01-13,Schmidt-Montes Stadium,126,12,186,0,18,50
203,5065,2020-01-13,Foster-Martin Stadium,133,24,87,14,6,24
204,4670,2024-06-12,Brewer Inc Stadium,86,15,26,2,6,37
205,1818,2023-02-28,Smith PLC Stadium,123,15,190,11,28,31
206,4138,2024-05-18,Mendoza Ltd Stadium,111,17,121,9,21,27
207,5571,2024-03-10,Erickson Group Stadium,17,26,79,2,6,44
208,1135,2024-07-22,"Kelly, Hernandez and Ward Stadium",91,28,54,9,24,45
209,8567,2023-05-30,"Brown, Johnson and Harris Stadium",59,1,162,4,24,76
210,1517,2023-02-04,"Lopez, Russell and Rice Stadium",114,12,159,3,7,46
211,4636,2026-04-25,Harper-Reyes Stadium,81,22,141,13,21,49
212,2907,2026-04-22,Hall LLC Stadium,50,16,197,12,24,49
213,7244,2022-03-01,"Newman, Adams and Nunez Stadium",46,25,77,2,6,43
214,905,2023-12-08,"Parker, Rowe and Robinson Stadium",51,11,170,15,24,58
215,5597,2020-12-18,Clark Inc Stadium,92,16,24,15,28,40
216,7609,2020-04-05,Rodriguez-Turner Stadium,23,19,130,6,3,63
217,728,2024-06-03,"Walter, Taylor and Bradshaw Stadium",34,10,143,13,28,7
218,9812,2021-06-17,Schmidt Inc Stadium,126,29,52,6,0,56
219,1838,2020-10-11,"Ramos, Odonnell and Holland Stadium",11,18,32,9,28,74
220,8679,2020-10-27,Cervantes-Griffith Stadium,141,26,180,11,17,3
221,3533,2021-02-01,"Murphy, Collins and Wilson Stadium",47,20,5,12,12,42
222,4223,2026-04-14,Buck-Johnson Stadium,30,26,178,1,7,34
223,2210,2024-07-14,"Martinez, Neal and Meza Stadium",38,17,95,8,0,29
224,5016,2020-11-20,Ibarra Group Stadium,23,27,200,15,17,27
225,2272,2022-04-19,"Moore, Romero and Joseph Stadium",141,16,168,4,17,19
226,2246,2023-02-23,"Hawkins, Chavez and Reid Stadium",0,14,76,11,7,10
227,6375,2021-11-22,Graves Ltd Stadium,3,19,195,12,3,75
228,6355,2025-08-31,Lynch and Sons Stadium,112,20,180,5,24,33
229,1141,2025-03-06,Jimenez LLC Stadium,74,1,141,14,3,55
230,8234,2022-09-22,Jones-Cobb Stadium,48,2,48,14,24,26
231,9028,2026-02-09,"Koch, Williams and Lopez Stadium",12,2,56,7,14,14
232,4697,2021-11-15,Hawkins LLC Stadium,6,26,98,15,7,45
233,3534,2024-12-19,Lindsey Ltd Stadium,6,5,47,0,24,17
234,9113,2021-12-19,Forbes Ltd Stadium,33,25,28,14,12,78
235,7665,2020-12-31,Hughes PLC Stadium,56,14,88,0,7,54
236,4633,2023-10-08,Lee-Perez Stadium,122,27,120,1,12,9
237,5669,2022-01-06,"Henson, Vance and Young Stadium",119,13,125,9,0,53
238,7140,2023-01-25,"Haas, Alvarado and Murray Stadium",49,29,0,8,21,50
239,2623,2022-12-30,"Harris, Gomez and Juarez Stadium",148,22,144,3,21,79
240,5279,2026-03-25,Contreras Group Stadium,20,30,174,7,0,30
241,3459,2022-01-25,Cruz-Simon Stadium,1,26,157,8,18,20
242,9723,2020-08-25,Anderson LLC Stadium,123,25,128,12,12,6
243,6763,2023-03-02,Morse Inc Stadium,116,24,187,0,17,31
244,8356,2026-03-10,Lawrence Ltd Stadium,50,28,185,8,12,22
245,498,2022-01-06,Jones Group Stadium,74,5,104,11,17,55
246,7548,2020-02-17,Moore LLC Stadium,6,25,71,1,24,40
247,6932,2024-01-03,Stewart Ltd Stadium,101,27,39,15,17,1
248,9587,2025-10-08,Higgins-Davis Stadium,91,22,191,0,18,34
249,4494,2024-10-22,Johnson-Carroll Stadium,33,10,184,5,21,73
250,3858,2023-10-06,"Lee, Johnston and Skinner Stadium",79,3,47,2,21,35
251,2144,2020-01-05,"Olson, Williams and Hicks Stadium",138,6,146,1,24,36
252,8407,2023-10-06,"Lee, Anderson and Morris Stadium",104,23,74,5,18,38
253,399,2022-12-16,"Park, Campbell and Hale Stadium",33,4,31,0,17,11
254,1074,2020-07-08,Johnson-Carr Stadium,102,13,51,6,24,45
255,7708,2020-08-01,Guerra-White Stadium,19,7,40,11,12,34
256,435,2024-07-05,Smith Inc Stadium,85,0,122,10,14,28
257,564,2024-07-05,Nelson Ltd Stadium,95,28,175,7,6,61
258,3144,2023-08-30,"Welch, Jarvis and Roman Stadium",4,11,166,1,3,25
259,3020,2022-06-29,Morgan Ltd Stadium,74,10,37,10,17,71
260,2032,2025-04-09,"Heath, Bennett and Crawford Stadium",139,19,199,6,14,35
261,1350,2025-01-29,Clark-Jackson Stadium,11,30,186,10,14,18
262,8339,2024-12-09,Hawkins Group Stadium,58,14,96,5,28,37
263,4522,2024-11-04,Snyder-Sanchez Stadium,5,23,49,11,7,17
264,8741,2022-11-17,Harrison-Vaughn Stadium,138,9,156,5,3,38
265,2616,2024-12-28,Obrien Ltd Stadium,47,10,41,10,0,33
266,35,2020-08-10,"Kennedy, Johnson and Davis Stadium",128,8,7,7,6,21
267,4668,2022-04-15,Payne-Jackson Stadium,15,25,170,0,21,32
268,6903,2024-02-17,King-Davis Stadium,4,21,56,0,18,30
269,3249,2022-01-28,"Smith, Bass and Dominguez Stadium",24,7,115,2,24,30
270,1396,2023-05-22,Bowen Group Stadium,8,27,3,6,18,75
271,978,2022-05-29,Jackson-Duncan Stadium,18,7,150,13,7,50
272,1765,2024-01-29,Li PLC Stadium,1,3,86,12,17,54
273,8242,2021-05-02,Williams-Mullen Stadium,51,25,194,1,18,55
274,3536,2021-09-13,Stewart and Sons Stadium,145,2,135,8,28,78
275,6304,2022-01-10,Bowman LLC Stadium,117,10,88,11,21,44
276,1964,2025-01-04,Nguyen Inc Stadium,24,22,25,9,18,7
277,6690,2021-06-07,Fisher-Ramos Stadium,139,7,105,13,18,78
278,9515,2022-12-10,"Hodges, Sellers and Burke Stadium",58,2,4,14,17,63
279,2826,2020-01-08,Owen Group Stadium,29,26,13,1,17,50
280,7273,2022-02-01,Rivera-Spence Stadium,137,27,17,6,21,9
281,5618,2024-07-27,"Green, Hunter and Lee Stadium",52,15,158,6,6,72
282,6528,2025-04-25,"Young, Reid and Campbell Stadium",122,14,136,11,12,9
283,7776,2022-01-13,Mendoza-Lopez Stadium,97,27,71,4,0,39
284,2871,2025-06-14,"Jones, Black and Collier Stadium",122,2,73,8,18,70
285,1571,2024-10-07,Flores Ltd Stadium,16,26,139,3,21,70
286,7414,2022-06-19,Perry-Hernandez Stadium,129,8,129,5,21,52
287,4016,2023-08-05,"Perez, Clark and Richardson Stadium",-1,6,94,1,6,58
288,8455,2022-04-14,Moore Ltd Stadium,36,8,94,8,24,51
289,9240,2025-11-11,Martin PLC Stadium,74,29,47,10,21,80
290,1920,2025-06-02,Meyer-Martinez Stadium,-2,5,127,0,6,50
291,9030,2021-05-12,"Hughes, Henry and Joseph Stadium",44,23,200,11,14,19
292,7702,2023-06-17,Bullock PLC Stadium,90,5,109,9,28,57
293,1536,2020-04-07,Smith Group Stadium,121,1,69,10,24,8
294,9133,2023-02-25,Barrett-Cook Stadium,55,5,81,9,17,58
295,8711,2022-02-25,Smith PLC Stadium,49,24,26,12,6,52
296,342,2020-02-05,Robinson-Bell Stadium,28,20,187,5,21,30
297,3746,2025-07-12,Malone Ltd Stadium,27,5,147,13,14,30
298,3849,2024-03-08,Ortiz Ltd Stadium,93,15,132,5,18,48
299,1541,2021-06-08,"Myers, Barker and Gates Stadium",149,17,200,7,12,2
300,131,2021-05-25,White-Newman Stadium,53,13,173,6,28,29
301,9756,2020-08-19,Francis-Dominguez Stadium,82,10,97,11,6,62
302,8597,2023-06-17,"Oliver, Rubio and Johnson Stadium",134,9,44,10,21,5
303,2466,2021-01-07,Burton-Nguyen Stadium,50,22,126,9,6,59
304,8481,2025-11-03,Martin Group Stadium,60,30,100,5,17,4
305,1575,2025-05-04,Gomez and Sons Stadium,-1,12,145,7,0,47
306,573,2026-01-14,Mcguire-Romero Stadium,127,17,32,14,7,26
307,897,2022-03-25,"Riley, Wagner and Martin Stadium",99,11,177,11,21,57
308,9246,2021-04-24,Rivas PLC Stadium,104,15,100,10,28,30
309,5641,2022-06-17,"Hall, Blankenship and Wilson Stadium",22,26,68,3,17,17
310,7021,2025-01-28,"Webb, Bond and Farley Stadium",92,25,193,8,21,7
311,9040,2023-02-09,Chandler LLC Stadium,115,5,37,4,3,64
312,4627,2020-01-25,Phelps-Ford Stadium,64,16,26,3,6,23
313,1240,2025-04-18,Jones-Cantrell Stadium,44,3,101,5,17,14
314,2151,2022-11-27,Taylor Inc Stadium,124,30,103,14,24,14
315,6715,2022-12-04,"Castro, Ho and Riley Stadium",106,19,67,3,7,77
316,8765,2023-08-25,"Hernandez, Foster and Ashley Stadium",68,1,56,11,24,24
317,9799,2025-12-18,Lawson-Reed Stadium,115,2,161,4,17,6
318,2671,2024-09-02,Ford Inc Stadium,1,26,82,10,28,46
319,4652,2022-10-28,"Fuller, Page and Juarez Stadium",89,11,190,6,17,78
320,4100,2020-05-25,Ryan PLC Stadium,80,0,120,5,6,76
321,1610,2023-03-21,Callahan-Mcfarland Stadium,95,16,92,9,17,68
322,8176,2025-02-13,Powell-Sandoval Stadium,43,6,149,3,21,31
323,7737,2020-10-30,Vaughn and Sons Stadium,87,8,196,1,7,48
324,591,2022-10-07,Smith LLC Stadium,76,21,116,0,12,43
325,6571,2020-11-05,"Rodriguez, Miller and Robertson Stadium",25,28,10,5,6,61
326,4918,2023-05-05,"Campbell, Bright and Harmon Stadium",94,21,67,13,28,66
327,1741,2024-11-10,"Bentley, Gilmore and Morrison Stadium",36,18,24,3,18,16
328,8545,2022-03-10,"Evans, Morgan and Benton Stadium",8,24,108,6,17,63
329,4772,2025-06-18,"Mckee, Roberts and Christensen Stadium",28,12,131,5,12,44
330,3756,2024-05-18,"Allen, Nelson and Harrington Stadium",146,16,51,11,3,21
331,6714,2025-08-10,Ford-Briggs Stadium,51,23,200,1,7,52
332,1761,2024-02-25,"Meyer, Tate and Ray Stadium",17,3,178,11,18,5
333,7321,2020-08-31,Lee-Rodriguez Stadium,141,30,64,10,24,31
334,1312,2024-05-05,Smith PLC Stadium,62,11,198,12,17,27
335,7726,2021-12-25,Novak LLC Stadium,136,25,27,12,28,8
336,5796,2024-06-01,Love PLC Stadium,67,24,194,15,3,42
337,6529,2025-12-02,Hughes Group Stadium,17,11,47,15,3,29
338,8338,2026-04-27,Padilla Ltd Stadium,26,28,130,2,0,42
339,8513,2021-09-19,"Rowland, Shields and Hanson Stadium",138,12,150,1,28,66
340,2243,2026-03-26,"Walker, Peterson and Newman Stadium",8,0,175,5,18,50
341,8519,2025-04-12,"Lawrence, Morrison and Cohen Stadium",74,0,10,0,6,72
342,2391,2024-12-12,"Turner, Sanders and Berry Stadium",94,5,157,14,7,44
343,1581,2024-01-07,Suarez LLC Stadium,46,8,138,3,3,52
344,1676,2021-01-12,Ross-James Stadium,34,16,26,15,3,46
345,5489,2025-02-18,"Le, Brown and Ruiz Stadium",122,13,139,11,3,40
346,7507,2020-10-16,"Santiago, Brown and Schultz Stadium",87,12,49,1,0,27
347,9674,2021-09-04,"Clarke, Campos and Smith Stadium",54,30,75,9,7,28
348,1739,2020-06-12,"Jones, Andrews and Morris Stadium",10,1,107,15,6,32
349,2964,2021-12-08,"Roberson, Barnes and Lopez Stadium",71,8,74,3,14,25
350,8591,2023-04-13,Weber LLC Stadium,68,14,171,15,28,45
351,8527,2024-06-27,"Mckay, Santiago and Cobb Stadium",55,21,141,0,3,7
352,1611,2026-04-13,White Group Stadium,49,18,95,15,21,7
353,1869,2023-01-15,"Petersen, Lambert and Mcgrath Stadium",146,29,136,6,7,60
354,2947,2020-09-29,Munoz PLC Stadium,76,9,23,12,0,63
355,1720,2022-01-06,Brown Group Stadium,82,17,155,12,0,7
356,5175,2021-09-04,Friedman-Alexander Stadium,123,5,88,2,0,79
357,7775,2022-07-02,Williams Group Stadium,138,13,84,11,24,3
358,5268,2024-12-25,Guerra LLC Stadium,93,10,95,0,6,25
359,5957,2023-10-02,Williams LLC Stadium,45,16,182,6,12,2
360,6648,2025-04-26,"Hayes, Kim and Sloan Stadium",51,28,114,12,7,74
361,7767,2022-03-14,"Alexander, Stevens and Smith Stadium",128,3,90,9,18,23
362,2699,2023-10-31,"Rojas, Calderon and Page Stadium",105,18,187,4,0,33
363,6561,2020-04-14,"Kirby, Webb and Turner Stadium",25,21,50,1,24,57
364,3043,2026-02-20,"Johnson, Miller and Ward Stadium",20,6,181,1,3,64
365,5674,2023-07-14,Oconnor LLC Stadium,-2,19,133,1,24,79
366,7723,2021-06-28,Tyler-Austin Stadium,103,19,160,8,12,49
367,9416,2022-02-17,"Garcia, Stewart and Brown Stadium",126,27,200,1,7,74
368,775,2023-05-14,Edwards and Sons Stadium,87,13,188,9,21,40
369,5345,2022-06-18,"Bonilla, Herman and Mann Stadium",47,0,31,1,24,49
370,8670,2026-02-04,Cook-Martinez Stadium,101,28,125,14,7,70
371,8741,2026-03-23,"Taylor, Davis and Sharp Stadium",46,20,120,14,18,52
372,6283,2021-03-29,Bradley-Abbott Stadium,129,3,170,15,18,32
373,7045,2023-09-16,Howell-Parsons Stadium,27,14,88,1,14,44
374,3937,2020-07-20,"Garcia, Livingston and Thomas Stadium",137,15,1,0,12,77
375,6999,2021-04-09,Taylor PLC Stadium,79,16,146,1,28,65
376,8173,2025-06-08,"Rice, Burton and Martin Stadium",101,14,63,5,3,14
377,3509,2025-10-04,Harris Inc Stadium,55,30,169,1,28,29
378,6699,2020-12-03,Short-Chandler Stadium,30,30,25,9,7,78
379,4156,2022-06-05,"Bell, Logan and Harris Stadium",31,11,42,13,6,39
380,6841,2024-02-05,"Watson, Wong and James Stadium",15,4,193,5,24,31
381,7055,2025-11-27,Acosta Inc Stadium,89,13,9,5,3,10
382,8152,2020-03-03,Wheeler-Morris Stadium,130,28,16,10,24,2
383,6569,2024-10-17,Lamb-Clark Stadium,46,14,170,1,24,31
384,6114,2025-12-29,Smith Group Stadium,42,2,20,2,28,64
385,1409,2026-01-15,Wise Group Stadium,9,11,133,9,17,19
386,1139,2021-12-17,"Gonzalez, Cisneros and Sandoval Stadium",55,25,66,15,3,7
387,2261,2020-01-04,Walsh-Cordova Stadium,46,24,78,1,21,7
388,2651,2022-04-17,Santana PLC Stadium,136,26,170,6,6,3
389,8999,2023-07-28,"Williams, Thompson and Spencer Stadium",30,27,43,15,28,34
390,1650,2024-11-22,Little-Diaz Stadium,21,28,177,7,3,72
391,292,2022-06-22,Johnson LLC Stadium,122,1,126,3,7,41
392,3671,2022-09-17,"Ibarra, Gray and Miller Stadium",32,14,166,3,6,65
393,8279,2024-04-16,Faulkner Ltd Stadium,5,13,5,9,3,28
394,5483,2025-06-19,Lewis Inc Stadium,146,26,9,10,12,60
395,8682,2021-09-21,"Hayes, Valenzuela and Lee Stadium",40,20,5,5,17,11
396,5873,2021-12-15,Harris-Ochoa Stadium,83,17,125,4,3,22
397,3299,2022-09-05,Bailey Inc Stadium,26,18,146,4,6,69
398,2573,2021-06-11,Smith-Richardson Stadium,14,5,3,14,18,8
399,1369,2021-12-01,Fernandez-Collins Stadium,120,17,114,15,3,58
400,157,2022-06-24,"Griffin, Nguyen and Sanders Stadium",119,16,12,9,0,66
401,5083,2022-01-01,Santos-Riley Stadium,148,1,187,6,0,78
402,1963,2024-07-27,"Stout, Bennett and Armstrong Stadium",121,18,68,0,24,47
403,344,2021-01-24,"Lee, Johnson and Mayo Stadium",49,29,186,0,14,36
404,8294,2023-07-05,"Lee, Grant and Mccormick Stadium",107,7,154,12,0,25
405,1107,2021-07-03,Williams PLC Stadium,130,14,116,12,7,62
406,7090,2021-11-30,"May, Brewer and Baker Stadium",11,0,190,10,28,53
407,3983,2022-04-06,Becker and Sons Stadium,133,29,4,2,21,65
408,1073,2020-10-05,Calhoun and Sons Stadium,112,17,118,4,3,29
409,6980,2025-07-09,Chapman-Murillo Stadium,2,17,110,3,21,69
410,6972,2020-09-07,Zamora-Sanchez Stadium,121,30,171,4,17,48
411,7857,2024-04-01,Garza-Jones Stadium,102,6,100,14,7,59
412,9888,2024-02-10,"Palmer, Cole and Stein Stadium",11,17,38,9,28,51
413,3975,2026-03-20,Fuller Inc Stadium,139,12,104,1,21,4
414,1937,2020-03-13,"Kelly, Hinton and Durham Stadium",125,15,170,10,6,67
415,8519,2022-05-13,"Garcia, Thompson and Mccarthy Stadium",113,23,6,1,18,43
416,6328,2024-12-29,Mendoza PLC Stadium,21,12,120,11,3,73
417,4541,2026-02-13,Erickson PLC Stadium,103,19,28,2,6,55
418,8209,2021-08-25,Coleman Ltd Stadium,92,28,105,15,12,4
419,1353,2023-10-18,Jackson-Mccoy Stadium,64,27,71,14,14,39
420,6924,2024-03-20,Gonzalez-Hall Stadium,35,1,10,8,21,35
421,6551,2020-10-31,Hayes Ltd Stadium,142,27,102,10,6,17
422,498,2026-04-09,Key-Gould Stadium,76,14,129,10,21,10
423,7710,2022-05-13,Brown-Kelly Stadium,149,26,146,3,21,46
424,5746,2026-04-03,Wheeler Group Stadium,66,2,25,4,12,64
425,2819,2025-08-15,Myers-Smith Stadium,43,20,45,7,24,40
426,1346,2020-10-18,Reynolds-Lopez Stadium,131,13,82,5,28,32
427,2654,2023-07-06,Howard Ltd Stadium,141,27,17,5,0,36
428,8176,2021-07-31,"Cordova, Taylor and Vance Stadium",140,19,55,9,24,19
429,6454,2025-10-02,Myers and Sons Stadium,27,2,77,12,28,52
430,4419,2021-12-30,Sullivan LLC Stadium,38,2,114,13,18,47
431,5075,2025-02-04,Frazier LLC Stadium,104,19,65,6,24,35
432,4027,2025-06-12,"Torres, Soto and Johnson Stadium",58,7,196,3,6,43
433,5467,2022-06-14,Salas-Phillips Stadium,23,17,62,1,18,39
434,9765,2022-11-23,Miller Inc Stadium,73,4,27,9,3,5
435,7944,2024-03-29,Baird and Sons Stadium,147,12,91,12,3,69
436,2044,2025-08-17,Cruz-Johnson Stadium,58,12,172,13,0,65
437,4336,2021-05-11,"Dudley, Griffith and Mitchell Stadium",60,18,178,4,17,43
438,5637,2022-03-28,Roberts and Sons Stadium,68,15,140,8,18,70
439,2148,2026-01-30,Donaldson-Henry Stadium,141,1,41,6,28,55
440,5265,2023-06-26,Sharp Inc Stadium,34,7,103,0,3,6
441,9245,2021-08-13,Allen-Howard Stadium,95,9,191,8,14,16
442,3085,2024-03-02,Brown Group Stadium,51,27,137,14,3,26
443,880,2023-05-10,Sims-Williams Stadium,65,27,35,15,12,13
444,9899,2021-10-18,Davis Inc Stadium,14,28,93,9,7,66
445,9732,2022-08-03,Rios-Hall Stadium,8,17,198,4,24,44
446,4751,2021-03-07,"Rowland, Quinn and Payne Stadium",14,26,156,6,12,51
447,6356,2020-06-04,Underwood-Webster Stadium,116,29,96,8,28,4
448,3302,2023-03-12,"Strickland, Roberts and Valdez Stadium",98,0,93,12,7,61
449,7447,2021-03-23,"Kemp, Sloan and Walker Stadium",118,29,61,11,0,75
450,1224,2025-11-21,Richardson-Clayton Stadium,-1,9,81,9,17,42
451,9453,2021-11-09,"Carter, Garcia and Duncan Stadium",125,1,15,14,18,68
452,641,2022-07-05,"Scott, Jackson and Rodriguez Stadium",6,28,197,4,28,60
453,9707,2022-04-13,Gonzalez Ltd Stadium,116,13,1,10,7,36
454,9646,2025-05-26,Banks LLC Stadium,9,27,39,15,7,61
455,3582,2021-07-29,Sanchez LLC Stadium,82,24,169,15,18,2
456,7379,2024-06-15,Walker PLC Stadium,137,22,129,9,28,32
457,5719,2024-08-29,Jimenez PLC Stadium,145,18,48,2,6,36
458,2149,2023-12-12,Riley Group Stadium,63,1,68,15,12,8
459,3035,2022-01-21,Hartman and Sons Stadium,115,0,51,10,28,3
460,4426,2020-04-08,King Inc Stadium,37,1,167,10,7,16
461,5920,2022-05-02,Johnson Group Stadium,127,4,198,14,7,36
462,971,2020-09-16,Garcia-Yu Stadium,26,27,47,9,6,46
463,7124,2020-10-05,Whitehead-Phillips Stadium,1,7,181,6,24,24
464,7740,2020-01-16,Pierce Ltd Stadium,65,0,157,11,17,13
465,3294,2023-01-16,Martin LLC Stadium,95,24,196,4,3,64
466,4882,2025-12-28,Suarez-Rodriguez Stadium,141,2,196,9,17,24
467,8292,2025-07-10,"Collins, Hernandez and Jones Stadium",106,22,180,7,18,68
468,89,2024-04-07,Perez-Sanders Stadium,49,22,28,13,24,76
469,6901,2023-03-31,Cameron LLC Stadium,31,1,151,9,17,36
470,2340,2024-02-27,"Hernandez, Martin and Ward Stadium",124,9,157,2,14,1
471,9155,2020-05-23,Harris PLC Stadium,90,29,18,6,6,63
472,9059,2023-01-16,Anderson-Barr Stadium,72,23,171,8,17,6
473,2381,2021-01-22,"Perry, Vaughn and Fields Stadium",111,3,168,6,24,9
474,4313,2024-07-07,"Lewis, Jones and Barker Stadium",88,9,89,5,14,27
475,6309,2020-12-08,Oliver-Davidson Stadium,11,13,14,0,21,7
476,2583,2020-05-12,"Molina, Schultz and Castillo Stadium",65,19,43,11,17,21
477,7880,2022-04-23,"Davidson, Waters and Mitchell Stadium",75,8,115,12,6,68
478,9405,2025-02-25,Johnson-Burton Stadium,130,1,128,11,3,79
479,8302,2022-09-13,Barnes-Sanchez Stadium,31,30,180,11,3,68
480,3392,2020-04-04,Norton Ltd Stadium,133,17,173,0,6,60
481,1825,2022-06-26,Jones-Nelson Stadium,4,25,150,15,28,2
482,9897,2025-07-21,"Barton, Cooper and Harris Stadium",8,2,95,3,14,9
483,4232,2023-01-31,Wang-Petersen Stadium,67,23,26,4,3,53
484,8504,2022-09-28,Hayes Ltd Stadium,29,6,11,8,14,32
485,1041,2024-06-06,"Brown, Flores and Kim Stadium",105,23,45,15,28,59
486,4106,2024-08-11,Wilson Ltd Stadium,33,27,4,1,6,11
487,7764,2021-08-26,"Collins, Perkins and Wallace Stadium",142,26,189,9,28,62
488,6708,2022-06-04,Johnson Group Stadium,43,11,38,5,24,12
489,5030,2022-01-27,Barnett-Patterson Stadium,53,17,159,11,14,6
490,6532,2025-04-23,Lopez-Hogan Stadium,149,10,32,15,21,78
491,6293,2024-05-23,Garcia Inc Stadium,131,15,134,7,18,3
492,9231,2021-04-23,"Price, Suarez and Flores Stadium",1,1,28,7,3,74
493,726,2021-03-05,Rowland-Farmer Stadium,-5,28,175,1,12,38
494,5015,2021-01-12,Bauer-Thompson Stadium,95,1,121,8,0,78
495,442,2022-01-16,Cohen LLC Stadium,20,17,137,4,24,69
496,4032,2022-12-25,"Johnson, Myers and Riley Stadium",119,20,42,9,14,17
497,1732,2022-06-12,"Goodwin, Gutierrez and Newton Stadium",73,10,177,5,3,35
498,6839,2020-12-27,Simpson-Houston Stadium,45,14,5,0,17,48
499,1389,2022-08-11,Bright LLC Stadium,121,13,25,0,12,67
500,6599,2023-10-31,"Wilson, Johnson and Robbins Stadium",67,2,75,5,24,56
501,1690,2020-05-20,Miller-Cardenas Stadium,121,3,170,1,17,40
502,2115,2023-09-27,Bates and Sons Stadium,86,23,78,5,14,69
503,3333,2022-08-08,Chapman LLC Stadium,84,25,74,14,3,41
504,7489,2021-09-30,"Mcdowell, Johnson and Love Stadium",79,28,171,5,7,80
505,237,2021-10-24,Duffy and Sons Stadium,96,18,148,9,17,4
506,3359,2022-12-20,"Mitchell, Schroeder and Allen Stadium",82,0,25,13,24,24
507,8252,2020-05-08,"Norton, Lewis and Hawkins Stadium",136,19,173,0,17,1
508,8401,2024-08-30,Smith PLC Stadium,96,3,90,11,14,2
509,2455,2025-10-03,"Adams, Levine and Macias Stadium",133,4,19,5,28,16
510,7866,2025-11-14,Mullins LLC Stadium,32,28,125,8,21,34
511,867,2020-06-14,"Guzman, Smith and Thomas Stadium",8,3,165,4,7,18
512,3460,2024-12-28,"Allen, Sparks and Hall Stadium",111,24,37,14,7,40
513,4952,2026-04-16,Leon Group Stadium,109,14,69,3,17,46
514,2654,2025-02-16,Lane and Sons Stadium,58,25,108,2,3,72
515,3537,2022-07-27,Colon-Campbell Stadium,137,30,136,4,24,11
516,2406,2020-11-26,Gould PLC Stadium,97,10,32,12,0,49
517,3069,2020-12-17,"Gomez, Smith and Rivers Stadium",80,10,27,13,21,32
518,2239,2022-10-21,"Anderson, Rodriguez and Stout Stadium",146,7,83,3,21,10
519,8240,2020-06-18,Edwards PLC Stadium,33,22,65,13,18,11
520,2477,2023-12-18,Randall Ltd Stadium,65,3,49,2,6,29
521,2393,2023-04-04,Downs Inc Stadium,51,23,46,14,12,21
522,7836,2025-08-10,Smith Inc Stadium,150,25,73,1,3,31
523,9127,2024-02-28,Weber-Fleming Stadium,115,20,136,4,14,55
524,9107,2023-05-02,Smith LLC Stadium,70,1,20,4,7,43
525,5836,2021-06-13,Miller-Adkins Stadium,115,15,41,8,0,15
526,366,2024-07-25,"Floyd, Webb and Fisher Stadium",99,27,50,13,21,69
527,5872,2020-12-03,"Mclaughlin, Wright and Lawrence Stadium",4,23,170,4,6,60
528,3319,2020-07-19,Kennedy-Cortez Stadium,70,27,57,2,7,5
529,7997,2020-02-21,Cox LLC Stadium,34,14,123,13,18,43
530,9453,2021-10-31,"Gray, Strickland and Rojas Stadium",16,16,59,10,18,38
531,435,2023-11-05,Kim Ltd Stadium,122,21,14,12,3,56
532,7778,2020-01-06,"Ruiz, Church and Walls Stadium",14,10,152,9,6,74
533,5567,2022-02-12,Bruce LLC Stadium,68,19,177,14,12,37
534,620,2022-10-16,Miller-Hogan Stadium,32,20,100,15,14,26
535,7390,2020-03-16,"Ramirez, Ward and Hernandez Stadium",133,12,39,7,17,59
536,6395,2021-01-19,"Phillips, Jones and Hardin Stadium",99,9,122,5,6,45
537,5235,2024-11-27,"West, Sawyer and House Stadium",116,8,12,6,28,11
538,1228,2024-10-05,Brooks Inc Stadium,110,4,120,2,28,61
539,1005,2020-10-05,Coleman-Wilson Stadium,92,21,87,15,18,11
540,1631,2023-08-02,"Watkins, Blair and Green Stadium",19,15,138,15,21,44
541,8928,2022-10-05,"Guerra, Craig and Davis Stadium",-5,15,143,7,24,32
542,1028,2022-07-04,"Gonzalez, Lindsey and Velazquez Stadium",68,18,16,5,17,19
543,4782,2025-09-28,"Duffy, Frazier and Spence Stadium",103,17,116,1,21,64
544,3373,2022-02-15,Mason and Sons Stadium,143,15,33,8,17,63
545,5217,2022-03-25,"Friedman, Cruz and Beard Stadium",138,24,194,4,28,58
546,5474,2020-01-21,"Thompson, Horn and Lutz Stadium",17,27,159,13,7,18
547,8741,2023-11-30,Robinson-Gutierrez Stadium,105,21,180,2,24,79
548,1446,2021-03-17,Jenkins-Snyder Stadium,3,14,70,6,28,72
549,5164,2026-03-24,"Graves, Wheeler and Cummings Stadium",27,10,42,9,12,28
550,6335,2023-01-17,Owens-Bauer Stadium,20,4,169,0,17,45
551,14,2024-04-05,"Newman, Contreras and Crane Stadium",148,6,13,10,17,38
552,45,2021-03-03,"Arnold, Barr and Johnson Stadium",106,11,180,5,17,30
553,3549,2020-11-11,"Rivers, Mendez and Graves Stadium",64,29,121,11,7,1
554,5138,2025-11-12,Carter LLC Stadium,35,25,16,1,21,6
555,2512,2024-09-25,Gates LLC Stadium,54,24,124,3,24,11
556,6714,2025-12-30,"Obrien, Thornton and Rodgers Stadium",134,20,157,13,18,3
557,3743,2024-11-21,Gonzales LLC Stadium,1,26,140,11,18,5
558,8136,2026-04-11,Chambers Inc Stadium,103,26,71,0,21,31
559,7972,2025-12-07,"Miller, Garcia and Moore Stadium",53,3,115,13,14,60
560,4968,2025-11-15,Hunter Ltd Stadium,42,23,79,6,0,34
561,3229,2024-05-13,Moreno-Mitchell Stadium,138,7,192,12,24,34
562,6740,2021-09-26,Joseph-Martinez Stadium,138,11,155,4,24,62
563,9916,2025-01-31,"Craig, Mccarthy and Baldwin Stadium",-1,11,66,4,21,80
564,1204,2023-11-05,"Gardner, Patterson and Gibbs Stadium",19,26,149,11,6,43
565,1248,2023-06-14,Rocha Group Stadium,74,24,19,6,24,35
566,1120,2020-10-03,"Sherman, Kennedy and Long Stadium",71,28,48,7,21,77
567,4229,2020-05-05,"Horton, Lee and Wilkerson Stadium",70,24,135,2,7,4
568,3820,2022-06-07,"Blanchard, Burton and Reed Stadium",94,15,134,0,14,31
569,7348,2022-04-08,Collins-Jackson Stadium,3,19,39,13,14,50
570,3307,2020-03-23,Beasley-Cole Stadium,121,23,60,11,14,12
571,2004,2022-11-01,"Martin, Gordon and Haley Stadium",136,7,125,6,18,39
572,805,2025-10-04,Cox LLC Stadium,98,6,12,8,12,17
573,9318,2021-08-24,"Nelson, Foley and Lucas Stadium",29,3,109,3,3,35
574,342,2025-06-18,Waters-Booker Stadium,144,5,133,3,17,8
575,3673,2024-06-14,"Lin, Robertson and Jones Stadium",31,4,177,8,17,78
576,548,2020-08-22,Berry-Garcia Stadium,147,4,35,13,24,68
577,5276,2025-12-06,"Walter, Lewis and Jackson Stadium",112,6,164,7,28,49
578,9722,2024-11-21,Gardner-Torres Stadium,70,6,71,1,6,9
579,523,2022-05-07,"Cook, Collier and Walton Stadium",15,10,57,12,12,16
580,6735,2024-11-01,"Thomas, Butler and Garcia Stadium",40,7,27,12,18,44
581,7529,2024-07-21,Gray-Richardson Stadium,87,0,2,0,6,48
582,2518,2022-02-10,"Riley, Beard and Cabrera Stadium",60,23,19,8,21,69
583,9756,2024-12-21,Watts-Dawson Stadium,97,23,51,9,0,51
584,6760,2023-11-06,Atkinson and Sons Stadium,91,29,196,7,0,59
585,6049,2024-12-17,"Richardson, Rodriguez and Burns Stadium",124,6,31,6,0,54
586,2168,2023-02-11,"Mcdonald, Hernandez and Daniel Stadium",93,26,2,14,0,67
587,9031,2025-03-10,Adkins Ltd Stadium,35,10,50,11,3,1
588,4900,2022-01-08,Rodriguez Inc Stadium,116,10,135,3,0,25
589,1134,2022-07-17,Calderon Ltd Stadium,39,2,94,6,28,14
590,7949,2020-02-02,Costa-Mendez Stadium,7,22,136,6,3,60
591,3150,2024-04-29,Butler-Carroll Stadium,104,17,147,5,21,75
592,9321,2021-01-30,"Lopez, Thornton and Shaw Stadium",17,22,186,11,18,12
593,3831,2024-01-19,Santiago-Meyer Stadium,48,4,85,1,12,42
594,777,2022-06-29,Smith-Hinton Stadium,13,27,118,8,21,5
595,6797,2020-12-27,"Swanson, Perry and Powell Stadium",134,9,161,7,6,70
596,4977,2024-11-28,"Gordon, Giles and Bradford Stadium",37,14,135,0,12,42
597,4706,2021-03-20,"Miller, Perkins and Rice Stadium",5,1,156,6,21,61
598,6249,2020-11-13,"Strong, House and Hester Stadium",69,24,64,15,21,4
599,3051,2022-08-02,Murray-Meyer Stadium,17,11,29,1,17,6
600,4170,2022-04-05,Jones PLC Stadium,100,24,15,7,21,3
601,2700,2022-11-20,"Meyers, Ford and Hawkins Stadium",124,30,16,4,21,70
602,6450,2023-02-05,Williams-Adams Stadium,87,14,150,9,7,26
603,4666,2021-06-23,"Bass, Lopez and Fowler Stadium",62,6,197,12,12,49
604,1936,2021-07-01,Guerrero and Sons Stadium,42,20,115,13,18,5
605,1216,2025-05-20,Henry-Moss Stadium,49,22,17,5,12,41
606,7862,2024-12-13,Allen LLC Stadium,97,29,18,8,28,6
607,9470,2023-04-14,Bell Group Stadium,-1,12,139,6,28,72
608,3546,2023-11-27,Nunez Ltd Stadium,127,24,5,3,18,58
609,659,2023-09-23,Sullivan-Lang Stadium,51,13,113,13,14,71
610,2188,2025-08-03,Ayala-Dominguez Stadium,143,29,200,4,24,32
611,1145,2022-12-29,"Gentry, Wolf and Wolf Stadium",138,20,26,4,0,21
612,7704,2023-03-18,"Chen, Stewart and Cruz Stadium",23,4,108,12,14,25
613,4783,2023-06-04,Wilson Ltd Stadium,144,8,74,3,18,33
614,738,2023-12-22,Parker Inc Stadium,-3,9,22,9,6,41
615,5035,2023-07-27,Jennings LLC Stadium,-4,24,20,11,14,37
616,6934,2020-05-05,"Parker, Anderson and Ryan Stadium",113,24,46,14,24,29
617,2774,2021-07-13,"Jones, Richardson and Hunter Stadium",133,24,136,13,24,79
618,9258,2024-03-23,"Rogers, Riddle and Nguyen Stadium",146,28,16,1,3,78
619,5116,2021-08-17,Gonzalez-Anderson Stadium,12,4,142,6,7,73
620,462,2023-11-13,Norris-Rodgers Stadium,102,7,46,14,12,35
621,682,2024-10-05,"Lucas, Carroll and Clark Stadium",114,3,57,8,6,40
622,4716,2022-09-23,Johns-Potter Stadium,64,17,199,3,18,20
623,2201,2023-08-18,Young Ltd Stadium,94,30,177,7,17,51
624,6167,2022-01-29,Reyes Ltd Stadium,145,0,181,15,6,49
625,4712,2023-06-04,Smith Ltd Stadium,112,7,103,15,24,78
626,7479,2026-01-04,Quinn LLC Stadium,-5,16,149,2,21,25
627,8744,2025-06-19,"Cole, Allen and Pennington Stadium",81,6,112,3,24,71
628,7905,2022-12-08,Nguyen LLC Stadium,14,17,190,11,7,78
629,2935,2022-09-30,Ochoa-Richardson Stadium,19,5,111,7,24,15
630,6068,2021-07-26,Moore Inc Stadium,112,13,158,4,0,38
631,6767,2024-03-07,Palmer-Martinez Stadium,10,18,148,14,0,58
632,3699,2021-08-24,"Franco, Adkins and Conner Stadium",113,8,169,9,24,35
633,7864,2024-10-27,Terry-Valenzuela Stadium,111,19,196,13,18,77
634,1460,2022-05-20,"Murphy, Scott and Sheppard Stadium",64,21,19,7,3,11
635,5931,2025-01-15,"Miller, Diaz and Reese Stadium",10,2,136,11,12,65
636,903,2025-08-08,"Cuevas, Sullivan and Daugherty Stadium",68,22,19,0,0,35
637,9566,2021-04-09,Clark-Bell Stadium,127,3,136,7,3,76
638,8748,2023-09-16,Garner-Williamson Stadium,108,10,101,5,0,46
639,2901,2021-09-14,"Lopez, Thomas and Brown Stadium",128,7,48,5,21,27
640,9463,2023-10-06,"White, Davis and Johnson Stadium",93,8,86,6,12,21
641,9510,2022-12-17,"Ward, Ford and Sherman Stadium",-5,17,25,6,28,2
642,7350,2024-05-15,Sullivan-Aguilar Stadium,122,8,93,8,0,11
643,8959,2022-04-20,"Boyd, Diaz and Sloan Stadium",15,18,184,13,24,50
644,4838,2020-04-08,Anderson Ltd Stadium,46,7,147,9,14,48
645,129,2021-04-20,Bennett and Sons Stadium,85,14,162,11,14,65
646,1428,2024-07-05,"Haynes, Schmidt and Hawkins Stadium",140,4,103,8,6,59
647,4257,2021-09-09,"Williams, Phillips and Mann Stadium",69,8,72,10,14,51
648,203,2021-04-02,Freeman Inc Stadium,43,0,109,11,6,41
649,2308,2024-10-15,Salinas Group Stadium,17,3,145,2,18,26
650,5186,2021-05-08,Evans LLC Stadium,145,0,47,8,12,29
651,1069,2026-04-23,"Bauer, Henry and Brown Stadium",54,26,50,15,24,72
652,3217,2023-06-26,Erickson Group Stadium,34,14,131,2,7,9
653,9353,2025-10-24,Hatfield-Rice Stadium,46,25,159,7,21,78
654,5438,2022-11-20,"Christensen, Wilson and Snyder Stadium",131,30,105,12,3,22
655,4678,2025-06-29,Ortega-Kaiser Stadium,31,20,180,1,0,3
656,5771,2025-05-28,Mcbride and Sons Stadium,150,30,121,2,3,34
657,731,2021-10-01,"Kaiser, Garcia and Le Stadium",144,30,60,14,14,35
658,8016,2023-10-29,Williams Ltd Stadium,121,15,39,2,12,23
659,77,2023-05-14,Alvarado Group Stadium,5,6,127,7,3,47
660,5926,2022-12-21,"Franklin, Vega and Montgomery Stadium",113,3,156,15,28,16
661,9729,2023-02-08,"Sanders, Whitaker and Williams Stadium",119,1,147,15,7,39
662,746,2025-06-05,Flores Group Stadium,3,4,186,1,28,42
663,5695,2024-04-20,Rios Group Stadium,56,16,111,5,17,74
664,1070,2020-07-08,"Woods, Williams and Leon Stadium",122,10,114,9,21,17
665,8296,2026-03-24,"White, Dawson and Miles Stadium",131,10,43,1,3,54
666,2731,2025-07-15,"Bautista, Soto and Browning Stadium",38,7,130,13,6,11
667,5987,2020-10-28,Robinson PLC Stadium,133,15,145,6,3,66
668,2338,2022-03-13,Hawkins and Sons Stadium,97,21,198,10,28,14
669,8534,2026-03-11,Carroll Inc Stadium,134,28,94,12,28,32
670,2238,2020-02-27,Rodriguez Group Stadium,37,26,125,12,3,29
671,9860,2021-10-02,Ali-Smith Stadium,112,15,12,12,3,39
672,4979,2021-10-24,Jensen-Kim Stadium,120,6,19,4,0,57
673,5976,2021-05-14,Farrell PLC Stadium,38,10,79,11,21,4
674,3055,2021-05-18,Fox and Sons Stadium,10,5,59,15,24,25
675,8772,2025-04-10,"Blevins, Chambers and Pierce Stadium",56,16,6,4,12,2
676,8977,2023-03-24,"Smith, Ball and Wilson Stadium",30,30,145,4,7,34
677,4193,2024-03-14,Bradford Inc Stadium,14,21,142,1,0,73
678,7230,2022-01-17,Adkins LLC Stadium,-4,5,163,15,18,27
679,7692,2025-09-24,Harvey and Sons Stadium,131,3,191,1,0,26
680,3696,2023-07-27,"Ross, Stone and Jimenez Stadium",1,4,96,2,0,52
681,6375,2022-01-30,Smith-Williams Stadium,115,9,56,5,21,41
682,4357,2023-04-06,"Mann, Cross and Foster Stadium",26,0,8,15,3,19
683,4460,2023-10-01,"Fowler, Evans and Nichols Stadium",26,23,44,11,14,37
684,3775,2020-01-11,Holmes-Kelly Stadium,146,26,151,9,3,74
685,2360,2023-01-02,"Powell, Walker and Woods Stadium",141,20,105,5,21,59
686,6085,2023-12-24,Hood-Parsons Stadium,138,13,126,15,12,52
687,6909,2022-04-17,"Kim, Adams and Hernandez Stadium",90,22,194,10,6,58
688,6236,2025-10-06,Fisher PLC Stadium,149,2,41,14,3,80
689,9636,2025-05-03,"Mathews, Bradford and Guzman Stadium",41,10,107,14,3,49
690,577,2025-12-17,"Miller, Murray and Caldwell Stadium",84,5,200,8,3,62
691,7515,2020-03-16,Long and Sons Stadium,36,1,26,12,6,48
692,9172,2025-09-28,Miller Inc Stadium,96,12,48,1,6,67
693,9419,2022-02-03,Garcia-Payne Stadium,89,0,9,6,6,72
694,8113,2024-06-30,Choi-Jones Stadium,4,15,131,10,24,30
695,4106,2021-07-14,Charles-Alexander Stadium,83,23,3,15,3,29
696,53,2025-06-04,"Travis, Brown and Farley Stadium",35,24,188,1,18,36
697,4248,2025-11-03,Sullivan-Frye Stadium,62,1,176,6,7,53
698,5493,2024-10-16,"Moore, Lopez and Miller Stadium",80,8,72,13,21,15
699,6966,2020-09-10,Evans and Sons Stadium,59,8,52,2,3,26
700,7957,2025-05-04,"Sullivan, Olson and Johnson Stadium",56,9,33,10,24,79
701,5227,2025-10-12,Williams-Smith Stadium,108,22,16,1,18,76
702,2233,2022-03-18,Luna LLC Stadium,106,19,4,7,6,54
703,192,2020-02-13,Sampson PLC Stadium,103,6,159,5,28,1
704,7338,2024-10-25,Sexton Ltd Stadium,21,1,54,6,0,73
705,8245,2026-01-01,Jacobs-Long Stadium,136,4,183,0,28,48
706,3341,2020-08-09,Woods Ltd Stadium,137,10,149,14,3,59
707,8707,2022-07-28,Mays-Ayala Stadium,130,13,116,6,3,14
708,8180,2024-12-08,"Acosta, Flynn and Anderson Stadium",125,13,174,15,17,51
709,241,2023-11-08,Mills and Sons Stadium,148,1,52,10,17,8
710,997,2021-11-01,"Garcia, Byrd and Sanchez Stadium",66,4,57,7,7,21
711,5866,2023-06-11,"Gibbs, Aguilar and White Stadium",126,1,170,5,28,36
712,7488,2021-06-28,"Campbell, Evans and Martin Stadium",38,28,194,0,12,64
713,5173,2024-06-24,Gray-Larsen Stadium,69,22,142,6,28,7
714,6154,2022-04-10,Rodriguez Group Stadium,147,0,184,6,6,47
715,2087,2021-08-16,Singh Inc Stadium,84,7,146,4,3,79
716,8420,2023-01-31,"Rodriguez, Silva and Leach Stadium",42,24,164,6,21,61
717,6861,2021-03-18,"Morgan, Vasquez and Duffy Stadium",134,7,110,14,14,4
718,5868,2024-08-07,Morgan-Martin Stadium,141,0,18,15,0,60
719,6739,2025-02-25,"Turner, Scott and Johnson Stadium",25,19,175,7,6,1
720,4161,2024-04-02,"Lewis, Williams and Lowe Stadium",43,8,144,8,28,32
721,2251,2024-05-26,"Bowers, Drake and Brooks Stadium",79,20,76,3,21,17
722,3574,2025-04-14,"Huerta, Vargas and Mendez Stadium",127,10,33,4,6,24
723,4925,2025-07-12,Mcclure PLC Stadium,10,25,95,4,14,46
724,9848,2020-03-10,"Warren, Preston and Newman Stadium",-4,11,113,13,28,8
725,2653,2023-03-19,"Ortiz, Leon and Salas Stadium",115,19,116,10,21,61
726,5370,2021-06-15,Hammond-Cook Stadium,105,14,17,15,21,5
727,9782,2020-05-11,Hines-Johnson Stadium,78,11,49,6,18,45
728,6928,2025-06-16,"White, Dunn and English Stadium",63,4,83,13,28,64
729,7784,2025-03-12,"Simon, Rosario and Conner Stadium",28,16,85,5,17,38
730,5809,2021-04-17,Rivas LLC Stadium,64,26,156,0,28,3
731,3469,2020-05-06,Savage Group Stadium,130,17,60,6,12,7
732,3956,2025-07-23,Sanchez Ltd Stadium,1,10,107,4,14,66
733,4200,2023-01-30,"Weaver, Williams and Schwartz Stadium",24,8,80,6,14,62
734,9992,2024-10-16,Andersen-Nolan Stadium,20,15,179,11,6,28
735,5150,2021-10-10,Peters LLC Stadium,37,28,123,0,12,7
736,2869,2021-03-13,White LLC Stadium,51,6,125,5,18,19
737,6643,2022-01-09,Smith and Sons Stadium,111,14,158,9,28,21
738,1328,2023-11-13,"Lopez, Ayala and Benson Stadium",132,4,86,2,3,39
739,2706,2020-03-17,Khan Inc Stadium,50,8,0,8,24,9
740,3587,2021-07-14,English-Harris Stadium,82,14,53,8,21,36
741,7521,2021-10-08,"White, Diaz and Ortiz Stadium",135,27,65,7,21,45
742,8800,2022-01-14,"Green, West and Gray Stadium",29,6,179,8,0,75
743,8511,2025-07-21,Dominguez LLC Stadium,85,15,19,14,17,74
744,1934,2022-09-23,"Estes, Dixon and Smith Stadium",142,12,40,4,0,4
745,158,2024-01-31,Cowan-Walker Stadium,140,1,196,5,7,2
746,5104,2025-05-26,"Boyer, Anderson and Reed Stadium",141,6,91,12,7,28
747,3744,2022-10-06,Mcclure-Floyd Stadium,140,0,120,15,3,28
748,1188,2020-12-21,Smith-Whitney Stadium,83,2,110,2,28,7
749,4773,2024-02-21,Jensen-Jones Stadium,44,14,158,2,6,30
750,8322,2024-03-27,"Manning, Rojas and Brown Stadium",31,19,177,12,6,42
751,5815,2025-07-14,Johnson Group Stadium,41,20,148,7,14,9
752,8295,2022-05-04,Davis Inc Stadium,63,4,137,9,24,62
753,9205,2021-01-12,"Stanley, Nelson and Clark Stadium",72,25,149,12,17,79
754,831,2021-11-13,Schwartz-Ray Stadium,148,28,49,12,12,7
755,2661,2020-05-24,"Ware, Miller and Miller Stadium",109,14,0,6,0,67
756,7902,2023-11-19,Patel PLC Stadium,6,20,113,1,0,21
757,3432,2023-02-04,"Serrano, Brewer and Ruiz Stadium",120,12,92,15,7,30
758,3014,2023-07-25,"Dalton, Joseph and Tyler Stadium",45,3,197,11,12,23
759,1895,2025-10-26,Thomas-Patel Stadium,10,7,99,2,12,30
760,97,2025-05-06,Brown Ltd Stadium,70,15,47,6,18,38
761,2978,2025-12-22,"Mora, Nelson and Jenkins Stadium",66,10,21,15,28,9
762,1356,2023-01-31,"Santos, Lee and Smith Stadium",34,18,77,9,28,59
763,3787,2021-12-01,Hood Ltd Stadium,39,7,166,6,6,43
764,6767,2025-03-21,Roberts-Watkins Stadium,62,10,135,0,14,79
765,3977,2023-09-08,Martinez Ltd Stadium,9,13,107,15,17,6
766,5252,2023-03-04,Hanson-Johnson Stadium,103,24,181,3,21,52
767,5630,2023-08-12,"Miller, Harding and Bishop Stadium",116,27,109,4,14,29
768,1371,2023-01-11,Kelly Ltd Stadium,144,22,110,13,18,56
769,5275,2022-02-01,"Moon, Cross and Brown Stadium",109,21,181,3,14,47
770,2458,2020-12-05,Ramsey-Powell Stadium,106,8,30,11,6,35
771,8786,2022-05-24,Chambers and Sons Stadium,108,12,174,0,24,61
772,2757,2021-03-20,Harmon Group Stadium,133,29,4,4,18,66
773,9639,2023-03-09,Smith-Martin Stadium,14,17,112,9,21,57
774,2652,2021-12-21,"Smith, Robinson and Horn Stadium",111,12,118,12,3,17
775,8576,2020-02-06,Clark and Sons Stadium,86,30,179,4,3,76
776,1103,2021-02-01,"Williams, Guzman and Garcia Stadium",27,9,144,12,18,34
777,3304,2026-01-08,Chen LLC Stadium,2,21,139,0,21,17
778,8636,2022-02-01,"Walker, Houston and Gibbs Stadium",91,27,177,13,7,11
779,434,2021-12-14,Hess-Simmons Stadium,116,30,186,11,12,47
780,31,2024-02-17,Perez Group Stadium,9,7,171,8,17,20
781,9818,2020-01-16,Burns-Martin Stadium,51,1,159,7,21,42
782,8057,2022-04-05,Taylor-Mccarthy Stadium,103,19,95,4,21,78
783,3791,2026-03-14,Carpenter Group Stadium,60,13,117,9,28,26
784,2118,2020-12-13,"Peterson, Spencer and Cunningham Stadium",91,19,139,13,14,28
785,3195,2023-03-15,"Morris, Barrett and Romero Stadium",24,10,11,5,7,40
786,629,2021-04-04,Green PLC Stadium,100,8,20,8,3,77
787,5208,2025-02-21,Blevins-Chavez Stadium,118,29,47,8,7,1
788,8898,2024-10-21,Miller-Rice Stadium,113,24,131,14,24,72
789,1757,2021-11-30,Rose-Haley Stadium,77,27,154,7,18,59
790,4381,2025-02-17,"King, Molina and Rivera Stadium",117,8,105,1,24,36
791,9641,2025-05-06,"Gonzalez, Johnson and Miller Stadium",107,25,132,4,14,29
792,150,2024-01-05,Miller PLC Stadium,19,24,159,7,6,37
793,6882,2021-11-27,"Brown, Middleton and Gregory Stadium",142,16,17,11,17,69
794,3741,2020-11-19,Wilson Ltd Stadium,140,9,19,15,21,63
795,4841,2022-12-18,Williams-Scott Stadium,10,12,29,0,3,43
796,687,2024-04-04,"Johnson, Williams and Swanson Stadium",37,20,32,8,7,8
797,5423,2021-10-05,Smith-Hall Stadium,142,0,12,12,18,58
798,4018,2026-03-18,Valencia-Roberts Stadium,59,8,24,10,3,1
799,6119,2022-12-12,Ramos Ltd Stadium,108,27,31,15,24,77
800,1589,2020-08-21,Reid-Long Stadium,59,2,56,2,18,49
801,1894,2022-10-31,Roth PLC Stadium,52,3,107,12,28,14
802,9502,2025-06-25,Williams-Hoover Stadium,67,3,61,1,18,74
803,3565,2023-09-27,Ortega LLC Stadium,8,3,190,8,6,12
804,338,2021-02-19,"Harvey, Martinez and Robinson Stadium",106,26,149,2,6,40
805,4381,2021-10-01,Levy-Gordon Stadium,138,9,153,2,17,58
806,1950,2021-01-19,Wright-Rosales Stadium,64,14,173,5,3,49
807,723,2020-11-28,Logan-Li Stadium,27,21,91,11,17,13
808,9119,2020-11-24,Reynolds PLC Stadium,22,20,90,0,7,62
809,1402,2023-11-08,Cook-Bright Stadium,142,24,32,10,14,71
810,9940,2022-08-08,Harper-Ritter Stadium,93,1,106,15,0,57
811,3130,2025-06-10,Jones-Johnson Stadium,73,30,190,8,0,44
812,1989,2023-06-10,"Wilson, Chase and Carpenter Stadium",94,0,182,5,28,56
813,1750,2020-05-23,Parks PLC Stadium,29,17,133,3,17,51
814,6559,2020-07-07,Bryant Inc Stadium,116,17,49,15,17,28
815,2654,2024-06-22,"Nash, Fields and Jackson Stadium",50,14,157,5,14,24
816,4033,2025-11-16,Garcia-Moses Stadium,26,11,105,4,6,56
817,8177,2021-05-15,Stevens PLC Stadium,144,6,20,0,28,80
818,632,2020-01-26,Robbins LLC Stadium,132,9,132,15,14,28
819,4245,2020-03-17,Waller-Peters Stadium,63,12,149,13,17,42
820,7820,2023-01-22,"Wiley, Espinoza and Cox Stadium",8,4,164,14,6,23
821,7562,2022-01-31,"Rowe, Harmon and Pham Stadium",147,8,5,5,6,32
822,1482,2024-10-25,"Madden, Martinez and Parrish Stadium",123,24,63,13,14,3
823,1453,2024-04-28,Burke-Williams Stadium,65,24,65,8,18,47
824,7988,2024-09-26,Johnson PLC Stadium,51,13,39,6,7,57
825,3442,2023-11-29,Williams Ltd Stadium,121,10,59,8,12,31
826,3788,2021-01-12,"Ball, Salazar and Brooks Stadium",84,20,78,12,21,49
827,5582,2025-11-20,Duncan-Johnson Stadium,11,1,106,11,21,51
828,912,2022-05-19,"Park, Pearson and Drake Stadium",134,3,109,9,6,26
829,1683,2022-07-14,"Jones, Ingram and Jensen Stadium",141,21,28,12,14,20
830,675,2020-11-02,"Holland, Johnson and Huerta Stadium",137,20,12,6,14,62
831,3474,2020-06-30,Walker-York Stadium,95,9,98,7,0,28
832,7524,2021-10-19,Garcia Ltd Stadium,136,15,190,0,6,29
833,9501,2022-03-31,Bass-Vang Stadium,70,23,164,0,21,14
834,3159,2020-11-28,Banks Ltd Stadium,92,17,179,3,12,39
835,5334,2020-06-10,Harris-Oneill Stadium,32,28,101,9,17,44
836,1810,2023-11-13,Barajas Group Stadium,63,23,45,2,7,46
837,2631,2026-01-14,"Hughes, Hernandez and Lewis Stadium",35,6,0,5,21,74
838,3566,2022-07-10,Smith Inc Stadium,144,26,129,14,6,66
839,7057,2024-09-05,Ponce Inc Stadium,17,13,33,7,6,62
840,8812,2022-04-23,"Ryan, Phillips and Shields Stadium",53,4,58,12,12,53
841,9450,2020-01-19,"Calderon, Pacheco and Simmons Stadium",118,22,56,14,6,12
842,9689,2024-12-07,Roberts-Frank Stadium,146,4,46,13,21,37
843,1525,2021-02-11,Parks-Chandler Stadium,19,19,155,7,21,67
844,9561,2021-08-10,Webb Ltd Stadium,15,18,160,8,28,35
845,8871,2021-02-06,Murray Group Stadium,28,3,161,5,12,4
846,7164,2024-01-24,"Adams, Stone and Castillo Stadium",63,21,138,13,12,67
847,6721,2020-02-03,Moore-Macias Stadium,18,0,98,10,17,16
848,5614,2024-06-15,Perry Group Stadium,111,23,107,13,14,55
849,5341,2021-01-05,Moyer PLC Stadium,53,6,69,11,28,14
850,6606,2025-10-20,Torres-Allen Stadium,85,8,171,15,3,6
851,3091,2021-10-21,"Stein, Whitaker and Rodriguez Stadium",98,23,33,12,18,69
852,7469,2021-03-21,"Kim, Norman and Perez Stadium",105,3,56,9,6,57
853,3914,2024-07-24,Richardson LLC Stadium,54,10,9,9,24,5
854,7858,2020-01-24,Anderson-Schwartz Stadium,-1,11,167,3,12,41
855,6985,2024-08-14,Tucker-English Stadium,141,27,143,9,12,44
856,1464,2023-01-03,"Smith, Bell and Johnson Stadium",71,17,95,2,0,29
857,4910,2024-07-03,Giles-Kennedy Stadium,30,30,142,8,21,2
858,8272,2025-12-13,Watson-Allen Stadium,58,19,158,2,3,20
859,7936,2022-06-18,Stevenson-West Stadium,142,11,71,2,7,35
860,7343,2024-08-23,Martin-Manning Stadium,147,12,69,3,17,41
861,6819,2021-06-01,"Hale, Schwartz and Klein Stadium",90,6,108,3,28,29
862,8662,2022-02-01,"Smith, Collins and Robinson Stadium",133,28,103,14,28,76
863,8591,2022-03-06,"Caldwell, Herman and Sanders Stadium",131,20,196,1,28,32
864,5933,2023-02-14,Hahn Ltd Stadium,102,4,1,6,7,53
865,9268,2023-06-25,Taylor-Harris Stadium,25,9,167,8,18,31
866,5190,2022-09-16,Pierce-Koch Stadium,6,6,121,0,14,50
867,9188,2022-11-18,Williams-Gray Stadium,28,6,144,7,7,5
868,2722,2021-10-17,Williams Ltd Stadium,136,10,17,7,3,66
869,7319,2024-01-14,Johnson Inc Stadium,17,3,80,2,12,16
870,4864,2025-09-26,Conner Group Stadium,22,10,151,14,14,39
871,7935,2025-02-27,Mason Inc Stadium,-2,26,189,12,24,34
872,9391,2024-11-06,Brown PLC Stadium,125,13,147,14,0,1
873,198,2023-10-15,"Wallace, Johnson and Zimmerman Stadium",38,29,35,10,7,72
874,4660,2023-03-10,"Miller, Holt and Juarez Stadium",79,25,26,15,14,63
875,1173,2022-11-06,"Smith, Patton and Ortiz Stadium",148,19,51,13,28,59
876,7125,2024-07-10,"Garcia, Macdonald and Davis Stadium",6,26,75,0,0,48
877,1286,2023-12-11,Young-Solis Stadium,9,7,145,10,6,37
878,394,2021-07-11,"Jefferson, Vincent and Sparks Stadium",83,28,121,1,7,39
879,8557,2022-09-10,Sanford-Davidson Stadium,141,30,58,9,17,3
880,1512,2021-11-10,"Rangel, Clark and Brown Stadium",65,24,39,0,7,23
881,7566,2024-01-05,"Clark, Schneider and Gomez Stadium",48,24,173,0,14,43
882,9638,2024-09-05,"Murphy, Fitzpatrick and Barton Stadium",40,11,10,1,21,29
883,9569,2022-01-23,Knight-Adams Stadium,15,26,93,3,0,16
884,7779,2021-04-04,Clark PLC Stadium,146,26,193,11,0,21
885,3296,2021-11-25,Brown-Hernandez Stadium,-2,2,90,14,18,62
886,3478,2023-08-26,Norman-Davis Stadium,95,27,115,7,18,2
887,7795,2025-08-12,"Hicks, Herring and Ferguson Stadium",123,30,126,12,0,14
888,9814,2022-03-10,Castro-Rhodes Stadium,146,21,81,8,21,78
889,3690,2020-07-05,"Garcia, White and Garcia Stadium",39,3,116,13,17,3
890,5675,2020-06-08,Cox-Carrillo Stadium,57,21,137,11,3,5
891,8755,2020-03-02,West-Howard Stadium,141,12,159,2,0,73
892,9971,2026-02-11,Russell LLC Stadium,97,9,136,3,21,47
893,3659,2024-04-29,Holmes Ltd Stadium,116,17,70,15,21,1
894,1132,2022-10-06,Buckley LLC Stadium,55,23,58,12,3,54
895,844,2021-09-14,"Daniel, Guzman and Stephens Stadium",37,6,182,7,18,36
896,2118,2021-10-09,White-Parsons Stadium,18,18,0,6,21,41
897,6064,2023-11-10,Walker Inc Stadium,149,14,124,7,17,53
898,2215,2026-03-26,Sparks Ltd Stadium,0,13,151,9,14,24
899,1985,2023-02-21,Cox-Mitchell Stadium,88,12,123,15,28,69
900,1347,2020-06-01,Mclean PLC Stadium,40,12,196,0,0,47
901,9388,2022-08-29,Mcconnell LLC Stadium,50,18,96,14,28,78
902,7501,2021-02-03,Knox-Collins Stadium,83,3,8,6,18,35
903,5582,2020-11-29,Holland-Brown Stadium,106,25,115,2,14,25
904,8053,2024-06-26,"Campbell, Simpson and Pratt Stadium",109,18,127,7,24,38
905,233,2022-05-31,"Martinez, Shepherd and Pena Stadium",33,26,65,1,7,30
906,4917,2025-03-19,Collins-Wilson Stadium,50,3,84,4,7,42
907,3579,2026-01-30,Thompson-Peters Stadium,32,27,112,5,12,64
908,9644,2022-08-28,Jordan Inc Stadium,43,8,133,3,14,60
909,2703,2023-05-22,Harper-Li Stadium,75,23,72,13,12,13
910,1883,2025-04-30,Castillo-Booker Stadium,127,28,110,4,14,65
911,1149,2021-04-11,"Wells, Fisher and Watson Stadium",71,30,148,15,6,10
912,6371,2023-10-06,Jones Inc Stadium,141,26,5,6,12,55
913,1940,2023-04-24,Gutierrez and Sons Stadium,90,1,41,7,17,76
914,8475,2022-12-19,Bartlett-Marshall Stadium,57,16,113,11,17,6
915,6298,2022-10-25,"Kim, Roberts and Roman Stadium",71,17,49,14,24,37
916,2797,2023-08-22,Mejia Inc Stadium,103,16,97,4,7,66
917,1326,2022-12-14,Hebert PLC Stadium,110,19,32,0,28,8
918,2897,2025-11-08,Wu-Medina Stadium,133,13,61,10,14,31
919,9144,2020-05-30,Martin-Manning Stadium,14,17,4,11,18,71
920,1911,2025-10-27,Sanders LLC Stadium,10,15,67,14,17,76
921,3360,2021-11-14,Sharp-Montes Stadium,132,18,105,13,3,21
922,7195,2024-02-22,Webb-Ellis Stadium,89,3,0,11,17,6
923,1533,2024-10-05,"Crawford, Lucas and Smith Stadium",66,24,48,15,18,12
924,2539,2021-04-24,Townsend-Perkins Stadium,2,9,94,8,3,47
925,6249,2025-05-02,Evans-Perez Stadium,85,29,91,6,17,11
926,1496,2024-05-14,Lee Group Stadium,96,16,30,2,18,22
927,9913,2024-05-15,"Barry, Conner and Savage Stadium",149,8,115,8,0,22
928,6790,2024-06-20,Nelson Group Stadium,10,2,135,13,0,1
929,5591,2024-10-07,Green-Snyder Stadium,95,22,105,4,3,7
930,478,2022-10-10,Miller-Lamb Stadium,69,27,57,9,28,57
931,6555,2025-06-20,"Ali, Todd and Buck Stadium",48,23,163,15,6,74
932,6910,2021-08-16,Khan-Lee Stadium,103,1,99,10,17,55
933,8214,2024-04-26,Harris Ltd Stadium,122,25,117,15,6,79
934,8046,2022-12-21,Rose Ltd Stadium,129,10,144,6,21,47
935,6567,2020-06-28,Henderson and Sons Stadium,65,0,129,11,12,36
936,1974,2022-08-20,"Pham, Hooper and Duran Stadium",114,2,122,13,28,62
937,3421,2021-01-25,Jones-Reed Stadium,73,1,79,15,24,45
938,2722,2021-05-21,Cox-Bright Stadium,-2,12,16,7,28,49
939,1551,2026-02-28,"Curtis, Pennington and Cook Stadium",77,18,95,5,3,47
940,52,2025-05-01,"Simpson, Cuevas and Gutierrez Stadium",33,30,155,14,7,71
941,6221,2020-03-21,"Wallace, Harrison and Burton Stadium",112,12,134,10,24,50
942,4230,2021-02-20,"Duncan, Stanley and Brooks Stadium",52,24,187,9,21,15
943,7804,2023-06-23,Curry-Parker Stadium,0,11,132,10,6,78
944,6318,2024-03-18,Harris-Villa Stadium,62,18,142,3,0,51
945,8999,2023-04-23,Mcdonald Group Stadium,64,13,168,10,28,80
946,7532,2020-02-10,"Wilson, Miller and Davis Stadium",68,30,88,9,3,13
947,440,2023-10-22,Hernandez PLC Stadium,129,5,193,14,24,70
948,7361,2020-02-23,Benson PLC Stadium,78,28,89,4,28,5
949,9239,2020-01-16,Mann LLC Stadium,55,2,165,12,28,25
950,4041,2022-06-13,"Reeves, Dominguez and Brown Stadium",51,20,67,6,12,11
951,1367,2022-04-09,"Evans, Payne and Lee Stadium",106,18,196,11,6,6
952,404,2025-11-27,Roberts Ltd Stadium,132,11,138,0,21,46
953,9486,2025-02-01,Fields Ltd Stadium,20,28,125,13,3,20
954,6645,2025-03-16,"Sweeney, Kirk and Smith Stadium",122,30,29,1,14,15
955,8213,2024-05-09,"Hart, Harrison and Harrell Stadium",100,8,13,1,24,37
956,7609,2023-04-29,"Russell, Kim and Preston Stadium",137,12,41,5,14,50
957,129,2022-03-31,"Allison, Weaver and Sanchez Stadium",87,11,198,9,18,64
958,8490,2026-03-04,Anthony LLC Stadium,100,4,144,2,17,41
959,1417,2021-09-14,Horton-Harrison Stadium,99,5,37,9,7,25
960,6499,2023-11-12,"Lowe, Johnson and Anderson Stadium",83,0,15,13,3,25
961,8081,2023-03-18,Mason-Miller Stadium,147,1,83,0,12,75
962,6346,2026-01-12,"Hill, White and Mccarthy Stadium",64,14,112,5,17,46
963,5044,2020-10-05,Shaffer Ltd Stadium,64,21,27,4,17,40
964,5618,2020-03-26,Avila and Sons Stadium,103,19,190,11,24,14
965,6206,2024-01-24,"Reed, Hood and Graham Stadium",25,26,138,7,14,36
966,7116,2025-07-22,Torres-Wiggins Stadium,29,18,156,7,24,14
967,1589,2022-10-09,"Peters, Glover and Fisher Stadium",56,21,100,3,28,15
968,7436,2020-02-13,Arias Ltd Stadium,60,28,118,6,6,51
969,7319,2024-06-01,"Brock, Bennett and Maldonado Stadium",98,10,162,14,24,37
970,3232,2020-04-08,"Martinez, Bell and Wilson Stadium",42,22,141,4,7,41
971,590,2024-08-16,Bradley and Sons Stadium,70,10,200,14,28,24
972,2935,2022-03-17,"Jordan, Hunter and Gonzalez Stadium",12,29,93,13,24,24
973,1481,2021-12-13,"Cooper, Hebert and Cortez Stadium",129,25,162,5,17,15
974,7772,2023-12-15,Taylor Inc Stadium,49,1,11,3,14,44
975,5300,2020-06-30,Duncan LLC Stadium,14,4,89,7,14,80
976,5267,2020-11-02,Collins-Lee Stadium,101,25,9,15,21,6
977,1315,2020-02-28,Rodriguez-Jones Stadium,115,10,145,8,24,76
978,4285,2021-04-06,Davis Inc Stadium,140,19,150,15,0,25
979,8965,2025-09-04,Bryant and Sons Stadium,146,24,177,13,6,32
980,6510,2021-05-22,Becker LLC Stadium,110,11,27,9,14,37
981,5336,2024-04-27,Arnold-Garcia Stadium,99,14,180,13,17,8
982,8646,2025-01-20,Atkins-Gonzales Stadium,138,18,10,0,28,9
983,6374,2022-06-11,Dixon LLC Stadium,19,24,106,4,7,31
984,4394,2024-10-17,"Poole, Richardson and Salazar Stadium",83,8,72,0,17,76
985,5778,2025-05-23,Perez and Sons Stadium,15,6,89,4,17,70
986,5371,2022-07-03,"Sampson, Cook and Li Stadium",90,13,193,5,12,55
987,7488,2023-12-26,Vargas-Brown Stadium,86,9,1,13,21,25
988,1699,2024-11-06,Hansen PLC Stadium,40,17,7,9,18,55
989,1161,2025-05-06,Ray PLC Stadium,31,28,43,13,17,10
990,1463,2023-02-16,Reese-Rose Stadium,29,5,65,12,6,52
991,8675,2023-02-08,"Wilson, Newton and Rivera Stadium",114,26,68,12,21,45
992,6296,2020-11-07,"Brooks, Burns and Blair Stadium",94,4,125,12,7,72
993,6540,2021-05-13,Boyd-Cook Stadium,115,3,41,13,12,12
994,143,2023-11-14,Hartman Inc Stadium,121,10,52,15,3,68
995,5523,2022-11-06,Walsh Inc Stadium,132,26,173,9,3,20
996,587,2025-06-22,Evans Ltd Stadium,77,1,27,5,18,27
997,8256,2023-02-10,Foster-Suarez Stadium,149,12,189,7,14,53
998,6103,2020-05-07,Best-Moore Stadium,1,8,28,9,28,40
999,4562,2022-07-20,Murray-Gay Stadium,66,12,189,10,0,70
1000,3636,2026-04-14,"Mckenzie, Webb and Ochoa Stadium",93,2,27,3,17,69
1001,420,2021-02-28,"Middleton, Jenkins and Jackson Stadium",113,20,183,5,24,80
1002,6016,2021-06-21,"Rodriguez, Hall and Hunt Stadium",117,20,15,3,3,43
1003,4606,2022-01-18,"Smith, Miller and Benson Stadium",60,21,139,6,0,1
1004,3422,2022-03-28,Dyer-Irwin Stadium,97,23,67,0,21,66
1005,7483,2025-08-23,Jimenez Ltd Stadium,141,14,114,4,18,52
1006,3296,2025-10-05,Ellison-Cohen Stadium,37,19,190,14,24,68
1007,4620,2022-09-18,"Garcia, Graham and Wilson Stadium",122,29,15,10,28,70
1008,9316,2022-02-25,Carlson-Suarez Stadium,71,27,163,13,17,16
1009,2670,2025-09-19,Nelson-Smith Stadium,50,20,145,9,3,74
1010,9414,2023-02-23,Perkins Group Stadium,73,4,195,0,14,74
1011,8863,2026-01-07,Garrison-Patterson Stadium,112,21,181,8,18,59
1012,6718,2021-04-13,Gilmore-Gray Stadium,90,19,41,1,21,38
1013,1511,2024-08-15,Roberts-Odonnell Stadium,128,19,147,15,18,26
1014,9837,2024-10-11,"Brown, Kelly and Brown Stadium",139,9,76,9,6,69
1015,9736,2020-05-14,Wall Ltd Stadium,85,7,149,7,0,79
1016,5290,2020-06-21,Blake and Sons Stadium,26,1,149,11,28,6
1017,2688,2025-12-09,Brooks LLC Stadium,64,5,59,14,21,26
1018,5881,2021-07-07,"Martinez, Ramsey and Powell Stadium",91,12,110,15,28,13
1019,7148,2021-08-12,"Johnson, Grant and Harrell Stadium",135,24,173,13,28,19
1020,7421,2023-09-11,Johnson-Wade Stadium,131,1,13,1,24,74
1021,7542,2023-10-07,Tanner-Hicks Stadium,5,23,137,10,3,68
1022,1952,2020-07-15,Williams-Skinner Stadium,27,1,144,4,18,68
1023,9143,2023-10-25,Reed Inc Stadium,-4,26,138,11,14,3
1024,7483,2020-08-08,Bradshaw-Lee Stadium,142,26,121,11,7,71
1025,9749,2024-01-23,Evans Group Stadium,0,10,112,9,21,18
1026,8014,2026-02-15,Potts-Lopez Stadium,142,28,112,5,21,65
1027,7694,2024-09-15,Stephenson and Sons Stadium,1,25,139,14,18,50
1028,1465,2024-01-28,"Hughes, Andrade and Duncan Stadium",29,8,48,1,18,79
1029,2332,2023-06-02,Rowland-Porter Stadium,-1,29,106,7,7,50
1030,3980,2024-09-29,"Rodriguez, Lee and Crawford Stadium",125,16,48,10,14,43
1031,4273,2022-03-06,"Perez, Hall and Jackson Stadium",17,24,80,3,7,28
1032,8416,2023-02-18,Stevens-Powell Stadium,131,4,81,13,7,30
1033,9789,2024-05-28,Martinez-Hale Stadium,103,9,16,0,6,55
1034,6638,2020-02-09,Warren-Marshall Stadium,133,23,112,1,3,62
1035,2008,2025-10-28,West-Palmer Stadium,122,29,75,1,18,60
1036,3538,2025-11-25,"Rodriguez, Alvarado and Harvey Stadium",138,2,6,14,21,13
1037,8254,2025-01-22,"Reed, Larsen and Hess Stadium",96,1,170,15,18,60
1038,3538,2022-12-30,Hunt-Mullins Stadium,43,7,188,1,0,8
1039,1806,2020-12-31,Meyers PLC Stadium,23,15,92,2,18,44
1040,4317,2023-10-22,"Haynes, Porter and Davis Stadium",13,17,134,15,28,40
1041,4510,2020-10-28,Schmidt-Harris Stadium,69,23,37,15,28,17
1042,4358,2022-01-12,Morris-Brown Stadium,62,17,94,3,0,33
1043,6603,2025-04-29,"Brown, Lyons and Hernandez Stadium",35,26,132,0,0,65
1044,1752,2023-09-30,Beasley Inc Stadium,78,15,16,3,0,74
1045,8822,2025-01-12,Jones Group Stadium,42,29,175,13,21,60
1046,3899,2023-05-30,Sanchez PLC Stadium,137,8,120,11,6,1
1047,7350,2021-03-11,Adams-Ramsey Stadium,60,2,66,4,28,20
1048,3046,2024-05-03,Watkins Group Stadium,12,23,99,8,18,67
1049,7345,2022-02-27,Singleton-Taylor Stadium,65,25,67,12,12,51
1050,3488,2023-09-17,"James, Stone and Reid Stadium",102,0,172,6,12,9
1051,551,2025-12-07,Jones-Greene Stadium,135,1,1,8,17,53
1052,3805,2026-03-28,"Davidson, Fields and Williams Stadium",8,11,180,13,7,58
1053,7204,2026-01-25,Kim Group Stadium,104,4,4,6,6,26
1054,7590,2025-07-20,Burns PLC Stadium,116,26,131,12,21,14
1055,4545,2023-10-31,"Turner, Edwards and Smith Stadium",19,11,167,14,12,36
1056,1465,2023-02-01,"Dyer, Graham and Cameron Stadium",25,0,39,10,24,72
1057,2767,2024-02-04,Osborne PLC Stadium,67,11,104,13,21,60
1058,5353,2024-06-29,Houston-Dawson Stadium,6,3,159,11,14,8
1059,9899,2020-11-19,Garcia and Sons Stadium,74,5,180,10,14,21
1060,313,2020-11-18,"Garcia, Moon and Blake Stadium",9,10,177,5,12,73
1061,6302,2021-08-25,Rodriguez-Jones Stadium,105,8,124,14,21,49
1062,3795,2023-03-29,"Martinez, Hernandez and Collins Stadium",95,12,22,1,17,55
1063,7214,2024-04-17,Gilmore-Aguirre Stadium,44,12,15,13,28,46
1064,8539,2025-12-01,Harding-Hernandez Stadium,96,6,146,13,12,53
1065,1145,2022-03-20,"Thompson, Gonzalez and White Stadium",59,9,157,9,21,59
1066,6801,2024-04-01,Ross-Harris Stadium,34,12,12,1,14,70
1067,1391,2024-05-22,"Quinn, Black and Rhodes Stadium",47,8,58,11,21,16
1068,5950,2022-05-12,Howard Group Stadium,81,15,124,15,3,24
1069,2535,2022-01-29,Wood PLC Stadium,146,9,25,11,3,39
1070,959,2024-01-28,Porter PLC Stadium,2,11,65,8,0,26
1071,8743,2023-01-29,Nelson-Webster Stadium,-3,15,140,6,12,77
1072,8128,2021-06-25,"Smith, Chang and Morris Stadium",14,7,78,15,7,55
1073,2764,2026-01-29,"Cunningham, Gardner and Holland Stadium",94,23,22,12,17,77
1074,6432,2021-02-12,"Chaney, Colon and Richard Stadium",95,24,40,15,0,53
1075,8227,2023-06-12,Pierce PLC Stadium,35,0,82,8,24,31
1076,5672,2024-08-13,"Sweeney, Horton and Gardner Stadium",97,7,137,13,12,4
1077,6018,2023-09-21,Aguilar LLC Stadium,126,6,85,13,7,77
1078,4046,2024-04-07,"Goodman, Parker and Lewis Stadium",73,30,9,2,0,7
1079,7411,2024-07-13,"Romero, Smith and Garner Stadium",5,20,137,4,21,2
1080,5826,2020-06-18,Hendrix-Boyer Stadium,105,8,166,13,18,57
1081,8545,2024-01-15,"Hayes, Manning and Tran Stadium",146,9,199,10,6,71
1082,6789,2023-11-27,Black Group Stadium,144,11,84,2,14,31
1083,2945,2025-03-05,Price-Molina Stadium,57,18,46,15,0,69
1084,4034,2023-08-25,"York, Adams and Carter Stadium",130,13,154,9,3,79
1085,8409,2020-07-05,Pruitt-Walker Stadium,114,0,174,5,24,9
1086,4969,2021-01-14,Mcdowell-Chavez Stadium,144,18,23,8,7,2
1087,5865,2023-03-18,Grant Group Stadium,142,19,92,2,12,1
1088,6646,2021-06-01,Santiago PLC Stadium,110,21,144,10,18,19
1089,7248,2020-05-15,"Castillo, Daniels and Powell Stadium",57,4,19,4,7,33
1090,9814,2023-10-01,Hayes-Mata Stadium,7,2,159,15,17,36
1091,8996,2023-11-25,Lee-Smith Stadium,78,27,33,9,21,58
1092,5093,2024-10-21,Bishop-Daniels Stadium,64,10,119,15,6,68
1093,2145,2020-12-17,King PLC Stadium,83,29,53,14,3,70
1094,5344,2023-04-17,Roberts-Erickson Stadium,60,26,17,14,21,11
1095,7694,2025-07-09,Espinoza-Morrison Stadium,127,5,115,4,6,23
1096,2354,2025-09-14,"Brown, Newton and Welch Stadium",25,29,170,12,21,49
1097,7148,2021-12-14,Cooper-Obrien Stadium,105,1,181,5,17,56
1098,4264,2023-05-05,Carlson-Rosales Stadium,131,4,127,9,28,74
1099,3248,2020-06-11,Wilson LLC Stadium,32,18,43,12,0,80
1100,86,2024-09-06,Perez-Carter Stadium,112,19,48,15,28,4
1101,4503,2025-07-27,Hubbard Inc Stadium,86,4,144,10,12,67
1102,5742,2021-01-01,"Pitts, Fischer and Boyd Stadium",47,26,70,3,28,5
1103,6238,2023-02-25,"Williams, Patel and Reeves Stadium",24,25,109,12,6,51
1104,6819,2025-09-10,Hunt and Sons Stadium,75,5,19,3,3,71
1105,216,2020-12-20,Wilson PLC Stadium,38,17,90,3,3,76
1106,919,2020-05-31,Martinez-Thomas Stadium,57,27,29,5,24,4
1107,9290,2021-03-02,Hale-Aguirre Stadium,123,9,106,3,24,14
1108,5276,2023-01-10,Allen and Sons Stadium,24,2,179,7,7,80
1109,6535,2025-06-30,Baldwin-Shaw Stadium,35,3,178,1,18,25
1110,1991,2025-02-03,Ho PLC Stadium,104,26,28,1,17,47
1111,5929,2025-01-14,Davis-Bryant Stadium,126,11,16,2,24,48
1112,7388,2020-06-25,"Murphy, Jones and Sullivan Stadium",79,6,117,1,0,25
1113,8512,2025-11-11,Perry and Sons Stadium,2,11,81,9,24,15
1114,2803,2025-03-29,Rose Inc Stadium,87,12,100,14,18,41
1115,17,2023-02-15,Smith-King Stadium,43,26,36,9,0,50
1116,7425,2024-03-22,Baldwin PLC Stadium,37,0,114,12,21,72
1117,9327,2020-12-23,"Davis, Villarreal and Fry Stadium",14,18,9,13,3,54
1118,6893,2026-04-09,"Powell, Phillips and Thompson Stadium",29,2,150,9,7,32
1119,9034,2024-10-26,Nelson Inc Stadium,137,22,65,1,14,78
1120,4145,2023-06-05,Lynch-Pugh Stadium,147,24,146,14,24,71
1121,5695,2022-11-22,"Kelly, Anderson and Blake Stadium",16,11,19,11,24,59
1122,8796,2024-06-15,"Riggs, Ortega and Perez Stadium",47,6,162,8,24,53
1123,3409,2022-03-03,Martinez Inc Stadium,98,6,48,14,24,1
1124,6131,2022-12-07,Ballard-Cooke Stadium,-2,16,63,12,24,1
1125,1121,2023-08-20,French PLC Stadium,123,25,11,7,0,50
1126,5142,2021-11-28,"Holmes, Boyer and Smith Stadium",-2,25,0,9,18,33
1127,6156,2020-09-22,"Clark, Fields and Newman Stadium",132,5,167,3,0,51
1128,2847,2026-03-14,Mora-Holden Stadium,124,4,157,14,0,29
1129,6366,2021-04-06,Harrell and Sons Stadium,27,4,158,1,21,76
1130,1045,2021-04-22,Palmer Inc Stadium,147,3,158,13,12,19
1131,732,2024-04-23,"Hill, Williams and Jones Stadium",0,14,143,10,21,47
1132,9332,2023-01-03,Kirby PLC Stadium,147,19,29,10,18,9
1133,1842,2023-08-05,Johnson-Barnett Stadium,109,22,101,1,21,19
1134,1199,2021-11-06,"Mack, Castillo and Hanson Stadium",90,25,45,12,18,67
1135,8963,2022-10-23,"Dennis, Frederick and Whitehead Stadium",4,9,64,0,6,32
1136,137,2023-08-16,"Sanchez, Harvey and Morgan Stadium",78,2,42,4,14,26
1137,510,2022-09-19,Craig-Guerrero Stadium,127,25,162,12,0,77
1138,3226,2020-05-25,"Dalton, Morris and Warner Stadium",78,7,82,7,21,27
1139,971,2025-12-28,Ferrell PLC Stadium,134,10,182,4,21,34
1140,8505,2023-05-30,"Barnett, Davis and Rios Stadium",64,18,146,12,17,9
1141,9007,2025-07-25,Taylor Inc Stadium,84,9,119,0,14,33
1142,5803,2023-11-14,Thompson-Montgomery Stadium,53,15,150,4,6,21
1143,9140,2026-04-22,Stevenson-Owens Stadium,112,30,148,13,14,50
1144,853,2023-01-27,Paul-Anderson Stadium,94,12,158,1,3,56
1145,5651,2021-09-05,"Christensen, Snow and Brown Stadium",61,20,27,12,14,69
1146,5222,2021-09-13,Jones-Parker Stadium,107,12,69,15,24,69
1147,1895,2023-12-24,Moody Group Stadium,-1,16,90,1,3,69
1148,2074,2023-10-09,"Kim, Ray and Freeman Stadium",51,4,174,1,0,5
1149,7037,2022-11-07,"Rodriguez, Shaw and Serrano Stadium",145,23,53,10,14,23
1150,6458,2025-08-16,"Jennings, Wells and Becker Stadium",40,12,35,14,12,24
1151,82,2022-11-26,Baker-Higgins Stadium,121,18,129,13,18,78
1152,3481,2024-12-15,Lamb Group Stadium,95,2,90,9,17,41
1153,7124,2026-01-30,Crawford Inc Stadium,80,13,25,14,24,20
1154,2245,2023-01-15,"Gonzalez, Moore and Douglas Stadium",82,30,196,3,18,27
1155,710,2020-01-01,"Dawson, Hart and Duran Stadium",37,14,155,2,0,14
1156,7061,2025-09-25,Newman PLC Stadium,123,11,139,12,7,65
1157,8148,2022-05-31,Jackson LLC Stadium,-2,23,153,14,24,73
1158,856,2021-07-23,Orr-Morris Stadium,72,7,34,4,3,24
1159,8501,2025-02-03,"Macias, Simmons and Jensen Stadium",53,19,194,12,6,17
1160,9972,2021-03-05,"Watson, Garza and Santos Stadium",3,8,55,9,28,36
1161,4212,2023-03-06,"Smith, King and Kelley Stadium",76,0,191,14,0,47
1162,7740,2021-05-09,Lopez-Fleming Stadium,93,19,84,2,6,53
1163,6539,2025-08-21,Gibson PLC Stadium,12,0,50,10,18,72
1164,759,2025-11-24,Reeves-Sweeney Stadium,123,29,132,5,28,51
1165,1037,2023-10-29,Stewart Group Stadium,73,8,30,5,18,16
1166,8222,2021-08-30,Jones Ltd Stadium,11,16,62,7,3,54
1167,3086,2020-04-16,Scott Group Stadium,127,29,148,14,12,11
1168,9330,2020-09-02,Whitehead Ltd Stadium,118,14,66,11,18,28
1169,7876,2024-12-25,Hernandez Ltd Stadium,36,18,107,9,14,68
1170,3332,2021-08-27,Owens-Craig Stadium,60,21,114,8,14,35
1171,2852,2025-06-24,Wade Group Stadium,144,26,119,5,0,9
1172,6685,2023-01-15,Sullivan LLC Stadium,27,8,32,14,17,42
1173,9759,2023-09-16,Perez Inc Stadium,17,10,89,12,12,45
1174,7299,2025-07-26,Bell Ltd Stadium,138,1,194,12,7,74
1175,9130,2023-09-27,Ramsey-Harmon Stadium,115,25,175,12,14,23
1176,4150,2022-03-03,"Stevens, Bowman and Caldwell Stadium",73,10,9,7,6,76
1177,848,2023-07-09,Cummings Ltd Stadium,130,8,79,14,3,27
1178,3324,2025-09-20,Conway and Sons Stadium,42,6,90,4,7,66
1179,9846,2022-08-28,Johnson LLC Stadium,-1,12,141,15,17,52
1180,1958,2024-10-22,Lopez LLC Stadium,39,15,107,8,0,9
1181,7565,2020-09-11,"Luna, Moreno and Ball Stadium",35,26,148,10,14,80
1182,130,2025-08-07,"Gross, Jackson and Walker Stadium",99,4,57,10,18,24
1183,6034,2026-01-26,Hunt-Burns Stadium,83,9,135,12,12,55
1184,4764,2024-07-19,Ross LLC Stadium,50,9,50,14,6,26
1185,9841,2022-05-25,"Figueroa, Moore and Johnson Stadium",56,24,2,1,14,63
1186,1279,2026-02-21,Jefferson PLC Stadium,137,0,39,13,14,67
1187,9466,2021-12-17,"Hoffman, Morris and Herman Stadium",74,19,40,10,21,56
1188,708,2023-05-08,Martin-Sanchez Stadium,132,16,10,6,6,34
1189,4691,2022-12-06,Wells-King Stadium,49,23,1,8,24,4
1190,3679,2024-12-18,Warren-Boyd Stadium,97,18,109,2,21,78
1191,7963,2020-04-26,"Williams, Bauer and Reynolds Stadium",114,5,128,3,6,10
1192,4491,2022-05-10,"Hatfield, Hale and Miranda Stadium",68,4,3,12,0,57
1193,6012,2025-05-23,Wagner-Thompson Stadium,42,30,189,1,18,58
1194,5462,2022-02-02,"White, Jones and Rosales Stadium",71,19,101,6,6,52
1195,3360,2020-05-12,Martin and Sons Stadium,61,4,194,10,6,54
1196,9671,2023-09-23,Nguyen LLC Stadium,84,30,93,6,24,22
1197,8598,2020-10-15,Frank-Delgado Stadium,20,6,145,7,14,39
1198,6769,2022-05-06,Allen LLC Stadium,93,13,78,15,24,73
1199,391,2021-11-17,Curtis Inc Stadium,47,27,97,11,3,40
1200,6360,2025-09-03,Carroll and Sons Stadium,69,24,55,4,6,12
1201,5209,2024-11-25,"Campbell, Savage and Williams Stadium",139,28,147,2,21,13
1202,5825,2021-04-15,"Young, Morrison and Smith Stadium",112,10,75,6,18,10
1203,1648,2022-10-31,Gardner Group Stadium,-2,0,125,15,7,28
1204,6982,2021-12-19,Beck Inc Stadium,104,13,159,9,7,65
1205,908,2024-01-05,"Green, Sanchez and Johnson Stadium",35,7,101,8,12,73
1206,435,2023-12-20,Powell-Hill Stadium,5,4,44,0,0,58
1207,9352,2022-11-16,Ferguson-Bell Stadium,125,20,188,15,7,14
1208,9337,2025-04-22,Santana Inc Stadium,28,27,18,11,3,31
1209,1943,2025-12-21,Lewis Ltd Stadium,126,20,73,11,6,14
1210,3515,2021-03-09,Vazquez-Hughes Stadium,64,28,108,4,0,74
1211,9752,2024-11-22,Peterson-Chen Stadium,35,8,84,15,28,16
1212,304,2020-02-24,Brown-Arias Stadium,34,18,187,5,17,62
1213,2227,2022-01-06,"Kelly, Martinez and Price Stadium",74,11,188,10,3,77
1214,8327,2023-02-10,Wright Group Stadium,111,15,167,4,0,26
1215,9070,2026-01-01,Moreno LLC Stadium,116,7,20,9,14,30
1216,5932,2025-12-18,Cline-Patterson Stadium,9,0,27,13,14,26
1217,8492,2020-05-01,Lamb LLC Stadium,79,0,174,3,12,1
1218,8995,2020-07-08,Jones-Baker Stadium,115,25,83,10,24,31
1219,4301,2022-05-31,Bowman PLC Stadium,78,8,13,11,24,32
1220,6017,2024-09-29,Conner-Lopez Stadium,-4,28,24,13,18,63
1221,9965,2026-04-13,Butler-Lopez Stadium,137,16,181,4,3,58
1222,6044,2026-03-08,Ramirez-Thompson Stadium,47,21,157,11,3,13
1223,6057,2025-11-11,Wade-Dean Stadium,64,0,93,11,0,78
1224,8308,2020-11-14,Ward PLC Stadium,108,22,81,13,0,74
1225,915,2022-02-03,Zimmerman-Werner Stadium,142,3,125,12,21,55
1226,4946,2022-09-21,Nelson-Davis Stadium,25,5,122,13,3,78
1227,504,2020-11-16,"Steele, Lopez and Rodgers Stadium",109,10,199,12,24,66
1228,4034,2026-01-04,"Clark, Larson and Morrow Stadium",5,4,76,5,21,78
1229,7278,2022-05-31,Roberts Group Stadium,12,23,50,10,7,38
1230,8083,2025-04-10,Young LLC Stadium,39,4,137,5,6,5
1231,9008,2025-02-03,Ramos and Sons Stadium,74,10,45,10,0,30
1232,5900,2024-04-06,"Arellano, Smith and Jimenez Stadium",37,11,61,7,7,22
1233,6627,2021-08-05,James LLC Stadium,138,9,64,15,21,68
1234,3192,2024-06-13,Baker-David Stadium,64,29,117,15,14,12
1235,545,2025-11-06,Thompson-Hicks Stadium,86,8,148,1,17,67
1236,7583,2024-11-30,"Mcneil, Lowery and Conrad Stadium",6,20,26,7,7,55
1237,4527,2025-08-12,"Fernandez, Williams and Wagner Stadium",40,28,104,1,3,52
1238,2199,2024-08-23,"Vang, King and Chavez Stadium",141,16,125,2,0,52
1239,6837,2025-02-15,Sanchez-Williams Stadium,93,21,137,13,7,6
1240,3755,2021-04-08,"Hernandez, Duran and Carlson Stadium",131,3,66,8,3,7
1241,8349,2023-04-08,"Obrien, Chung and Mueller Stadium",86,26,155,11,6,18
1242,3187,2021-03-12,Espinoza-Robinson Stadium,49,3,186,8,28,9
1243,2696,2023-06-22,Hudson and Sons Stadium,81,29,95,6,24,77
1244,3833,2020-07-24,Meyer LLC Stadium,51,27,112,9,18,51
1245,2388,2021-07-17,Jackson PLC Stadium,62,20,152,13,17,43
1246,6115,2020-09-28,Smith Inc Stadium,73,16,149,13,24,59
1247,2998,2025-06-28,Chung Ltd Stadium,98,14,96,12,3,8
1248,2776,2021-07-15,Bryant Group Stadium,70,18,22,3,12,9
1249,8526,2024-07-24,Jones-Burns Stadium,51,29,54,12,0,55
1250,1141,2023-07-11,Hughes-Hancock Stadium,114,10,21,15,12,61
1251,9068,2023-12-04,"Wright, Orr and Smith Stadium",96,30,89,11,14,73
1252,7581,2026-02-24,"Garrison, Clark and Moore Stadium",131,8,77,11,12,60
1253,1764,2023-11-30,Rivera LLC Stadium,3,7,9,2,0,64
1254,5038,2022-06-18,Smith and Sons Stadium,73,5,172,1,28,21
1255,1005,2021-11-12,"Phillips, Green and May Stadium",142,5,132,4,18,30
1256,2262,2021-10-23,Robbins-Douglas Stadium,144,14,43,1,7,20
1257,9794,2025-08-10,Morris LLC Stadium,141,22,181,10,28,6
1258,451,2025-01-12,George-Miles Stadium,115,15,48,10,3,45
1259,3925,2021-01-06,"Spence, Shepherd and Stewart Stadium",116,22,43,12,3,33
1260,5019,2020-08-05,Mooney-Obrien Stadium,63,6,2,2,28,63
1261,461,2024-09-04,"Evans, Morris and Hernandez Stadium",33,19,49,0,6,6
1262,857,2025-07-09,"Johnston, Gray and Thomas Stadium",109,27,196,1,14,31
1263,776,2025-01-02,"Callahan, Cooper and Walker Stadium",61,3,70,6,3,43
1264,8387,2021-10-01,Reynolds-Terry Stadium,36,15,160,8,24,74
1265,982,2020-08-30,Dickerson-Adkins Stadium,19,18,112,4,21,4
1266,4258,2024-07-10,"Perez, Haley and Keller Stadium",149,23,107,2,0,61
1267,5221,2023-04-04,"Gibson, Simpson and Johnston Stadium",95,22,149,8,28,20
1268,6810,2025-04-19,Martin and Sons Stadium,42,1,78,11,24,12
1269,8374,2025-04-12,Sandoval-Whitney Stadium,37,24,125,14,14,65
1270,2378,2023-01-28,Ellis and Sons Stadium,70,13,87,11,6,45
1271,7421,2021-08-27,Miller Inc Stadium,59,6,158,11,14,15
1272,9198,2021-11-21,Hawkins-Sweeney Stadium,26,13,37,13,18,31
1273,4285,2023-01-09,Manning Ltd Stadium,32,22,180,14,24,13
1274,9740,2025-05-26,Mendoza-Patel Stadium,71,21,74,14,7,28
1275,6604,2024-03-12,Foster-Lee Stadium,42,6,166,6,28,77
1276,4269,2026-02-07,Vargas PLC Stadium,36,8,47,11,17,19
1277,7681,2026-04-24,Nguyen-Carson Stadium,50,2,29,2,24,9
1278,2955,2023-07-02,Oneill-Ferguson Stadium,42,26,106,14,14,64
1279,2800,2022-03-20,Acosta-Patel Stadium,21,20,169,10,14,66
1280,890,2024-11-21,Anderson Ltd Stadium,137,27,86,6,6,18
1281,819,2022-07-02,"Lee, Powell and Howard Stadium",43,17,173,4,21,31
1282,7487,2024-02-01,Clark-Hammond Stadium,107,19,95,3,3,79
1283,7183,2022-08-27,Mcbride Group Stadium,61,11,19,11,14,56
1284,5636,2021-11-25,Daniels Inc Stadium,101,24,136,9,3,16
1285,4934,2026-03-16,"Torres, Smith and Hall Stadium",113,24,37,7,14,5
1286,8682,2024-09-18,"Mcbride, Fisher and Moses Stadium",114,14,168,2,7,11
1287,6150,2025-02-04,Ellis-Callahan Stadium,11,10,112,0,18,36
1288,4585,2026-03-09,"Sanders, Jordan and Becker Stadium",8,22,44,10,12,8
1289,4953,2023-12-11,Owens LLC Stadium,108,28,17,8,24,67
1290,1143,2020-11-16,Mccall-Lopez Stadium,110,3,88,12,24,8
1291,2191,2026-02-09,"Montgomery, Long and Gomez Stadium",147,11,99,0,21,45
1292,6924,2025-11-28,"Marks, Mercado and Anderson Stadium",122,27,177,13,28,78
1293,2394,2022-03-08,Freeman-Nelson Stadium,41,26,171,4,21,43
1294,1005,2024-09-25,Odonnell Group Stadium,34,19,180,5,17,30
1295,6827,2025-10-03,Burgess-Barrett Stadium,18,29,74,1,18,35
1296,4572,2022-09-14,"Jordan, Mahoney and Hunt Stadium",145,16,191,13,14,31
1297,3440,2023-05-13,Webb-Meadows Stadium,150,26,147,4,3,47
1298,6942,2022-01-27,Guzman-Torres Stadium,78,9,53,2,3,34
1299,1121,2025-06-16,Stewart-Mcgee Stadium,115,10,39,8,14,53
1300,5714,2022-09-26,"Burns, Sanchez and Turner Stadium",28,10,197,15,21,3
1301,6711,2024-03-25,"Vargas, Riddle and Franco Stadium",105,26,156,13,24,66
1302,7612,2020-09-23,"Perez, Cooper and Payne Stadium",26,4,167,5,17,70
1303,1708,2022-03-22,Grimes Group Stadium,150,26,51,1,3,22
1304,7057,2025-03-17,Lin-Pittman Stadium,53,15,159,6,6,76
1305,3929,2020-12-19,Perez-Mason Stadium,146,9,194,2,24,64
1306,1962,2022-12-18,Rodriguez-Leonard Stadium,52,28,91,12,18,19
1307,3011,2025-06-07,Hutchinson and Sons Stadium,78,11,9,3,24,6
1308,9173,2025-08-25,"Bell, Simpson and Stafford Stadium",33,3,149,8,6,79
1309,83,2021-07-30,Coffey-Ingram Stadium,-5,16,109,13,6,31
1310,5971,2021-08-22,Edwards PLC Stadium,98,22,19,9,17,59
1311,1228,2025-09-09,"Donaldson, Travis and Wilcox Stadium",114,26,7,13,0,80
1312,4961,2024-10-19,Ballard-Stewart Stadium,149,14,190,4,17,55
1313,4145,2022-05-27,Armstrong Ltd Stadium,30,7,178,9,7,79
1314,4777,2025-06-13,Ortega LLC Stadium,72,11,145,1,21,68
1315,155,2020-09-19,Wolf-Ware Stadium,61,9,29,6,14,28
1316,6457,2023-11-09,Hernandez PLC Stadium,126,2,127,7,14,41
1317,2478,2023-02-07,Ware-Rodriguez Stadium,100,21,196,8,3,55
1318,70,2023-05-15,Castro-Bailey Stadium,104,6,171,3,14,45
1319,8184,2023-04-27,"Burns, Fuller and Clark Stadium",36,22,15,5,24,67
1320,8002,2025-03-23,Adams-White Stadium,84,10,96,12,3,21
1321,1043,2021-11-27,Bowers-Lewis Stadium,123,25,33,5,6,34
1322,883,2022-06-10,"Krause, Patel and Tran Stadium",-4,6,88,2,3,9
1323,6170,2025-04-03,"Savage, Berry and Mason Stadium",38,15,37,0,0,42
1324,8705,2025-09-15,Cortez-Coleman Stadium,10,29,3,3,17,69
1325,5376,2025-11-13,Crawford Group Stadium,139,27,133,2,0,51
1326,1137,2022-10-02,"Kim, Salinas and Warner Stadium",109,7,107,6,28,50
1327,9461,2021-09-08,"Shaw, Chase and Cross Stadium",33,26,198,5,24,40
1328,427,2020-09-17,Murphy-Hess Stadium,63,29,26,10,12,16
1329,2857,2025-02-14,Hale-Mason Stadium,63,0,3,5,18,15
1330,7772,2025-10-26,Miller-Smith Stadium,106,22,34,5,18,56
1331,9754,2020-06-17,"Hodge, Gomez and Cook Stadium",66,6,138,5,6,65
1332,5216,2024-05-27,Anderson Group Stadium,82,0,183,3,21,60
1333,6762,2023-02-23,Chase and Sons Stadium,141,26,59,5,18,13
1334,5408,2024-11-14,Odom LLC Stadium,149,7,189,3,17,73
1335,3457,2024-06-09,Weeks-Davila Stadium,21,30,12,7,24,34
1336,7761,2022-07-06,Hart and Sons Stadium,101,22,12,3,7,32
1337,7379,2024-03-22,Marsh-Wheeler Stadium,37,20,137,10,3,74
1338,1427,2024-12-17,"Wagner, Johnston and Williams Stadium",6,13,167,14,14,8
1339,7683,2020-07-21,Maxwell-Pennington Stadium,39,29,75,11,17,54
1340,872,2021-05-16,"Alvarado, Ellis and Rivera Stadium",46,20,45,9,6,16
1341,8850,2020-12-15,Petty PLC Stadium,148,27,134,11,24,58
1342,1688,2020-05-03,"Gonzalez, Park and Parker Stadium",58,18,84,8,12,34
1343,6330,2022-07-26,"Cook, Heath and Phillips Stadium",77,16,95,3,14,36
1344,3875,2025-04-21,"Mitchell, Bass and Fox Stadium",70,11,84,14,14,70
1345,2977,2021-10-21,Larsen-Ware Stadium,123,1,199,9,18,23
1346,1796,2024-08-19,Bush LLC Stadium,44,6,81,0,6,43
1347,5477,2023-06-30,"Mckinney, Mcclure and Graves Stadium",42,1,19,13,17,11
1348,4937,2022-10-21,"Riley, Shea and Ware Stadium",29,18,106,0,14,59
1349,4729,2020-02-29,"Allen, Walsh and Lewis Stadium",140,13,29,10,17,49
1350,8561,2025-11-25,"Patterson, Hull and Compton Stadium",63,3,125,3,17,29
1351,5816,2025-10-19,Bradley-Young Stadium,17,0,74,6,7,16
1352,2552,2021-08-30,"Gates, Lucas and White Stadium",124,17,190,14,21,62
1353,5458,2022-12-08,Ali Inc Stadium,44,8,200,10,14,45
1354,9519,2022-12-04,Garcia Ltd Stadium,45,28,29,7,7,53
1355,4357,2021-06-18,"Pace, Weiss and Gonzalez Stadium",104,5,39,10,14,55
1356,6236,2021-02-15,"Mcpherson, Taylor and Green Stadium",61,30,184,13,28,78
1357,9682,2021-11-02,Johnson-Mejia Stadium,148,14,60,6,21,65
1358,9339,2020-05-13,Larsen-Winters Stadium,102,18,95,7,6,59
1359,6916,2023-01-09,Berry-Collins Stadium,38,20,200,14,24,2
1360,2034,2025-05-09,"Wood, Mcintyre and Arroyo Stadium",95,28,115,8,24,11
1361,6002,2025-10-05,Rodriguez-Lee Stadium,43,19,153,2,7,49
1362,2491,2022-10-21,Brown-Brown Stadium,130,10,72,15,3,28
1363,5627,2025-01-14,Fisher and Sons Stadium,54,25,176,13,3,47
1364,6040,2025-07-12,Davis Inc Stadium,79,13,85,4,3,45
1365,2230,2022-08-27,Flores-Hopkins Stadium,9,13,62,1,21,19
1366,9388,2023-07-11,"Grant, Contreras and Harrison Stadium",138,29,131,10,24,14
1367,5915,2025-12-14,Cole and Sons Stadium,36,22,97,13,14,49
1368,6204,2023-02-16,"Anderson, Bruce and Holt Stadium",6,22,29,4,24,51
1369,4424,2020-05-01,Reynolds-Burns Stadium,15,10,160,3,28,2
1370,6922,2022-06-05,Adams-Compton Stadium,71,14,162,9,12,80
1371,115,2026-03-28,"Mcmillan, Wheeler and Irwin Stadium",-4,8,175,10,14,22
1372,4310,2023-05-25,Benitez-Hunter Stadium,30,14,128,15,21,13
1373,9210,2025-01-17,"Gill, Spence and Vance Stadium",138,18,160,1,3,53
1374,592,2025-04-05,"Bass, Santos and Jefferson Stadium",-3,28,134,13,21,62
1375,2359,2024-02-29,Brown Inc Stadium,-4,23,38,2,21,48
1376,308,2024-10-27,Wang-Garcia Stadium,-2,19,51,11,7,73
1377,4120,2023-10-18,Wheeler-Jones Stadium,66,27,173,8,14,53
1378,863,2020-09-13,"Crawford, James and Simmons Stadium",50,25,86,13,0,78
1379,6980,2022-03-06,"Perez, Moore and Miller Stadium",130,18,196,1,14,40
1380,8563,2021-08-10,"George, Mayer and Glass Stadium",26,8,10,4,17,52
1381,5605,2025-06-17,"Gregory, Allen and Smith Stadium",65,30,170,0,3,72
1382,4463,2025-03-09,Lane-Soto Stadium,59,14,25,10,0,66
1383,2399,2025-01-10,"Mcconnell, Heath and Montgomery Stadium",47,9,50,10,12,5
1384,5043,2023-06-22,"Mejia, Escobar and Johnson Stadium",100,1,11,15,17,32
1385,3569,2022-08-24,"Elliott, Johnson and Le Stadium",147,2,25,1,14,56
1386,1852,2021-10-16,Gonzalez-Gray Stadium,78,15,144,7,12,43
1387,6763,2021-02-12,"Lambert, West and Tucker Stadium",142,15,122,15,12,16
1388,4168,2024-01-05,"Hughes, Costa and Holder Stadium",140,15,120,8,0,70
1389,8323,2021-06-01,Bailey-Walter Stadium,76,19,16,0,14,60
1390,2833,2023-02-18,"Mayo, Reynolds and Elliott Stadium",124,2,0,5,21,44
1391,4845,2021-10-27,"Carter, Walker and Gardner Stadium",87,6,150,10,0,70
1392,5436,2024-11-18,Edwards-Clark Stadium,3,2,46,14,14,64
1393,9511,2021-02-03,Barnes-Cox Stadium,7,22,191,5,21,16
1394,3141,2024-03-17,Bond-Smith Stadium,108,8,58,4,18,4
1395,6431,2023-12-21,"King, Moore and Campbell Stadium",-5,30,13,2,3,38
1396,4873,2023-02-16,Kline Ltd Stadium,83,28,18,14,14,10
1397,979,2020-01-29,"Simmons, Hardy and Wright Stadium",70,6,162,3,17,14
1398,3026,2026-02-28,"Riley, Henderson and Wood Stadium",30,30,194,13,28,46
1399,6126,2022-03-17,Baldwin Inc Stadium,-2,17,35,14,12,27
1400,2293,2020-11-06,"Bryant, Dodson and Booth Stadium",124,12,158,6,3,23
1401,3077,2022-01-26,Reed Inc Stadium,74,17,196,5,17,16
1402,8976,2025-01-10,Williams-Diaz Stadium,29,19,130,0,18,45
1403,6453,2026-04-06,Rogers-Crawford Stadium,113,19,106,9,17,15
1404,3938,2021-02-18,Jensen Group Stadium,71,4,199,2,12,37
1405,9726,2020-07-14,"Kennedy, Martinez and Sexton Stadium",64,7,79,14,7,35
1406,9222,2024-11-29,Hardin Group Stadium,17,24,37,8,3,49
1407,6990,2023-10-31,Foster LLC Stadium,120,17,42,11,0,30
1408,8363,2020-12-16,Chen-Snyder Stadium,5,16,140,6,7,50
1409,5958,2020-05-20,Perez-Simon Stadium,28,2,181,15,18,74
1410,7558,2020-11-06,Keller-Barnes Stadium,125,22,128,2,24,10
1411,1914,2021-05-04,"Jones, Sparks and Murray Stadium",74,10,28,2,28,30
1412,3051,2023-06-29,"Hart, Strong and Mack Stadium",116,0,140,10,0,57
1413,1347,2025-10-11,"Castro, Fernandez and Young Stadium",98,15,96,1,0,44
1414,3791,2023-06-15,Flores-Thomas Stadium,54,20,73,8,24,53
1415,8531,2024-11-09,Ballard-Pham Stadium,73,28,126,4,17,26
1416,5383,2025-05-26,Hopkins and Sons Stadium,90,25,62,9,3,64
1417,8938,2023-01-28,Mendoza-Callahan Stadium,58,7,175,5,21,60
1418,6128,2023-01-27,"Quinn, Martinez and Rodriguez Stadium",132,30,13,9,21,14
1419,8379,2020-01-07,Bryant-Moreno Stadium,148,27,93,4,3,25
1420,4909,2022-03-26,Palmer-Cooley Stadium,56,11,52,2,28,37
1421,6278,2025-11-29,Odonnell-Harvey Stadium,1,28,198,6,28,44
1422,1916,2020-10-03,Lowe Group Stadium,119,0,140,11,0,21
1423,2037,2020-10-13,Bell and Sons Stadium,31,5,52,7,21,19
1424,3311,2022-08-02,Foster-Bell Stadium,93,12,159,15,14,16
1425,885,2022-12-31,"Washington, Jimenez and Reese Stadium",98,9,89,14,7,8
1426,7842,2022-10-09,Lang Ltd Stadium,82,26,45,3,24,12
1427,208,2026-01-11,Evans Ltd Stadium,4,5,149,14,14,17
1428,6429,2025-05-27,Jacobs LLC Stadium,79,20,47,7,14,32
1429,4993,2020-04-30,"May, Allison and Williams Stadium",1,23,165,4,18,31
1430,9736,2020-03-04,Reynolds Group Stadium,110,10,64,4,0,49
1431,7971,2022-09-25,"Mccoy, Jordan and Edwards Stadium",143,4,115,6,24,38
1432,7352,2020-12-26,Martinez-Morrow Stadium,119,3,168,10,24,73
1433,6885,2020-07-04,"Fisher, Long and Smith Stadium",95,28,121,4,6,21
1434,5119,2024-05-20,Stewart and Sons Stadium,-4,20,84,2,7,39
1435,3615,2026-03-11,"Duarte, Munoz and Smith Stadium",98,0,30,0,7,23
1436,8396,2021-09-29,"Marsh, Little and Avila Stadium",8,1,85,9,0,9
1437,3185,2023-08-07,"Keith, Hodge and Smith Stadium",-1,4,32,5,14,30
1438,2502,2023-02-01,Carroll-Steele Stadium,67,18,67,2,21,80
1439,3057,2024-01-12,"Mcintyre, Ayala and Lloyd Stadium",6,13,158,14,14,48
1440,4421,2024-03-27,Guerrero Group Stadium,49,29,189,4,12,27
1441,547,2024-05-02,Olsen-Anthony Stadium,24,28,43,9,12,58
1442,3747,2025-11-10,"Powell, Rivera and Murray Stadium",109,5,43,10,14,29
1443,8179,2024-04-22,"Gray, Campbell and Cisneros Stadium",62,12,11,1,24,78
1444,5276,2021-11-28,Santiago-Kelly Stadium,143,6,11,5,24,57
1445,8593,2025-10-02,Griffin-Benton Stadium,147,7,28,13,14,9
1446,3157,2021-05-12,Williams Ltd Stadium,20,22,59,15,7,45
1447,188,2024-10-20,Castaneda and Sons Stadium,75,2,51,9,18,39
1448,1524,2025-12-03,Smith Group Stadium,102,21,141,10,6,30
1449,6126,2021-08-10,Larson LLC Stadium,12,12,175,1,12,77
1450,9245,2020-06-07,"Weber, Villarreal and Fritz Stadium",110,21,18,13,18,32
1451,9123,2020-05-08,Sawyer Ltd Stadium,4,14,22,9,3,30
1452,3127,2021-10-21,Adams LLC Stadium,99,30,164,2,0,72
1453,2402,2025-11-07,Nelson-Lowery Stadium,81,20,112,6,21,32
1454,8633,2023-02-12,Harrison-Lawrence Stadium,108,9,69,14,18,5
1455,9952,2025-05-08,"Myers, Schaefer and Martinez Stadium",0,18,8,7,21,48
1456,4420,2020-03-23,Crosby Ltd Stadium,41,20,129,9,0,61
1457,6574,2025-04-14,"Wilson, Johnson and Mills Stadium",8,4,169,2,17,24
1458,3167,2020-06-08,Silva Ltd Stadium,91,24,69,11,21,32
1459,7022,2025-05-25,Vaughn-Ortega Stadium,98,24,60,1,18,54
1460,3410,2026-04-15,"Miller, Peterson and Meyers Stadium",65,23,23,10,0,56
1461,9388,2021-05-07,"Hale, Holloway and Key Stadium",9,16,118,0,14,25
1462,2832,2025-11-25,Edwards-Barr Stadium,9,17,75,1,12,36
1463,947,2022-01-27,"Rocha, Gilbert and Carr Stadium",43,23,105,11,24,43
1464,7221,2021-09-16,"Stevenson, Rhodes and Shepard Stadium",127,15,94,1,28,28
1465,6648,2025-06-17,"Matthews, Burns and Garza Stadium",6,2,20,3,0,62
1466,8483,2025-07-13,Page PLC Stadium,5,6,139,13,12,7
1467,2535,2022-07-13,"Travis, Miles and Sandoval Stadium",109,20,160,12,12,40
1468,2086,2025-08-15,Evans Inc Stadium,128,26,9,4,24,73
1469,7477,2022-01-24,"Larsen, Mclaughlin and White Stadium",31,19,122,8,0,68
1470,303,2022-09-09,"Vazquez, Clay and Acevedo Stadium",106,0,187,12,12,70
1471,1589,2025-12-17,Fry-Jones Stadium,140,25,109,9,7,36
1472,5340,2022-06-04,Campbell Group Stadium,69,6,125,8,14,75
1473,4846,2024-10-22,Jackson Inc Stadium,7,30,97,8,3,5
1474,7225,2020-03-22,Young-Barnes Stadium,10,20,101,15,28,53
1475,1997,2020-11-10,Brown Inc Stadium,72,11,5,15,18,12
1476,3924,2024-02-21,"Wang, Roberts and King Stadium",147,25,75,14,24,27
1477,7156,2023-04-22,Santiago Group Stadium,78,20,135,2,7,9
1478,1988,2025-01-09,"Marquez, Rich and Rogers Stadium",110,14,57,9,6,51
1479,6312,2023-10-14,Fisher-Carrillo Stadium,24,1,92,5,18,61
1480,413,2021-02-23,Miller LLC Stadium,63,30,196,12,21,65
1481,9586,2021-09-08,Rivera-Taylor Stadium,1,5,66,6,17,13
1482,7692,2022-07-09,Jones-Mclean Stadium,131,23,0,0,6,6
1483,1080,2021-03-26,Brennan-Roberts Stadium,132,27,82,15,12,55
1484,4230,2023-04-16,"Fernandez, Stone and Vargas Stadium",99,5,29,0,0,31
1485,663,2024-10-25,Flynn-Moore Stadium,1,22,73,2,17,37
1486,2712,2021-06-17,Martin-Lin Stadium,99,3,110,12,24,15
1487,9852,2025-12-23,"Lopez, Bass and Williams Stadium",99,3,150,7,7,48
1488,5646,2025-05-16,"Johnson, Brooks and Crawford Stadium",81,20,95,12,12,52
1489,9265,2024-04-10,Berry-Petty Stadium,84,4,109,0,3,45
1490,8366,2020-05-19,"Ramos, Holmes and Taylor Stadium",-1,23,100,4,7,50
1491,2650,2025-08-10,Herrera PLC Stadium,117,16,34,8,21,66
1492,3937,2022-01-21,"Rodriguez, Estes and Galloway Stadium",15,18,96,5,7,71
1493,4457,2022-06-22,Kline Group Stadium,35,28,7,14,7,46
1494,1324,2022-06-28,Barker and Sons Stadium,58,17,37,10,12,2
1495,3366,2021-04-09,"Henry, Torres and Adams Stadium",24,26,157,8,21,37
1496,6438,2024-12-22,Bautista-Berry Stadium,46,13,150,3,18,59
1497,7030,2024-01-11,Phillips and Sons Stadium,68,25,162,2,3,36
1498,5992,2026-04-09,Schwartz Group Stadium,90,20,126,4,6,30
1499,8184,2025-01-13,Donaldson LLC Stadium,144,27,94,9,12,26
1500,9430,2024-06-12,Kent Ltd Stadium,146,8,123,3,12,77
1501,2121,2023-05-03,Scott Group Stadium,79,10,125,12,0,39
1502,5488,2021-08-10,Wallace-Johnson Stadium,81,26,60,12,12,29
1503,3882,2025-08-12,Johnson Inc Stadium,147,0,55,0,24,33
1504,6423,2023-01-18,"Gomez, Booker and Knight Stadium",54,27,47,9,0,15
1505,2282,2025-12-18,Ayala-Moore Stadium,57,24,46,11,12,1
1506,2394,2025-07-04,Hubbard LLC Stadium,128,1,9,5,17,63
1507,7691,2020-10-14,Tapia Inc Stadium,131,2,3,9,6,73
1508,5096,2023-07-13,Johnson LLC Stadium,90,2,28,1,12,7
1509,6091,2020-10-13,"Smith, Carney and Rodriguez Stadium",131,0,95,14,7,68
1510,7076,2025-04-15,King and Sons Stadium,115,26,139,12,21,5
1511,6870,2024-07-08,Little-Lopez Stadium,135,18,103,11,6,71
1512,5509,2024-02-28,"Cantu, Singleton and Mitchell Stadium",10,1,174,4,21,1
1513,2206,2023-09-20,"Martin, Brown and Obrien Stadium",25,23,23,3,21,76
1514,1335,2021-04-12,Robinson LLC Stadium,90,23,20,4,18,36
1515,3092,2020-08-02,Sullivan Inc Stadium,9,0,184,2,21,58
1516,2467,2021-07-19,Zimmerman and Sons Stadium,-1,24,19,6,18,70
1517,4249,2024-08-28,"Sosa, Becker and Henry Stadium",22,28,48,10,24,32
1518,2439,2022-07-30,Boone Ltd Stadium,76,21,61,9,0,53
1519,6418,2025-07-02,"Monroe, Snyder and Robbins Stadium",149,20,195,9,12,78
1520,95,2021-08-22,"Carlson, Wagner and Wright Stadium",1,12,153,5,0,19
1521,2298,2020-11-11,Wright-Lowery Stadium,134,9,66,6,24,47
1522,2992,2021-08-07,James-Cook Stadium,62,16,103,14,17,5
1523,4318,2023-11-21,Palmer PLC Stadium,-2,7,76,5,7,46
1524,6133,2023-05-10,Murphy-Miller Stadium,122,14,79,4,3,13
1525,1238,2020-05-03,Brown-Jacobs Stadium,33,25,19,10,17,3
1526,1042,2020-05-21,Vargas-Mays Stadium,86,30,138,5,21,4
1527,7201,2021-10-28,Baker-Mitchell Stadium,139,27,88,10,17,60
1528,4270,2021-06-02,Stein-Francis Stadium,57,11,72,7,12,79
1529,4011,2024-10-23,"Bonilla, Whitney and Cox Stadium",115,26,1,12,6,3
1530,4073,2022-08-27,Tucker Group Stadium,87,7,185,2,21,38
1531,2451,2021-07-07,Gill-Martin Stadium,96,16,38,14,21,6
1532,8164,2022-06-18,Nelson-Finley Stadium,47,19,79,8,21,29
1533,766,2023-02-18,Luna-Lopez Stadium,-5,2,172,2,18,24
1534,935,2025-12-05,Sullivan-Clayton Stadium,84,12,20,2,14,75
1535,7357,2023-11-30,Parker LLC Stadium,50,28,104,7,17,16
1536,1959,2024-05-15,Rogers-Hill Stadium,92,6,200,9,6,36
1537,6626,2025-04-24,"Jackson, Hines and Richards Stadium",101,26,176,3,3,43
1538,4909,2021-03-10,Hawkins-Roberts Stadium,15,4,45,14,12,62
1539,1936,2020-02-10,Barrett-Russo Stadium,17,2,104,14,7,16
1540,1827,2023-09-26,"Martin, Cunningham and Carter Stadium",46,28,139,12,7,37
1541,2264,2022-09-24,Pratt PLC Stadium,148,9,188,3,12,53
1542,2702,2026-02-06,Lindsey-Chandler Stadium,14,24,78,1,3,60
1543,7873,2024-05-05,Marquez PLC Stadium,107,22,113,5,0,68
1544,1631,2020-11-28,"Reynolds, Fox and Beasley Stadium",134,0,157,10,12,20
1545,6051,2023-09-25,"Jones, Page and James Stadium",73,12,179,7,12,60
1546,7359,2021-12-07,Martinez and Sons Stadium,121,1,159,13,14,55
1547,5274,2022-06-21,Wright-Clark Stadium,65,16,197,6,3,6
1548,9600,2021-07-05,"Wood, Miller and Gross Stadium",88,7,64,7,21,27
1549,7248,2024-05-20,Aguilar-Bowman Stadium,95,24,153,14,0,67
1550,189,2026-04-11,Valencia Ltd Stadium,87,5,199,8,12,77
1551,8636,2020-06-08,"Odom, Miller and Smith Stadium",9,7,26,8,24,69
1552,836,2021-09-06,Little-Hooper Stadium,143,7,175,10,7,38
1553,1337,2024-05-30,Powers Inc Stadium,67,14,32,15,12,52
1554,7697,2022-08-25,"Leonard, Donaldson and Tran Stadium",138,9,93,12,18,20
1555,6003,2025-06-21,Bell-Kramer Stadium,16,23,199,4,6,77
1556,8362,2021-06-12,Reed-Holt Stadium,87,3,42,2,24,7
1557,3214,2021-01-08,Rivera-Green Stadium,86,5,77,3,0,8
1558,4133,2024-06-24,Hutchinson Ltd Stadium,7,13,74,4,17,76
1559,6720,2023-03-09,Graham LLC Stadium,58,21,41,12,24,4
1560,7314,2025-12-04,Reed Ltd Stadium,125,3,162,3,28,39
1561,8959,2024-08-19,"Mitchell, Bishop and Lewis Stadium",29,14,45,14,7,69
1562,5394,2021-10-06,Sanchez-Aguilar Stadium,37,16,188,4,0,60
1563,6675,2020-12-02,Hoffman LLC Stadium,148,5,114,3,21,65
1564,1451,2021-08-15,"Stewart, Miranda and Lucero Stadium",70,30,187,14,3,7
1565,149,2020-01-19,Bray-Villanueva Stadium,72,16,106,15,21,65
1566,5322,2024-04-20,Rodriguez-Christian Stadium,23,12,97,11,21,27
1567,910,2022-05-10,Miller Ltd Stadium,26,7,3,10,18,14
1568,7490,2021-03-26,"Strong, Gregory and Young Stadium",22,15,163,5,7,24
1569,6161,2024-11-08,"Miller, Serrano and Hodges Stadium",34,13,133,10,7,70
1570,5623,2022-04-14,"Sexton, Hoffman and Gonzales Stadium",61,9,177,3,24,78
1571,8588,2021-12-08,Walters-Copeland Stadium,146,25,59,9,28,25
1572,1292,2026-04-25,"Morgan, Johnson and Gould Stadium",137,17,39,5,0,65
1573,7498,2023-04-10,Carson Ltd Stadium,134,17,89,8,0,8
1574,5967,2024-03-12,Holloway-Taylor Stadium,98,20,128,14,6,57
1575,5372,2026-03-08,Carlson-Monroe Stadium,106,21,74,8,18,35
1576,8655,2023-12-13,Jones-Villegas Stadium,115,4,101,10,21,77
1577,9090,2023-09-21,Ortiz-Cain Stadium,31,9,161,3,6,25
1578,6179,2024-12-23,Herrera LLC Stadium,87,6,188,6,12,72
1579,7663,2025-04-20,Palmer Ltd Stadium,84,24,54,14,24,5
1580,7440,2021-08-18,"Davis, Hall and Wells Stadium",139,5,15,11,3,33
1581,7681,2024-07-10,"Pierce, Perry and Gill Stadium",37,27,50,15,12,52
1582,5522,2023-03-06,Simpson-Green Stadium,143,15,85,9,0,63
1583,7242,2024-07-14,Watkins and Sons Stadium,62,19,89,3,7,57
1584,4002,2020-06-09,Long-Walton Stadium,4,23,107,14,28,65
1585,1901,2022-12-18,"Austin, Morris and Wolfe Stadium",60,0,25,1,14,5
1586,9010,2025-08-20,Li Inc Stadium,143,20,72,10,18,6
1587,3686,2026-02-27,"Henderson, Butler and Mcclain Stadium",85,19,148,5,0,24
1588,9197,2022-01-03,Reese-Davis Stadium,43,22,1,8,3,76
1589,6577,2023-10-08,Taylor Inc Stadium,110,25,189,14,3,33
1590,9984,2025-07-31,"Johnston, Butler and Anderson Stadium",90,5,94,6,24,15
1591,4604,2021-01-15,Macdonald-Brown Stadium,-2,13,39,0,21,21
1592,6751,2022-09-10,"Kennedy, Clay and Flowers Stadium",82,21,18,3,3,2
1593,7463,2023-09-04,Gonzales-Daniels Stadium,124,5,50,9,24,63
1594,8325,2025-04-30,"Baxter, Hammond and Walker Stadium",104,22,81,9,28,62
1595,8737,2023-12-26,Dunlap Group Stadium,104,0,75,3,3,15
1596,327,2024-11-13,Mcclain PLC Stadium,102,12,153,15,7,62
1597,8676,2024-06-09,"Baker, Jackson and Diaz Stadium",137,5,106,8,24,66
1598,3206,2021-09-19,Johnson-Mckee Stadium,94,5,172,10,21,73
1599,7860,2024-04-17,"Small, Jones and Davila Stadium",90,0,126,4,0,3
1600,8871,2023-09-23,"Sutton, Patel and Peterson Stadium",73,21,67,10,24,37
1601,381,2025-05-18,Webb PLC Stadium,102,1,68,11,18,14
1602,3749,2022-07-04,Mclean-Williams Stadium,91,1,109,6,17,53
1603,5515,2024-02-26,Turner-Green Stadium,8,4,138,3,6,11
1604,4965,2023-04-27,Collins LLC Stadium,128,18,148,14,7,62
1605,7239,2024-01-18,Osborne LLC Stadium,55,11,99,11,17,19
1606,2905,2024-02-10,"Randall, Thomas and Smith Stadium",11,12,56,15,14,26
1607,4199,2025-02-17,Campbell-Hall Stadium,114,19,107,9,24,41
1608,5334,2021-01-04,Mclean-Burton Stadium,146,26,81,1,24,27
1609,6768,2021-07-17,Powell-Martin Stadium,47,1,29,0,14,17
1610,8659,2026-01-28,Allen-Sherman Stadium,39,27,85,11,18,24
1611,7755,2024-09-19,Davis-Morgan Stadium,136,26,9,5,0,56
1612,7189,2024-11-11,"Hopkins, Meyer and Jones Stadium",37,0,5,9,18,14
1613,75,2023-10-19,Dixon Group Stadium,13,21,74,14,14,71
1614,553,2023-08-07,Williams-Ayala Stadium,132,22,150,15,24,51
1615,8997,2024-11-16,Trujillo Inc Stadium,22,22,177,12,17,56
1616,6523,2025-07-03,Henry Inc Stadium,140,29,139,11,12,15
1617,2109,2026-03-22,Pruitt and Sons Stadium,15,16,39,0,28,62
1618,2715,2023-01-16,"Frazier, Mahoney and Alexander Stadium",86,7,57,2,0,16
1619,4563,2022-08-29,"Smith, Whitney and Taylor Stadium",33,26,178,9,18,6
1620,5516,2022-10-01,Lamb PLC Stadium,128,0,146,2,28,73
1621,9586,2023-03-05,James and Sons Stadium,44,7,30,15,0,2
1622,7320,2025-03-01,Davis-West Stadium,73,25,72,15,3,55
1623,4082,2025-05-07,"Clark, Robbins and Brooks Stadium",37,24,191,9,28,65
1624,9938,2022-08-28,Johnson-Oneal Stadium,74,27,63,2,12,28
1625,72,2023-02-27,Burgess-Perkins Stadium,140,28,122,15,7,35
1626,4824,2026-02-22,Hines Ltd Stadium,134,24,49,5,7,72
1627,4261,2020-07-07,Bell-James Stadium,95,20,184,7,24,13
1628,500,2023-11-29,Harvey LLC Stadium,136,26,100,11,12,70
1629,4669,2023-10-10,Barnes and Sons Stadium,126,0,57,10,3,53
1630,3520,2020-09-02,Murray-Hanna Stadium,48,16,122,11,6,6
1631,6090,2022-08-20,Davis-Thompson Stadium,71,9,70,11,28,1
1632,4214,2023-10-05,Franklin-Rogers Stadium,118,20,106,0,7,16
1633,2529,2022-10-07,"Baker, Brown and Lucas Stadium",67,19,141,6,24,4
1634,18,2020-12-26,Stevens Inc Stadium,5,29,96,4,14,60
1635,8753,2022-04-24,"Jenkins, Richards and Rose Stadium",46,12,133,5,6,8
1636,2034,2021-02-12,Jackson Inc Stadium,53,6,153,7,28,50
1637,6030,2023-09-29,Durham LLC Stadium,129,13,158,14,3,61
1638,5485,2024-10-03,Smith-Benson Stadium,46,24,80,10,0,75
1639,8174,2022-11-20,Barber Group Stadium,27,12,158,4,17,32
1640,1361,2023-10-11,"Hall, Horton and Morris Stadium",75,20,62,6,14,48
1641,8648,2023-03-28,Thompson-Dickson Stadium,53,0,118,15,24,37
1642,8673,2024-10-27,"Rojas, Hart and Turner Stadium",44,3,2,6,14,21
1643,2699,2021-09-10,Smith PLC Stadium,81,5,175,14,21,71
1644,159,2025-12-03,Harris Ltd Stadium,14,20,2,11,28,22
1645,5769,2026-01-08,Jones PLC Stadium,33,20,4,13,18,75
1646,3399,2025-01-27,"Reynolds, Wheeler and Hernandez Stadium",90,9,25,12,14,54
1647,639,2026-04-17,"Miller, Mejia and Wells Stadium",101,1,43,3,3,31
1648,7416,2025-04-27,Bell Inc Stadium,24,5,104,4,0,33
1649,3659,2023-06-20,Villegas LLC Stadium,83,13,83,8,14,51
1650,5043,2024-03-25,Sanders Group Stadium,-1,21,148,1,14,39
1651,8025,2020-05-16,Bentley Inc Stadium,80,26,157,14,7,30
1652,8482,2024-11-30,"Oliver, Marks and Neal Stadium",80,11,170,3,6,79
1653,3003,2025-07-10,"Williams, Garcia and Juarez Stadium",146,14,160,13,14,61
1654,73,2022-02-21,Stewart-Kennedy Stadium,33,16,182,2,7,75
1655,9979,2021-04-07,"Kim, Baird and Anderson Stadium",118,11,96,9,0,17
1656,7859,2024-03-15,Howard-Jones Stadium,10,1,13,5,14,37
1657,6477,2021-11-12,"Osborne, Richardson and Young Stadium",47,28,31,13,21,26
1658,3063,2021-02-17,"Crawford, Gardner and Ward Stadium",41,4,39,8,28,42
1659,6926,2021-11-28,"Morgan, Rivera and Owens Stadium",30,14,150,2,6,37
1660,2511,2024-01-30,Wright Group Stadium,135,16,132,8,18,69
1661,4425,2023-01-29,Jimenez and Sons Stadium,139,5,98,9,6,56
1662,6990,2020-03-04,Thomas and Sons Stadium,58,25,105,14,12,27
1663,843,2024-02-11,Bennett-Powell Stadium,90,20,200,0,17,43
1664,4581,2023-06-03,Brown and Sons Stadium,115,2,132,0,3,27
1665,2174,2021-01-27,"Miller, Davis and Wright Stadium",94,20,112,6,3,24
1666,9363,2025-08-15,Hernandez-Hernandez Stadium,130,29,41,1,12,3
1667,3578,2021-04-09,Brown Inc Stadium,0,21,118,2,21,8
1668,3058,2025-05-10,Sanders-Smith Stadium,136,4,198,15,14,38
1669,1592,2023-07-14,Weaver PLC Stadium,61,2,33,7,24,57
1670,1860,2022-10-20,"Ponce, Jackson and Terry Stadium",86,11,36,12,28,39
1671,7390,2023-01-30,Green Inc Stadium,48,29,121,11,0,54
1672,9972,2023-01-24,Russell-Chapman Stadium,118,30,198,4,14,4
1673,4247,2024-10-21,Kent-Gibbs Stadium,13,19,135,5,18,61
1674,5200,2024-02-08,Mckay Ltd Stadium,120,9,198,0,21,50
1675,3461,2022-03-01,Jordan-Nunez Stadium,136,28,32,11,28,5
1676,815,2025-04-15,"Reese, Riley and Joyce Stadium",76,5,122,11,17,68
1677,2065,2024-02-26,Ross Inc Stadium,45,11,169,4,17,13
1678,5933,2025-04-14,Stevens-White Stadium,138,15,73,5,6,61
1679,9437,2020-06-06,"Kelly, Jones and Adams Stadium",55,12,29,3,17,30
1680,5153,2025-01-05,Smith Inc Stadium,16,22,98,2,0,22
1681,9645,2024-02-03,"Bell, Acevedo and Collins Stadium",133,1,28,10,21,52
1682,2832,2023-06-08,Daniels Ltd Stadium,14,10,80,9,7,22
1683,6936,2026-02-23,"Brock, Conner and Powell Stadium",123,28,198,0,21,61
1684,2569,2021-04-01,Small-Nguyen Stadium,56,6,134,13,12,22
1685,4806,2025-11-21,Rangel-Leonard Stadium,3,1,119,10,28,57
1686,9445,2021-09-25,Jones-Obrien Stadium,116,28,100,3,18,28
1687,2556,2025-01-17,Ellis-Thompson Stadium,25,4,150,9,12,23
1688,8276,2024-05-07,Allison-Osborne Stadium,4,24,149,8,17,33
1689,9533,2023-06-04,"Wilkins, Ferguson and Jimenez Stadium",63,13,137,2,17,23
1690,6656,2024-10-09,Moore-Atkins Stadium,139,5,46,1,28,28
1691,4672,2021-11-10,"Andrews, Gonzales and Fox Stadium",130,1,30,12,14,78
1692,5524,2021-08-26,"Washington, Velazquez and Cowan Stadium",102,23,176,13,18,59
1693,5505,2021-06-13,Hernandez-Smith Stadium,36,5,6,6,14,61
1694,7405,2021-07-25,Mayer-Wagner Stadium,121,0,21,13,6,48
1695,6680,2025-12-29,Smith Ltd Stadium,41,4,71,12,7,58
1696,2749,2020-06-27,"Rodriguez, Owens and Cantrell Stadium",33,12,99,10,6,40
1697,2903,2025-07-19,Bennett Ltd Stadium,85,7,131,8,28,60
1698,9816,2021-02-22,Ross-Murillo Stadium,44,25,97,9,7,6
1699,5864,2024-09-24,Green and Sons Stadium,143,23,31,7,7,42
1700,7860,2020-06-26,Smith PLC Stadium,109,6,175,7,17,20
1701,9192,2025-09-16,Harrell Ltd Stadium,148,6,183,15,18,21
1702,1537,2020-02-29,Jackson-Chambers Stadium,36,22,46,10,0,65
1703,4985,2023-10-21,Lopez-Robinson Stadium,44,8,120,13,0,49
1704,9959,2024-08-10,"Snyder, Hart and Brown Stadium",65,2,80,4,28,37
1705,7773,2024-01-26,Marshall-Greer Stadium,60,23,182,6,28,28
1706,8316,2024-05-20,James Group Stadium,35,27,50,6,28,5
1707,9360,2022-04-01,Cruz-Nguyen Stadium,67,18,30,8,12,34
1708,7532,2026-03-09,Williams-Wolfe Stadium,90,10,43,10,3,9
1709,4535,2020-12-02,Lee-Roth Stadium,23,28,169,10,3,50
1710,6112,2022-02-25,Rosario Group Stadium,3,0,42,15,17,35
1711,9547,2026-03-24,Martin Inc Stadium,46,20,65,1,7,79
1712,3797,2025-03-24,Park-Williams Stadium,101,10,100,4,21,76
1713,8687,2025-11-28,Conley-Morrison Stadium,-1,30,135,14,21,51
1714,155,2026-01-13,Zamora LLC Stadium,124,15,89,12,3,64
1715,6830,2021-04-05,Taylor LLC Stadium,144,9,98,13,3,34
1716,8949,2025-09-29,Bennett-Wilson Stadium,18,3,192,11,21,39
1717,5114,2024-05-21,Williams LLC Stadium,130,5,62,15,28,79
1718,8521,2022-10-25,Hunter PLC Stadium,58,3,36,12,0,48
1719,8097,2020-02-06,Burke PLC Stadium,68,2,189,13,14,24
1720,4677,2025-07-15,Howard-Brown Stadium,25,24,37,12,24,77
1721,253,2020-10-16,Mercado Inc Stadium,14,20,10,3,12,32
1722,2405,2020-02-25,"Santiago, Martin and Paul Stadium",44,16,114,12,21,23
1723,9297,2021-12-20,Washington-Young Stadium,135,16,0,5,28,55
1724,6340,2023-04-01,"Castro, Davis and Martinez Stadium",2,2,126,12,28,42
1725,1214,2024-07-23,Wheeler-Scott Stadium,18,6,63,3,0,21
1726,524,2024-03-12,Barker-Dennis Stadium,129,9,102,7,7,80
1727,4654,2023-02-08,Cabrera-Carter Stadium,82,28,17,10,14,37
1728,9314,2023-10-24,Estes Ltd Stadium,124,4,53,12,3,49
1729,8672,2022-04-10,Clark Ltd Stadium,27,7,19,10,3,21
1730,5265,2025-02-18,Ware PLC Stadium,110,9,99,1,17,17
1731,5547,2024-03-25,Blair and Sons Stadium,18,11,49,12,24,41
1732,8250,2023-01-23,"Brady, Diaz and Church Stadium",48,12,123,11,3,22
1733,1606,2024-04-06,Reynolds and Sons Stadium,60,20,118,2,0,71
1734,63,2024-03-14,"Chapman, Peterson and Mejia Stadium",77,5,38,0,14,55
1735,3151,2025-04-24,"Gonzalez, Leon and Lopez Stadium",14,25,23,11,21,33
1736,8361,2021-02-12,Johnston-Green Stadium,149,24,119,7,21,3
1737,9694,2021-09-22,"Barnes, Gallegos and Burch Stadium",106,23,67,5,0,34
1738,140,2023-05-25,Schwartz LLC Stadium,82,10,9,12,21,5
1739,230,2026-03-20,Patterson and Sons Stadium,85,2,156,4,12,16
1740,5593,2025-03-04,Weber Inc Stadium,97,18,31,11,3,73
1741,7349,2024-02-16,Hart Ltd Stadium,95,8,123,1,28,45
1742,1788,2023-08-14,"Wood, Pacheco and Lee Stadium",59,2,42,15,24,56
1743,1762,2020-01-16,Powell-Garcia Stadium,108,16,146,8,28,80
1744,3071,2020-09-09,Baker LLC Stadium,118,30,106,6,12,36
1745,5147,2024-12-19,Jackson-Palmer Stadium,65,1,41,15,18,59
1746,1103,2020-11-06,Powell LLC Stadium,39,20,127,12,28,39
1747,7923,2022-12-05,Miller-Singh Stadium,38,17,131,7,18,28
1748,4840,2022-07-23,"Hernandez, Rivera and Robinson Stadium",15,14,188,3,0,50
1749,8926,2021-06-11,"Brown, Harrington and Giles Stadium",37,22,174,5,17,74
1750,1206,2022-01-22,"Wilkinson, Thornton and Cross Stadium",28,27,20,4,12,46
1751,9926,2022-05-03,Mendoza-Palmer Stadium,132,22,176,5,18,50
1752,8037,2024-10-22,"Murillo, Jones and Underwood Stadium",100,17,134,0,7,25
1753,8141,2025-04-13,Gonzalez-Peters Stadium,129,18,102,5,3,67
1754,7127,2023-02-27,"Robertson, Brown and Johnson Stadium",54,8,93,9,24,2
1755,7666,2025-12-18,"Garcia, Jones and Thornton Stadium",44,8,70,13,3,71
1756,9709,2021-05-14,Marshall Ltd Stadium,125,30,80,3,6,28
1757,2603,2024-07-28,Reed Ltd Stadium,39,4,130,0,18,53
1758,9625,2022-02-10,"Bright, Estrada and Jordan Stadium",22,26,174,15,14,60
1759,7781,2021-12-10,"Gardner, Scott and Clark Stadium",78,6,14,13,21,6
1760,8723,2020-11-26,"Cole, Oneill and Jones Stadium",66,30,111,3,18,69
1761,3696,2022-05-16,Knight PLC Stadium,50,26,36,6,17,27
1762,6582,2021-03-25,"Conner, Wells and House Stadium",102,17,103,11,0,75
1763,9636,2020-08-29,"Young, Robinson and Howard Stadium",25,22,138,2,28,14
1764,6299,2022-01-31,Mcgrath-Tyler Stadium,20,8,200,10,28,34
1765,2369,2020-06-13,"Robinson, Rodriguez and Brown Stadium",119,9,96,7,14,51
1766,9495,2021-12-20,"Brown, Berger and Burgess Stadium",4,11,191,5,24,73
1767,6776,2021-02-05,"Jones, Reyes and Farmer Stadium",2,1,6,8,18,42
1768,8498,2025-05-29,Howard PLC Stadium,25,20,108,5,17,61
1769,9222,2023-07-06,"Wilson, Valdez and Arnold Stadium",33,5,34,9,18,40
1770,3337,2025-11-03,Simmons-Green Stadium,33,27,6,11,14,16
1771,9443,2022-07-30,"Larsen, Hall and Cooke Stadium",27,29,77,8,21,57
1772,2688,2021-08-08,"Hawkins, Weeks and Hall Stadium",0,21,85,15,18,37
1773,9491,2023-10-03,"Mitchell, Wolf and Moreno Stadium",119,11,139,13,0,27
1774,2463,2021-09-14,Rowe-Johns Stadium,39,3,77,0,3,42
1775,8133,2023-03-24,Baxter-Vargas Stadium,117,23,88,6,6,38
1776,6539,2020-12-25,Vargas-Lopez Stadium,126,23,74,8,12,8
1777,6933,2023-12-21,Carpenter-Sampson Stadium,111,4,193,9,3,24
1778,8778,2020-06-09,Russell-Campos Stadium,82,2,96,9,14,62
1779,303,2022-03-08,Frank Group Stadium,102,2,99,9,18,70
1780,8127,2023-12-18,Ramirez Ltd Stadium,91,15,130,7,24,36
1781,6905,2021-02-06,Perry PLC Stadium,-1,12,142,4,28,67
1782,7187,2021-05-12,Riley-Rocha Stadium,25,13,19,3,14,26
1783,8787,2022-06-18,Miller LLC Stadium,49,7,74,0,3,67
1784,971,2021-01-27,Holmes-Ward Stadium,104,23,16,8,21,46
1785,2861,2021-02-08,"Castaneda, Goodwin and Mercado Stadium",56,0,11,9,28,4
1786,2817,2023-12-10,"Carroll, Mclaughlin and Anderson Stadium",101,13,80,3,14,5
1787,7079,2024-10-09,Eaton-Hancock Stadium,34,5,26,9,28,34
1788,9248,2023-05-08,Montgomery-Washington Stadium,70,3,166,9,14,10
1789,9169,2021-04-06,Acosta Ltd Stadium,122,20,105,13,14,25
1790,306,2024-07-09,Knapp Ltd Stadium,25,22,70,15,6,29
1791,5595,2021-03-20,King and Sons Stadium,95,16,121,6,6,6
1792,6025,2025-11-06,Larsen Ltd Stadium,95,25,113,9,6,21
1793,4505,2024-02-28,"Lee, Jacobs and Kennedy Stadium",1,4,93,0,28,40
1794,3228,2021-04-09,Anderson Inc Stadium,54,2,3,2,17,13
1795,5820,2024-07-19,"Jones, Wallace and Turner Stadium",82,2,63,13,7,6
1796,6005,2026-04-27,Nixon Inc Stadium,65,29,145,10,3,46
1797,3158,2020-10-03,Collier PLC Stadium,84,7,192,4,21,65
1798,777,2026-04-12,Davis-Russell Stadium,37,7,171,8,18,64
1799,1098,2021-02-09,Owen and Sons Stadium,106,0,30,13,3,57
1800,136,2022-04-05,"George, Ruiz and Marquez Stadium",44,21,135,3,21,57
1801,6461,2022-10-16,"White, Holland and Mills Stadium",24,2,197,9,0,36
1802,4274,2021-04-27,Costa-Hill Stadium,66,12,194,1,17,80
1803,878,2021-02-10,Hood-Hughes Stadium,144,3,154,10,6,73
1804,913,2025-11-24,Vasquez Ltd Stadium,53,21,167,1,6,19
1805,4393,2025-05-30,Pace Ltd Stadium,74,23,21,5,28,63
1806,5896,2021-04-21,Harris Group Stadium,109,26,170,8,0,74
1807,2146,2022-03-30,Turner-Weaver Stadium,16,18,154,12,7,51
1808,8580,2023-08-31,"Flores, Quinn and Harris Stadium",29,21,2,2,6,49
1809,8925,2020-09-01,Martinez LLC Stadium,37,1,34,2,18,57
1810,3544,2021-09-09,Conway PLC Stadium,57,13,41,0,7,6
1811,9266,2022-09-16,Harrison PLC Stadium,78,12,143,12,18,62
1812,735,2021-08-19,Watson-Smith Stadium,141,8,29,10,18,44
1813,9671,2020-01-28,Molina-Johnson Stadium,39,30,192,7,12,8
1814,9412,2024-12-06,Anderson-Jones Stadium,78,25,146,14,12,42
1815,8415,2025-06-30,Taylor-Williams Stadium,2,5,126,9,28,8
1816,4849,2024-12-11,"Marshall, Baker and Mcdonald Stadium",45,21,106,14,17,80
1817,579,2024-10-20,Franklin-Holt Stadium,17,25,131,7,3,31
1818,5633,2023-05-29,Jones PLC Stadium,43,4,146,0,7,46
1819,252,2022-03-04,Larson-Schwartz Stadium,48,7,129,0,28,47
1820,1232,2020-02-19,"Guzman, Jacobs and Steele Stadium",16,2,189,15,17,11
1821,6354,2026-01-28,"Johnston, Ryan and Hudson Stadium",71,1,98,9,3,60
1822,1731,2020-04-07,Schultz LLC Stadium,105,19,147,7,14,60
1823,3309,2024-02-13,"Warner, Martinez and Russell Stadium",146,29,11,13,3,66
1824,8238,2020-10-04,Fischer Group Stadium,102,15,21,3,3,37
1825,600,2025-06-21,Smith-Randall Stadium,2,24,197,6,6,63
1826,3284,2022-01-15,"Leach, Aguilar and Nichols Stadium",102,29,26,0,28,50
1827,900,2024-01-23,"Murray, Lynn and Williams Stadium",17,28,131,4,24,23
1828,7670,2021-03-31,"Martinez, Warren and Johnson Stadium",41,3,156,5,12,44
1829,5772,2021-01-23,Horton Inc Stadium,91,7,143,2,6,69
1830,2364,2025-01-29,Murray Inc Stadium,20,9,34,3,0,29
1831,9287,2026-04-14,Clark Group Stadium,121,14,106,13,21,73
1832,77,2025-03-31,Myers Ltd Stadium,116,3,45,7,24,8
1833,7233,2024-10-23,Smith-Moore Stadium,136,14,160,9,7,64
1834,2644,2021-12-15,Hill-Sloan Stadium,118,14,49,8,7,37
1835,4865,2024-10-27,White-Brennan Stadium,46,9,144,13,12,22
1836,4650,2025-07-05,Smith-Willis Stadium,90,11,105,2,12,36
1837,7652,2024-06-06,"Price, Bender and Washington Stadium",132,18,89,7,24,28
1838,5801,2025-05-28,Smith-Richards Stadium,23,15,63,11,21,74
1839,7176,2024-07-31,Ray LLC Stadium,89,27,38,3,24,43
1840,8778,2021-02-18,Richard LLC Stadium,109,16,0,9,21,34
1841,8828,2020-12-11,Reyes LLC Stadium,18,6,91,3,7,79
1842,9323,2023-06-17,Webster Inc Stadium,37,15,180,10,0,31
1843,8590,2024-05-07,"Rios, Jones and Hill Stadium",67,28,160,14,12,23
1844,8344,2023-02-19,Hunt PLC Stadium,38,7,10,3,24,42
1845,523,2023-01-13,Oconnor-Rios Stadium,114,1,52,10,28,73
1846,3475,2021-04-01,"Christensen, Henderson and Bailey Stadium",149,26,38,1,18,8
1847,7483,2026-03-06,Nichols-Park Stadium,58,30,165,7,24,76
1848,6826,2026-04-04,Dorsey-Green Stadium,147,14,22,11,3,17
1849,9067,2020-01-09,"Booth, Baker and Zamora Stadium",28,28,140,10,6,61
1850,1575,2021-03-22,Bennett PLC Stadium,104,21,43,13,17,65
1851,9584,2021-12-06,"Miller, Paul and Peters Stadium",15,20,89,0,6,34
1852,1604,2020-12-23,Stanley Group Stadium,92,10,177,4,12,17
1853,6632,2026-04-07,"Mitchell, Montoya and Owen Stadium",108,26,108,0,0,5
1854,9886,2022-08-08,Savage-Reyes Stadium,113,3,24,0,28,7
1855,6382,2021-12-17,Turner-Nicholson Stadium,5,9,116,7,6,31
1856,5473,2022-01-14,"Rice, Gordon and Tucker Stadium",9,19,17,12,18,40
1857,5043,2022-09-12,Willis-Edwards Stadium,117,16,180,3,3,20
1858,2400,2021-01-28,"Clark, Lyons and Castillo Stadium",70,17,117,12,28,4
1859,5168,2022-09-04,"Clark, Randall and Haynes Stadium",94,13,115,3,24,50
1860,274,2025-08-12,Oneill Inc Stadium,41,16,85,15,12,31
1861,2120,2021-02-11,"Jones, Mitchell and Potter Stadium",116,12,106,11,21,62
1862,8198,2022-07-15,Pittman and Sons Stadium,61,6,147,12,24,50
1863,7316,2022-09-09,"Collins, Howell and Jones Stadium",128,8,165,3,21,10
1864,8183,2023-02-02,Santos LLC Stadium,25,28,13,11,3,76
1865,619,2024-12-22,"Smith, Smith and Martinez Stadium",123,14,0,5,12,69
1866,6046,2025-08-08,Smith-Johnson Stadium,23,10,5,0,21,34
1867,5417,2022-03-17,"Logan, Maxwell and Mueller Stadium",105,7,158,5,24,8
1868,4875,2020-07-14,White-Hart Stadium,95,22,45,7,18,72
1869,9630,2024-11-02,Campos-Davis Stadium,18,17,157,0,28,76
1870,2915,2021-08-19,"Porter, Massey and Johnson Stadium",88,26,20,3,7,70
1871,9,2022-09-09,Ho-Lawrence Stadium,58,15,37,1,6,32
1872,9479,2021-04-06,"Fox, Blankenship and Dennis Stadium",123,1,130,1,21,25
1873,6037,2023-05-18,"Welch, Lee and Martin Stadium",11,27,2,8,28,5
1874,9499,2021-03-11,Soto-Williams Stadium,65,13,166,0,24,53
1875,6563,2023-04-14,Williams-Garrison Stadium,100,19,111,2,14,65
1876,89,2025-12-31,Cook-Luna Stadium,-1,15,111,12,17,65
1877,7681,2021-08-31,Butler-Malone Stadium,56,12,113,15,14,34
1878,5036,2023-12-17,"Mitchell, Hernandez and Hoffman Stadium",41,29,100,5,24,62
1879,4700,2022-07-30,"Lawson, Robinson and Kelly Stadium",1,24,15,6,7,65
1880,6104,2024-11-27,Kim Inc Stadium,150,13,115,7,6,68
1881,3341,2025-07-25,Soto and Sons Stadium,99,13,38,9,18,77
1882,8270,2022-04-27,"May, Jackson and Webster Stadium",105,19,10,11,0,15
1883,9581,2020-10-08,Melendez-Simmons Stadium,20,10,50,8,0,70
1884,1647,2026-01-21,"Wood, Rivera and Winters Stadium",74,30,79,5,14,3
1885,3507,2025-08-03,Gill Ltd Stadium,-1,19,122,15,6,29
1886,4412,2020-09-09,Thornton and Sons Stadium,136,14,64,5,18,77
1887,3366,2023-03-25,Jones-Franklin Stadium,148,13,161,2,0,73
1888,8711,2022-07-10,"Schultz, Jones and Hodges Stadium",16,24,171,12,0,18
1889,9772,2022-10-20,Johnson-Mason Stadium,74,22,115,13,18,75
1890,1405,2023-03-06,Lee PLC Stadium,146,2,142,0,21,18
1891,8564,2026-02-19,Francis-Bowman Stadium,9,14,123,12,7,15
1892,5822,2020-02-13,Morales PLC Stadium,49,12,67,13,24,37
1893,2884,2022-03-21,Martinez LLC Stadium,103,11,189,3,18,76
1894,5917,2021-04-18,Shepherd-Hunter Stadium,118,25,25,10,24,7
1895,2727,2021-01-04,Payne LLC Stadium,4,17,33,0,14,48
1896,8250,2020-10-20,Brown-Brown Stadium,111,13,11,8,7,25
1897,238,2022-11-25,"Lewis, Anderson and Valencia Stadium",96,12,50,15,28,77
1898,1120,2021-05-07,Norman-Curry Stadium,19,27,169,2,0,6
1899,1002,2020-01-31,"Kirk, Andrews and Strickland Stadium",113,28,138,11,21,11
1900,9784,2020-05-23,Smith-Allen Stadium,117,14,146,15,21,23
1901,4500,2024-02-11,Lewis-Becker Stadium,89,29,48,0,18,41
1902,4070,2024-06-23,"Jackson, Jackson and Torres Stadium",1,12,176,0,18,27
1903,3152,2021-03-11,"Bell, Graves and Harris Stadium",150,27,107,12,14,17
1904,1508,2021-11-07,Rodriguez LLC Stadium,25,13,179,10,3,43
1905,457,2022-08-26,"Chase, Barnes and Simpson Stadium",37,29,184,5,24,52
1906,1862,2020-07-29,Solis-Good Stadium,145,3,32,3,28,61
1907,2453,2022-11-26,Morris-Diaz Stadium,30,8,118,1,0,68
1908,1197,2024-07-20,Hall Ltd Stadium,64,8,57,13,3,13
1909,2173,2022-08-18,"Wilson, Washington and Gray Stadium",18,28,159,1,24,63
1910,1611,2021-12-11,Johnston-Branch Stadium,44,13,189,9,14,36
1911,7130,2022-12-09,"Rivas, Gross and Lowery Stadium",96,18,125,12,3,28
1912,443,2024-08-27,Cruz-Huff Stadium,47,21,198,10,24,53
1913,4772,2024-03-30,"Kelly, Price and Cox Stadium",128,30,194,7,3,29
1914,5978,2022-04-09,Cole-Moses Stadium,34,22,144,12,24,66
1915,6444,2020-09-26,"Simmons, Morgan and Carter Stadium",48,23,26,2,12,44
1916,116,2025-02-03,"Rogers, Hernandez and Nelson Stadium",115,12,15,7,21,37
1917,2814,2024-04-08,Walton-Roberts Stadium,85,11,97,13,0,64
1918,4586,2026-04-23,Baker PLC Stadium,67,22,186,6,0,8
1919,2372,2022-07-24,Jones-Wood Stadium,4,27,7,13,18,27
1920,7553,2021-02-01,Simpson-Rodriguez Stadium,49,23,167,0,0,2
1921,3642,2024-12-29,Fitzgerald-Gross Stadium,59,24,80,1,14,11
1922,3190,2022-03-24,"Davis, Wise and Mendoza Stadium",91,10,136,8,0,41
1923,3200,2021-03-04,Anderson-Gay Stadium,7,16,148,11,3,41
1924,321,2024-08-11,"Wilson, Stevenson and Keller Stadium",32,9,25,12,6,64
1925,2460,2025-03-20,"Hess, Nichols and Wallace Stadium",-3,4,42,4,0,52
1926,8293,2020-05-23,Evans-Armstrong Stadium,101,23,16,3,21,41
1927,2725,2024-04-22,Williams-Hubbard Stadium,130,28,151,9,7,39
1928,3123,2025-05-15,"Cline, Salazar and Reed Stadium",120,10,30,11,6,37
1929,5406,2022-03-22,Taylor-Mcguire Stadium,71,0,68,12,24,51
1930,218,2023-01-15,Garcia Group Stadium,100,6,158,9,0,79
1931,5241,2022-06-05,"Nunez, Mills and Knapp Stadium",87,15,84,1,17,14
1932,890,2022-03-23,"Gomez, Cole and Simmons Stadium",41,18,57,10,12,47
1933,4424,2023-05-01,Dillon and Sons Stadium,111,20,44,11,14,50
1934,6454,2023-01-23,Sullivan and Sons Stadium,68,4,124,15,17,5
1935,1475,2026-02-02,Stewart-Patel Stadium,145,9,125,12,28,28
1936,1595,2024-01-05,Douglas and Sons Stadium,124,10,85,9,21,22
1937,2468,2022-05-01,Navarro LLC Stadium,43,20,139,2,7,12
1938,9834,2024-07-17,Davis-Brown Stadium,62,29,1,5,17,43
1939,5800,2024-05-17,"Evans, Harper and Thomas Stadium",25,6,77,1,18,17
1940,4387,2020-12-07,Johnson Group Stadium,48,12,155,10,6,31
1941,2392,2020-05-13,"Campbell, Erickson and Ortiz Stadium",110,28,45,10,14,71
1942,1001,2025-07-21,"Orr, Smith and Boyd Stadium",98,28,33,12,12,52
1943,2628,2020-04-22,Hernandez-Gregory Stadium,99,23,68,9,7,10
1944,9326,2023-03-20,"Spencer, Johnson and Brown Stadium",144,6,43,11,3,11
1945,3259,2022-08-06,"Chen, Webb and Juarez Stadium",44,26,92,2,17,15
1946,7826,2020-11-24,"David, Powell and Elliott Stadium",112,21,62,14,3,67
1947,6541,2025-10-27,"Kline, Fry and Lucas Stadium",121,15,132,7,12,8
1948,6637,2021-11-23,"Torres, Wilkerson and Watkins Stadium",118,26,40,3,24,67
1949,9614,2022-10-17,"Johnson, Marshall and Rodriguez Stadium",110,21,101,3,21,17
1950,6497,2021-07-09,"Walters, Cooper and Riley Stadium",89,14,75,8,17,5
1951,4812,2024-10-13,Lynn-Rodriguez Stadium,138,13,83,6,28,22
1952,125,2021-02-19,Trevino-Steele Stadium,81,10,62,13,24,80
1953,5348,2025-11-13,Weaver-Lyons Stadium,51,22,40,10,3,28
1954,2102,2024-12-25,Lin Group Stadium,70,29,97,13,18,3
1955,7398,2023-06-10,"Jackson, Pittman and Wall Stadium",134,29,14,14,3,74
1956,8620,2024-12-09,Garcia-Galloway Stadium,124,10,108,15,12,25
1957,9014,2020-07-21,Sandoval-Perez Stadium,62,26,16,11,14,14
1958,8440,2026-03-30,Perkins Ltd Stadium,85,25,198,6,28,35
1959,6921,2021-04-01,"Mendez, Harrison and Johnson Stadium",122,26,26,6,7,77
1960,423,2021-09-23,Wright LLC Stadium,98,22,111,6,18,14
1961,9633,2023-03-11,Robinson Group Stadium,90,15,182,9,24,77
1962,2528,2026-03-16,"Douglas, Frank and Marquez Stadium",64,11,199,11,28,53
1963,5233,2025-11-02,"Moreno, Ortiz and Carroll Stadium",87,21,167,5,6,23
1964,133,2023-04-08,Brown and Sons Stadium,137,18,34,13,12,67
1965,2311,2024-06-19,Williams PLC Stadium,64,29,191,10,6,80
1966,3521,2024-11-07,Garza LLC Stadium,61,15,39,12,0,63
1967,8772,2025-03-11,"Morris, Smith and Baker Stadium",84,14,125,6,7,43
1968,9361,2021-10-08,"Rose, Smith and Rojas Stadium",30,21,155,11,21,66
1969,3912,2020-04-15,Wood PLC Stadium,19,4,164,8,14,53
1970,2425,2022-10-20,Mcbride-Lewis Stadium,100,15,85,4,21,79
1971,7788,2021-09-23,Davis-Ferrell Stadium,37,19,51,9,6,4
1972,8205,2024-12-22,"Wang, Harrison and Murillo Stadium",147,10,114,15,14,60
1973,3412,2020-07-20,Smith-Fox Stadium,82,13,46,6,0,60
1974,2318,2024-09-27,"Hernandez, Jones and Greene Stadium",23,15,189,5,21,80
1975,7916,2022-03-26,"Watson, Chen and Morales Stadium",98,13,153,14,0,10
1976,2122,2025-04-10,Flores and Sons Stadium,15,12,85,3,21,56
1977,5807,2023-03-26,Davis-Hood Stadium,37,17,95,0,21,69
1978,4927,2022-10-23,"Cisneros, Reeves and Powell Stadium",128,0,10,11,18,5
1979,4384,2025-07-06,Browning and Sons Stadium,130,14,163,2,18,18
1980,4716,2022-11-14,Clark and Sons Stadium,98,30,1,10,18,32
1981,7928,2023-03-16,Sanchez-Alvarez Stadium,138,5,102,8,21,13
1982,1928,2021-09-01,Jones Group Stadium,115,1,84,9,0,5
1983,4271,2022-09-12,Weber and Sons Stadium,148,14,183,11,18,72
1984,3471,2023-08-18,"Stewart, Scott and Fernandez Stadium",44,27,119,10,0,7
1985,9205,2025-10-24,"West, Herrera and Bennett Stadium",4,9,117,15,28,72
1986,19,2020-02-26,Adams-Lyons Stadium,105,24,156,6,28,14
1987,947,2022-06-20,Russo-Sanders Stadium,14,0,128,8,0,77
1988,6693,2023-01-24,Harrison-Caldwell Stadium,85,12,112,9,0,9
1989,532,2022-01-17,Cooper PLC Stadium,123,2,84,7,14,40
1990,5124,2025-01-27,"Rose, Collins and Jones Stadium",141,10,29,11,24,63
1991,2284,2021-06-18,Jarvis-Arnold Stadium,90,22,65,2,0,58
1992,1472,2024-09-14,Griffin-Holmes Stadium,134,27,151,9,18,17
1993,180,2025-06-06,"Compton, James and White Stadium",65,23,146,2,6,70
1994,3776,2023-06-25,Phillips Ltd Stadium,74,21,0,0,7,7
1995,1283,2024-10-01,"Mason, Morris and Hall Stadium",57,10,53,4,12,42
1996,509,2021-01-10,"Smith, Luna and Murray Stadium",28,19,186,10,3,19
1997,902,2021-05-03,Brown-Reyes Stadium,132,1,67,12,17,41
1998,1119,2022-06-03,Lewis Inc Stadium,-1,13,140,6,12,79
1999,221,2022-02-03,Morrison-Park Stadium,-2,24,33,6,0,79
2000,3462,2022-06-30,Hahn-Curtis Stadium,23,7,23,8,21,80
2001,6618,2025-10-17,"Romero, Hines and Price Stadium",5,21,98,10,7,35
2002,3681,2021-11-05,"Velasquez, Dodson and Williams Stadium",72,7,130,9,24,20
2003,9516,2025-03-23,Keith LLC Stadium,50,30,124,9,17,57
2004,5074,2021-12-18,Hill PLC Stadium,31,25,102,2,14,34
2005,5987,2022-04-04,Gardner Group Stadium,78,10,148,11,18,2
2006,2815,2020-11-10,Morales-Green Stadium,101,5,177,15,6,68
2007,7676,2023-06-13,Wright PLC Stadium,-1,24,198,2,3,31
2008,310,2024-03-13,Barber LLC Stadium,134,13,104,5,7,49
2009,4632,2024-03-29,Williams Group Stadium,26,7,62,12,18,34
2010,7387,2025-05-02,Cook and Sons Stadium,150,12,145,11,0,15
2011,9125,2025-07-23,Santana-Barajas Stadium,1,3,23,8,21,32
2012,1451,2023-11-18,Cantu Group Stadium,114,3,171,13,12,75
2013,3855,2020-09-10,Boyd-Cooper Stadium,91,7,140,9,7,15
2014,5184,2025-11-24,Thomas-Jenkins Stadium,128,12,165,3,12,1
2015,682,2025-04-09,Lester-Williams Stadium,102,30,99,8,28,6
2016,8964,2020-12-03,Hill and Sons Stadium,117,9,4,7,21,47
2017,1167,2025-05-18,Wise Group Stadium,39,21,66,8,18,12
2018,4617,2026-04-25,"Hutchinson, Payne and Thompson Stadium",112,30,81,5,28,36
2019,6809,2022-06-15,"Alvarez, Anderson and Carr Stadium",108,12,97,13,24,33
2020,4691,2022-02-20,"Nunez, Bridges and Harris Stadium",6,12,154,13,21,22
2021,1388,2025-07-16,Morales Group Stadium,97,7,179,14,12,24
2022,9087,2023-06-23,"Moreno, Wolfe and Patterson Stadium",62,4,21,3,24,79
2023,9790,2021-08-27,Smith-Clarke Stadium,23,13,145,5,7,55
2024,4291,2020-01-14,Camacho Inc Stadium,100,28,125,0,28,67
2025,30,2020-08-20,Morgan LLC Stadium,107,19,198,9,7,56
2026,3384,2023-03-19,Fitzgerald-Scott Stadium,66,29,2,9,7,17
2027,3837,2022-08-16,"Hays, Gregory and Ramirez Stadium",123,19,138,14,18,9
2028,67,2024-02-24,Hall Inc Stadium,148,23,198,1,18,20
2029,6260,2023-02-08,Small LLC Stadium,20,15,87,5,12,29
2030,4571,2022-03-16,Green Group Stadium,-3,11,199,9,3,60
2031,7149,2023-10-12,Salas-Nelson Stadium,82,23,0,0,3,11
2032,5938,2022-01-28,"Alexander, Williams and Cannon Stadium",86,10,28,14,21,29
2033,7598,2025-02-27,Stewart Ltd Stadium,26,16,191,7,14,12
2034,5744,2024-07-10,Berry Ltd Stadium,56,8,129,9,21,6
2035,2065,2020-01-24,Walker Group Stadium,131,28,170,6,14,68
2036,1430,2024-11-10,"Lopez, Lopez and Martinez Stadium",-4,29,172,7,18,25
2037,8234,2025-03-27,Bennett-Boyer Stadium,71,22,177,4,18,64
2038,8207,2021-02-18,"Peterson, Bowers and Evans Stadium",138,26,70,8,21,13
2039,808,2022-03-07,"Lopez, Brown and Pierce Stadium",39,26,141,4,7,15
2040,1273,2022-01-14,Williams LLC Stadium,87,13,144,11,28,20
2041,9510,2021-10-07,Singh-Huff Stadium,38,27,168,5,24,78
2042,8638,2022-03-02,"Banks, Mcdonald and Valentine Stadium",105,26,128,5,21,29
2043,9533,2021-07-28,Watson-Nichols Stadium,23,19,74,15,21,79
2044,4850,2024-06-05,Goodman-Garza Stadium,36,27,80,2,18,33
2045,6564,2020-10-28,Melendez-Sanchez Stadium,1,14,70,11,0,10
2046,2694,2024-05-13,West-Mcdonald Stadium,100,15,179,11,21,35
2047,1576,2025-07-16,"Taylor, Smith and Young Stadium",64,2,53,0,14,11
2048,8705,2022-03-25,"Watson, Long and Coleman Stadium",121,15,21,7,14,24
2049,1912,2020-03-07,Kelley Group Stadium,97,30,95,15,0,59
2050,5457,2023-08-30,Sanchez-Carter Stadium,143,25,84,3,14,76
2051,2944,2020-07-14,"Valdez, Gonzales and Castillo Stadium",36,17,156,15,12,7
2052,686,2022-10-09,Martin Inc Stadium,68,16,141,5,17,51
2053,1225,2025-07-13,Reese-Adams Stadium,146,6,60,6,3,1
2054,2945,2022-09-03,"Gonzalez, Evans and Stokes Stadium",97,26,153,13,18,72
2055,7434,2025-07-13,"Baker, Reed and Stanley Stadium",145,23,75,6,7,26
2056,3075,2023-10-29,Lam and Sons Stadium,61,10,94,1,21,11
2057,6623,2025-08-24,Garcia-Young Stadium,50,16,173,3,3,77
2058,4357,2021-10-24,Curtis-Hughes Stadium,29,7,118,7,6,56
2059,5388,2025-11-05,"Lopez, Higgins and English Stadium",69,3,127,14,14,70
2060,6168,2024-06-23,Duncan-Hines Stadium,126,25,18,9,21,76
2061,4192,2020-06-23,"Stone, Short and Huff Stadium",98,0,124,5,3,75
2062,4976,2023-12-05,"Hernandez, Hall and Russell Stadium",2,1,61,0,3,58
2063,9963,2023-03-15,"Meyers, Hanson and Marshall Stadium",21,24,46,1,28,79
2064,43,2026-04-22,"Lee, Terry and Mccormick Stadium",110,7,119,10,3,33
2065,5085,2021-10-14,Long-Walls Stadium,7,11,28,2,6,34
2066,9601,2020-11-04,Williams-Skinner Stadium,48,16,119,7,12,24
2067,8048,2024-05-12,Morales-Hawkins Stadium,-2,29,193,1,17,67
2068,6441,2021-02-16,Flores-Fuller Stadium,80,13,3,15,24,38
2069,7396,2022-01-25,Brown LLC Stadium,129,6,64,0,3,31
2070,2129,2022-09-08,Martin-Johnson Stadium,39,16,193,4,3,73
2071,5234,2023-03-02,Daniel-Stafford Stadium,50,1,99,10,0,12
2072,1792,2022-12-18,"Charles, Hampton and Scott Stadium",108,25,99,13,7,17
2073,4644,2020-03-20,King PLC Stadium,120,14,147,6,3,14
2074,6895,2023-02-17,Davidson PLC Stadium,147,25,60,2,24,41
2075,260,2020-12-25,Brown Inc Stadium,131,8,42,15,21,59
2076,8482,2021-10-12,"Martinez, Hoffman and Solis Stadium",4,29,36,14,0,73
2077,8668,2026-04-15,Manning-Wright Stadium,98,0,149,2,17,57
2078,4877,2024-09-07,Rogers-Miller Stadium,60,25,92,4,24,1
2079,4545,2026-03-25,Lang Inc Stadium,115,27,74,0,7,56
2080,2184,2025-02-23,Mcdaniel-Price Stadium,84,1,173,5,6,9
2081,2033,2020-06-26,Miller-Hall Stadium,44,2,161,12,28,31
2082,3365,2021-08-11,Nguyen LLC Stadium,80,9,159,4,7,21
2083,6048,2024-06-17,"Berry, Dillon and Jennings Stadium",59,5,3,5,6,37
2084,2352,2020-09-06,Vasquez-Marshall Stadium,138,8,114,4,21,68
2085,6192,2020-02-03,Hudson-Mitchell Stadium,70,8,182,9,6,52
2086,3956,2024-09-21,Williams and Sons Stadium,41,28,154,9,0,72
2087,5178,2022-12-10,Mccoy-Harvey Stadium,31,17,164,3,0,1
2088,8195,2022-02-02,Watkins-Jones Stadium,39,25,78,5,3,56
2089,1349,2021-06-05,Moody LLC Stadium,51,5,57,15,12,44
2090,7838,2020-04-08,Costa Ltd Stadium,89,10,196,14,7,4
2091,4775,2023-03-27,Jordan-Evans Stadium,149,25,146,11,3,70
2092,1341,2024-01-06,"Savage, Lopez and Harrison Stadium",121,13,119,7,7,22
2093,5258,2022-03-06,Good-Ramirez Stadium,115,1,132,13,21,9
2094,2372,2022-05-04,Mcdonald-Bird Stadium,118,13,34,12,7,34
2095,7682,2024-04-03,Welch and Sons Stadium,42,17,101,8,3,70
2096,9707,2024-09-17,"King, Johnson and Mercado Stadium",66,17,196,7,21,36
2097,9439,2023-07-20,Johnson and Sons Stadium,116,11,155,15,0,29
2098,4773,2023-11-21,"Sanford, Morse and Collins Stadium",103,13,179,8,14,29
2099,5756,2021-03-24,Davis-Lewis Stadium,45,25,94,6,7,52
2100,3662,2022-03-29,Kidd-Johnson Stadium,60,25,38,3,17,70
2101,5422,2024-07-28,Richardson-Hodge Stadium,11,3,117,14,0,29
2102,2390,2021-04-17,Owen LLC Stadium,-3,26,100,2,7,29
2103,2148,2021-01-26,Brown-Howard Stadium,80,19,122,11,7,48
2104,807,2021-02-17,Hall Inc Stadium,138,6,155,6,18,36
2105,2913,2025-04-26,"Oconnor, Smith and Simon Stadium",48,3,195,6,28,39
2106,828,2022-10-30,Romero Ltd Stadium,35,5,122,4,21,1
2107,1402,2022-08-15,Benson and Sons Stadium,57,7,48,0,0,78
2108,5955,2022-05-14,Thomas-Brown Stadium,25,2,28,0,0,49
2109,8681,2023-08-14,"Kennedy, Aguilar and Howard Stadium",-2,1,156,10,28,69
2110,5918,2022-12-02,"Kelly, Bauer and Adkins Stadium",59,11,124,4,24,25
2111,5981,2024-06-29,"Miller, Jennings and Moreno Stadium",17,28,180,10,21,20
2112,6362,2023-05-31,Fisher-Zimmerman Stadium,91,11,101,12,6,43
2113,6864,2023-03-22,Miller and Sons Stadium,115,26,122,15,21,68
2114,6014,2023-06-09,Johnson-Morgan Stadium,136,19,57,4,6,6
2115,968,2021-01-17,Mercer and Sons Stadium,62,8,19,10,7,49
2116,1123,2021-03-29,Morales-Marsh Stadium,16,15,149,10,21,48
2117,9520,2025-12-29,Crawford-Taylor Stadium,48,19,100,0,21,70
2118,5099,2023-07-04,"Harvey, Brown and Anderson Stadium",147,2,80,6,7,40
2119,9789,2021-10-12,Schneider-Hill Stadium,126,24,181,10,17,12
2120,5013,2022-06-25,Wilkerson-Turner Stadium,-3,30,93,1,14,80
2121,9209,2025-02-01,"Jackson, Short and Jackson Stadium",82,28,163,3,0,74
2122,9260,2020-06-05,Bates Inc Stadium,17,28,126,8,12,36
2123,7232,2025-04-29,"Simpson, Arias and Santana Stadium",114,11,41,3,17,41
2124,9857,2022-01-20,"Stevens, Peterson and Navarro Stadium",108,17,12,5,3,64
2125,2499,2022-08-06,Peters and Sons Stadium,45,27,172,1,18,36
2126,604,2020-04-08,"Alexander, Gomez and Williams Stadium",5,6,103,2,6,69
2127,4959,2020-11-06,Delgado Ltd Stadium,29,24,154,1,24,80
2128,7895,2025-11-02,Parker LLC Stadium,40,12,60,3,24,74
2129,5171,2021-12-22,Taylor Inc Stadium,2,26,4,12,21,54
2130,1855,2024-12-16,Wright Group Stadium,108,18,198,9,6,25
2131,7805,2024-12-12,Gonzalez Inc Stadium,142,5,70,0,21,24
2132,194,2024-07-28,Rogers-Trevino Stadium,42,3,89,15,17,60
2133,1678,2021-04-25,Reeves Ltd Stadium,114,23,83,9,17,57
2134,2998,2023-03-10,"Hawkins, Steele and Flores Stadium",14,5,190,2,7,70
2135,2186,2021-01-02,Le-Lopez Stadium,5,5,177,6,3,75
2136,1351,2021-02-19,"Santiago, Flores and Zhang Stadium",32,22,192,8,21,3
2137,1692,2020-04-05,Choi-Meyer Stadium,65,29,133,14,24,33
2138,5731,2026-04-01,Black-Allen Stadium,70,13,152,3,18,15
2139,3231,2024-02-21,"Summers, Smith and Grant Stadium",75,7,164,3,18,38
2140,4521,2020-01-20,"Dawson, Richardson and Sloan Stadium",133,30,178,2,3,58
2141,4178,2025-07-27,West-Brown Stadium,-3,11,55,8,18,61
2142,6253,2024-05-11,Willis-Guerrero Stadium,85,18,133,12,7,24
2143,8305,2023-11-15,Hunter Inc Stadium,91,26,36,11,18,78
2144,4741,2020-11-17,"Hamilton, Medina and Gibbs Stadium",126,10,194,7,17,32
2145,3858,2024-02-21,Harris-Quinn Stadium,94,14,40,3,21,41
2146,3846,2024-09-23,Briggs-Owens Stadium,55,18,64,4,6,26
2147,6289,2026-01-15,Page PLC Stadium,104,14,150,3,21,58
2148,9749,2020-06-23,Smith Group Stadium,110,9,112,12,24,26
2149,7900,2025-08-22,Mathews-Wade Stadium,9,19,90,9,21,52
2150,3944,2024-11-25,"Chung, Garcia and Alvarez Stadium",80,27,158,8,14,18
2151,6907,2026-01-27,Hughes Inc Stadium,104,17,143,7,28,74
2152,471,2023-01-09,"Thompson, Mendoza and Gibbs Stadium",99,27,140,1,28,22
2153,2533,2024-08-02,Garcia-Smith Stadium,99,10,54,13,18,28
2154,9768,2021-11-04,Johnson and Sons Stadium,78,30,8,8,6,34
2155,5735,2021-10-25,"Garcia, Gomez and Sutton Stadium",92,4,91,10,0,36
2156,1183,2024-03-05,Clark-Ellis Stadium,57,22,162,2,21,76
2157,784,2024-01-08,Smith and Sons Stadium,41,7,162,8,21,74
2158,9063,2021-07-06,Gardner-Anderson Stadium,43,17,160,3,24,54
2159,4789,2024-09-22,Moore-Christensen Stadium,110,14,116,11,18,55
2160,7058,2024-02-02,"Larson, Cohen and Pierce Stadium",85,3,168,11,6,21
2161,1406,2025-06-02,Logan PLC Stadium,1,13,7,14,14,36
2162,9880,2025-01-25,"Walls, Foley and Thomas Stadium",147,9,184,13,6,55
2163,6283,2020-08-07,Mann-Poole Stadium,18,5,103,0,17,6
2164,6458,2024-07-15,King-Watkins Stadium,135,5,177,3,28,24
2165,7251,2020-08-06,Brown-Carpenter Stadium,1,8,117,1,7,70
2166,6629,2023-10-17,Craig-Robinson Stadium,106,12,145,1,12,76
2167,6309,2024-03-22,"Roberts, Powell and Snyder Stadium",21,4,192,12,28,60
2168,6797,2020-09-18,Gill Ltd Stadium,147,6,82,4,14,9
2169,9764,2024-12-05,Carroll-Duncan Stadium,137,7,16,14,14,33
2170,8667,2024-10-05,Hansen Inc Stadium,131,24,105,2,28,60
2171,5627,2023-01-07,Young Inc Stadium,109,27,86,12,7,41
2172,5355,2021-02-11,Schneider LLC Stadium,97,25,111,5,24,4
2173,575,2025-12-28,May Group Stadium,62,19,105,10,24,62
2174,5796,2023-08-07,Martinez and Sons Stadium,84,9,195,2,0,26
2175,4641,2023-12-01,Taylor-Hernandez Stadium,83,2,90,0,18,19
2176,5187,2021-11-16,Jones LLC Stadium,32,19,64,3,7,2
2177,2586,2022-04-07,Berry Ltd Stadium,67,1,130,15,17,76
2178,8392,2025-04-04,Burton Ltd Stadium,36,4,126,3,7,9
2179,2130,2025-09-06,"Sanchez, Tucker and Thomas Stadium",148,16,43,15,14,47
2180,7552,2022-03-04,"Cole, Jordan and Brown Stadium",76,17,108,8,12,7
2181,2453,2024-06-17,"Padilla, Brown and Walker Stadium",122,28,34,5,21,24
2182,6255,2022-12-03,Boyd-White Stadium,-4,9,160,12,21,30
2183,1928,2021-07-27,Brown-Stone Stadium,56,30,118,9,0,22
2184,5763,2024-02-04,"Kelly, Vaughan and Allen Stadium",120,29,0,7,17,45
2185,8799,2026-04-01,Smith-Martin Stadium,125,25,182,14,17,41
2186,5582,2024-12-03,Williams-Combs Stadium,14,25,95,9,7,1
2187,7550,2023-09-08,"Hardy, Terry and Swanson Stadium",65,0,72,6,28,18
2188,1758,2023-09-10,"Shaffer, Boyd and Jones Stadium",91,11,199,3,28,50
2189,608,2020-09-20,Love LLC Stadium,137,4,118,14,24,75
2190,8740,2022-01-30,Gomez-Decker Stadium,133,20,39,4,14,4
2191,5515,2024-05-23,"Smith, Rose and Kelly Stadium",58,17,192,12,12,8
2192,2435,2021-01-26,Alvarado PLC Stadium,63,0,63,14,21,21
2193,683,2023-07-26,White Ltd Stadium,22,3,181,6,7,29
2194,2393,2023-07-01,Jackson-Hernandez Stadium,83,30,20,3,18,56
2195,7849,2024-02-21,"Weiss, Cruz and Anderson Stadium",45,30,135,0,0,4
2196,8124,2023-01-15,Romero-Flynn Stadium,41,30,35,1,17,66
2197,2301,2022-01-16,"Brown, Obrien and Perry Stadium",38,24,101,2,28,54
2198,2148,2026-01-02,Robinson-Taylor Stadium,52,27,30,2,7,76
2199,2310,2022-12-28,Ramos-Barber Stadium,144,16,176,3,21,53
2200,6666,2022-09-08,Martinez PLC Stadium,83,14,50,7,28,1
2201,3598,2023-07-05,Johnson-Smith Stadium,106,25,99,6,14,29
2202,6524,2020-09-22,Smith-Cook Stadium,7,3,42,5,0,43
2203,5917,2025-06-18,"Cox, Rollins and Morris Stadium",129,18,58,6,14,15
2204,6605,2023-06-28,Ramos Group Stadium,83,3,80,5,21,62
2205,3985,2025-11-08,"Lopez, Howard and Guerrero Stadium",30,2,155,12,6,22
2206,4172,2024-09-14,Jones-Bailey Stadium,143,7,11,7,17,16
2207,5564,2023-03-29,Hancock and Sons Stadium,90,1,173,14,0,72
2208,8956,2020-12-23,Anderson-Lambert Stadium,133,17,163,13,12,41
2209,6382,2021-04-03,"Clark, Barrett and Davis Stadium",104,21,126,11,14,26
2210,5078,2025-12-14,Edwards-Williams Stadium,90,28,194,8,28,13
2211,4413,2024-10-17,"Nelson, Barber and Munoz Stadium",51,10,138,2,28,67
2212,2683,2022-06-17,Harris-Sanchez Stadium,0,25,129,0,6,21
2213,2763,2024-03-16,Jensen PLC Stadium,49,30,129,14,12,25
2214,538,2021-11-08,Cobb and Sons Stadium,6,20,186,5,0,35
2215,7751,2021-12-22,Lee Ltd Stadium,1,11,36,10,14,29
2216,3841,2024-07-27,"Monroe, Wood and Merritt Stadium",92,14,48,6,18,50
2217,3579,2021-02-03,"Fernandez, Pierce and Mcclain Stadium",27,29,32,8,3,42
2218,9133,2025-05-26,"Hatfield, Gonzales and Hall Stadium",107,29,89,6,6,13
2219,6421,2022-05-08,Taylor-Gill Stadium,34,4,166,7,14,32
2220,9471,2024-03-08,Cook-Francis Stadium,141,6,107,4,0,68
2221,6393,2024-05-24,Smith-Carter Stadium,147,14,147,13,28,68
2222,7395,2023-08-07,"Martinez, Carpenter and Mejia Stadium",68,28,131,2,28,53
2223,9727,2021-02-18,Hernandez-Mcdaniel Stadium,87,6,5,15,14,75
2224,2089,2024-08-10,Martinez-Howard Stadium,74,21,132,6,24,36
2225,8723,2024-07-31,"Skinner, Smith and Taylor Stadium",74,10,143,4,24,52
2226,6318,2021-12-31,Powell-Ramirez Stadium,10,29,164,12,3,26
2227,847,2021-07-28,Walker LLC Stadium,132,4,117,6,24,11
2228,7767,2025-12-20,"Hall, Clark and Phillips Stadium",51,24,21,2,18,5
2229,744,2025-09-22,"Smith, Robinson and Perez Stadium",32,10,196,4,18,42
2230,1431,2021-07-09,White Ltd Stadium,137,1,79,13,28,27
2231,9721,2020-10-29,Nash-Miller Stadium,28,27,74,5,21,54
2232,7986,2021-05-04,Norman-Arnold Stadium,85,12,26,5,24,51
2233,9763,2021-07-29,"Dunlap, Brown and Pennington Stadium",83,20,162,4,7,38
2234,9646,2020-02-26,Elliott-Taylor Stadium,139,11,60,0,17,35
2235,3793,2025-08-13,Tran Inc Stadium,126,6,6,11,18,64
2236,7931,2024-03-28,Humphrey Group Stadium,74,7,171,8,3,29
2237,4998,2023-03-23,"Figueroa, Chavez and Garcia Stadium",36,14,12,1,21,38
2238,8731,2025-07-06,Matthews LLC Stadium,102,6,182,14,14,28
2239,130,2025-02-19,Kerr-Lara Stadium,124,14,174,7,0,16
2240,3770,2023-09-10,Diaz Group Stadium,107,10,177,7,0,4
2241,4450,2022-01-28,Young LLC Stadium,69,0,96,5,17,55
2242,9079,2024-12-11,Ramirez-Lloyd Stadium,32,6,44,3,3,63
2243,2141,2026-02-08,Gilmore-Reilly Stadium,149,16,130,8,17,43
2244,2923,2025-09-22,Glass Group Stadium,-4,12,193,2,21,2
2245,6437,2024-07-18,Roberts-Pacheco Stadium,-1,3,155,1,24,73
2246,2451,2024-11-01,Moore-Perez Stadium,9,28,32,3,7,34
2247,671,2023-05-22,West-Carpenter Stadium,72,24,145,13,14,44
2248,9457,2023-08-25,Nelson-Johnson Stadium,128,13,54,2,0,21
2249,995,2025-03-04,"Ryan, Fox and Daniels Stadium",34,12,12,15,24,59
2250,7769,2021-02-18,Ross Inc Stadium,33,17,33,7,17,5
2251,4732,2021-03-20,Wagner-Cunningham Stadium,138,29,110,6,28,14
2252,6941,2024-06-09,Herman PLC Stadium,103,11,130,6,12,19
2253,6492,2020-12-05,"Ware, Wright and Kelly Stadium",133,24,106,10,28,67
2254,6413,2020-01-27,Jones Group Stadium,149,16,100,11,24,34
2255,5648,2021-12-01,Prince-Hobbs Stadium,36,22,160,8,14,64
2256,3311,2022-11-21,Johnson and Sons Stadium,-5,19,20,9,18,27
2257,9817,2022-07-01,"Ward, Bradley and Harris Stadium",128,10,5,8,3,79
2258,7275,2026-04-06,Parker-Santiago Stadium,129,19,54,14,7,63
2259,8701,2022-03-19,Flores Ltd Stadium,99,30,102,12,12,57
2260,1869,2022-01-02,West-Long Stadium,96,9,170,8,17,15
2261,4737,2023-02-23,"Chang, Clark and Gates Stadium",113,14,159,6,14,18
2262,4034,2023-12-31,Garrett-Fletcher Stadium,43,30,91,13,7,61
2263,320,2020-06-30,"Lane, Herman and Reyes Stadium",150,7,200,15,6,12
2264,6177,2024-03-24,Johns-Brooks Stadium,82,27,112,2,18,41
2265,6107,2026-03-04,Meyers-Nunez Stadium,127,19,71,14,3,4
2266,2730,2021-07-24,Cunningham-Wallace Stadium,74,5,110,12,28,45
2267,4975,2021-01-26,Randall Inc Stadium,71,8,133,10,17,1
2268,327,2021-08-01,"Garrison, Dixon and Arnold Stadium",51,30,99,0,21,26
2269,846,2020-05-25,Mitchell Inc Stadium,79,29,35,12,12,67
2270,6859,2021-03-19,"Lee, Davis and Patel Stadium",93,16,165,13,24,5
2271,5540,2023-09-03,Rojas Inc Stadium,126,0,157,8,0,48
2272,7700,2024-04-03,"Ortiz, Ferguson and Nguyen Stadium",43,17,1,10,12,76
2273,7701,2020-02-10,Morgan-Holmes Stadium,91,4,138,2,24,25
2274,8529,2024-12-28,Cortez LLC Stadium,85,17,182,9,18,42
2275,5445,2024-11-22,Brock-Flores Stadium,-3,18,35,6,12,7
2276,2399,2025-05-12,Johnson Ltd Stadium,3,6,15,12,24,58
2277,5694,2025-08-18,"Church, Harper and Jones Stadium",138,3,167,1,7,10
2278,6751,2022-07-07,Abbott-Davis Stadium,54,25,1,15,28,19
2279,4099,2022-04-17,Miller Ltd Stadium,57,3,145,0,18,22
2280,3887,2021-03-13,Garcia-Robertson Stadium,14,22,67,14,6,14
2281,5024,2021-12-16,Garcia PLC Stadium,77,22,186,14,14,79
2282,2882,2024-09-14,Hudson Inc Stadium,6,18,112,3,28,43
2283,4228,2022-07-27,"Hinton, Miller and Nielsen Stadium",64,8,177,0,14,2
2284,2267,2025-02-12,Werner-Lee Stadium,132,5,195,3,14,12
2285,9869,2020-03-24,Robertson-Gibson Stadium,104,15,87,2,7,20
2286,7872,2023-09-19,Bradley-Matthews Stadium,124,3,142,1,17,24
2287,1992,2022-09-29,Contreras-Preston Stadium,100,18,25,11,17,26
2288,2867,2025-01-18,Barron LLC Stadium,0,2,19,13,21,52
2289,8895,2022-06-25,Thomas-Farmer Stadium,139,24,195,4,3,20
2290,9397,2025-08-16,Flores-Mcdonald Stadium,63,2,39,8,24,49
2291,8239,2022-07-13,Johnson-Henderson Stadium,41,4,168,8,21,30
2292,6866,2025-05-23,Leonard Inc Stadium,102,11,25,7,7,24
2293,9413,2021-05-27,Brooks-Castillo Stadium,123,2,6,11,6,2
2294,2720,2024-10-23,Brown-Walker Stadium,23,29,133,10,28,9
2295,9219,2025-01-31,Rodriguez-Hamilton Stadium,76,9,151,13,18,63
2296,1976,2025-09-15,Gutierrez-Johnson Stadium,28,11,187,15,6,51
2297,9650,2022-12-05,Young and Sons Stadium,-4,3,36,6,6,47
2298,6893,2024-09-29,Roberts and Sons Stadium,136,11,142,15,17,34
2299,8891,2022-10-22,"Clayton, Ruiz and Scott Stadium",68,22,62,6,0,12
2300,8947,2022-04-30,Mejia Ltd Stadium,136,9,1,1,21,9
2301,1258,2021-07-30,Finley Ltd Stadium,48,14,16,7,7,79
2302,1269,2025-06-26,Wise and Sons Stadium,144,14,6,5,28,5
2303,2923,2023-01-01,Ford-Perez Stadium,131,24,92,14,21,66
2304,931,2021-09-04,"Escobar, Phelps and Huber Stadium",40,11,107,4,24,28
2305,6164,2021-11-02,"Wiley, Henry and Mitchell Stadium",60,1,14,7,14,20
2306,3583,2022-10-06,Hill-Young Stadium,58,25,166,15,18,32
2307,1202,2025-04-04,Horne-Willis Stadium,91,27,149,13,18,74
2308,9119,2020-03-15,"Edwards, Jones and Long Stadium",83,16,140,2,17,37
2309,1491,2024-01-07,Young PLC Stadium,148,13,98,13,28,11
2310,2973,2020-08-28,Rose LLC Stadium,18,11,146,9,24,10
2311,9724,2020-03-19,"Rivera, Humphrey and Garcia Stadium",40,26,169,1,18,39
2312,3138,2023-01-19,Brown LLC Stadium,72,16,184,11,7,48
2313,9123,2021-04-26,Armstrong PLC Stadium,26,22,40,9,6,66
2314,6477,2024-08-22,"Lam, Bradley and Smith Stadium",95,13,126,15,28,56
2315,3360,2026-03-19,Blair Ltd Stadium,60,23,142,5,3,48
2316,671,2025-01-29,Torres-Kennedy Stadium,59,25,157,6,7,80
2317,6925,2021-07-26,Smith-Lucas Stadium,37,27,138,11,18,23
2318,3339,2021-02-23,"Conner, Andersen and Lewis Stadium",37,4,44,14,7,76
2319,2819,2020-10-16,Wright PLC Stadium,23,24,74,1,24,72
2320,9749,2021-08-26,"Chavez, Meyer and Mayer Stadium",20,21,107,4,12,31
2321,1055,2024-02-11,"White, Simmons and Harris Stadium",83,30,132,14,17,16
2322,5324,2023-04-13,Benson Ltd Stadium,110,1,4,10,6,47
2323,1644,2023-09-05,"Lee, Pierce and Lam Stadium",10,22,24,1,28,54
2324,4248,2022-01-07,Moss-Willis Stadium,49,12,10,2,12,62
2325,2939,2020-09-17,Soto Group Stadium,146,4,45,1,6,38
2326,2137,2025-08-01,"Welch, Reilly and Murphy Stadium",74,18,131,1,24,80
2327,5705,2023-08-23,Ford-Robles Stadium,-4,20,33,2,17,23
2328,6638,2023-03-18,Cole-Odonnell Stadium,34,17,88,6,12,28
2329,6881,2022-01-15,Hubbard Inc Stadium,30,14,120,6,24,4
2330,1640,2022-12-25,Lee Group Stadium,14,20,36,4,14,39
2331,5056,2020-12-25,Trujillo PLC Stadium,125,24,175,1,0,43
2332,7564,2025-05-14,Swanson Ltd Stadium,46,27,142,15,28,1
2333,3403,2023-12-17,Williams Group Stadium,137,27,88,9,21,6
2334,7935,2024-11-05,Johnson-Pitts Stadium,9,17,189,1,17,10
2335,9747,2022-07-18,Shah-Stokes Stadium,34,13,173,12,12,79
2336,3939,2021-11-01,"Scott, Martinez and Barnett Stadium",27,10,17,12,0,65
2337,8547,2020-06-13,Underwood-Stevenson Stadium,100,18,130,2,6,44
2338,1866,2021-11-28,Johnson PLC Stadium,5,9,169,1,12,14
2339,1297,2024-10-16,"Garza, Smith and Clay Stadium",31,0,159,9,14,56
2340,6053,2020-11-11,Powers-Sawyer Stadium,137,0,137,7,24,76
2341,679,2022-07-01,Wade Group Stadium,43,16,192,2,3,20
2342,5520,2022-12-28,"King, Gonzalez and Taylor Stadium",31,2,109,12,28,35
2343,2401,2025-08-28,Torres-Lynch Stadium,80,5,165,13,21,12
2344,349,2025-02-19,Parsons-Martin Stadium,123,30,187,11,24,8
2345,5436,2022-02-16,Mcgrath PLC Stadium,65,29,36,6,0,17
2346,6767,2020-01-12,Thompson PLC Stadium,118,26,181,2,17,38
2347,4175,2023-04-08,"Nichols, Estrada and West Stadium",22,8,49,5,28,44
2348,7629,2021-04-12,"Soto, Williams and Sharp Stadium",94,29,75,0,24,7
2349,1787,2024-06-06,"Pratt, Morrison and Barron Stadium",99,12,139,4,7,67
2350,2563,2021-01-08,Rivera and Sons Stadium,60,12,142,2,0,11
2351,7154,2025-01-01,Brewer-Coleman Stadium,0,23,158,7,24,73
2352,1900,2025-12-11,"Torres, King and Castillo Stadium",130,21,56,11,3,56
2353,6437,2021-05-16,Rocha Inc Stadium,1,11,83,6,17,15
2354,4706,2025-04-14,Evans Ltd Stadium,142,19,79,4,28,33
2355,233,2023-12-31,"Brown, Hampton and Morales Stadium",28,4,44,8,28,36
2356,6247,2025-09-06,Burton Inc Stadium,-2,15,84,0,21,11
2357,6353,2022-05-08,"Casey, Cline and Spencer Stadium",113,29,183,10,0,67
2358,3004,2026-01-20,"Andrews, Jones and Mcdaniel Stadium",30,1,97,12,7,51
2359,9767,2023-08-03,Christian Ltd Stadium,5,15,78,5,17,68
2360,2577,2020-12-04,"Arellano, Parsons and Sanchez Stadium",92,12,160,5,6,50
2361,558,2020-05-05,"Paul, Bryant and Ewing Stadium",110,19,168,15,12,61
2362,363,2025-02-16,"Anderson, Nelson and Thomas Stadium",77,4,52,11,24,47
2363,5198,2022-06-08,Reyes-Dixon Stadium,105,13,24,12,28,80
2364,8826,2026-04-04,Moody-Porter Stadium,37,0,176,1,12,79
2365,8665,2020-07-23,Klein Group Stadium,26,29,21,0,0,31
2366,2913,2024-07-14,Taylor Inc Stadium,134,17,6,13,21,5
2367,6752,2020-09-03,Holden-Leonard Stadium,139,26,88,9,21,55
2368,6105,2023-07-10,Andersen and Sons Stadium,130,16,101,8,3,14
2369,8581,2025-01-20,Parks PLC Stadium,75,21,69,15,17,77
2370,9338,2026-02-03,Dixon PLC Stadium,45,16,186,11,6,59
2371,1234,2025-01-16,Anderson PLC Stadium,142,18,48,15,12,48
2372,1519,2020-10-18,Miller-Gregory Stadium,20,0,102,13,7,24
2373,5413,2023-04-08,"Mullins, Hunter and Miller Stadium",86,23,16,5,3,66
2374,6573,2023-04-05,Rogers-Wood Stadium,8,17,5,9,17,18
2375,7627,2022-06-08,"Mendoza, Kennedy and Livingston Stadium",75,23,170,3,18,12
2376,2237,2020-11-07,Bates LLC Stadium,52,19,81,12,0,34
2377,4763,2022-08-05,"Lindsey, Reyes and Martinez Stadium",80,18,138,9,28,64
2378,6798,2021-02-16,"Morales, Phillips and Mcclain Stadium",34,1,88,14,6,53
2379,1265,2021-09-08,"Phillips, Rush and Garner Stadium",32,21,104,10,0,42
2380,4793,2023-06-20,Brooks-Simmons Stadium,17,26,161,15,24,78
2381,3862,2026-02-02,Anderson-Kennedy Stadium,29,16,33,3,12,52
2382,645,2023-02-01,Quinn Inc Stadium,71,5,34,15,28,20
2383,6418,2022-01-11,Keller Inc Stadium,112,4,11,2,12,80
2384,1597,2023-08-08,Hernandez Group Stadium,62,2,105,12,12,9
2385,8117,2024-05-21,Mcknight-Guerra Stadium,21,4,133,11,6,57
2386,4438,2024-07-10,"Dunn, Davis and Ashley Stadium",147,6,112,10,3,40
2387,1585,2026-03-13,Romero Inc Stadium,84,8,11,14,21,32
2388,4605,2024-05-23,"Robinson, Curtis and Pierce Stadium",42,23,10,0,3,64
2389,1983,2025-06-21,Barnes and Sons Stadium,111,14,197,6,3,5
2390,6171,2021-09-08,Santiago-Winters Stadium,31,4,161,12,12,69
2391,6095,2022-02-03,Graham-Smith Stadium,149,5,47,8,0,31
2392,8176,2020-09-21,Rodriguez-Rose Stadium,144,29,88,8,7,1
2393,4779,2022-01-24,Graham-Wells Stadium,117,5,118,9,7,68
2394,6442,2025-04-21,Mcdonald-Miller Stadium,80,15,34,5,12,46
2395,9631,2025-08-14,"Young, Drake and Jones Stadium",7,8,98,13,14,63
2396,1362,2022-12-14,Thomas-Bailey Stadium,63,1,75,5,18,75
2397,3535,2025-04-26,"Gordon, Phillips and Johnson Stadium",58,14,188,4,24,59
2398,685,2020-07-03,Flores Ltd Stadium,11,21,121,14,24,59
2399,2410,2023-05-10,Jackson-Moore Stadium,150,4,97,14,21,78
2400,4042,2023-04-11,Ferguson-Richard Stadium,122,14,79,6,6,56
2401,8858,2025-10-28,Combs-Allen Stadium,71,27,186,4,12,19
2402,2535,2023-11-22,Mathis-Trevino Stadium,49,24,88,5,21,17
2403,9318,2021-07-28,Moody Inc Stadium,98,21,46,13,0,66
2404,7865,2021-04-09,Nolan-Smith Stadium,142,28,78,1,12,76
2405,5234,2020-01-02,Smith Group Stadium,146,10,124,7,7,34
2406,6651,2023-07-07,Spencer LLC Stadium,105,1,89,13,7,46
2407,4672,2025-05-11,Andrews-Lopez Stadium,8,2,9,9,24,68
2408,1856,2023-07-27,"Miller, Boyd and Hunter Stadium",71,18,79,3,3,28
2409,2119,2022-07-12,Smith Ltd Stadium,79,2,88,15,21,76
2410,6994,2024-05-14,Smith and Sons Stadium,133,2,63,9,14,5
2411,2797,2020-04-14,Nelson Ltd Stadium,96,3,133,11,7,45
2412,3735,2021-12-04,Rojas-Meyers Stadium,58,4,127,1,17,22
2413,3951,2020-10-13,Erickson-Freeman Stadium,67,9,119,9,7,65
2414,9050,2022-05-04,"Harrison, Lee and Graves Stadium",62,28,114,7,6,46
2415,7343,2024-09-10,Martinez PLC Stadium,82,21,50,6,12,60
2416,1162,2026-01-16,"Hancock, Barr and Gregory Stadium",-3,29,58,8,14,64
2417,6068,2026-03-13,Schmidt and Sons Stadium,43,23,97,15,17,40
2418,2476,2026-03-10,"Cox, Campbell and Brady Stadium",131,12,189,10,12,66
2419,581,2022-01-20,Wagner and Sons Stadium,77,12,54,12,12,21
2420,8204,2024-12-29,"Martinez, Jackson and Meza Stadium",115,17,21,0,28,9
2421,5587,2024-07-04,"Smith, Miller and Moore Stadium",146,25,197,2,17,54
2422,6903,2020-11-17,Meyer-Richardson Stadium,43,20,95,3,14,30
2423,7681,2020-10-10,"Brown, Liu and Wong Stadium",145,27,86,12,0,60
2424,1091,2021-11-08,Martin Ltd Stadium,74,29,83,3,12,5
2425,5957,2020-04-18,Baxter and Sons Stadium,102,23,89,5,28,6
2426,149,2025-11-09,Villarreal Ltd Stadium,45,7,198,4,28,72
2427,7372,2022-02-11,James PLC Stadium,70,1,151,0,7,69
2428,7418,2024-11-10,"Watts, Parks and Wang Stadium",42,29,9,9,14,35
2429,538,2025-08-24,Munoz-Fisher Stadium,17,2,143,3,7,8
2430,573,2021-09-15,Harris-Chang Stadium,12,4,52,7,14,62
2431,7999,2024-10-29,"Page, Jordan and Kelly Stadium",56,25,4,7,12,21
2432,2245,2025-05-25,Duffy LLC Stadium,83,23,163,4,7,35
2433,2717,2025-06-19,Weaver-Wang Stadium,27,20,24,9,12,36
2434,6759,2024-03-21,"Thomas, Mcdaniel and Stevens Stadium",77,18,182,13,14,67
2435,3920,2025-03-21,"Ross, Wilson and Brown Stadium",56,23,43,7,21,4
2436,5821,2022-01-10,Williams Ltd Stadium,94,23,22,14,17,13
2437,5477,2022-11-20,Cobb-Mendoza Stadium,78,23,89,4,6,39
2438,2882,2021-07-04,Thomas Inc Stadium,69,1,7,5,21,44
2439,7205,2026-02-03,Adams PLC Stadium,34,23,14,14,3,50
2440,6277,2024-03-10,Cox and Sons Stadium,102,27,176,14,3,11
2441,7934,2026-04-26,Rogers Group Stadium,111,25,105,15,28,71
2442,5413,2024-05-06,Frazier-Murphy Stadium,90,18,164,4,24,43
2443,5326,2025-05-22,Fernandez-Watson Stadium,50,22,83,15,24,36
2444,7374,2023-10-31,Stewart-Lewis Stadium,26,0,191,7,17,61
2445,1833,2022-04-21,Hahn-Smith Stadium,94,4,131,3,0,74
2446,3980,2020-12-23,Martinez PLC Stadium,46,20,119,2,18,73
2447,2349,2021-05-12,Patrick Group Stadium,8,7,96,9,28,26
2448,7051,2024-01-13,Medina-Brown Stadium,20,11,57,15,17,49
2449,5570,2024-07-13,"Avery, Elliott and Brown Stadium",90,16,105,10,6,15
2450,3572,2020-10-28,Castaneda-Baker Stadium,65,4,98,12,18,77
2451,4649,2023-01-15,Evans-Knapp Stadium,82,17,163,2,18,73
2452,9780,2024-08-06,Warren PLC Stadium,21,5,38,15,28,48
2453,8388,2025-12-11,Jones and Sons Stadium,113,0,96,6,7,52
2454,8116,2024-09-29,"Taylor, Hicks and Malone Stadium",85,21,125,6,12,52
2455,3712,2024-08-20,Hudson-Jones Stadium,7,15,140,6,7,33
2456,4337,2022-08-09,Cowan-Hodges Stadium,61,12,31,11,17,3
2457,852,2023-04-26,"Flynn, Johnson and Wilkins Stadium",99,19,102,2,14,31
2458,7822,2021-08-23,"Moore, Palmer and Mercado Stadium",85,11,155,6,17,30
2459,4526,2022-09-08,Graham Group Stadium,16,2,197,12,28,7
2460,7407,2020-04-12,Greene-Hays Stadium,33,17,46,10,18,50
2461,6933,2022-06-08,Oconnor-Blevins Stadium,16,22,6,0,3,54
2462,1636,2022-09-20,Smith Ltd Stadium,114,27,130,11,7,50
2463,1564,2024-05-21,"Olsen, Williams and Evans Stadium",95,2,84,2,0,50
2464,2844,2022-06-22,"Morris, Evans and Friedman Stadium",2,16,45,8,17,56
2465,4883,2021-07-13,Byrd Inc Stadium,41,22,151,14,0,70
2466,3094,2022-02-10,Mitchell and Sons Stadium,133,3,159,0,28,23
2467,3268,2021-10-15,Allen-Medina Stadium,51,13,68,1,17,71
2468,7491,2022-10-29,Wong Ltd Stadium,120,30,124,4,3,68
2469,8968,2024-12-22,Underwood Inc Stadium,84,25,200,9,28,5
2470,5133,2022-11-14,"Bradley, Moore and Mckinney Stadium",46,11,107,5,17,20
2471,1506,2023-07-13,Smith-Williamson Stadium,10,4,114,5,14,41
2472,9448,2023-04-23,Smith-Santos Stadium,77,5,119,13,7,26
2473,7492,2025-06-09,"Fox, Green and Horn Stadium",87,3,44,7,28,51
2474,7880,2024-04-24,Washington Ltd Stadium,96,7,0,9,24,40
2475,5546,2022-09-27,Torres Inc Stadium,85,19,189,13,18,71
2476,1877,2021-09-30,Aguilar and Sons Stadium,62,1,67,2,6,24
2477,3275,2020-07-26,"Gallegos, Alexander and Merritt Stadium",92,15,100,12,14,14
2478,2653,2021-07-05,"Rios, Sanders and Morgan Stadium",79,6,114,8,24,19
2479,3825,2025-08-20,Bradford LLC Stadium,135,8,79,5,17,5
2480,4701,2022-12-02,Richardson Inc Stadium,76,19,164,11,28,24
2481,3330,2024-02-03,Wade Ltd Stadium,126,22,32,10,12,24
2482,5999,2025-07-26,"Ramos, Ball and Perkins Stadium",42,22,131,3,7,68
2483,6999,2023-04-28,Howard Group Stadium,54,18,42,3,3,35
2484,8165,2024-05-04,Ramirez-Taylor Stadium,33,7,140,3,12,74
2485,9050,2024-06-15,Castro-Green Stadium,59,27,183,1,12,73
2486,4765,2022-04-22,Jackson-Cook Stadium,132,8,3,15,18,24
2487,9636,2020-12-03,Johnson PLC Stadium,28,19,54,6,12,16
2488,3321,2020-09-24,Powell and Sons Stadium,108,29,178,5,6,26
2489,34,2025-04-28,Moore-Miller Stadium,41,25,140,0,17,2
2490,4397,2025-08-03,Humphrey-Mcmillan Stadium,56,29,29,13,18,62
2491,8165,2021-06-01,"Miller, Hunter and Wilson Stadium",146,0,104,2,6,3
2492,2329,2021-08-03,Manning-Yang Stadium,100,0,63,7,21,24
2493,9985,2024-07-09,"Ward, Harris and Taylor Stadium",110,14,74,8,17,12
2494,6340,2023-02-02,Dennis-Rivers Stadium,97,24,129,9,24,72
2495,5814,2025-07-24,"Williams, Castillo and Chan Stadium",28,2,75,13,17,33
2496,7302,2021-01-10,Edwards-Taylor Stadium,92,14,10,2,0,42
2497,4714,2023-03-09,Reyes-Lee Stadium,92,21,94,4,0,8
2498,2900,2025-07-20,Erickson and Sons Stadium,88,17,75,15,21,24
2499,1855,2021-12-13,Jones Ltd Stadium,94,29,151,12,12,32
2500,7105,2025-09-01,Newton-Vega Stadium,96,27,148,9,17,53
2501,5347,2023-05-25,"Martinez, Ramsey and Lawrence Stadium",80,14,109,11,14,78
2502,9412,2022-09-18,Wolf LLC Stadium,10,22,95,12,7,52
2503,2718,2026-02-21,"Kane, Sherman and Warren Stadium",50,1,150,13,14,6
2504,3682,2020-01-25,Bowers PLC Stadium,49,9,169,7,28,76
2505,8018,2025-12-25,"Kaiser, Ferguson and Brewer Stadium",64,17,133,5,3,55
2506,5629,2022-05-13,Mcpherson PLC Stadium,11,30,77,3,7,31
2507,975,2025-05-28,Johnson Ltd Stadium,71,2,168,15,3,32
2508,2370,2022-03-15,"Ryan, Suarez and Lynn Stadium",-2,7,51,15,12,9
2509,4295,2022-12-25,"Anderson, Griffin and Smith Stadium",3,26,173,11,7,66
2510,2913,2025-02-18,Lewis-Perez Stadium,22,8,141,8,28,62
2511,787,2026-04-19,Vargas LLC Stadium,121,22,113,3,28,10
2512,5156,2022-06-20,Johnson Ltd Stadium,69,3,143,6,0,28
2513,197,2022-03-01,"Green, May and Daniels Stadium",109,28,45,4,28,4
2514,3299,2022-11-20,"Cruz, White and Matthews Stadium",93,30,53,7,28,5
2515,7698,2022-09-04,Harmon-Blackwell Stadium,62,1,39,1,12,57
2516,3315,2025-04-29,"Smith, Padilla and Tucker Stadium",105,11,56,12,12,70
2517,8222,2021-09-19,Hall-Cook Stadium,34,11,65,12,14,15
2518,8269,2020-08-18,"Pratt, Clayton and Allen Stadium",144,20,59,3,18,60
2519,5051,2025-05-06,Herrera PLC Stadium,62,29,47,4,24,51
2520,2915,2024-07-04,"White, Newman and Spencer Stadium",2,1,21,8,18,24
2521,2608,2023-09-24,Turner and Sons Stadium,98,23,63,8,18,48
2522,9773,2025-04-09,Newman Ltd Stadium,115,29,121,10,0,11
2523,1482,2022-05-06,Watkins-Schneider Stadium,2,26,154,11,18,46
2524,5048,2025-04-11,"Klein, Williams and Jackson Stadium",4,23,120,9,24,37
2525,9922,2024-12-25,Carrillo and Sons Stadium,19,27,67,13,3,22
2526,6075,2020-08-04,Herrera Group Stadium,28,19,50,8,24,39
2527,2922,2020-08-07,Nash Group Stadium,102,16,17,15,3,8
2528,5200,2022-05-07,Ball LLC Stadium,62,18,105,4,6,26
2529,8899,2021-10-09,Cisneros and Sons Stadium,121,26,160,6,3,39
2530,2653,2021-05-14,Burns Inc Stadium,50,3,17,13,28,61
2531,1148,2020-04-22,Mejia LLC Stadium,115,3,176,12,3,10
2532,5687,2020-12-07,Smith-Barajas Stadium,114,10,125,14,0,67
2533,5009,2024-03-06,Davis-Watson Stadium,19,13,32,13,21,3
2534,1895,2024-11-10,"Wiley, Jones and Lopez Stadium",65,25,121,14,28,25
2535,6628,2020-08-27,Gutierrez PLC Stadium,25,8,74,6,3,56
2536,5501,2023-11-25,"Ross, Robinson and Ewing Stadium",89,6,110,14,14,5
2537,6566,2020-06-01,"Williams, Elliott and Dodson Stadium",150,27,149,0,17,58
2538,2189,2023-07-31,Anthony Inc Stadium,54,10,19,6,3,71
2539,9715,2025-12-09,"Campos, Klein and Cantu Stadium",59,16,118,9,3,66
2540,2105,2025-03-31,"Porter, Patrick and Martin Stadium",81,3,140,3,12,53
2541,6512,2021-09-01,Hines-White Stadium,129,9,23,0,12,16
2542,671,2025-10-05,Rogers-Kim Stadium,21,1,183,1,17,13
2543,9531,2024-05-02,Ryan Ltd Stadium,122,3,183,5,14,49
2544,6160,2023-02-01,Black-Ross Stadium,117,30,92,11,24,56
2545,3145,2024-04-04,Ruiz LLC Stadium,54,4,127,4,24,53
2546,109,2024-02-17,Brown-Warner Stadium,37,17,3,0,21,29
2547,4619,2025-08-18,"Hodges, Ford and Miller Stadium",93,25,88,8,12,10
2548,4595,2020-02-04,Sharp-Mueller Stadium,78,0,111,2,7,59
2549,8607,2021-03-21,Raymond Group Stadium,140,12,160,9,28,62
2550,1787,2025-02-04,Davis-Howard Stadium,148,6,111,3,24,65
2551,2946,2022-07-04,Bell Group Stadium,50,4,57,8,28,9
2552,7417,2022-01-04,"Thompson, Pham and Case Stadium",29,29,181,5,21,63
2553,8586,2024-02-10,Hale Ltd Stadium,88,21,34,5,7,1
2554,1895,2024-12-13,Frost-Hebert Stadium,66,14,4,1,17,23
2555,7757,2024-02-24,Smith Group Stadium,78,8,95,3,21,33
2556,4320,2020-04-19,"Riggs, Martin and Luna Stadium",46,19,156,8,24,13
2557,1660,2025-09-17,Burns Ltd Stadium,33,1,150,3,3,23
2558,7441,2020-10-18,"Wood, Padilla and Benson Stadium",15,9,89,7,28,24
2559,2234,2022-08-19,"Sims, Smith and Hardin Stadium",132,5,8,2,18,27
2560,30,2022-10-30,Pope and Sons Stadium,139,16,128,7,12,39
2561,9842,2020-12-08,"Thompson, Crawford and Moran Stadium",71,11,150,3,12,28
2562,173,2022-04-25,Armstrong-Lane Stadium,68,9,135,11,28,51
2563,3068,2025-05-21,Bentley Inc Stadium,17,12,121,11,7,55
2564,1722,2022-10-01,Boyer Ltd Stadium,2,24,169,6,18,37
2565,4030,2022-12-28,"Espinoza, Odom and Lewis Stadium",107,7,93,14,7,30
2566,6220,2025-04-12,"Massey, Richards and Durham Stadium",61,20,19,14,17,64
2567,238,2025-01-31,Moore Inc Stadium,-3,18,59,10,3,77
2568,8618,2022-03-17,Shields Inc Stadium,114,25,166,12,6,65
2569,3443,2021-05-11,Chandler Ltd Stadium,19,6,131,14,17,19
2570,8985,2021-07-08,Lee-Huffman Stadium,107,27,125,8,24,48
2571,5846,2021-01-26,Osborne Ltd Stadium,15,13,183,15,6,62
2572,7929,2022-04-12,"Brown, Rogers and Gilmore Stadium",48,5,120,7,0,4
2573,1829,2025-08-25,"Gonzales, Castillo and Johnson Stadium",121,11,164,0,28,63
2574,6082,2020-06-12,"Cobb, Harvey and Hunt Stadium",91,11,148,2,3,56
2575,1062,2023-06-27,"Pena, Brock and Butler Stadium",134,29,151,4,6,9
2576,5135,2026-03-15,"Duran, Evans and Garcia Stadium",63,16,185,1,18,53
2577,9777,2024-02-11,"Bowman, Fernandez and Martinez Stadium",126,10,54,7,24,80
2578,2717,2021-12-26,"Berry, Gillespie and Hardy Stadium",118,10,169,6,7,68
2579,999,2022-12-07,Young-Holland Stadium,42,8,186,14,6,69
2580,4020,2021-10-24,Ramsey Inc Stadium,73,24,154,1,12,31
2581,4776,2023-02-25,Smith LLC Stadium,18,22,55,3,7,15
2582,154,2025-01-22,"Jordan, Burch and Reyes Stadium",114,11,67,13,3,68
2583,5723,2024-10-14,"Flores, Bennett and Warner Stadium",72,4,86,5,14,72
2584,2764,2021-11-24,Cortez PLC Stadium,85,0,161,10,21,18
2585,6988,2022-08-25,"Rice, Arroyo and Lloyd Stadium",-5,10,66,5,0,45
2586,1530,2026-03-16,Thompson PLC Stadium,33,0,65,3,24,5
2587,1103,2020-10-22,"Carter, Dougherty and Martinez Stadium",0,9,141,10,21,70
2588,3029,2022-08-24,"Hopkins, Ruiz and Green Stadium",141,19,25,9,12,14
2589,5918,2023-09-17,Livingston-Curtis Stadium,145,29,15,13,6,54
2590,8810,2023-07-04,Burns-Day Stadium,74,1,3,14,28,7
2591,724,2024-12-14,Woods-Jones Stadium,47,5,137,12,24,64
2592,267,2022-04-02,Gardner Group Stadium,118,8,198,10,12,76
2593,5093,2023-11-15,"Nguyen, Floyd and Webb Stadium",75,21,23,3,12,2
2594,8165,2025-09-28,"Sharp, Buckley and Vazquez Stadium",53,17,176,0,7,79
2595,7994,2024-11-17,"Zuniga, Green and Randall Stadium",81,1,25,3,14,70
2596,615,2023-09-04,Merritt PLC Stadium,27,9,124,15,7,2
2597,8937,2022-10-05,Jenkins-Parks Stadium,38,29,116,9,7,64
2598,3233,2025-09-02,"Obrien, Armstrong and Santiago Stadium",89,10,119,11,7,52
2599,2686,2020-06-11,"Atkins, Ryan and Jones Stadium",134,26,75,4,18,27
2600,7038,2023-06-25,Peterson-Guerrero Stadium,66,10,110,7,21,61
2601,8163,2024-08-29,"Garcia, Griffin and Glass Stadium",51,21,146,10,24,27
2602,8915,2024-01-17,Long Ltd Stadium,90,23,102,11,3,53
2603,930,2022-03-19,Taylor-Larson Stadium,36,1,114,13,3,4
2604,7000,2025-07-20,Juarez-Skinner Stadium,52,11,118,0,21,54
2605,3359,2025-11-07,Walker-Smith Stadium,20,23,94,1,7,33
2606,2315,2023-04-18,"Riley, Williams and Tate Stadium",124,17,73,5,18,35
2607,6390,2025-02-17,Montes-Ray Stadium,110,19,177,8,17,6
2608,1533,2025-08-04,"Johnson, Flynn and Jones Stadium",40,25,83,10,0,78
2609,9063,2020-11-22,Kim LLC Stadium,123,1,151,12,6,40
2610,617,2025-10-26,Conner-Simpson Stadium,5,25,95,7,14,49
2611,8895,2022-06-28,Montgomery-Jefferson Stadium,18,28,178,6,28,78
2612,654,2020-08-30,"Martin, Davis and Bauer Stadium",13,8,170,10,3,55
2613,296,2025-02-28,"Wise, Oliver and Pearson Stadium",52,10,59,7,12,75
2614,1459,2020-09-07,Anderson-Duran Stadium,17,15,161,10,12,52
2615,5547,2026-04-25,Yang-Davis Stadium,141,8,176,10,24,59
2616,5816,2020-08-02,Nelson Ltd Stadium,79,0,8,4,24,24
2617,9404,2021-06-27,Sullivan Inc Stadium,109,30,48,5,14,72
2618,1257,2023-01-16,Nelson Ltd Stadium,36,18,174,7,0,76
2619,6059,2023-11-18,"Glover, Conway and Peters Stadium",125,1,129,15,3,33
2620,5592,2025-10-12,Buchanan-Sullivan Stadium,125,10,104,12,6,62
2621,331,2025-02-04,Guzman-Meadows Stadium,122,30,22,15,14,65
2622,8905,2026-02-16,Owens-Smith Stadium,-1,7,66,7,18,40
2623,224,2025-01-11,Gutierrez-Osborne Stadium,27,1,36,4,28,36
2624,1294,2022-05-08,Martinez-Manning Stadium,58,18,129,14,6,2
2625,9192,2024-02-17,Davis and Sons Stadium,99,9,108,0,24,9
2626,5968,2020-02-19,King-Taylor Stadium,62,13,195,7,3,47
2627,8939,2023-06-27,"Walsh, Humphrey and Ward Stadium",17,21,97,8,24,23
2628,7179,2022-03-09,Rivera-Robinson Stadium,67,25,85,12,14,13
2629,7111,2022-04-22,Chambers-Terry Stadium,148,15,100,6,21,9
2630,633,2023-09-11,Fletcher-Santiago Stadium,-5,21,20,6,17,36
2631,1648,2022-07-06,Robinson-Huang Stadium,146,16,27,9,3,53
2632,3033,2020-12-19,Smith-Walker Stadium,54,3,30,5,24,30
2633,6172,2021-06-14,Garcia-Miller Stadium,66,19,52,6,3,63
2634,2777,2025-08-18,Steele-Brennan Stadium,148,13,183,6,24,62
2635,5009,2023-11-22,Baxter and Sons Stadium,3,14,62,12,0,63
2636,5472,2021-11-09,Christian Ltd Stadium,81,19,23,0,28,74
2637,1425,2024-11-17,Bowers-Stewart Stadium,141,18,142,5,0,66
2638,172,2024-01-20,"Price, Allen and Flores Stadium",0,18,185,10,24,35
2639,4705,2023-04-12,Collins-Elliott Stadium,1,17,24,9,28,72
2640,9240,2023-06-02,Bradford-Wiggins Stadium,54,24,30,7,18,55
2641,7196,2023-03-17,Wilson-Smith Stadium,133,0,58,2,12,22
2642,2125,2023-12-22,Morgan-Colon Stadium,144,8,41,14,14,71
2643,816,2023-08-07,Swanson-Jennings Stadium,107,1,122,0,12,58
2644,1253,2022-10-01,"Burns, Price and Jennings Stadium",49,29,192,3,21,6
2645,5679,2024-12-19,Spencer-Lewis Stadium,92,27,64,4,21,1
2646,5038,2021-09-29,"Saunders, Lopez and Fuentes Stadium",142,25,131,11,12,39
2647,9363,2024-12-18,Jones-Zamora Stadium,115,5,142,10,21,59
2648,311,2025-07-29,Robinson Ltd Stadium,131,7,128,4,17,43
2649,2388,2026-02-22,Bernard-Ferguson Stadium,21,7,92,5,28,6
2650,5262,2023-11-10,"Mcclure, Roman and Glover Stadium",34,4,71,2,3,32
2651,1194,2024-09-30,Mcguire Group Stadium,36,8,67,1,24,48
2652,2243,2024-05-22,Butler Ltd Stadium,1,22,85,3,12,50
2653,2471,2021-12-13,Myers-Newman Stadium,108,9,163,12,6,36
2654,7415,2025-11-08,"Owens, Henson and Ford Stadium",89,16,43,0,6,21
2655,6708,2020-10-04,"Chandler, Henderson and Khan Stadium",138,2,96,9,21,72
2656,872,2020-11-17,Day-Pena Stadium,79,18,74,5,18,18
2657,6458,2025-06-25,Johnson-Jordan Stadium,20,11,190,14,21,53
2658,770,2021-09-30,Mcgrath-Parker Stadium,92,19,198,2,12,33
2659,3393,2025-05-18,Johnson PLC Stadium,25,30,41,3,17,1
2660,7028,2025-06-12,Gross LLC Stadium,-3,0,127,2,14,80
2661,9064,2023-03-08,Robinson Group Stadium,19,5,22,4,24,65
2662,3636,2022-03-18,Jenkins LLC Stadium,17,19,30,7,28,36
2663,1487,2021-08-18,Sanchez-Abbott Stadium,113,23,116,12,7,30
2664,8060,2020-08-22,Garcia Inc Stadium,142,18,59,3,18,74
2665,4657,2020-07-10,Hodges LLC Stadium,44,12,93,0,17,58
2666,9997,2021-03-20,Sanchez LLC Stadium,122,9,178,14,3,38
2667,7370,2020-10-16,"Ramirez, Doyle and Smith Stadium",117,2,1,15,28,55
2668,2830,2024-12-16,Kline Inc Stadium,8,0,178,3,14,7
2669,8674,2023-10-19,"Smith, Williams and Washington Stadium",41,1,35,12,7,56
2670,5919,2021-05-05,"Bates, Tucker and Holder Stadium",45,8,172,11,14,36
2671,7562,2026-02-13,"Williams, Brandt and Payne Stadium",27,28,164,0,0,21
2672,490,2024-09-17,Ross-Mueller Stadium,24,29,97,9,28,56
2673,8322,2023-02-25,"Flowers, Gallegos and Neal Stadium",11,15,118,13,21,59
2674,9587,2020-07-01,Hayes Group Stadium,20,19,172,5,0,35
2675,5222,2024-06-04,Johnson Group Stadium,123,3,177,11,28,2
2676,1362,2021-11-24,Tucker PLC Stadium,29,5,162,12,28,4
2677,5494,2026-03-14,"Allen, Miller and Patrick Stadium",65,8,105,9,17,2
2678,8763,2025-03-09,"Johnson, Martinez and Bird Stadium",105,30,32,7,7,53
2679,8756,2024-04-18,Jenkins-Gonzalez Stadium,83,21,82,7,14,13
2680,9263,2024-01-23,Richard Ltd Stadium,53,19,115,6,6,31
2681,6038,2022-08-16,Johnson-Cooper Stadium,19,14,160,4,14,35
2682,5779,2020-09-23,Leonard-Baker Stadium,47,19,71,10,14,34
2683,4885,2023-09-25,Lara Ltd Stadium,120,2,50,10,18,14
2684,956,2026-03-15,"Mendoza, Ramirez and Morales Stadium",83,29,86,14,21,40
2685,7708,2021-06-10,Schmidt LLC Stadium,129,13,103,7,3,78
2686,9334,2023-08-31,Donovan and Sons Stadium,9,19,66,3,17,12
2687,9362,2022-07-15,Shannon-Hancock Stadium,30,26,108,1,0,2
2688,6890,2025-07-01,"Howell, Trevino and Davis Stadium",-1,15,115,14,7,41
2689,7144,2025-06-28,Myers Ltd Stadium,12,20,169,3,24,13
2690,4992,2023-12-20,"Prince, Anderson and Harmon Stadium",34,15,86,6,21,29
2691,5832,2025-11-26,Myers LLC Stadium,113,10,78,2,14,8
2692,33,2021-10-28,Johnson-Wagner Stadium,28,4,30,0,28,24
2693,2161,2024-07-15,"Davis, Choi and Pierce Stadium",98,6,107,6,12,33
2694,6485,2025-05-08,"Ramirez, Mcintosh and Patel Stadium",63,15,145,7,21,18
2695,8590,2022-12-09,Jenkins Group Stadium,40,28,199,14,28,46
2696,9899,2025-07-26,Anderson-Phillips Stadium,78,0,117,9,14,35
2697,8109,2025-08-19,Atkins PLC Stadium,9,14,11,2,28,28
2698,1447,2023-07-16,Rodriguez-Dyer Stadium,100,28,150,9,12,51
2699,7771,2020-01-25,Fletcher-Gallegos Stadium,65,29,185,0,14,46
2700,1501,2020-11-06,Higgins Ltd Stadium,63,22,13,4,17,9
2701,6554,2025-08-22,"Dunlap, Ray and Ryan Stadium",137,4,148,12,12,22
2702,4363,2025-07-16,Fisher-Davidson Stadium,52,27,192,6,24,43
2703,7676,2024-09-21,Newman LLC Stadium,93,7,170,11,7,74
2704,1696,2022-04-07,Mclaughlin-Lane Stadium,46,14,30,0,7,32
2705,7125,2022-08-06,Rice-Steele Stadium,116,29,144,10,3,31
2706,3893,2023-10-12,Baird LLC Stadium,106,21,164,8,17,38
2707,1377,2021-04-24,Keller Inc Stadium,94,12,183,9,17,51
2708,1049,2025-03-09,"Carter, Stewart and Wilson Stadium",48,21,180,7,21,15
2709,6126,2020-05-18,Gray Inc Stadium,15,15,1,0,18,13
2710,6376,2021-10-09,Ortiz-Rose Stadium,42,0,176,6,12,9
2711,3400,2023-07-22,"Kelly, Robinson and Jimenez Stadium",75,14,27,2,21,10
2712,1759,2025-09-14,Mclaughlin-Bolton Stadium,22,7,63,11,17,55
2713,8287,2022-11-24,Shelton-Mathis Stadium,139,18,194,13,28,73
2714,9010,2025-12-26,Castillo-Williams Stadium,147,20,129,14,18,43
2715,921,2022-08-17,Wallace Group Stadium,116,20,2,12,7,37
2716,5337,2022-01-21,"Lee, Conrad and Reyes Stadium",70,30,10,11,17,16
2717,6913,2023-02-01,Soto-Price Stadium,108,5,134,13,0,71
2718,526,2024-01-17,Riley-Carter Stadium,123,11,177,8,7,71
2719,5077,2020-07-07,Murphy Group Stadium,115,15,15,8,0,26
2720,2810,2023-10-29,"Davis, Pham and Hughes Stadium",101,15,111,12,14,19
2721,9195,2025-01-14,Norton Inc Stadium,121,21,120,2,21,12
2722,4229,2025-06-26,George-Castaneda Stadium,30,6,175,13,17,68
2723,9197,2021-03-03,Hansen-Alvarez Stadium,17,20,86,5,14,14
2724,9005,2022-01-04,Keller-Lee Stadium,70,2,188,8,3,3
2725,6169,2026-02-23,Moore-Nguyen Stadium,65,25,7,5,3,78
2726,5944,2025-09-22,Mendoza LLC Stadium,43,10,107,6,14,13
2727,3877,2024-05-25,Bender-Sawyer Stadium,100,24,129,11,28,33
2728,6135,2025-10-31,Wallace and Sons Stadium,129,10,48,6,18,46
2729,5903,2024-11-10,"Sanders, Rodriguez and Payne Stadium",68,14,95,4,6,9
2730,607,2023-01-30,Nash and Sons Stadium,31,21,135,12,0,62
2731,2349,2022-05-14,Dawson-Watson Stadium,28,22,169,3,12,78
2732,896,2022-11-22,"Hayes, Calderon and Rodriguez Stadium",31,12,42,15,0,68
2733,4928,2024-10-23,Turner Group Stadium,21,9,115,5,17,31
2734,9471,2020-04-20,Rivera-Armstrong Stadium,45,18,157,0,14,42
2735,9174,2021-03-16,Thomas Ltd Stadium,37,0,51,7,28,15
2736,7677,2021-06-27,"Curtis, Johnson and Hart Stadium",12,29,70,3,6,79
2737,1539,2025-11-06,Johnson Ltd Stadium,137,0,92,4,0,7
2738,983,2023-11-22,Lewis LLC Stadium,101,30,30,9,28,62
2739,2044,2024-05-13,Shepherd-Rowe Stadium,139,9,37,7,24,77
2740,9261,2022-05-02,"Bennett, Cantu and Gordon Stadium",47,21,102,13,0,60
2741,943,2022-03-27,Gomez Ltd Stadium,81,11,14,14,0,56
2742,1641,2023-05-25,Morgan Group Stadium,107,9,19,0,28,75
2743,3865,2022-04-29,Molina LLC Stadium,91,18,124,14,24,4
2744,8627,2020-03-08,"Rice, Mullen and Perkins Stadium",113,15,58,7,17,21
2745,4235,2024-09-13,Morris-Bryant Stadium,101,7,46,7,7,29
2746,4506,2021-05-23,Taylor PLC Stadium,45,11,197,6,18,46
2747,6634,2022-03-12,Smith-Fuller Stadium,52,23,200,0,21,21
2748,9215,2022-08-25,Stevenson-Hernandez Stadium,22,7,120,5,7,34
2749,6944,2023-08-14,"Butler, Smith and Johnson Stadium",-5,23,177,14,14,1
2750,7078,2021-04-18,"Martinez, Woods and Smith Stadium",94,8,7,10,12,11
2751,3967,2021-02-24,Watson-Stevenson Stadium,100,22,123,3,28,46
2752,853,2023-12-28,Simpson PLC Stadium,103,24,12,5,7,73
2753,2384,2024-05-28,Thomas-Woods Stadium,48,4,70,7,14,30
2754,3676,2024-01-15,Turner-Cline Stadium,50,1,161,9,3,47
2755,3650,2021-03-27,Grant-Aguilar Stadium,79,19,115,9,7,46
2756,7588,2021-12-22,Gonzalez PLC Stadium,145,9,153,1,7,48
2757,1615,2024-06-13,Anderson-Jackson Stadium,86,9,103,2,14,21
2758,1037,2022-08-29,Cox-Cuevas Stadium,92,0,135,5,12,6
2759,1397,2024-03-19,"Nelson, Powell and Mcdonald Stadium",56,8,13,13,18,65
2760,9096,2024-10-11,Clark-Robinson Stadium,44,3,70,14,18,64
2761,2001,2021-08-28,"Garrison, Ibarra and Kim Stadium",146,13,68,1,0,43
2762,3616,2022-04-08,Davis Group Stadium,9,8,188,6,21,52
2763,1103,2025-03-04,Baker-Ross Stadium,18,10,79,5,28,43
2764,6954,2021-04-29,"Miller, Smith and Allen Stadium",113,5,183,7,14,8
2765,3018,2024-11-18,"Thornton, Butler and Coleman Stadium",45,5,14,2,12,40
2766,5285,2024-09-09,Delacruz-Torres Stadium,11,2,184,0,24,9
2767,5215,2022-10-06,"Peterson, Rodriguez and Aguilar Stadium",5,16,189,5,3,20
2768,6966,2020-01-09,Ross-Stanley Stadium,111,15,160,8,18,69
2769,8334,2023-08-16,"Allen, Kim and Sutton Stadium",123,2,170,8,17,6
2770,1651,2023-10-25,Hayes-Harper Stadium,31,1,168,15,7,37
2771,160,2020-08-18,Sampson-Cordova Stadium,71,3,24,10,21,46
2772,7573,2023-02-20,Miles-Smith Stadium,65,7,83,9,0,26
2773,1361,2021-03-26,"Garcia, Mcgee and Garcia Stadium",126,10,198,8,28,64
2774,7180,2023-06-13,Walter-Herman Stadium,128,10,99,11,17,66
2775,901,2023-02-10,Graham PLC Stadium,148,1,56,1,17,57
2776,2251,2021-02-05,Brooks Inc Stadium,90,0,193,15,24,79
2777,9645,2020-02-08,Mathis-Hunter Stadium,3,12,164,9,12,38
2778,1274,2020-05-24,Hubbard-Adams Stadium,30,20,69,6,17,43
2779,105,2022-03-14,Harris-Howard Stadium,141,19,171,8,12,47
2780,6552,2024-01-20,Lewis and Sons Stadium,110,19,57,11,12,75
2781,6447,2023-02-22,Gonzales Ltd Stadium,114,16,161,10,18,53
2782,1272,2024-10-28,Gutierrez Group Stadium,19,4,137,12,12,56
2783,5311,2022-09-23,Walter-Carney Stadium,107,3,183,4,6,60
2784,8009,2021-01-18,Price LLC Stadium,46,7,62,7,18,42
2785,6190,2024-12-03,"Woodward, Ryan and White Stadium",38,16,9,13,12,66
2786,9896,2024-04-11,Green PLC Stadium,11,3,139,4,14,58
2787,8322,2025-02-05,Wood-Douglas Stadium,10,13,131,11,14,33
2788,8787,2023-01-07,"Perez, White and Riley Stadium",22,5,20,15,6,55
2789,9740,2021-12-08,Oliver-Huynh Stadium,131,27,64,9,24,26
2790,8979,2020-01-25,Cox-Hess Stadium,83,2,82,7,3,41
2791,2199,2024-04-20,Roberts Group Stadium,67,24,175,12,12,55
2792,6569,2023-10-24,"Logan, Cooper and Rivera Stadium",103,22,20,13,24,62
2793,8287,2022-06-24,"Mercer, Willis and Nguyen Stadium",133,15,152,14,7,72
2794,4368,2023-04-03,Murphy-Luna Stadium,105,0,41,12,3,26
2795,7959,2023-08-12,"Gonzalez, Rasmussen and Patel Stadium",109,24,158,5,0,65
2796,5468,2021-01-30,Harris-Baker Stadium,101,1,181,2,6,56
2797,6873,2022-07-20,Rose Group Stadium,149,3,51,9,0,32
2798,3120,2023-08-13,Burton Ltd Stadium,108,30,124,13,24,79
2799,4793,2022-12-12,"Duncan, Smith and Grant Stadium",68,22,82,11,28,34
2800,2833,2020-10-30,Williams-Lee Stadium,13,28,67,1,14,68
2801,478,2020-11-28,Moran LLC Stadium,43,16,191,8,21,59
2802,5852,2020-05-09,Freeman-Gilbert Stadium,-3,28,124,5,24,44
2803,4772,2024-02-06,"Bailey, Cannon and Brown Stadium",104,25,129,1,21,3
2804,9307,2023-11-28,"Paul, Alvarado and Kaiser Stadium",43,8,142,1,7,57
2805,140,2021-05-25,"Goodwin, Taylor and Gamble Stadium",128,2,82,3,0,32
2806,4253,2024-03-13,Jones-Brown Stadium,76,5,25,9,6,57
2807,8899,2022-10-15,"Diaz, Richmond and Robinson Stadium",127,26,79,9,14,7
2808,3777,2023-04-15,Thomas LLC Stadium,102,1,81,8,6,39
2809,8411,2024-10-23,"Wells, Johnson and Romero Stadium",-4,11,160,9,28,41
2810,4011,2026-02-14,Taylor and Sons Stadium,138,19,138,7,28,37
2811,386,2021-04-06,Baker-Curry Stadium,39,9,83,10,12,67
2812,9017,2025-05-14,Williams and Sons Stadium,62,15,99,15,0,69
2813,5537,2026-03-23,"Cisneros, Espinoza and Norman Stadium",46,24,106,12,18,79
2814,5185,2022-12-13,Smith Ltd Stadium,36,16,59,10,0,41
2815,4882,2025-06-10,"Palmer, Mitchell and Garcia Stadium",149,19,52,14,17,71
2816,889,2021-10-18,Jones-Douglas Stadium,143,5,192,6,0,50
2817,2451,2024-03-20,"Haney, Rosales and Perez Stadium",40,28,23,13,7,44
2818,9862,2025-03-26,"Jones, Todd and Lindsey Stadium",19,28,122,14,17,65
2819,6890,2025-02-23,"Jackson, Stewart and Dillon Stadium",46,21,146,9,21,23
2820,4765,2023-05-02,Powell-Norman Stadium,118,17,49,5,18,70
2821,2875,2020-03-28,Harmon PLC Stadium,27,22,177,12,7,34
2822,5063,2020-10-02,"Holmes, Alvarado and Ewing Stadium",57,15,100,10,17,74
2823,977,2024-08-10,"Wells, House and Kirby Stadium",126,7,105,3,17,25
2824,5366,2020-02-12,"Coleman, Bowers and Pitts Stadium",94,26,143,0,18,5
2825,5850,2020-05-27,Hall-Vaughan Stadium,26,21,195,1,28,69
2826,5141,2024-11-23,"Gutierrez, Quinn and Moore Stadium",122,24,28,13,21,62
2827,7247,2025-06-14,"Paul, Harvey and Gonzalez Stadium",90,28,46,1,12,44
2828,171,2025-07-23,"Parrish, Lewis and Snow Stadium",67,10,130,7,12,23
2829,1485,2025-11-06,Arnold-Anthony Stadium,10,0,56,1,18,31
2830,8033,2021-06-13,Ortega and Sons Stadium,72,6,97,4,18,61
2831,5307,2026-02-06,Roberts PLC Stadium,33,9,69,0,7,18
2832,2904,2024-02-29,Campbell LLC Stadium,74,29,79,13,6,57
2833,1128,2023-05-04,Fitzgerald-Simpson Stadium,15,0,172,2,28,26
2834,384,2023-01-11,Flores-Roberts Stadium,146,25,5,13,28,57
2835,8835,2023-04-21,Barrett PLC Stadium,59,15,83,5,7,6
2836,2868,2024-03-25,Pierce-Marsh Stadium,54,23,101,7,7,61
2837,92,2025-11-07,Travis Inc Stadium,17,20,176,2,7,16
2838,1753,2025-07-18,Strickland-Sanchez Stadium,20,24,177,3,21,19
2839,3460,2020-05-26,Ellis and Sons Stadium,7,12,160,13,7,69
2840,173,2024-08-01,Johnson-Cook Stadium,91,18,92,9,28,7
2841,8649,2020-10-30,Wallace-Murphy Stadium,125,13,28,7,14,7
2842,5878,2021-09-26,"Hernandez, King and Gross Stadium",50,10,74,9,24,35
2843,5820,2020-01-09,Murphy-Aguilar Stadium,83,28,198,13,14,61
2844,2718,2020-08-22,Sanchez-Smith Stadium,72,16,199,6,17,47
2845,6430,2024-12-31,Rangel LLC Stadium,89,20,48,2,28,23
2846,7870,2023-03-06,Green-Baker Stadium,107,2,161,15,14,80
2847,1132,2020-04-08,Carpenter-Navarro Stadium,46,14,64,13,12,20
2848,7825,2025-07-02,Cox Inc Stadium,114,10,79,4,28,67
2849,2979,2020-08-26,"Walker, Blake and Lee Stadium",26,7,62,4,0,1
2850,8993,2025-09-21,Romero-Davis Stadium,8,18,109,6,28,28
2851,7205,2026-04-18,Welch-Adams Stadium,124,0,169,2,3,26
2852,7928,2021-01-15,Heath-Rodriguez Stadium,32,18,17,0,18,66
2853,6479,2024-12-17,Cook-Adams Stadium,47,25,103,4,6,73
2854,1833,2021-11-04,Campbell Inc Stadium,-5,12,61,7,6,15
2855,5359,2021-07-01,Garcia Inc Stadium,74,1,193,8,3,55
2856,773,2021-07-25,"Daugherty, Romero and Hayes Stadium",85,23,121,4,21,80
2857,40,2020-03-26,"Cruz, Ramos and Davidson Stadium",51,26,48,10,24,58
2858,4697,2021-11-13,"Wilson, Winters and Russell Stadium",128,5,0,3,28,5
2859,3683,2025-09-25,Johnson and Sons Stadium,94,23,70,13,7,28
2860,6039,2020-05-14,Keller Group Stadium,55,26,199,5,18,45
2861,7778,2025-09-29,"Ross, Nixon and Kidd Stadium",54,20,23,4,17,44
2862,226,2020-12-31,"Swanson, Snyder and Evans Stadium",11,29,124,13,14,73
2863,9034,2020-02-28,Sheppard-Williams Stadium,55,9,5,14,18,61
2864,4295,2023-02-17,Hughes-Barrett Stadium,40,2,74,7,6,5
2865,9636,2020-01-03,Conner Group Stadium,31,6,9,14,18,43
2866,1814,2025-12-15,Pruitt-Hansen Stadium,50,20,194,1,17,21
2867,252,2023-10-18,Frost LLC Stadium,89,13,200,12,14,62
2868,4367,2024-04-05,"Hull, Smith and Obrien Stadium",50,15,37,3,3,56
2869,8325,2025-03-07,Roberts-Beck Stadium,108,12,7,0,7,10
2870,8300,2022-12-09,Martin Ltd Stadium,4,12,165,0,21,80
2871,8520,2026-03-03,Anderson-Fernandez Stadium,130,8,73,8,14,68
2872,9764,2020-05-14,Wolfe-Barnes Stadium,55,9,135,0,14,60
2873,6646,2020-02-19,Moran-Davis Stadium,45,23,187,2,24,39
2874,592,2023-01-04,Wright LLC Stadium,74,26,35,8,6,39
2875,9827,2026-01-01,"Shepherd, Vasquez and Smith Stadium",104,11,190,0,14,2
2876,3999,2021-01-29,"Branch, Garcia and Hicks Stadium",21,14,182,3,24,17
2877,6058,2025-01-27,Blackburn-Willis Stadium,94,18,185,0,7,12
2878,5501,2021-02-13,Terry-Garcia Stadium,123,28,15,15,21,9
2879,1575,2024-03-14,Williams PLC Stadium,79,3,91,3,12,79
2880,9203,2026-01-14,Johnson-Collier Stadium,6,2,22,2,6,29
2881,4104,2021-06-02,"Munoz, Bass and Peterson Stadium",24,12,193,3,7,14
2882,1818,2020-03-26,"Morales, Avila and Barker Stadium",7,6,55,0,7,73
2883,6968,2024-07-03,Ramsey PLC Stadium,119,1,198,6,7,54
2884,513,2024-01-02,Wilson-May Stadium,43,15,116,2,21,12
2885,5413,2021-02-26,Mendoza and Sons Stadium,2,2,13,8,28,35
2886,5192,2020-06-18,Macias Group Stadium,140,18,72,10,28,22
2887,7807,2020-02-09,"Reeves, Ray and Lewis Stadium",51,18,83,10,21,67
2888,6157,2020-06-27,Carter-Baker Stadium,38,23,48,4,24,52
2889,6493,2020-11-03,Nelson-Moore Stadium,102,6,106,1,24,47
2890,951,2022-06-10,"Suarez, Munoz and Lee Stadium",119,17,112,9,7,80
2891,4329,2023-04-24,Griffin-Rose Stadium,19,8,35,13,21,43
2892,4530,2021-08-08,Harris-Carpenter Stadium,107,18,108,6,7,59
2893,3319,2021-03-14,"Carter, Moore and Garcia Stadium",141,14,112,13,24,63
2894,984,2024-11-14,Ramirez and Sons Stadium,101,8,155,15,17,46
2895,4553,2025-11-26,"Kennedy, Kerr and Hart Stadium",43,22,59,3,6,65
2896,2095,2023-10-06,"Sullivan, Thomas and Hunter Stadium",2,30,103,7,0,67
2897,1056,2022-07-31,"Burgess, Garcia and Thomas Stadium",31,9,83,1,21,34
2898,4357,2021-07-24,Decker LLC Stadium,149,23,14,13,0,47
2899,3570,2020-01-13,Johnson Ltd Stadium,5,23,129,10,21,3
2900,8581,2021-06-17,Mccarty-Ward Stadium,78,14,175,12,0,16
2901,8553,2025-06-22,Hunter-Murphy Stadium,26,21,167,11,3,42
2902,8613,2020-07-23,Salinas PLC Stadium,54,5,59,6,17,77
2903,1763,2025-03-05,Mendoza and Sons Stadium,6,26,49,3,28,36
2904,6982,2023-01-09,Parker-Wright Stadium,115,22,83,15,21,30
2905,412,2024-09-05,"Johnson, Watkins and Flores Stadium",83,7,19,1,28,9
2906,5960,2024-05-16,"Cooper, Jensen and Riggs Stadium",41,19,104,13,24,15
2907,8515,2021-02-01,"Phillips, Rubio and Pitts Stadium",63,25,174,14,7,52
2908,4097,2023-10-18,Crawford LLC Stadium,5,19,15,9,18,69
2909,286,2024-06-18,Rodriguez-Ellison Stadium,144,0,43,15,14,71
2910,94,2023-05-30,Case-Brown Stadium,88,0,185,2,3,69
2911,7007,2020-06-28,"Jones, Castro and Guerrero Stadium",51,5,185,1,12,40
2912,4991,2020-06-23,"Hopkins, Lee and Bridges Stadium",127,8,21,5,28,78
2913,6094,2020-11-27,"Martinez, Ochoa and Wright Stadium",103,15,24,3,14,10
2914,8174,2023-09-22,Jones Ltd Stadium,105,17,167,3,18,29
2915,5257,2021-03-25,Anthony LLC Stadium,43,13,67,12,21,56
2916,4596,2023-10-26,"Reyes, Williams and Ortiz Stadium",1,11,83,13,28,23
2917,6963,2023-12-28,"Henderson, Jackson and Lynch Stadium",9,25,92,1,14,80
2918,631,2020-06-04,Nguyen Inc Stadium,128,14,92,9,6,55
2919,5238,2021-11-04,"Baker, Flynn and Pena Stadium",125,16,115,0,24,22
2920,268,2024-01-13,Moore Group Stadium,108,4,39,4,18,65
2921,7070,2024-01-19,"Brown, Carrillo and Roberts Stadium",119,14,123,8,18,29
2922,8933,2026-02-21,Haas-Campbell Stadium,96,16,117,3,28,16
2923,9543,2025-08-29,Castillo and Sons Stadium,69,15,61,10,17,21
2924,9307,2021-11-15,"Bryant, Steele and Meyer Stadium",144,29,122,0,21,77
2925,8521,2025-10-28,Gill and Sons Stadium,70,10,59,6,6,16
2926,2938,2024-09-08,Ramirez and Sons Stadium,85,20,177,14,21,64
2927,384,2023-03-27,Rhodes LLC Stadium,91,4,6,0,12,19
2928,9228,2023-11-03,Mitchell-Carson Stadium,80,0,21,3,14,20
2929,9374,2022-11-14,Peters-Terry Stadium,37,4,70,8,3,40
2930,7142,2021-03-13,Irwin Ltd Stadium,147,28,188,7,24,78
2931,3282,2024-01-25,Bradley-Bush Stadium,29,20,91,9,18,4
2932,7490,2025-08-06,Payne LLC Stadium,133,27,110,7,18,44
2933,4786,2022-08-05,Miller Inc Stadium,125,6,182,14,17,50
2934,7077,2025-01-06,"Boyd, Orr and Robinson Stadium",55,14,52,6,28,7
2935,5375,2022-04-06,"Clarke, Brown and Burton Stadium",87,30,104,14,18,65
2936,4645,2024-05-10,"Sharp, Poole and Martin Stadium",13,12,4,8,14,61
2937,2844,2020-09-29,Mcmillan-Norton Stadium,75,14,120,11,7,56
2938,5795,2025-11-15,"Cox, Webb and Rogers Stadium",108,25,90,4,17,40
2939,8033,2022-11-02,Goodman-Aguirre Stadium,23,11,96,7,12,46
2940,5878,2025-06-29,"Smith, Johnson and Lopez Stadium",16,4,122,3,6,58
2941,6656,2021-10-17,"Allen, Mckinney and Brandt Stadium",144,5,69,4,28,6
2942,8912,2022-02-13,Webster-Hunter Stadium,93,19,198,2,14,11
2943,9972,2023-01-30,Bender Group Stadium,-5,2,119,10,7,35
2944,4040,2025-01-13,Greene LLC Stadium,79,16,186,6,21,8
2945,865,2025-03-04,Davenport-Grant Stadium,149,8,9,3,28,43
2946,3713,2025-07-25,Love Group Stadium,64,28,162,14,6,67
2947,9609,2023-11-06,Smith PLC Stadium,80,11,136,4,14,67
2948,9621,2023-07-31,Cole-Freeman Stadium,125,12,125,2,21,59
2949,9030,2023-08-03,Cox-Jones Stadium,97,23,32,3,6,16
2950,1755,2024-02-24,"Bell, Perez and Brown Stadium",33,19,4,0,28,11
2951,9690,2026-04-07,Brooks-Hall Stadium,129,11,58,8,12,64
2952,4983,2025-11-06,"Ho, Kaiser and Wells Stadium",57,27,147,5,12,4
2953,8795,2024-08-07,Olson LLC Stadium,0,3,5,6,21,54
2954,3402,2020-03-09,Lloyd PLC Stadium,112,8,63,1,3,6
2955,5672,2022-12-23,Hooper-Reyes Stadium,76,20,23,2,6,38
2956,8775,2021-08-30,Kim Group Stadium,92,3,137,11,0,35
2957,9781,2022-01-04,Lopez and Sons Stadium,-2,23,58,8,3,30
2958,3223,2022-06-19,Ryan Group Stadium,126,11,170,14,0,65
2959,1120,2022-05-07,Farley-Ray Stadium,62,19,14,15,12,41
2960,1768,2022-03-30,Hawkins Inc Stadium,72,17,49,2,24,34
2961,8586,2023-11-02,"Webster, Trujillo and Smith Stadium",33,16,98,2,7,3
2962,8665,2021-11-03,Harris Ltd Stadium,2,26,44,15,18,58
2963,7080,2022-03-25,Jones-Richards Stadium,44,6,11,15,3,17
2964,8701,2022-07-20,"Oconnor, Rodriguez and Payne Stadium",54,11,55,3,7,7
2965,2721,2021-10-29,Taylor-Wright Stadium,46,2,23,0,0,46
2966,9929,2022-01-23,Bell LLC Stadium,135,4,5,3,3,67
2967,2032,2020-01-31,Dixon-Black Stadium,27,18,146,12,21,79
2968,5644,2025-02-23,Myers-Allen Stadium,-5,26,42,4,28,80
2969,6162,2024-04-22,"Flynn, Barnes and Carrillo Stadium",112,17,40,0,28,42
2970,6570,2024-10-26,Rogers-Villarreal Stadium,7,2,71,7,6,51
2971,3729,2025-03-16,Allison-Hogan Stadium,108,11,16,6,3,39
2972,7590,2022-08-19,Brown-Garcia Stadium,122,9,169,11,17,21
2973,1359,2020-10-21,Peterson PLC Stadium,100,6,31,5,18,38
2974,8775,2022-01-06,"Vasquez, King and Carlson Stadium",36,28,160,9,14,29
2975,5503,2023-09-08,Benson Ltd Stadium,106,21,145,12,24,10
2976,6465,2024-02-22,Yang-Riggs Stadium,25,6,194,10,3,24
2977,6019,2021-02-11,Brown-Roberts Stadium,85,18,24,4,28,5
2978,8757,2026-02-08,Trujillo-Smith Stadium,150,28,24,6,0,24
2979,5143,2024-04-10,Pierce and Sons Stadium,27,22,87,13,6,20
2980,9933,2025-11-02,Evans Inc Stadium,26,14,164,14,24,39
2981,2505,2021-08-21,Turner PLC Stadium,115,5,73,15,6,57
2982,1635,2021-01-09,"Lopez, Lozano and Graves Stadium",84,30,94,8,17,4
2983,5051,2023-02-18,"Richards, Lawrence and Rodriguez Stadium",19,6,140,0,17,4
2984,2549,2020-07-24,"Duran, Shah and Harrison Stadium",125,30,11,9,7,5
2985,409,2021-07-05,"Obrien, Cooper and Ware Stadium",138,17,177,14,14,49
2986,8049,2024-07-10,"Walker, Williams and Orozco Stadium",73,17,148,6,6,25
2987,1056,2022-05-24,"Spence, Jones and Williams Stadium",21,2,59,2,12,36
2988,4018,2024-09-02,"Morris, Lewis and Smith Stadium",2,6,153,4,24,48
2989,2277,2021-11-09,"Rivera, Johnson and Ferguson Stadium",76,19,64,10,7,71
2990,5707,2022-10-08,Ferguson PLC Stadium,121,9,7,8,6,65
2991,6429,2022-01-15,"Rose, Craig and Adams Stadium",36,17,40,5,24,12
2992,8235,2023-10-25,Mason-Harrell Stadium,1,20,69,10,28,38
2993,7939,2020-08-05,Jones-Williams Stadium,86,16,53,7,0,37
2994,1901,2022-05-17,"Brown, Mann and Adams Stadium",99,7,156,7,14,9
2995,5583,2021-04-15,"Green, Clarke and Baxter Stadium",52,20,116,5,6,22
2996,497,2022-05-15,Jenkins and Sons Stadium,135,13,86,1,6,75
2997,4197,2023-01-20,Lynn PLC Stadium,132,23,98,9,6,4
2998,4656,2026-04-14,Patterson-Thomas Stadium,76,4,108,8,21,8
2999,7206,2023-08-11,Curtis-Sanchez Stadium,35,0,5,4,12,49
3000,9371,2024-12-06,Wallace-Hill Stadium,130,20,112,0,24,61
3001,8551,2026-01-03,"Day, Thomas and Cook Stadium",64,18,126,6,18,39
3002,7356,2020-12-26,Gibson-Anderson Stadium,8,15,40,11,21,34
3003,6598,2020-12-21,Ortiz-Jacobs Stadium,0,8,6,7,17,7
3004,1579,2022-11-02,"Hunt, Blevins and Woodard Stadium",61,1,147,15,12,6
3005,6512,2021-06-03,Rogers LLC Stadium,30,26,109,12,17,79
3006,6359,2024-11-19,"Richardson, Lara and Howe Stadium",137,12,50,15,28,57
3007,1804,2023-02-10,Smith-Brown Stadium,35,3,67,14,18,43
3008,6673,2023-11-13,Miller-Gross Stadium,133,19,84,5,6,64
3009,4900,2024-08-24,"Johnson, Walker and Meadows Stadium",117,5,77,10,6,46
3010,3835,2022-09-20,"Evans, Miller and Lynn Stadium",123,23,95,14,12,60
3011,8268,2020-05-27,Sanders-Brown Stadium,3,9,21,11,0,77
3012,6218,2025-09-15,"Hodge, Medina and Pratt Stadium",34,24,175,14,24,11
3013,9797,2025-06-09,"Rodriguez, Martin and Mcdaniel Stadium",93,10,38,12,24,32
3014,4209,2021-02-15,Schmidt and Sons Stadium,82,1,69,1,6,72
3015,8173,2020-10-22,Mclaughlin-Stein Stadium,72,2,108,0,3,73
3016,9193,2022-05-30,Contreras-Kennedy Stadium,117,2,123,13,17,29
3017,916,2025-01-27,Garrett PLC Stadium,38,10,80,14,18,38
3018,4145,2021-06-16,Rivas LLC Stadium,107,0,53,11,24,31
3019,6470,2026-02-27,"Preston, Gutierrez and Jones Stadium",12,1,12,14,28,64
3020,8698,2025-02-13,Keller-Fox Stadium,95,5,1,1,7,12
3021,7515,2025-06-11,Jacobs-Erickson Stadium,94,4,59,2,12,45
3022,2725,2020-09-15,Johnson-Hunter Stadium,62,23,180,9,12,18
3023,6949,2023-04-02,"Sanchez, Fowler and Escobar Stadium",-5,18,186,4,7,28
3024,8753,2022-06-10,"Johnson, Thomas and Fernandez Stadium",12,25,16,14,6,29
3025,5004,2024-01-25,"Rogers, Garcia and Mccormick Stadium",29,27,86,13,28,20
3026,7410,2020-08-10,"Ingram, Harmon and Russell Stadium",99,18,126,9,18,1
3027,7775,2022-09-07,Young LLC Stadium,5,13,23,6,24,43
3028,9907,2021-07-11,Clayton LLC Stadium,34,21,61,15,6,28
3029,9572,2022-11-22,Gordon-Cervantes Stadium,53,0,182,7,18,8
3030,3477,2023-05-02,"Schmidt, Williams and Stephenson Stadium",81,7,123,10,14,22
3031,8210,2024-07-11,Diaz Group Stadium,15,5,22,4,24,8
3032,5430,2020-09-21,Mcclain Group Stadium,80,29,9,12,17,22
3033,6634,2023-12-19,Rodriguez LLC Stadium,122,15,99,8,18,25
3034,796,2025-09-11,Bender-George Stadium,68,23,24,10,24,34
3035,7621,2023-11-25,"Fields, Ramos and Cook Stadium",129,14,84,14,18,53
3036,9717,2020-11-12,Barnes-Cox Stadium,129,30,14,0,28,21
3037,4999,2022-06-12,Smith-Thomas Stadium,96,21,198,15,6,73
3038,5402,2021-03-10,Velez-Cruz Stadium,93,20,79,12,0,4
3039,9290,2026-03-25,Harris-Chen Stadium,65,7,90,3,12,25
3040,7555,2021-04-18,Johnson-Carter Stadium,22,14,44,6,0,46
3041,1467,2024-01-06,Le Group Stadium,35,17,20,5,0,6
3042,655,2021-02-23,Brown Group Stadium,-4,26,160,8,18,58
3043,355,2022-01-03,Huynh Inc Stadium,34,13,2,12,21,27
3044,2230,2023-02-18,"Holloway, Fitzgerald and Malone Stadium",35,26,168,10,18,41
3045,8079,2023-07-09,Harrison-White Stadium,121,5,143,14,7,57
3046,5963,2021-07-16,Garcia PLC Stadium,64,25,172,2,6,23
3047,2925,2021-05-07,Mathews Ltd Stadium,61,18,27,4,7,62
3048,9745,2021-08-27,"Johnson, Smith and Morrow Stadium",134,17,31,8,7,31
3049,2048,2021-08-04,Martinez Inc Stadium,44,10,14,7,18,23
3050,998,2022-12-17,Hood-Rodriguez Stadium,73,28,93,7,6,32
3051,4151,2023-09-06,"Gonzalez, Miller and Brown Stadium",111,4,68,9,3,39
3052,4434,2025-01-25,Downs-Allison Stadium,144,30,167,0,0,73
3053,9982,2020-07-23,Johnson LLC Stadium,58,22,77,12,6,18
3054,9187,2020-12-23,"Bradshaw, Hernandez and Bauer Stadium",112,25,18,13,18,51
3055,8962,2026-01-02,"Baxter, Massey and Williams Stadium",123,3,161,15,0,19
3056,6961,2022-07-13,"Young, Harris and Huff Stadium",61,24,182,1,6,44
3057,5725,2023-03-03,Martin and Sons Stadium,93,21,135,13,6,20
3058,6886,2020-11-23,Murillo Inc Stadium,10,9,193,9,12,14
3059,5999,2025-09-22,Miller Ltd Stadium,69,7,0,8,12,16
3060,2360,2025-04-04,"Salas, Davis and Cunningham Stadium",115,3,86,12,3,6
3061,700,2024-06-27,Wheeler Ltd Stadium,70,25,34,5,21,54
3062,473,2024-04-28,"Vasquez, Murray and Boone Stadium",104,15,59,10,7,62
3063,655,2024-06-22,Shepherd Ltd Stadium,43,12,3,7,28,50
3064,1377,2023-09-16,Castillo-Richardson Stadium,5,19,113,5,14,50
3065,707,2026-01-16,Koch PLC Stadium,77,27,168,12,21,77
3066,7313,2022-10-06,Ballard-Bell Stadium,21,20,186,8,0,11
3067,5115,2022-05-16,Olsen-Hopkins Stadium,115,22,198,6,6,68
3068,9880,2023-06-03,Gallagher Inc Stadium,8,1,166,11,0,52
3069,5733,2025-05-20,Boone Ltd Stadium,43,22,92,4,14,19
3070,5168,2022-02-19,Mills-Franco Stadium,135,16,178,12,28,57
3071,5033,2024-07-02,Johnson-Moore Stadium,51,6,48,2,17,3
3072,6291,2021-12-05,Gray Inc Stadium,57,13,68,0,17,29
3073,4750,2021-12-30,Sandoval-Smith Stadium,120,28,94,14,21,30
3074,2178,2021-01-04,Santana-Kramer Stadium,84,4,79,14,17,76
3075,6198,2021-01-01,Pierce and Sons Stadium,12,5,194,2,18,72
3076,6258,2022-02-21,Scott and Sons Stadium,112,13,105,13,3,5
3077,1344,2025-03-20,Medina PLC Stadium,84,30,145,8,21,15
3078,7725,2025-03-28,Garner-Jones Stadium,11,7,6,2,6,26
3079,9469,2021-05-13,"Curry, Arroyo and Black Stadium",18,27,83,15,7,74
3080,2211,2026-02-13,Martin PLC Stadium,103,26,27,9,17,66
3081,7646,2025-10-08,Castro Group Stadium,34,17,184,11,0,39
3082,9535,2021-07-27,"Taylor, Garcia and Wright Stadium",107,4,56,11,0,77
3083,2309,2024-06-18,"Obrien, Adams and Smith Stadium",142,19,131,7,14,63
3084,1936,2023-07-07,"Larson, Mccall and Monroe Stadium",75,27,9,9,21,11
3085,302,2023-10-17,Perez-Summers Stadium,121,4,37,4,0,30
3086,5679,2023-02-06,Wolfe-Smith Stadium,135,16,41,0,7,34
3087,9731,2021-05-20,Chen-Phillips Stadium,14,14,184,9,7,50
3088,405,2025-04-19,Yoder-Willis Stadium,79,7,30,2,0,24
3089,515,2020-10-14,Knight-Sullivan Stadium,2,17,148,15,18,30
3090,2928,2024-07-16,"Wallace, Barr and Flores Stadium",45,2,4,0,7,41
3091,5198,2022-08-17,Fitzpatrick-Marshall Stadium,1,7,155,9,18,17
3092,4566,2026-04-24,Hill Inc Stadium,139,13,175,5,7,76
3093,1515,2024-10-23,Cook Inc Stadium,122,29,96,0,14,64
3094,6216,2021-12-06,Figueroa PLC Stadium,103,26,177,13,17,7
3095,769,2024-07-05,Warner LLC Stadium,85,0,0,2,12,68
3096,1749,2026-03-19,Lamb-Navarro Stadium,77,0,62,14,0,77
3097,2225,2025-12-04,Sanchez-Gomez Stadium,5,28,130,12,14,54
3098,1315,2024-03-22,Farmer Inc Stadium,88,0,91,7,24,20
3099,3433,2025-02-13,"Brady, Mcconnell and Reeves Stadium",8,20,121,14,18,77
3100,3820,2022-06-26,"Anderson, Wilson and Fields Stadium",14,9,161,4,0,71
3101,1306,2021-06-30,Woods-Young Stadium,123,9,42,10,12,60
3102,489,2021-08-30,Crawford Ltd Stadium,-2,22,147,6,6,2
3103,8204,2026-04-15,Gray Ltd Stadium,149,3,200,9,7,49
3104,3051,2021-10-25,Davis-Garcia Stadium,10,20,85,2,3,49
3105,5363,2023-12-22,Brewer Group Stadium,33,11,141,10,24,2
3106,7488,2021-06-26,Neal Group Stadium,53,28,87,9,28,54
3107,1143,2020-12-23,Murphy-Brooks Stadium,149,2,55,15,18,47
3108,5545,2025-06-18,"Martinez, Roach and Newman Stadium",115,24,50,7,14,26
3109,2686,2022-01-15,Trujillo-Collins Stadium,111,24,197,1,18,15
3110,2117,2025-05-06,Owens LLC Stadium,3,29,167,8,21,32
3111,4499,2020-02-18,Carroll Ltd Stadium,29,18,16,6,18,63
3112,9690,2020-08-30,"Chandler, Hendrix and Roberts Stadium",8,24,33,7,14,58
3113,9199,2026-03-16,Barrera LLC Stadium,19,7,114,15,21,72
3114,9577,2022-11-13,"Jacobs, Bailey and Ellis Stadium",121,15,172,9,0,16
3115,385,2023-08-20,"Brown, Mays and Tate Stadium",136,25,185,10,17,54
3116,507,2023-12-06,Kelly-Powers Stadium,134,9,117,13,14,28
3117,2515,2020-09-29,Jones-Chang Stadium,42,6,141,13,6,66
3118,3495,2023-01-11,"Farrell, Sullivan and Taylor Stadium",149,26,73,3,17,65
3119,8162,2024-03-12,"Hendricks, Mcdonald and Murray Stadium",30,9,187,1,14,19
3120,5790,2021-02-03,Bentley LLC Stadium,5,24,79,11,24,34
3121,5068,2022-06-12,Gill LLC Stadium,67,6,35,14,21,39
3122,9402,2023-10-20,Poole PLC Stadium,47,29,123,8,17,1
3123,6633,2023-01-17,"Chambers, Sutton and Harper Stadium",130,21,28,8,12,35
3124,2424,2022-11-18,"Allen, Lewis and Johnson Stadium",150,14,120,2,14,6
3125,4408,2024-12-13,Thompson Inc Stadium,50,10,21,2,24,1
3126,448,2023-06-10,Lawrence-Moore Stadium,32,20,42,7,28,22
3127,6796,2020-03-19,Steele-Vasquez Stadium,75,22,57,3,18,2
3128,4843,2024-03-08,Weaver-Gonzales Stadium,18,7,172,0,24,40
3129,8811,2025-03-22,Fowler-Escobar Stadium,14,2,140,13,24,5
3130,8350,2024-12-17,"Coleman, Stanley and Keller Stadium",61,26,2,15,3,54
3131,3159,2020-01-06,Baker-Lewis Stadium,105,3,194,4,28,77
3132,1949,2022-04-16,Butler Inc Stadium,135,14,107,9,6,78
3133,8856,2022-08-16,"Wallace, Frye and Armstrong Stadium",103,25,197,14,24,18
3134,8261,2024-10-20,Oliver-Richards Stadium,7,27,107,12,14,49
3135,7060,2025-09-19,"Ross, Johnston and Zimmerman Stadium",26,7,157,6,18,47
3136,5067,2025-06-17,"Shelton, Swanson and Matthews Stadium",100,20,138,10,21,15
3137,6664,2020-03-05,"Phelps, Orozco and Hicks Stadium",83,29,147,7,28,63
3138,3473,2021-08-10,"Guzman, Whitaker and Mills Stadium",95,8,96,15,21,39
3139,2208,2024-01-07,Hardy-Jackson Stadium,62,0,118,7,21,12
3140,9619,2022-03-10,"Underwood, Phillips and Fowler Stadium",16,11,7,13,18,28
3141,3290,2025-04-10,Greene LLC Stadium,44,20,27,8,0,42
3142,1538,2025-09-18,Joyce PLC Stadium,29,0,145,3,18,67
3143,1445,2024-10-16,Shaffer-Patton Stadium,138,18,118,13,28,78
3144,9254,2024-07-06,"Mays, Benson and Smith Stadium",5,11,9,2,6,23
3145,8593,2024-09-04,"Rodriguez, Hunter and Hill Stadium",1,25,13,8,6,74
3146,3898,2021-06-10,Norman-Moore Stadium,4,17,129,4,21,55
3147,8144,2025-01-23,Duncan Inc Stadium,39,8,53,12,24,66
3148,2646,2021-09-21,Brown Inc Stadium,72,8,187,9,17,58
3149,6261,2020-06-05,Booth LLC Stadium,13,2,84,4,28,23
3150,8458,2026-01-08,Rowe-Robinson Stadium,123,25,111,12,7,80
3151,613,2024-11-15,Jennings LLC Stadium,125,1,75,1,28,34
3152,3645,2024-10-04,Shepard Group Stadium,0,4,128,14,28,62
3153,416,2024-04-01,Wheeler PLC Stadium,62,16,82,14,21,17
3154,6269,2021-11-16,"Allen, Carr and White Stadium",93,20,182,6,17,17
3155,8254,2020-03-11,Palmer and Sons Stadium,73,9,112,8,12,57
3156,9570,2026-01-30,"Phillips, White and Michael Stadium",65,26,180,6,14,35
3157,1869,2023-01-02,Mahoney Ltd Stadium,97,6,175,8,21,77
3158,2501,2022-03-13,Anderson and Sons Stadium,4,25,154,0,7,23
3159,2213,2024-11-17,"Prince, Washington and Jones Stadium",145,28,40,9,12,36
3160,5843,2025-01-01,Pearson-Taylor Stadium,26,25,150,7,3,25
3161,9673,2024-11-03,Barber-Wright Stadium,44,15,153,4,17,51
3162,8009,2021-11-02,Shaw PLC Stadium,16,10,177,12,0,33
3163,9148,2023-07-30,Gordon-Gray Stadium,103,29,114,14,6,77
3164,1727,2023-07-05,Williams Inc Stadium,17,13,182,9,0,65
3165,3884,2020-05-14,Smith Group Stadium,147,29,145,10,24,8
3166,3333,2023-05-07,"Smith, Bell and Owens Stadium",85,15,28,12,24,63
3167,2130,2024-09-24,Young PLC Stadium,21,20,61,4,18,20
3168,7639,2021-06-22,White and Sons Stadium,64,10,77,1,21,10
3169,7403,2025-09-02,Lopez LLC Stadium,120,9,176,4,17,29
3170,8844,2023-02-24,Howell-Ewing Stadium,72,2,116,10,7,28
3171,708,2022-01-27,Thomas-Murphy Stadium,54,11,199,12,6,63
3172,7125,2023-06-19,"Conner, Delacruz and Villegas Stadium",15,5,111,6,18,35
3173,3498,2020-01-10,Becker Inc Stadium,72,9,187,4,24,20
3174,7345,2021-12-28,Thompson-Bell Stadium,49,5,72,10,0,56
3175,2116,2021-08-31,"Ward, Collins and Davis Stadium",61,30,140,6,21,15
3176,3871,2024-06-18,"Jones, Wang and Burke Stadium",60,24,16,14,12,46
3177,9058,2025-10-02,Gardner-Sutton Stadium,16,4,180,14,6,52
3178,3501,2023-06-19,Leonard Inc Stadium,139,26,120,14,14,62
3179,831,2025-04-26,Nguyen Group Stadium,30,28,56,11,24,76
3180,4881,2025-07-16,Parsons-Boyd Stadium,-2,0,149,4,21,27
3181,9378,2025-12-24,Baker-Lewis Stadium,32,14,12,15,28,15
3182,2247,2023-08-12,Jones-Acosta Stadium,30,27,58,2,0,40
3183,8557,2021-09-24,Lambert Ltd Stadium,54,22,59,8,17,20
3184,8272,2022-03-23,Thompson-Schmidt Stadium,146,3,12,6,24,75
3185,1806,2021-01-23,Christian-Wilson Stadium,145,0,187,5,17,47
3186,1893,2024-09-14,Moore Inc Stadium,7,22,187,2,14,45
3187,6320,2020-02-06,"Ellis, Ball and Moss Stadium",94,7,42,1,12,27
3188,9469,2023-08-21,Castro-Stewart Stadium,21,16,29,12,28,69
3189,7694,2024-06-09,Harrington Group Stadium,20,28,92,9,14,77
3190,999,2024-09-30,Glass Ltd Stadium,143,0,46,5,6,50
3191,7598,2021-09-22,"Knox, Weaver and Franklin Stadium",150,0,70,8,17,49
3192,3492,2022-12-17,Turner-Payne Stadium,24,17,111,2,21,70
3193,5406,2020-06-03,"Fleming, Gregory and Nguyen Stadium",49,7,104,6,12,48
3194,9736,2020-04-19,"Garcia, Flores and Rodriguez Stadium",95,19,80,1,17,45
3195,7482,2025-02-10,"Ramirez, Rodriguez and Graham Stadium",99,21,18,11,12,11
3196,9310,2021-09-25,Mullins Group Stadium,124,19,21,8,6,39
3197,9616,2023-09-13,Hale LLC Stadium,97,3,174,4,3,38
3198,3652,2020-04-01,Ross LLC Stadium,119,26,45,15,17,68
3199,8625,2022-06-05,Perry Inc Stadium,75,19,125,5,3,48
3200,6672,2025-09-20,"Foster, Williams and Green Stadium",18,20,124,11,21,62
3201,7275,2020-10-26,King Inc Stadium,31,9,136,2,3,19
3202,766,2023-05-12,Mccann Ltd Stadium,93,25,98,1,17,67
3203,9748,2025-10-12,Roach Inc Stadium,65,9,89,0,14,58
3204,2708,2020-02-01,Keller-Hunter Stadium,31,30,106,13,18,79
3205,5635,2020-08-16,Johnston Ltd Stadium,46,30,74,2,21,15
3206,5003,2023-11-20,Meza Ltd Stadium,127,1,24,8,28,31
3207,8219,2026-04-11,"Espinoza, Luna and Stevens Stadium",44,6,51,12,7,12
3208,378,2024-04-27,"Navarro, Williams and Rodriguez Stadium",108,4,59,10,3,2
3209,7337,2020-03-12,"Cole, Mitchell and Gray Stadium",74,8,59,13,6,16
3210,2791,2022-01-24,"Munoz, Fields and Mckee Stadium",67,25,195,8,6,5
3211,8162,2021-10-29,Ross-Johnson Stadium,67,17,137,0,7,20
3212,3674,2021-01-01,Torres Group Stadium,89,18,30,13,12,29
3213,8332,2025-02-13,Munoz Group Stadium,104,11,85,14,18,19
3214,3510,2023-03-13,Martinez PLC Stadium,119,7,124,9,0,2
3215,4003,2023-07-04,"Wilson, Cross and Hensley Stadium",21,14,81,11,28,77
3216,2348,2024-01-13,Monroe-Watkins Stadium,119,12,5,15,0,3
3217,8124,2024-12-03,Murphy LLC Stadium,110,11,84,5,17,70
3218,4871,2024-11-24,Bradley LLC Stadium,42,4,97,6,28,49
3219,4640,2024-07-30,Williamson-Jackson Stadium,30,25,111,6,0,45
3220,8792,2023-07-05,Jimenez Inc Stadium,132,4,36,3,28,11
3221,5880,2023-01-17,Nelson LLC Stadium,146,8,111,11,21,61
3222,711,2020-09-20,Parker PLC Stadium,2,0,20,3,3,48
3223,2393,2020-09-13,Webb Group Stadium,120,3,81,0,18,56
3224,4351,2026-03-31,Wells-Velasquez Stadium,35,0,117,4,28,4
3225,8058,2023-06-02,Bennett Group Stadium,112,24,145,6,12,1
3226,9336,2022-03-17,"Morrison, Moore and Strickland Stadium",8,14,166,0,21,63
3227,6430,2024-01-26,Gilbert Inc Stadium,77,2,170,1,17,21
3228,7596,2025-10-13,Fischer and Sons Stadium,150,13,111,1,12,55
3229,5201,2022-03-25,Reynolds-Thompson Stadium,80,5,148,7,28,10
3230,4581,2025-02-05,"Davis, Jones and Randolph Stadium",2,14,98,15,12,44
3231,8330,2021-05-20,Bowen PLC Stadium,14,10,134,6,7,6
3232,5392,2022-10-12,"Fields, Fleming and Williams Stadium",139,15,120,0,12,76
3233,2131,2025-03-16,"Golden, Brown and Peters Stadium",113,25,77,0,24,47
3234,9599,2021-11-14,"Romero, Williams and Reed Stadium",48,30,165,11,6,30
3235,9628,2023-01-21,"Johnson, Stone and Nunez Stadium",5,5,166,11,6,78
3236,8078,2021-12-03,Jordan Group Stadium,64,23,194,0,6,33
3237,5643,2020-05-05,"Greer, Simmons and Green Stadium",71,22,7,6,18,42
3238,7404,2023-07-15,Sanchez LLC Stadium,16,0,102,10,12,37
3239,2865,2020-09-10,"Gilbert, Cisneros and Stone Stadium",109,4,0,11,28,76
3240,8123,2021-10-07,"Williamson, Gates and Little Stadium",143,3,89,0,28,10
3241,5911,2026-02-16,Rodriguez-Washington Stadium,22,2,189,12,14,46
3242,3306,2021-11-22,"Wright, Hernandez and Cunningham Stadium",36,13,41,4,12,25
3243,708,2025-06-30,"Griffin, Nguyen and Harrison Stadium",96,28,50,14,21,1
3244,4007,2023-10-29,Mayer-Sanders Stadium,1,25,181,0,0,79
3245,6046,2021-01-09,Peters LLC Stadium,144,1,5,1,24,24
3246,5177,2023-04-05,Bentley-Jones Stadium,130,7,182,12,0,29
3247,7566,2022-02-20,"Welch, Simmons and Flores Stadium",127,16,154,12,12,64
3248,9750,2023-11-02,"Morgan, Walker and Vargas Stadium",30,12,1,2,14,76
3249,4802,2023-09-02,"Edwards, Davis and Washington Stadium",146,5,132,13,6,20
3250,79,2025-09-08,Campos and Sons Stadium,62,30,188,9,7,48
3251,7766,2020-12-25,Gentry-Orozco Stadium,7,24,6,7,28,21
3252,4666,2024-12-25,"Martin, Johnson and Daniels Stadium",46,11,5,9,14,55
3253,9695,2024-06-13,Jenkins Inc Stadium,65,28,148,10,17,34
3254,9941,2020-11-10,"Moreno, Ochoa and Wallace Stadium",47,11,120,11,0,47
3255,3966,2021-07-17,"Peterson, Hickman and Simmons Stadium",50,18,47,3,6,55
3256,7077,2020-08-21,Martin Ltd Stadium,34,3,104,1,3,14
3257,1701,2024-06-15,"Myers, Harris and Pennington Stadium",20,25,98,12,14,18
3258,8487,2021-10-29,"Abbott, Patel and Nolan Stadium",1,26,66,5,3,36
3259,617,2026-03-17,"Johnson, Jackson and Terrell Stadium",117,7,94,9,18,2
3260,410,2023-06-22,Walker PLC Stadium,137,14,88,4,28,11
3261,633,2021-02-24,"Singleton, Tran and Monroe Stadium",6,10,114,1,17,61
3262,9441,2024-09-04,"Campbell, Fowler and Clark Stadium",120,7,51,12,24,77
3263,8525,2022-11-04,"Castro, Bennett and Henderson Stadium",84,24,89,14,6,77
3264,2045,2021-04-10,Elliott Ltd Stadium,43,7,101,7,6,3
3265,4818,2025-06-02,"Lewis, Goodman and Burns Stadium",104,1,14,14,14,33
3266,9978,2022-08-25,Aguirre and Sons Stadium,60,0,151,0,17,12
3267,4597,2023-07-27,"Jones, Powell and Ryan Stadium",18,3,161,3,18,14
3268,1132,2025-12-15,Collins Ltd Stadium,54,15,171,2,0,61
3269,5543,2020-02-03,"Crawford, Obrien and Kelly Stadium",62,28,8,3,24,25
3270,2054,2021-04-01,Smith Group Stadium,39,13,192,11,21,8
3271,2036,2021-08-24,Russell-Welch Stadium,-1,28,161,5,6,25
3272,9584,2025-08-15,Davis-Hicks Stadium,30,27,86,12,14,74
3273,2467,2026-02-04,Clark and Sons Stadium,139,6,186,0,17,24
3274,6775,2022-11-25,Carter and Sons Stadium,24,6,32,5,18,65
3275,5136,2021-12-26,Nguyen-Taylor Stadium,41,25,4,11,0,47
3276,7075,2024-06-11,Hardin-Thomas Stadium,79,10,165,1,21,46
3277,163,2023-03-05,"Cox, Medina and Howard Stadium",79,15,9,12,12,20
3278,5364,2020-05-29,Clark-Frazier Stadium,104,18,84,12,21,12
3279,9760,2024-01-16,Jensen-Tucker Stadium,38,2,20,4,24,20
3280,2042,2022-01-11,"Fleming, Curtis and Dalton Stadium",31,23,190,0,0,12
3281,9737,2024-04-09,Gardner-Hernandez Stadium,12,25,132,0,18,46
3282,8246,2026-01-29,English Ltd Stadium,43,1,117,14,6,3
3283,4549,2023-03-11,Hernandez-Brown Stadium,103,10,159,15,3,49
3284,7916,2024-12-19,Lewis-Richards Stadium,140,24,149,6,6,30
3285,786,2021-05-05,Smith and Sons Stadium,-2,18,186,10,18,43
3286,627,2022-11-27,Williams Inc Stadium,27,24,4,0,12,17
3287,6715,2024-05-19,"Duran, Gonzalez and Bryan Stadium",0,15,89,0,12,35
3288,4104,2020-09-26,Alexander-Thompson Stadium,98,29,17,10,14,33
3289,5342,2024-09-06,Wise PLC Stadium,70,10,25,3,0,80
3290,754,2020-12-18,Mcdonald PLC Stadium,138,20,139,9,12,11
3291,9324,2023-12-04,"Castro, Mcgee and Palmer Stadium",67,28,55,15,3,73
3292,6179,2022-10-24,"Case, Wallace and Hickman Stadium",110,20,168,13,0,29
3293,1437,2021-09-14,"Garrison, Burns and Chen Stadium",16,17,79,10,14,74
3294,2992,2026-02-03,"Romero, Jacobs and Holmes Stadium",15,0,25,8,6,80
3295,4168,2024-02-27,Alexander-Tanner Stadium,78,16,69,6,18,45
3296,8224,2024-07-11,"Farmer, Hartman and Chavez Stadium",6,17,39,4,28,15
3297,9842,2025-08-31,Williams-Estrada Stadium,133,4,82,12,24,27
3298,957,2023-09-08,"Bowen, Turner and Mullins Stadium",107,5,93,3,12,57
3299,9865,2020-12-13,Smith Group Stadium,53,3,129,14,6,23
3300,1475,2024-09-13,Hernandez-White Stadium,105,18,94,14,14,78
3301,4729,2020-02-08,"Horton, Anderson and Wagner Stadium",136,25,57,10,24,38
3302,7153,2022-04-09,Walker-Holmes Stadium,129,15,110,14,0,74
3303,317,2024-04-20,"Stokes, Butler and Mcneil Stadium",65,27,36,14,21,28
3304,7612,2025-10-15,Henderson-Strong Stadium,131,15,92,15,28,44
3305,8992,2025-11-18,Mahoney and Sons Stadium,98,18,10,11,18,13
3306,3790,2025-02-06,Thompson and Sons Stadium,121,19,85,8,18,11
3307,2720,2024-02-29,Castillo Ltd Stadium,85,9,27,10,21,55
3308,459,2023-05-06,Avila-Haynes Stadium,150,30,18,7,7,70
3309,3631,2024-02-06,Andrews-Garcia Stadium,22,3,50,10,17,34
3310,2780,2024-11-12,Dillon LLC Stadium,137,7,64,7,18,16
3311,2781,2021-02-25,Holt-Martinez Stadium,10,15,34,8,21,46
3312,6463,2024-12-18,"Osborne, Smith and May Stadium",119,7,63,1,12,78
3313,1567,2022-09-09,Galloway Ltd Stadium,127,19,39,0,0,71
3314,8148,2021-01-14,"Randolph, James and Alvarez Stadium",103,17,12,2,12,35
3315,7691,2025-01-24,Baldwin-Cox Stadium,69,3,121,6,7,28
3316,7534,2024-04-29,Strickland-Brown Stadium,97,28,80,11,3,25
3317,762,2021-04-17,Flores-Mitchell Stadium,54,4,96,1,0,11
3318,3834,2020-11-18,"Fry, Rivera and Burnett Stadium",82,21,96,13,3,67
3319,7327,2020-09-16,Powell-Warren Stadium,77,30,47,1,17,27
3320,8090,2025-08-17,"Martinez, Bauer and Taylor Stadium",51,14,13,4,3,61
3321,8283,2024-07-18,Allen Group Stadium,112,19,187,5,17,33
3322,2874,2021-03-02,"Murphy, Tran and Wise Stadium",55,20,94,1,18,31
3323,9930,2023-07-26,Blankenship and Sons Stadium,103,3,145,0,6,28
3324,46,2022-03-02,Williams-Brown Stadium,124,24,165,4,6,45
3325,2191,2023-01-03,"Warren, Schaefer and Sanchez Stadium",118,7,178,8,18,62
3326,884,2022-11-02,Anderson PLC Stadium,134,23,108,2,7,69
3327,7733,2023-07-27,Baldwin Ltd Stadium,127,3,36,4,12,11
3328,9990,2024-07-12,Frank Group Stadium,72,30,113,4,6,36
3329,9062,2021-03-22,Lee-Hopkins Stadium,2,6,49,8,6,67
3330,1893,2025-05-11,Rogers and Sons Stadium,87,26,64,0,21,1
3331,9508,2025-11-29,Wyatt-Greene Stadium,112,30,194,4,0,35
3332,9722,2022-08-30,Benjamin-Green Stadium,106,21,2,14,14,71
3333,1435,2025-08-03,Nunez-Mcguire Stadium,77,4,90,10,17,46
3334,4078,2020-06-25,"Myers, Morgan and Martinez Stadium",28,30,98,12,0,63
3335,3698,2023-07-08,White-Johnson Stadium,128,23,156,3,28,9
3336,1617,2022-11-12,Vazquez-Ramsey Stadium,51,27,86,12,7,51
3337,3865,2021-05-06,Ruiz-Sims Stadium,114,11,90,0,14,38
3338,3730,2020-05-02,Roberson-Robertson Stadium,74,8,45,0,28,27
3339,2570,2022-08-19,Andrews LLC Stadium,113,4,21,4,12,1
3340,6912,2024-02-18,Miller-Wilson Stadium,73,21,141,13,14,74
3341,1594,2025-12-30,Hancock Group Stadium,10,27,153,1,6,73
3342,4218,2023-01-11,Mccormick-Rodriguez Stadium,46,10,164,13,14,40
3343,793,2026-02-10,Allen Group Stadium,13,2,195,14,21,63
3344,7975,2025-09-05,"Watson, Smith and Lee Stadium",48,25,199,4,24,5
3345,2756,2024-07-30,Brown-Taylor Stadium,47,17,102,1,24,27
3346,962,2023-08-13,"Mclaughlin, Turner and Crawford Stadium",41,22,172,11,3,67
3347,3961,2024-07-24,"Carter, Padilla and Lloyd Stadium",52,13,191,7,7,59
3348,9518,2021-04-01,Zhang LLC Stadium,146,8,68,10,24,3
3349,7854,2021-06-20,"Davenport, Smith and Rivas Stadium",92,9,12,12,7,19
3350,4640,2023-07-14,Mendoza Group Stadium,113,28,46,4,28,78
3351,9492,2026-02-13,"Thomas, Clark and Turner Stadium",30,17,88,1,14,22
3352,3545,2020-06-20,Mcgee-Leon Stadium,74,17,145,1,7,48
3353,4485,2023-12-08,"Wilson, Baker and Mooney Stadium",97,27,29,12,28,55
3354,2096,2021-09-12,"Jones, Hall and Pham Stadium",64,13,31,12,21,24
3355,8100,2023-09-01,Horton-Contreras Stadium,-3,16,80,6,21,68
3356,9337,2026-03-29,Young and Sons Stadium,18,7,150,8,21,33
3357,9779,2025-08-08,Petersen Group Stadium,85,8,111,0,28,61
3358,9109,2020-03-16,Dixon-Dixon Stadium,131,23,117,10,3,18
3359,7073,2023-07-27,King-Sherman Stadium,134,5,93,8,14,54
3360,8347,2021-08-24,"Johnston, Allen and King Stadium",10,10,63,6,21,5
3361,9422,2023-08-20,"Johnson, Martin and Delgado Stadium",119,6,133,12,3,14
3362,7756,2024-01-07,"Fleming, Carter and Hawkins Stadium",74,16,136,15,28,13
3363,3617,2020-03-02,"Torres, Carpenter and Smith Stadium",113,9,134,9,24,78
3364,3079,2022-04-15,"Morris, Vaughan and Flores Stadium",76,5,109,3,18,35
3365,5558,2021-03-21,Hamilton Inc Stadium,57,23,32,13,12,67
3366,680,2022-11-04,Russo PLC Stadium,73,13,136,2,12,27
3367,3434,2021-02-05,"Rodriguez, Lee and Boyd Stadium",24,17,97,3,3,5
3368,5974,2024-01-08,"Patterson, Mack and Bender Stadium",15,18,187,0,0,20
3369,8414,2025-04-14,Holder LLC Stadium,29,3,19,2,0,38
3370,698,2023-09-30,Bauer-Webb Stadium,26,21,112,0,3,17
3371,7892,2023-06-26,"Hernandez, King and Duke Stadium",81,23,15,8,3,12
3372,5871,2021-02-11,Willis-Parrish Stadium,71,26,42,2,0,6
3373,4289,2021-10-25,Berger LLC Stadium,60,12,84,6,24,38
3374,1238,2021-01-07,"Sweeney, Garcia and Lynch Stadium",89,0,164,8,12,13
3375,6180,2025-08-05,Thomas and Sons Stadium,36,7,5,10,21,39
3376,6012,2021-10-09,Hayes PLC Stadium,81,20,81,8,3,6
3377,4454,2023-05-04,Benson Inc Stadium,6,21,186,14,28,59
3378,5479,2025-01-29,Boyer-Nicholson Stadium,111,14,21,14,28,24
3379,6080,2025-09-16,Bell-Chambers Stadium,34,9,184,5,14,38
3380,681,2022-05-19,Wolfe-Brown Stadium,128,4,143,1,24,39
3381,5193,2021-09-15,Anderson-Gray Stadium,107,0,121,8,6,32
3382,650,2023-09-25,Chavez-Stafford Stadium,14,12,103,9,24,44
3383,760,2025-04-23,Nunez-Hicks Stadium,121,5,39,13,21,47
3384,39,2023-03-26,Morris-Ferguson Stadium,106,6,36,5,28,53
3385,9844,2020-04-15,Davis-Baker Stadium,69,22,47,12,21,15
3386,2918,2026-04-19,Caldwell PLC Stadium,6,1,118,1,0,72
3387,4753,2020-07-14,Thomas Group Stadium,47,10,40,10,28,54
3388,8696,2021-02-10,Harris Inc Stadium,66,8,174,0,17,65
3389,8,2024-11-01,"Ewing, Garcia and Smith Stadium",141,0,94,15,24,38
3390,8165,2021-04-14,Young-Davis Stadium,131,9,136,9,6,22
3391,7307,2020-12-01,"Coleman, Dalton and Wright Stadium",125,2,111,5,17,33
3392,3415,2022-04-10,"Klein, Williamson and Reed Stadium",44,18,89,8,3,56
3393,7135,2026-02-01,"Tyler, Mack and Thornton Stadium",138,28,53,9,3,20
3394,2930,2020-06-15,Williams-Harper Stadium,32,12,95,11,17,25
3395,754,2024-06-17,"Bush, Mcconnell and Simmons Stadium",58,15,148,9,17,9
3396,4542,2025-11-22,Griffin PLC Stadium,34,14,154,0,7,12
3397,2793,2022-04-19,Sutton Group Stadium,110,20,141,5,14,22
3398,5027,2024-09-24,"Wright, Henry and Hodges Stadium",0,19,15,12,21,29
3399,8067,2021-12-20,Coleman-Cook Stadium,21,22,33,5,0,2
3400,6211,2020-01-22,Johnson Ltd Stadium,99,16,65,4,24,15
3401,2666,2020-07-21,Caldwell-Ibarra Stadium,124,20,100,0,7,3
3402,6480,2021-08-14,Davis-Park Stadium,8,10,117,8,7,14
3403,213,2023-05-19,Hodge-Brown Stadium,4,11,127,1,0,69
3404,5562,2025-08-21,"Bennett, Green and Vargas Stadium",144,15,140,9,12,13
3405,8663,2023-11-19,"Wong, Cunningham and Blankenship Stadium",80,29,61,11,12,57
3406,50,2023-01-23,Wells Ltd Stadium,104,4,177,11,21,58
3407,8951,2023-10-25,"Diaz, Taylor and Richard Stadium",133,19,146,15,12,42
3408,4358,2022-06-05,"Johnston, Nelson and Allen Stadium",18,11,88,12,6,19
3409,2289,2024-01-31,Shaw PLC Stadium,145,21,183,10,18,29
3410,2101,2023-03-26,Spencer-Ball Stadium,0,29,26,6,18,75
3411,6864,2021-11-22,"Kelley, Walker and Goodman Stadium",130,19,101,7,24,50
3412,313,2024-06-08,Day-Jones Stadium,11,15,164,3,28,44
3413,6209,2021-03-12,Berg-White Stadium,19,4,96,14,0,73
3414,6925,2024-05-28,Mills-Clark Stadium,124,9,84,13,12,29
3415,3859,2020-10-27,Collins-Day Stadium,108,27,82,10,24,14
3416,8556,2026-02-23,Flores Inc Stadium,93,10,45,12,14,18
3417,2181,2023-10-02,Myers-Davis Stadium,106,10,73,14,14,12
3418,4917,2023-09-06,"Tucker, Nelson and Sullivan Stadium",141,23,163,11,14,37
3419,6931,2023-07-08,Rodriguez Ltd Stadium,126,1,99,4,14,64
3420,9896,2021-11-13,Summers PLC Stadium,76,9,6,10,18,33
3421,8084,2024-03-18,Riley Group Stadium,107,8,62,0,12,36
3422,8536,2024-07-26,Mejia-Evans Stadium,26,9,108,14,17,68
3423,1440,2021-11-25,Thomas-Smith Stadium,122,26,12,2,6,73
3424,6976,2021-02-21,Glenn Ltd Stadium,25,24,53,5,24,25
3425,2210,2023-10-15,Webb Group Stadium,27,15,57,7,3,25
3426,8069,2023-03-05,"Simpson, Munoz and Tran Stadium",66,24,172,7,17,71
3427,6918,2026-03-24,Garcia-Bell Stadium,29,24,111,3,24,9
3428,3016,2021-09-03,Watson Ltd Stadium,115,24,40,5,28,77
3429,6100,2020-06-08,"Jimenez, Hernandez and Lee Stadium",3,14,40,1,28,72
3430,597,2021-10-19,Smith-Simpson Stadium,58,5,189,11,6,21
3431,8690,2023-02-10,Davis Ltd Stadium,57,0,4,12,14,2
3432,5508,2023-05-30,"Hodge, Owen and Wade Stadium",88,8,2,11,3,74
3433,5824,2020-06-11,Bruce Group Stadium,13,26,198,15,12,36
3434,8450,2022-04-10,"Montgomery, Barry and Phillips Stadium",20,12,181,0,24,73
3435,8672,2022-06-13,"James, Ford and Thomas Stadium",111,2,142,8,7,68
3436,1078,2025-12-31,Nguyen-Mitchell Stadium,4,3,124,12,17,62
3437,4204,2025-03-30,Bright and Sons Stadium,77,17,174,5,3,11
3438,7058,2024-05-02,Wolf Group Stadium,115,14,123,5,7,21
3439,5583,2024-01-03,Craig Group Stadium,52,22,161,9,14,74
3440,1728,2024-10-07,Mcdaniel PLC Stadium,85,25,170,4,3,69
3441,3451,2024-10-11,Roy PLC Stadium,31,22,68,15,7,11
3442,6614,2021-05-09,Mclaughlin-Burns Stadium,128,25,85,10,24,49
3443,3886,2023-08-26,"Tanner, Wilson and Stewart Stadium",25,5,139,3,18,32
3444,436,2020-10-29,Avery-Holder Stadium,52,6,178,2,12,29
3445,8429,2021-04-17,Fisher Group Stadium,79,27,80,6,3,26
3446,5036,2021-08-13,"Graham, Castro and Cruz Stadium",122,17,161,8,21,4
3447,5168,2020-01-10,Reid Ltd Stadium,125,14,43,1,0,15
3448,427,2024-02-10,Evans-Evans Stadium,79,30,31,10,14,75
3449,693,2021-11-25,"Allison, Evans and Hayes Stadium",126,10,111,15,6,16
3450,5978,2024-11-27,Hernandez-Barnes Stadium,67,9,180,11,21,19
3451,54,2025-05-23,Kirk-Conley Stadium,15,0,29,14,12,77
3452,1488,2022-05-28,Potts Inc Stadium,33,10,40,12,3,15
3453,5065,2025-02-13,"Shaw, Matthews and Espinoza Stadium",52,24,117,1,3,44
3454,6249,2020-02-08,"Burke, Owen and Welch Stadium",86,14,81,12,12,13
3455,1236,2020-07-20,Moore Inc Stadium,-3,29,84,10,18,44
3456,8751,2023-06-10,Baker-Thompson Stadium,43,27,184,3,28,45
3457,1526,2025-07-01,Pittman Group Stadium,94,7,166,4,18,4
3458,5798,2022-06-03,Davidson PLC Stadium,103,25,63,7,12,9
3459,5925,2020-04-14,"Harris, Jones and Cunningham Stadium",0,14,163,10,21,51
3460,173,2025-12-14,Thomas LLC Stadium,73,4,35,10,18,69
3461,9139,2024-12-12,Thornton-Quinn Stadium,52,24,79,5,14,55
3462,8910,2025-12-23,Payne-Phillips Stadium,46,28,173,10,3,70
3463,6258,2024-05-11,Griffin PLC Stadium,14,18,149,0,28,56
3464,4970,2022-09-08,"Herrera, Ortiz and Mayo Stadium",10,21,102,14,21,5
3465,8571,2023-10-23,Chen LLC Stadium,10,7,74,13,18,33
3466,4413,2024-02-04,Holmes Ltd Stadium,30,20,190,6,21,57
3467,184,2020-10-14,"Giles, Lester and Miller Stadium",86,23,62,7,6,64
3468,83,2022-04-15,Goodman-Beard Stadium,92,25,27,12,12,42
3469,5092,2023-05-17,Page-Martin Stadium,63,29,51,4,3,58
3470,5809,2025-10-29,"Herring, Landry and Morales Stadium",141,22,6,11,21,65
3471,1700,2020-05-18,Walker-Booth Stadium,135,14,177,0,7,39
3472,345,2023-07-17,"Hall, Mathews and Meyer Stadium",137,21,142,7,17,48
3473,3214,2026-02-22,Dickerson-Benitez Stadium,68,3,21,2,18,80
3474,4888,2024-01-17,Hunt-Wells Stadium,74,11,120,14,0,15
3475,4720,2022-05-15,Kennedy-Sharp Stadium,12,3,128,15,3,61
3476,4830,2022-04-12,Boone Inc Stadium,146,30,8,9,7,25
3477,6270,2020-08-08,Craig Group Stadium,130,12,11,15,3,21
3478,4175,2026-02-03,"Rice, Caldwell and Powers Stadium",103,1,52,0,6,2
3479,4436,2026-02-07,"Bryant, Jarvis and Gonzalez Stadium",109,29,72,9,17,43
3480,9922,2022-08-11,Howell Group Stadium,113,3,200,11,12,55
3481,2874,2022-04-27,"Higgins, Hurley and Smith Stadium",3,18,6,5,6,78
3482,7155,2025-03-11,Gibson Inc Stadium,64,27,196,14,28,16
3483,8025,2020-04-11,Chen and Sons Stadium,5,8,96,14,7,45
3484,6023,2021-02-17,"Davis, Davis and Smith Stadium",140,15,45,6,3,78
3485,6797,2020-05-08,Mcconnell Ltd Stadium,145,7,46,9,3,52
3486,9007,2022-08-22,Wood-Chavez Stadium,85,13,83,8,17,19
3487,8452,2026-03-08,"Woods, Parker and Richardson Stadium",20,21,140,14,7,30
3488,6337,2026-03-13,"Powell, Peterson and House Stadium",125,20,177,12,28,54
3489,9605,2020-11-27,Love-Moss Stadium,131,15,187,5,7,71
3490,3385,2022-05-18,"Newman, Owens and Moreno Stadium",121,0,14,2,21,35
3491,2405,2022-12-30,Carr PLC Stadium,77,21,192,13,0,53
3492,5178,2021-06-14,Miller Inc Stadium,92,26,171,11,14,42
3493,87,2025-05-17,Bell-Moore Stadium,48,27,189,1,24,52
3494,4879,2024-09-11,Bryant LLC Stadium,7,21,91,10,24,18
3495,6123,2026-04-20,Aguilar LLC Stadium,14,9,95,13,17,64
3496,9636,2024-07-04,Williams Group Stadium,5,1,4,8,0,52
3497,6458,2021-09-07,"Sparks, Holt and Adkins Stadium",-2,13,137,10,3,41
3498,5173,2021-02-13,Jones-Lewis Stadium,29,2,115,15,28,39
3499,1272,2020-02-29,Shaw PLC Stadium,118,0,33,5,12,64
3500,3826,2022-11-10,"Yoder, Smith and Richard Stadium",61,0,128,8,6,64
3501,6139,2021-01-05,Cook Group Stadium,54,22,15,15,18,54
3502,1287,2021-10-16,Marquez-Brown Stadium,65,23,81,11,24,75
3503,84,2025-02-11,"Park, Simpson and Henry Stadium",60,25,183,4,21,54
3504,6758,2022-02-17,Allen Ltd Stadium,55,21,61,8,14,31
3505,5046,2023-06-07,Massey-Terrell Stadium,106,13,170,2,14,47
3506,9102,2023-05-28,Clark PLC Stadium,125,12,127,5,0,79
3507,9764,2021-04-09,"Espinoza, Jackson and Davis Stadium",59,11,61,6,18,2
3508,2243,2022-08-30,"Sanchez, Martinez and Buckley Stadium",32,14,132,13,3,61
3509,7856,2024-11-17,Stark LLC Stadium,19,17,43,0,17,19
3510,5934,2025-07-18,Anderson-Morales Stadium,49,2,166,5,3,19
3511,9852,2022-01-03,"King, Hernandez and Stewart Stadium",12,17,159,4,6,18
3512,4280,2023-02-21,"Hines, Mcclure and Hartman Stadium",34,19,96,0,21,38
3513,3794,2020-08-21,"Reed, Stewart and Johnson Stadium",97,21,105,4,6,79
3514,9837,2021-07-18,"Dixon, Williamson and Adams Stadium",99,5,184,3,7,61
3515,3707,2024-03-08,Richardson LLC Stadium,61,5,80,10,18,32
3516,6978,2025-02-25,Petersen Ltd Stadium,78,23,148,12,24,7
3517,4815,2025-04-03,Harris and Sons Stadium,86,2,111,1,18,1
3518,9764,2023-03-22,Massey PLC Stadium,-5,17,20,12,21,7
3519,6806,2025-06-11,"Li, Beasley and Stephens Stadium",45,17,98,15,14,38
3520,5545,2021-01-11,"Huff, Galloway and Howard Stadium",55,3,66,8,18,77
3521,2584,2021-02-09,Hunt-Franklin Stadium,-4,12,32,9,3,4
3522,8783,2021-04-06,"Knight, Pena and Deleon Stadium",50,29,178,7,12,56
3523,482,2020-12-12,"Cole, Rojas and Salas Stadium",141,11,124,2,18,16
3524,8823,2023-02-14,"Wall, Walker and Welch Stadium",123,5,143,5,3,4
3525,5431,2020-03-03,Walker Ltd Stadium,137,9,107,7,28,18
3526,5722,2020-11-16,Porter-Wright Stadium,112,12,92,0,14,40
3527,3253,2020-12-08,"Garcia, Vasquez and Garcia Stadium",49,28,123,5,17,12
3528,7784,2021-03-05,"Thompson, Miller and Thompson Stadium",50,26,190,7,6,69
3529,764,2025-08-12,Mendoza-Hanson Stadium,35,19,0,4,28,78
3530,6716,2020-12-06,Roberts PLC Stadium,44,26,10,10,17,29
3531,9633,2022-12-07,"Cole, Hunter and Steele Stadium",115,18,114,0,7,20
3532,6920,2023-08-13,Lee-Gillespie Stadium,5,14,87,3,21,1
3533,5454,2022-03-11,Mccullough-Park Stadium,29,26,9,1,14,77
3534,9144,2026-04-04,Chambers-Gomez Stadium,139,21,76,4,6,80
3535,918,2023-06-20,Barnett Inc Stadium,84,16,94,2,6,49
3536,6278,2022-12-30,Mullins Inc Stadium,2,17,120,11,24,40
3537,4303,2020-04-10,Durham LLC Stadium,37,4,111,12,12,37
3538,6047,2024-06-20,Williams LLC Stadium,110,20,115,12,28,54
3539,9710,2025-04-26,Myers LLC Stadium,38,4,169,13,17,36
3540,1455,2023-05-29,"Parker, King and Hamilton Stadium",31,27,11,13,14,38
3541,7512,2025-07-06,"Larson, Figueroa and Rodriguez Stadium",24,22,179,8,14,22
3542,445,2020-08-17,Ross-Singh Stadium,111,28,180,12,18,4
3543,7529,2022-09-24,Watson-Shannon Stadium,80,15,84,4,0,51
3544,3105,2022-11-27,"Terrell, Solomon and Juarez Stadium",72,8,185,12,24,60
3545,6704,2024-08-30,Richmond and Sons Stadium,20,23,175,3,24,6
3546,2949,2022-05-09,Webster and Sons Stadium,28,12,49,8,17,30
3547,4385,2024-06-18,Jenkins-James Stadium,49,30,192,1,28,26
3548,488,2025-11-09,Carter LLC Stadium,24,8,157,13,3,65
3549,8927,2022-03-12,"Campbell, Rosales and Guerrero Stadium",147,29,57,4,18,64
3550,7154,2020-11-20,Allen-Carpenter Stadium,108,24,18,5,3,5
3551,7166,2022-04-10,Garcia-Lee Stadium,9,12,47,5,24,18
3552,8395,2025-04-17,Cox LLC Stadium,102,0,159,13,28,14
3553,2408,2024-01-21,Hamilton Ltd Stadium,4,4,165,14,7,33
3554,1343,2023-10-14,Nielsen PLC Stadium,100,18,108,15,6,11
3555,1770,2022-10-09,Ford-Vasquez Stadium,96,25,114,2,14,3
3556,4733,2021-08-12,"Williams, Mills and Perry Stadium",122,5,103,8,0,50
3557,6813,2022-06-24,Zhang Ltd Stadium,105,11,162,14,12,52
3558,5107,2021-02-23,Riley-Daniels Stadium,145,21,95,4,12,66
3559,9558,2023-02-14,Blanchard and Sons Stadium,142,25,29,11,0,15
3560,8700,2020-07-25,Espinoza and Sons Stadium,10,19,103,7,18,10
3561,1130,2023-03-22,Lane Group Stadium,82,26,170,3,12,31
3562,6118,2023-08-23,"Welch, Davis and Gomez Stadium",-4,22,110,1,21,19
3563,5163,2023-12-19,"Hernandez, Ryan and Bates Stadium",92,5,165,8,7,57
3564,4241,2021-09-21,"Hogan, Miller and Stein Stadium",69,16,140,10,28,14
3565,9337,2021-02-08,Clark and Sons Stadium,69,0,146,7,17,71
3566,4897,2026-01-29,"Hall, Singh and Jones Stadium",72,15,178,1,17,63
3567,6375,2023-12-19,Mcclain LLC Stadium,48,3,174,5,3,46
3568,1903,2020-12-20,Garcia Inc Stadium,98,5,172,3,28,53
3569,9487,2020-02-16,"Mckay, Fletcher and Garcia Stadium",85,22,3,2,12,58
3570,8274,2024-05-02,"Miles, Johnson and Ortega Stadium",129,26,10,0,17,24
3571,8187,2023-12-07,Hall Inc Stadium,134,30,37,14,3,36
3572,4857,2022-06-27,"Flores, Wong and Hunt Stadium",111,9,96,11,17,19
3573,3765,2020-06-14,Clark-Hall Stadium,7,1,124,3,28,66
3574,9667,2022-02-18,Steele-Burke Stadium,90,6,195,0,24,59
3575,793,2025-02-14,Garcia PLC Stadium,102,21,171,14,24,20
3576,3871,2020-06-25,"Church, Flores and Bryant Stadium",54,27,83,5,0,63
3577,8193,2023-06-24,Clark Group Stadium,71,14,145,1,14,14
3578,4230,2023-03-29,"Kirk, Bailey and Johnson Stadium",49,16,99,8,12,39
3579,7569,2021-12-27,Hall-Roth Stadium,120,0,140,2,21,72
3580,3889,2020-01-09,"Spence, Carlson and Delacruz Stadium",47,17,36,2,14,36
3581,6620,2023-05-11,Johnson Inc Stadium,46,2,73,13,24,40
3582,4775,2025-11-12,Smith-Santiago Stadium,33,22,61,11,6,38
3583,805,2023-08-02,Ramsey-Luna Stadium,49,29,102,7,12,46
3584,2238,2023-05-22,Howard-Cook Stadium,115,27,21,14,6,44
3585,4,2021-04-02,Mann Group Stadium,12,30,157,11,0,25
3586,9516,2022-08-31,"Martin, Allen and Ballard Stadium",126,6,115,10,17,50
3587,7481,2023-06-06,Lloyd-Henderson Stadium,83,16,84,0,21,54
3588,6211,2024-08-10,"Simon, Jordan and Bennett Stadium",125,20,40,8,28,56
3589,7278,2023-05-27,"Garcia, Wise and Smith Stadium",96,11,19,11,0,18
3590,9749,2020-11-20,Martinez and Sons Stadium,87,12,151,13,18,63
3591,8371,2021-03-08,Walker-Hill Stadium,35,5,63,4,0,49
3592,3468,2023-08-16,"Allen, Fritz and Johnson Stadium",96,21,30,0,24,65
3593,2056,2023-02-06,Espinoza-Farley Stadium,148,16,158,4,0,24
3594,4262,2025-03-04,"Becker, Fleming and Garcia Stadium",28,9,71,9,7,56
3595,3276,2025-09-02,"Humphrey, Mann and Harper Stadium",91,7,99,3,12,61
3596,1452,2025-10-27,Avery-Turner Stadium,12,13,34,13,18,67
3597,2460,2020-06-30,"Hanson, Sullivan and Chavez Stadium",149,3,96,5,21,57
3598,1405,2022-02-11,Jackson and Sons Stadium,-2,29,181,14,17,2
3599,3491,2025-09-15,Robinson-White Stadium,144,27,191,1,12,2
3600,5551,2025-10-11,Stevenson Ltd Stadium,112,2,10,0,6,68
3601,4756,2023-07-13,Cervantes-Mcpherson Stadium,73,14,59,12,6,35
3602,9139,2025-04-28,Boyer-Mann Stadium,92,4,37,5,28,46
3603,4765,2020-07-14,"Ware, Lowe and Allen Stadium",103,12,98,3,17,65
3604,3174,2024-06-12,Carter and Sons Stadium,77,25,185,11,0,26
3605,4087,2020-11-26,Zhang Group Stadium,-4,18,56,13,18,50
3606,3161,2020-08-15,"Zimmerman, Bailey and Hill Stadium",112,12,100,0,28,17
3607,249,2023-04-15,Petersen and Sons Stadium,12,18,79,11,17,33
3608,5267,2022-01-13,"Walker, Rivers and Lam Stadium",126,17,69,3,14,29
3609,6161,2023-12-26,"Fields, Pearson and Brewer Stadium",69,4,55,1,6,45
3610,3735,2023-08-24,"Jones, Fisher and Lopez Stadium",93,25,189,11,28,9
3611,8266,2021-07-20,Holland-Dixon Stadium,35,15,162,5,14,59
3612,515,2024-04-24,Shelton LLC Stadium,115,18,75,7,12,65
3613,8708,2023-06-25,Carter Group Stadium,34,11,74,3,12,33
3614,7109,2023-03-24,King-Miller Stadium,122,22,163,2,18,23
3615,2112,2025-08-30,King LLC Stadium,52,4,121,13,3,34
3616,4820,2023-08-07,Davis-Dixon Stadium,126,13,95,12,14,59
3617,3116,2023-03-11,Kelly-Phillips Stadium,58,15,22,0,12,51
3618,6646,2023-12-18,Fox Group Stadium,5,14,112,15,6,35
3619,8741,2023-08-14,Watson-Castillo Stadium,65,17,168,13,17,80
3620,1519,2021-12-17,"Morales, Green and Grimes Stadium",127,10,122,8,21,20
3621,4348,2022-01-03,York Inc Stadium,49,25,180,3,7,64
3622,9084,2020-04-28,Miller-Weaver Stadium,25,5,89,4,28,49
3623,6405,2023-02-11,Kline and Sons Stadium,4,26,33,1,6,73
3624,2617,2024-02-18,"Freeman, Ward and Flores Stadium",150,23,167,15,17,69
3625,6377,2026-02-14,Torres and Sons Stadium,67,10,154,7,6,8
3626,9325,2025-02-08,Navarro-Gray Stadium,94,20,76,6,24,23
3627,7867,2024-04-16,Wyatt-Murray Stadium,38,23,37,2,7,16
3628,1517,2020-04-01,Gibson Ltd Stadium,2,4,82,11,7,8
3629,5530,2023-01-22,Wilson-Phillips Stadium,124,20,170,7,6,57
3630,372,2023-08-06,Jensen-Solomon Stadium,85,17,130,9,14,4
3631,5787,2020-04-29,Hernandez Ltd Stadium,67,27,190,7,18,17
3632,6246,2025-04-30,"Moreno, Griffin and Oconnor Stadium",77,30,188,6,14,34
3633,5953,2026-01-12,Scott Group Stadium,115,7,192,5,28,10
3634,5829,2024-09-12,"Nelson, Bennett and Scott Stadium",-5,17,24,11,3,28
3635,6959,2022-06-26,Gutierrez-Gonzalez Stadium,102,27,150,9,24,23
3636,7758,2024-11-14,Frank-Hudson Stadium,49,3,144,3,21,53
3637,7902,2020-11-28,Aguilar Ltd Stadium,90,26,156,9,3,74
3638,2450,2026-03-20,"Wagner, Thomas and Gonzales Stadium",8,29,171,3,7,54
3639,1488,2021-06-06,Brady-Murphy Stadium,98,21,80,1,17,22
3640,987,2021-11-25,Lee Inc Stadium,4,5,61,14,0,79
3641,2522,2021-11-01,Wells LLC Stadium,4,5,134,8,7,25
3642,6362,2025-11-11,Thompson and Sons Stadium,99,23,187,2,12,10
3643,4583,2021-04-15,Johnson-Jones Stadium,63,14,30,1,0,80
3644,9579,2022-06-16,Gray PLC Stadium,117,18,189,8,12,69
3645,5042,2022-04-30,Curtis-Hudson Stadium,33,18,154,8,12,31
3646,1087,2021-02-04,Greene-Williams Stadium,73,25,145,2,18,20
3647,7871,2022-03-19,Rivas LLC Stadium,88,9,123,6,28,47
3648,2708,2023-04-04,"Atkins, Foster and Lowe Stadium",65,14,107,5,21,17
3649,5645,2025-06-25,Shepherd Group Stadium,43,25,15,6,7,12
3650,8848,2025-10-22,"Lowery, Richardson and Benton Stadium",109,15,20,3,24,35
3651,5775,2022-08-19,Rice-Luna Stadium,64,4,164,2,18,36
3652,1091,2020-03-23,Black Inc Stadium,122,10,78,3,7,29
3653,7758,2023-05-16,Wells Ltd Stadium,134,17,198,5,28,10
3654,1390,2020-07-03,"Henderson, Lopez and Stewart Stadium",-2,4,172,10,24,60
3655,5065,2020-11-29,Robertson Group Stadium,112,6,153,2,6,75
3656,8464,2023-10-24,"Stevens, Miller and Meyer Stadium",68,25,86,8,21,27
3657,7889,2025-06-22,Nielsen Inc Stadium,1,29,24,4,12,60
3658,8369,2026-04-10,Calderon-Young Stadium,43,7,102,8,18,21
3659,336,2022-05-08,Castaneda-Glass Stadium,87,19,171,14,14,67
3660,1223,2020-03-13,Buchanan-Yu Stadium,32,23,128,4,14,67
3661,4044,2020-11-27,Young and Sons Stadium,138,11,13,2,14,12
3662,7858,2020-07-15,Waters-Marks Stadium,142,25,85,0,21,33
3663,7488,2026-03-04,Leonard-Riley Stadium,14,18,111,13,14,39
3664,7842,2022-03-01,Wright-Flores Stadium,13,26,120,13,18,49
3665,5967,2020-03-12,"Morris, Kennedy and Nelson Stadium",30,27,45,11,17,23
3666,6117,2024-03-10,Horton-Richardson Stadium,147,2,159,7,18,36
3667,2057,2023-07-25,"Hernandez, Ingram and Jones Stadium",119,30,6,0,17,55
3668,852,2020-10-03,Smith-Smith Stadium,35,22,6,11,12,55
3669,4413,2022-08-29,Smith Inc Stadium,8,16,89,10,6,76
3670,1685,2023-11-18,Grant Group Stadium,17,12,48,6,21,45
3671,9088,2026-03-12,Velasquez Ltd Stadium,143,4,123,5,6,65
3672,4251,2022-02-12,Simmons and Sons Stadium,129,5,123,8,21,75
3673,1087,2020-08-03,Robertson-King Stadium,53,18,196,10,28,17
3674,832,2020-05-15,"Green, Wilson and Buckley Stadium",32,5,46,13,18,78
3675,8547,2025-05-19,Edwards Group Stadium,106,17,140,6,12,21
3676,1755,2023-08-19,Rivas-Marks Stadium,116,27,194,10,28,2
3677,1910,2024-10-16,"Allen, Beltran and Hobbs Stadium",78,23,98,12,7,25
3678,6992,2025-11-16,Hawkins-Gallegos Stadium,16,3,13,11,6,68
3679,4663,2025-10-27,"Alexander, Davies and Myers Stadium",94,0,42,7,7,55
3680,7172,2020-01-31,White-Allen Stadium,135,30,141,14,17,80
3681,615,2023-12-24,Hampton Ltd Stadium,79,2,151,11,6,48
3682,7418,2023-02-01,Smith Group Stadium,25,1,174,12,12,60
3683,1882,2020-05-13,"Rhodes, Chavez and Hayes Stadium",129,12,116,11,17,9
3684,9584,2021-09-18,Gordon Group Stadium,109,17,179,7,12,66
3685,7586,2023-10-27,Marquez-Moss Stadium,134,1,196,14,17,62
3686,8794,2023-10-30,"Bridges, Summers and Owens Stadium",81,18,156,9,18,65
3687,4220,2023-01-05,Sanchez Ltd Stadium,17,1,39,5,18,70
3688,311,2025-06-07,Crawford-Mcdonald Stadium,79,2,187,9,18,5
3689,6595,2020-02-13,Wright Inc Stadium,7,29,70,5,0,56
3690,1648,2020-06-19,Hendricks PLC Stadium,128,18,47,3,12,67
3691,2604,2020-04-30,Casey-Ward Stadium,47,22,12,0,6,49
3692,243,2026-02-26,"Dean, Morris and Kennedy Stadium",48,7,82,5,7,38
3693,6048,2024-08-23,"Jackson, Lewis and Erickson Stadium",21,4,40,7,28,21
3694,1861,2022-11-12,"Johnson, Jackson and Hayes Stadium",100,27,71,0,7,59
3695,3896,2025-12-21,Marks Group Stadium,1,27,185,2,21,9
3696,8334,2020-02-10,Gallegos-Clay Stadium,96,16,64,1,14,52
3697,7044,2024-04-17,Cox-Williams Stadium,50,12,177,3,18,69
3698,6664,2026-01-31,Boyer Group Stadium,100,5,88,4,7,62
3699,191,2021-08-28,Smith-Decker Stadium,35,4,159,4,21,3
3700,3968,2023-01-19,"Middleton, Lee and Dougherty Stadium",106,30,15,15,18,17
3701,2804,2020-03-13,"Stanley, Jackson and Rogers Stadium",109,14,66,11,7,42
3702,2139,2021-01-22,Wood-Johnson Stadium,38,4,36,13,17,8
3703,7937,2021-08-27,Schmidt LLC Stadium,97,6,16,15,24,20
3704,2955,2026-01-24,Thomas Inc Stadium,90,27,39,7,24,42
3705,5063,2023-05-18,Roth-Flowers Stadium,78,17,97,2,3,22
3706,3150,2026-03-27,Smith-Cox Stadium,96,1,97,9,14,33
3707,4333,2023-09-03,"Johnson, Howard and Davidson Stadium",121,3,51,1,3,8
3708,5076,2021-09-14,"Stephens, Clark and Ray Stadium",1,8,135,3,3,33
3709,7906,2024-01-11,Moran-Johnson Stadium,84,17,109,1,3,77
3710,4044,2021-02-14,Morris Ltd Stadium,95,21,148,13,14,28
3711,8961,2021-10-17,"Perez, White and Carrillo Stadium",18,1,59,3,7,36
3712,5295,2025-05-23,"Burke, Contreras and Brown Stadium",105,15,23,6,28,38
3713,9527,2020-07-27,Cochran-Tate Stadium,60,11,15,1,17,61
3714,1539,2025-12-01,Collins Ltd Stadium,1,9,82,4,21,5
3715,6395,2024-12-09,Henderson LLC Stadium,75,21,34,13,0,70
3716,3281,2020-11-14,Hernandez-Reid Stadium,91,4,128,14,12,44
3717,9958,2026-04-26,Howard-Murphy Stadium,27,29,171,7,3,37
3718,704,2021-02-08,"Thompson, Taylor and Johnson Stadium",83,12,172,9,21,1
3719,7772,2023-06-26,"Morales, Tran and Stanley Stadium",58,14,62,9,18,44
3720,3842,2021-06-03,Snow-Mitchell Stadium,133,27,1,13,7,64
3721,291,2021-05-12,Burns and Sons Stadium,110,3,149,7,17,70
3722,6443,2021-09-12,Brown-Lewis Stadium,148,29,126,7,14,39
3723,4159,2023-06-19,Kennedy LLC Stadium,87,19,124,7,0,28
3724,355,2022-07-31,"Gray, Elliott and Suarez Stadium",4,9,191,6,6,15
3725,3975,2020-12-27,"Moore, Farrell and Gonzalez Stadium",32,19,106,10,18,50
3726,5535,2021-01-05,Clark LLC Stadium,37,28,172,2,21,56
3727,1782,2021-09-08,Simpson PLC Stadium,29,2,182,15,14,63
3728,2421,2022-08-11,Butler and Sons Stadium,11,23,95,13,7,70
3729,7104,2023-07-28,"Greene, Ingram and Pittman Stadium",137,15,178,10,18,48
3730,5824,2025-12-15,"Kent, Walker and Hart Stadium",99,6,29,9,21,74
3731,6612,2025-04-23,"Wallace, Diaz and Gonzalez Stadium",117,11,94,1,18,47
3732,5159,2021-05-16,"Smith, Smith and Scott Stadium",43,13,150,1,7,16
3733,2677,2021-02-22,"Thompson, Vasquez and Davis Stadium",56,16,178,11,18,69
3734,3402,2023-09-07,Foster-Green Stadium,31,3,42,2,0,73
3735,2418,2024-01-15,Warner-Rivera Stadium,26,3,165,6,14,68
3736,6812,2025-11-07,"Wilson, Hanson and Martinez Stadium",18,2,78,15,6,73
3737,7292,2023-12-03,"Williams, Stuart and Haynes Stadium",27,10,137,7,0,1
3738,9242,2021-03-13,Hernandez-Perez Stadium,44,4,123,9,17,3
3739,1610,2022-12-24,Bautista Ltd Stadium,115,10,104,1,24,15
3740,905,2023-08-03,Frazier and Sons Stadium,146,23,160,4,3,59
3741,5900,2023-10-14,Woodard-Johnson Stadium,138,11,99,1,18,12
3742,5340,2022-09-04,Knox-Ramos Stadium,136,8,83,9,7,66
3743,3099,2021-09-03,Jordan-Miller Stadium,119,14,159,7,7,15
3744,8844,2021-05-18,Burnett-Goodwin Stadium,128,3,16,13,3,3
3745,8727,2020-09-22,Bowen-Harris Stadium,149,6,131,15,21,53
3746,3121,2023-06-22,Brooks and Sons Stadium,34,29,141,15,28,40
3747,8024,2025-10-17,Morales-Williams Stadium,39,11,46,1,17,17
3748,2308,2022-11-01,Landry-Soto Stadium,73,27,195,7,18,72
3749,535,2025-04-06,Ford Inc Stadium,60,18,48,2,24,35
3750,1145,2026-02-13,Lozano Inc Stadium,97,6,54,10,7,8
3751,1052,2024-02-26,Harris-Lang Stadium,17,24,147,0,12,38
3752,1022,2020-05-11,Robertson-Martinez Stadium,97,4,95,5,14,44
3753,670,2020-07-08,Pugh PLC Stadium,110,18,134,14,7,19
3754,7638,2025-08-11,Jones and Sons Stadium,87,2,116,15,3,53
3755,4587,2021-04-07,Jones Group Stadium,55,3,161,1,7,26
3756,4713,2020-04-18,Brown-Davis Stadium,31,3,62,8,17,8
3757,4835,2022-02-13,Hopkins-Hernandez Stadium,103,5,53,4,14,1
3758,2528,2023-05-21,"Harrison, Wolf and Rogers Stadium",80,2,100,5,24,55
3759,8617,2024-02-10,Evans-Miles Stadium,115,19,164,7,7,21
3760,5699,2025-08-12,Burton-Shaffer Stadium,-3,23,127,0,3,73
3761,4845,2025-03-14,"Adams, Jackson and Harrington Stadium",81,0,160,9,18,18
3762,3697,2024-07-12,Wilkinson-Macias Stadium,-2,22,194,14,12,73
3763,8746,2022-08-02,"Nichols, Chavez and Schmidt Stadium",120,11,99,14,17,33
3764,1361,2020-11-21,Ortiz Inc Stadium,125,21,26,10,21,18
3765,630,2022-11-22,Adams-Lyons Stadium,2,4,17,0,24,18
3766,632,2024-07-30,Gonzales-Mckee Stadium,136,24,63,10,14,22
3767,3402,2024-05-04,"Smith, Evans and Duffy Stadium",145,2,82,3,18,32
3768,420,2021-01-13,"Schmitt, Martinez and Alvarez Stadium",25,11,164,11,21,76
3769,2349,2022-10-30,Jones-Torres Stadium,98,27,143,14,18,71
3770,4002,2024-01-12,Ford-Lambert Stadium,93,28,98,0,18,8
3771,3835,2022-06-06,Ward PLC Stadium,42,22,182,6,21,10
3772,7899,2023-10-25,Brown PLC Stadium,103,24,143,2,3,15
3773,9314,2021-02-26,Roberts-Ward Stadium,55,19,165,9,17,69
3774,7130,2020-05-25,Lopez-Greene Stadium,109,22,197,0,14,44
3775,5761,2024-02-04,"James, Morales and Cross Stadium",130,11,181,7,14,6
3776,6487,2023-09-23,Miller-Ferguson Stadium,92,13,157,15,18,45
3777,5725,2026-03-12,Lewis PLC Stadium,81,25,151,8,6,23
3778,9555,2020-06-16,"Mccormick, Wallace and Nelson Stadium",135,12,31,2,12,13
3779,5335,2023-03-30,Brown Inc Stadium,26,18,115,12,24,26
3780,7729,2023-10-25,Hernandez Inc Stadium,51,20,115,10,24,58
3781,959,2021-10-25,Douglas-Wolf Stadium,103,18,129,9,0,45
3782,5205,2021-05-03,"Beltran, Phillips and Collins Stadium",111,20,92,4,3,37
3783,6948,2020-08-02,"Kent, Orozco and Owen Stadium",106,27,123,11,0,9
3784,4227,2020-04-05,Adams-Thomas Stadium,139,21,111,11,0,78
3785,320,2021-06-13,Thomas-Peterson Stadium,52,28,59,4,7,30
3786,2214,2022-03-09,Smith LLC Stadium,73,5,67,0,12,4
3787,4675,2022-04-16,Rogers-Hunt Stadium,105,7,190,12,24,1
3788,1733,2020-02-10,Marshall LLC Stadium,104,5,35,1,3,70
3789,5292,2022-06-27,Luna and Sons Stadium,99,5,155,2,7,77
3790,9229,2021-03-17,"Howard, Murphy and Martinez Stadium",74,17,34,11,3,77
3791,1925,2020-03-11,"Williams, Watkins and Shaw Stadium",14,3,192,7,14,35
3792,3273,2023-09-05,Campbell-Mack Stadium,112,25,199,11,3,62
3793,8897,2020-01-14,Bishop-Wang Stadium,56,7,129,15,12,65
3794,5937,2022-01-19,"Garcia, Carson and Bishop Stadium",127,18,197,6,28,42
3795,9739,2021-03-20,Phillips Group Stadium,143,23,97,0,24,13
3796,5335,2021-03-04,Becker PLC Stadium,46,4,186,3,17,66
3797,278,2025-10-12,Robinson-Williams Stadium,142,10,36,2,24,17
3798,1219,2025-04-24,Johnson and Sons Stadium,58,7,69,1,24,37
3799,2230,2023-03-25,Wallace-Mayer Stadium,143,18,22,2,21,47
3800,8799,2022-01-31,Frazier LLC Stadium,26,0,18,10,12,44
3801,6296,2022-09-04,Cooper Inc Stadium,19,12,125,9,14,62
3802,9700,2024-01-10,Perkins-Smith Stadium,0,20,162,0,14,58
3803,6159,2020-06-01,Adkins PLC Stadium,133,16,35,3,14,22
3804,3840,2024-08-10,Evans-Norris Stadium,84,28,109,2,21,67
3805,2748,2023-11-19,Padilla-Wright Stadium,116,3,82,2,24,12
3806,8635,2022-05-25,"Mcguire, Booth and Duncan Stadium",133,3,178,3,14,52
3807,8664,2021-03-05,"Johnson, Bell and Morris Stadium",75,4,200,9,3,39
3808,184,2022-06-09,"Green, Evans and Fisher Stadium",1,27,132,11,21,41
3809,2290,2021-07-17,Adams and Sons Stadium,0,11,24,11,6,33
3810,9172,2024-04-22,Anderson-Stephenson Stadium,127,26,54,6,14,55
3811,9915,2024-12-28,Arnold LLC Stadium,28,17,197,0,28,33
3812,2836,2024-06-05,"Johnson, Lewis and Figueroa Stadium",74,16,168,0,21,9
3813,3146,2024-08-03,Meyer-Schmidt Stadium,16,10,146,15,3,36
3814,6535,2024-09-12,Hale Ltd Stadium,4,13,45,8,18,17
3815,2655,2024-12-02,"Poole, Rivers and Franklin Stadium",58,2,41,9,18,67
3816,5804,2022-11-16,"Hudson, Rivers and Thomas Stadium",8,17,196,13,0,71
3817,1823,2020-02-15,Miller Inc Stadium,123,12,81,1,24,36
3818,1897,2025-05-26,Little LLC Stadium,124,19,85,10,14,7
3819,2793,2023-12-03,Warren-White Stadium,33,28,61,9,3,69
3820,7689,2023-08-01,Odonnell Group Stadium,6,25,146,6,18,3
3821,7826,2022-04-13,King-Sherman Stadium,72,8,19,6,17,56
3822,9836,2020-12-16,Decker Inc Stadium,127,27,15,0,14,8
3823,1744,2025-06-11,Malone PLC Stadium,22,8,124,15,18,9
3824,2442,2023-08-19,Campbell-Meyer Stadium,21,6,43,1,6,36
3825,2949,2022-03-04,Nelson-Yu Stadium,83,20,13,12,18,4
3826,3409,2024-09-09,Jones-Lee Stadium,52,7,111,5,14,15
3827,2915,2023-01-11,Daniels Inc Stadium,59,10,65,4,3,29
3828,5111,2024-08-23,"Obrien, Kennedy and Miller Stadium",-5,8,97,11,6,18
3829,3059,2022-05-15,Snyder LLC Stadium,129,13,48,3,14,74
3830,2967,2025-03-19,Crawford-Black Stadium,64,8,159,6,3,49
3831,8527,2024-12-26,"Garcia, Conley and Glenn Stadium",83,0,185,10,18,40
3832,6734,2024-06-21,Bell Inc Stadium,3,20,41,3,7,74
3833,412,2025-05-17,"Hall, Vargas and Frye Stadium",35,25,132,10,21,61
3834,2602,2020-10-27,Murphy Group Stadium,16,27,60,15,6,23
3835,3925,2021-07-25,"Booth, Baird and Melton Stadium",147,8,9,1,17,20
3836,9295,2023-11-07,"Lawson, Murray and Munoz Stadium",85,22,31,2,28,4
3837,7756,2020-01-13,Martin-Flynn Stadium,100,19,86,5,24,65
3838,6826,2023-01-17,"Casey, Kelly and Castro Stadium",138,29,89,15,28,65
3839,6755,2021-02-02,"Johnston, Anderson and Smith Stadium",70,0,144,9,21,63
3840,1411,2022-05-04,Lewis-Bates Stadium,14,18,49,15,21,7
3841,3807,2020-12-03,Jimenez PLC Stadium,128,8,91,4,28,77
3842,407,2020-07-11,"Ortiz, Aguirre and Nguyen Stadium",-3,10,74,3,21,74
3843,6649,2023-01-05,Valdez Group Stadium,133,0,109,11,12,42
3844,5965,2020-07-06,"Ramirez, Porter and Brown Stadium",25,0,148,6,3,67
3845,7304,2023-12-20,"Powell, Delacruz and Wiley Stadium",131,19,19,8,24,80
3846,5903,2022-10-20,Watkins Ltd Stadium,65,2,98,5,6,69
3847,4959,2020-09-20,Mckee Inc Stadium,59,24,140,7,7,72
3848,9809,2022-04-18,"Brown, Allen and Walker Stadium",123,29,98,6,6,17
3849,1344,2023-04-21,"Nguyen, Fletcher and Miller Stadium",22,29,194,0,14,75
3850,6900,2026-04-06,Perkins-Larson Stadium,36,1,141,9,14,79
3851,7485,2026-03-19,Smith Inc Stadium,15,4,3,1,17,52
3852,3921,2025-05-26,Gray PLC Stadium,77,6,146,5,6,49
3853,3550,2025-01-13,"Blake, Howard and Miller Stadium",109,15,64,10,14,71
3854,4694,2023-07-12,Morrison-Weeks Stadium,139,0,54,13,6,15
3855,3576,2020-08-20,Young Ltd Stadium,150,8,92,9,12,36
3856,6228,2022-07-14,Martin Ltd Stadium,37,21,150,13,12,49
3857,1840,2024-11-26,"Ford, Jones and Grant Stadium",99,8,188,10,18,10
3858,3431,2022-09-22,Flores-James Stadium,140,8,103,0,17,48
3859,468,2023-11-26,Hernandez and Sons Stadium,67,16,18,5,0,79
3860,8075,2020-03-10,"Guerrero, Perez and West Stadium",105,24,200,13,6,70
3861,5303,2020-11-26,"Wright, Higgins and Johnson Stadium",93,24,123,2,28,54
3862,1913,2021-12-25,Bowman LLC Stadium,102,15,90,8,14,53
3863,885,2025-04-30,Johnson LLC Stadium,119,16,34,8,21,15
3864,9940,2024-07-12,"Reyes, Peters and Estrada Stadium",29,5,198,4,28,23
3865,1704,2025-11-15,Rocha PLC Stadium,87,26,196,10,6,30
3866,9166,2022-07-12,Fernandez LLC Stadium,140,4,168,9,24,18
3867,7175,2023-01-02,Preston-Walsh Stadium,24,29,151,2,28,43
3868,4582,2023-11-29,"Mills, Smith and Lawrence Stadium",66,10,117,2,24,6
3869,6857,2020-04-21,Hernandez-Taylor Stadium,99,27,80,3,3,31
3870,9353,2025-09-11,"Bonilla, Fuller and Hernandez Stadium",105,4,139,10,28,62
3871,4740,2023-02-12,Harris Inc Stadium,0,8,98,15,0,78
3872,2744,2020-03-26,Moses Group Stadium,100,21,177,5,18,78
3873,5462,2025-10-05,Morris-Oconnor Stadium,50,6,137,12,7,20
3874,35,2025-12-09,Parsons LLC Stadium,58,26,146,0,21,15
3875,727,2024-04-07,Ramos-Ross Stadium,45,10,68,1,12,20
3876,2264,2021-02-20,Smith-Singleton Stadium,73,7,63,5,24,46
3877,5989,2025-03-10,"Miranda, Bell and Mcgrath Stadium",64,20,30,0,12,66
3878,9631,2022-11-19,"Lee, Kennedy and Nichols Stadium",1,14,159,9,0,45
3879,6159,2025-04-11,"Atkinson, White and Clark Stadium",48,24,139,3,17,31
3880,8728,2024-06-13,Hamilton-Mejia Stadium,9,16,29,6,14,9
3881,7002,2020-07-24,"Duffy, Kline and Day Stadium",4,18,66,11,14,68
3882,6817,2020-10-12,Brown-Carey Stadium,10,27,112,2,18,24
3883,3817,2024-10-02,Thompson Ltd Stadium,51,8,14,13,6,78
3884,7348,2022-07-17,Navarro-Sullivan Stadium,1,4,36,5,14,74
3885,9858,2021-01-08,Charles PLC Stadium,64,19,141,12,12,22
3886,587,2020-05-13,Smith Ltd Stadium,136,21,115,14,18,14
3887,5374,2024-08-14,"Beck, Alvarez and Maxwell Stadium",17,20,177,14,12,61
3888,1655,2021-12-27,"Rodriguez, Cummings and Johnson Stadium",24,28,87,3,17,35
3889,4037,2021-02-28,"Miller, Hunt and West Stadium",11,28,45,6,28,72
3890,5434,2024-02-10,"Alvarez, Hamilton and Roach Stadium",40,18,2,14,7,40
3891,4420,2022-12-01,Shepard PLC Stadium,142,21,103,12,12,17
3892,888,2024-05-16,Allen PLC Stadium,92,8,83,1,18,61
3893,1891,2023-04-01,Hoover Group Stadium,41,21,186,7,0,55
3894,8126,2021-05-29,Myers Inc Stadium,87,22,97,12,21,70
3895,7928,2026-03-19,Lucero PLC Stadium,56,10,12,3,24,17
3896,7919,2025-05-17,Murphy and Sons Stadium,140,29,42,4,6,52
3897,6691,2024-01-14,Lang-Sanchez Stadium,117,13,47,11,12,10
3898,9241,2023-05-13,"Hunt, Stewart and Cunningham Stadium",71,6,49,5,3,1
3899,8015,2023-09-05,"Christensen, Franklin and Horton Stadium",23,0,180,2,28,55
3900,9623,2025-05-05,Williams and Sons Stadium,-4,9,47,11,3,45
3901,5663,2022-07-16,Miranda-Morris Stadium,121,10,128,11,21,50
3902,1634,2022-02-11,Watson and Sons Stadium,42,8,33,6,17,39
3903,2243,2025-02-03,"Singh, Johnson and Vargas Stadium",76,1,97,15,17,32
3904,2829,2025-09-14,Hughes-Rodriguez Stadium,31,25,111,1,17,35
3905,2752,2026-03-02,Reeves Ltd Stadium,146,20,53,4,24,20
3906,5064,2022-04-11,Morgan-May Stadium,105,24,61,5,12,5
3907,4898,2025-07-14,Moore LLC Stadium,143,28,197,6,21,62
3908,9100,2025-06-22,Mills-Golden Stadium,64,3,114,13,14,45
3909,389,2025-09-27,Miller-Carter Stadium,41,29,47,15,28,69
3910,7359,2022-04-26,Clark-Knapp Stadium,95,29,190,12,12,58
3911,9209,2021-04-19,Wilson Group Stadium,140,10,36,8,3,16
3912,1642,2022-04-25,Rodriguez PLC Stadium,56,27,144,13,3,68
3913,7656,2024-04-18,Ibarra Ltd Stadium,73,22,55,0,28,31
3914,4384,2023-05-13,Kennedy PLC Stadium,122,18,6,6,21,50
3915,1507,2020-01-17,Bishop-Kaufman Stadium,64,23,16,15,0,24
3916,8742,2024-05-18,Jackson PLC Stadium,43,2,182,4,12,2
3917,9142,2024-07-16,"Phelps, Christensen and Phelps Stadium",85,30,160,1,28,54
3918,3555,2021-04-09,"Mclean, Stout and Harris Stadium",136,11,53,11,18,2
3919,3126,2023-11-21,Torres-Johnson Stadium,92,13,73,8,18,7
3920,3340,2024-05-08,"Robinson, Cooper and Harper Stadium",125,28,59,8,28,37
3921,4966,2022-03-11,Oliver-Chan Stadium,138,10,180,2,14,56
3922,315,2024-07-10,"Gray, Watson and Green Stadium",120,18,188,11,3,60
3923,6027,2024-06-21,"Wilson, Rice and Howell Stadium",105,19,160,14,28,10
3924,5148,2023-01-02,Rhodes Group Stadium,54,0,29,15,21,24
3925,2615,2025-12-24,"Valencia, Owens and Bean Stadium",34,9,59,14,28,37
3926,6199,2021-11-03,Wells-Torres Stadium,31,1,30,4,7,29
3927,6578,2022-06-29,Griffin-Knight Stadium,81,15,74,0,18,2
3928,3971,2021-10-19,Moses-Cain Stadium,76,28,113,6,12,18
3929,3383,2025-06-28,Jones-Sanders Stadium,110,19,174,1,21,61
3930,6899,2022-03-03,Williams and Sons Stadium,19,18,22,4,12,57
3931,4914,2020-08-07,Erickson-Roberts Stadium,93,3,169,11,6,53
3932,6785,2020-07-08,"Peterson, Lane and Young Stadium",110,26,200,7,24,73
3933,7170,2023-12-18,Brown Group Stadium,74,12,1,15,12,47
3934,2543,2023-12-04,Delacruz Group Stadium,51,20,94,5,14,34
3935,9054,2025-12-13,"Nelson, Johnson and Young Stadium",89,21,100,3,0,10
3936,1463,2025-11-21,Roman Inc Stadium,-5,15,197,7,7,1
3937,3189,2023-01-22,Jackson-Nguyen Stadium,4,17,136,6,17,48
3938,9819,2020-05-01,Peterson-Mcconnell Stadium,131,4,86,2,0,21
3939,8780,2025-11-03,Simpson-Mendoza Stadium,25,14,93,9,7,58
3940,7061,2020-11-22,Scott-Yates Stadium,106,1,22,1,17,39
3941,9515,2024-06-22,James-Dudley Stadium,25,18,135,12,24,63
3942,8940,2020-05-24,"Hernandez, Benson and White Stadium",123,24,56,15,21,16
3943,3872,2021-06-30,Cobb-Smith Stadium,1,22,25,3,21,21
3944,5693,2021-04-21,"Crawford, Martinez and Gonzalez Stadium",140,21,43,11,28,7
3945,5764,2025-11-15,Cameron and Sons Stadium,46,26,120,0,18,71
3946,3091,2020-09-18,Compton LLC Stadium,80,18,47,0,6,46
3947,4896,2021-05-01,Edwards Ltd Stadium,30,5,130,4,14,2
3948,3772,2022-03-31,Thomas-Chavez Stadium,113,8,54,8,12,28
3949,6217,2022-08-10,"Freeman, Hoffman and Walker Stadium",36,9,161,15,28,7
3950,5913,2021-04-04,Davis Group Stadium,46,16,107,13,3,4
3951,194,2025-11-21,"Young, Allen and Molina Stadium",84,14,37,4,28,66
3952,8738,2025-03-14,French-Ramirez Stadium,-1,14,158,13,24,16
3953,501,2025-03-13,Black-Lowery Stadium,41,28,35,8,18,58
3954,7932,2020-07-05,"Barnes, Wheeler and Foster Stadium",117,14,18,4,6,46
3955,4647,2021-01-31,Moreno-Johnson Stadium,131,18,125,13,3,16
3956,6061,2025-04-24,Price-Robinson Stadium,7,18,158,10,3,53
3957,3454,2023-01-05,"Mccann, Guerrero and Ramirez Stadium",37,30,42,1,17,1
3958,6017,2022-10-10,"Barber, Jarvis and Baxter Stadium",139,27,55,9,3,49
3959,1109,2025-03-07,Acosta-Adkins Stadium,69,3,95,3,7,64
3960,379,2022-05-07,Mitchell LLC Stadium,61,5,53,11,7,3
3961,7452,2020-09-15,Wilson-Stone Stadium,132,1,9,14,21,41
3962,3801,2023-08-30,Brown-Johnson Stadium,133,2,31,9,7,13
3963,2154,2021-11-22,Brown Group Stadium,36,30,162,13,0,14
3964,1448,2025-04-27,Bates-Williams Stadium,118,1,143,2,28,63
3965,6544,2024-09-12,"Gates, Perez and Nguyen Stadium",24,11,34,11,3,57
3966,7866,2021-08-26,"Ramos, Lewis and Mckee Stadium",8,4,165,14,21,20
3967,9961,2026-01-29,Miller Inc Stadium,86,5,113,13,0,68
3968,1388,2024-08-04,Harvey-Collins Stadium,51,9,42,12,17,49
3969,7666,2026-02-26,Davidson and Sons Stadium,137,3,149,15,17,52
3970,1929,2020-06-25,"Brown, Williamson and Henry Stadium",72,16,77,3,7,61
3971,2049,2025-11-27,Lawrence-Lopez Stadium,74,22,160,4,24,34
3972,8382,2024-08-03,Robbins-Smith Stadium,147,28,21,14,18,4
3973,6555,2023-10-31,"Aguilar, Thomas and White Stadium",146,13,8,8,6,21
3974,4048,2025-06-26,"Lopez, Greene and Gonzalez Stadium",125,30,174,3,28,7
3975,1333,2025-09-25,Simmons-Leonard Stadium,114,11,146,8,7,57
3976,891,2026-02-28,Armstrong Ltd Stadium,117,5,73,2,17,27
3977,6987,2023-06-02,"Owens, Jimenez and Morris Stadium",64,28,126,9,21,71
3978,5421,2026-04-11,"Smith, Stout and Sanchez Stadium",47,20,160,8,12,40
3979,5982,2024-10-01,Davidson Inc Stadium,51,28,101,12,18,77
3980,939,2022-06-07,"Pineda, Gordon and Yates Stadium",12,7,57,2,7,27
3981,3258,2022-11-13,Garcia-Yoder Stadium,4,29,154,12,18,76
3982,8040,2023-12-28,"Green, Banks and Price Stadium",12,9,13,2,3,78
3983,8430,2024-10-05,Smith-Craig Stadium,110,15,143,0,24,6
3984,3961,2020-01-04,Rowe-Matthews Stadium,77,30,47,14,24,67
3985,7793,2022-03-28,Gonzalez Group Stadium,22,28,4,12,14,13
3986,789,2022-04-04,Macias-Perez Stadium,9,2,36,15,12,74
3987,9154,2022-07-04,Carter-Patrick Stadium,4,2,19,11,0,4
3988,1872,2023-09-30,Hopkins Inc Stadium,118,0,135,9,6,46
3989,6877,2025-11-11,Combs Inc Stadium,15,4,164,0,12,23
3990,4817,2026-02-20,Bolton LLC Stadium,113,4,21,8,17,21
3991,1802,2022-05-26,"Flores, Curtis and Haney Stadium",101,12,168,13,0,56
3992,9528,2023-06-06,Dennis-Wilson Stadium,33,24,175,0,12,19
3993,8096,2020-04-08,Alvarez and Sons Stadium,57,23,41,4,18,6
3994,1714,2022-09-05,Smith-Coleman Stadium,59,27,120,13,14,45
3995,190,2023-07-04,Peters-Cooper Stadium,117,6,190,6,28,72
3996,5780,2021-05-04,Phillips-Mitchell Stadium,3,20,116,14,12,22
3997,150,2021-07-18,Weeks-Leach Stadium,145,14,139,5,18,27
3998,3715,2021-08-25,Chavez LLC Stadium,30,0,79,8,7,6
3999,7093,2025-02-01,Perez-Coleman Stadium,109,26,109,7,18,77
4000,4029,2022-03-27,Simpson and Sons Stadium,80,0,126,9,7,22
4001,1003,2021-06-15,Marshall LLC Stadium,15,29,95,0,17,73
4002,9405,2025-09-17,"Ballard, Smith and Garcia Stadium",98,19,44,15,21,42
4003,7856,2020-07-14,Hamilton-Fields Stadium,92,29,177,12,18,15
4004,8820,2023-07-23,Compton-Gilbert Stadium,-1,27,190,2,6,74
4005,2518,2020-06-07,"Bridges, Miller and Johnson Stadium",59,19,120,0,0,68
4006,5626,2022-06-16,"Baker, Rodriguez and Henson Stadium",-4,10,41,0,14,17
4007,1338,2020-02-04,Clay and Sons Stadium,72,8,4,3,7,58
4008,5543,2022-07-18,Ramsey Ltd Stadium,5,9,23,3,3,63
4009,3513,2026-03-06,Hanson LLC Stadium,52,26,8,7,0,59
4010,9091,2025-03-16,Stone-Castillo Stadium,76,20,185,6,3,37
4011,2096,2021-10-09,"Myers, Jackson and Thomas Stadium",117,3,31,8,3,66
4012,1084,2024-04-02,Gomez-Kent Stadium,103,7,68,3,18,40
4013,854,2024-12-27,"Murphy, Anderson and Porter Stadium",10,25,22,9,28,80
4014,3393,2024-10-29,"Grant, Escobar and Newton Stadium",144,14,186,10,17,45
4015,2773,2023-07-27,Hammond Group Stadium,8,23,79,5,17,73
4016,5977,2025-10-30,"Hughes, Barnes and Sherman Stadium",135,17,176,12,17,5
4017,4884,2023-05-16,Hill Ltd Stadium,67,22,151,4,6,58
4018,7071,2024-02-05,"Smith, Morris and Green Stadium",107,20,139,12,24,80
4019,3321,2025-04-14,Coleman-Jordan Stadium,-2,29,110,6,24,70
4020,8034,2025-10-15,Montgomery-Dawson Stadium,44,23,85,9,14,4
4021,820,2023-02-23,"Miranda, Moore and Carter Stadium",4,5,57,5,14,22
4022,8617,2025-06-19,"Howard, Mitchell and Williams Stadium",69,14,93,5,7,13
4023,8498,2021-04-30,Martinez Ltd Stadium,43,12,174,12,7,18
4024,6924,2025-02-13,"Smith, Stephenson and Duncan Stadium",141,16,22,0,18,41
4025,7703,2024-02-25,"Pope, Christian and Hanson Stadium",67,16,109,7,3,28
4026,371,2024-12-08,"Richardson, Gonzalez and Reed Stadium",137,5,168,7,3,18
4027,42,2025-02-28,Wilson Ltd Stadium,74,24,28,4,6,17
4028,877,2025-11-11,Lucas-White Stadium,49,22,21,9,0,53
4029,4980,2022-01-25,"Robinson, Robertson and Reid Stadium",66,10,96,6,3,73
4030,4513,2024-05-31,"Davis, Mcdowell and Martin Stadium",110,21,169,0,12,34
4031,5866,2024-01-26,"Morris, Mason and Miller Stadium",76,14,109,1,21,43
4032,5704,2024-02-12,Smith-Gray Stadium,8,20,72,14,28,15
4033,3009,2025-12-28,Wood LLC Stadium,75,18,81,11,28,49
4034,8076,2022-07-14,Hughes-Sanchez Stadium,120,11,181,2,17,73
4035,1644,2020-05-18,"Oliver, Cox and Fields Stadium",4,24,75,6,18,33
4036,1423,2023-07-22,"Hunt, Carter and Doyle Stadium",51,29,65,13,18,27
4037,4058,2022-11-11,Ewing-Wright Stadium,38,23,48,1,0,55
4038,6047,2024-02-26,Smith and Sons Stadium,108,17,197,3,0,64
4039,485,2021-03-26,Johns PLC Stadium,17,11,84,4,24,27
4040,363,2024-03-29,Perez-Williams Stadium,14,23,92,0,6,71
4041,7763,2025-12-01,Shaffer PLC Stadium,53,19,37,13,28,44
4042,2598,2025-05-11,"Young, Norton and Rodriguez Stadium",142,11,70,14,18,59
4043,9740,2020-03-11,Levine-Lara Stadium,60,2,16,11,17,38
4044,6228,2020-04-26,"Hernandez, Snyder and Nguyen Stadium",105,2,173,14,24,28
4045,8398,2021-10-24,Blair-Anderson Stadium,94,19,20,14,24,14
4046,1194,2020-04-27,Hill and Sons Stadium,10,9,54,11,0,39
4047,4283,2021-01-30,Ramirez-Marshall Stadium,16,29,64,10,6,14
4048,2332,2020-03-24,Cobb Ltd Stadium,134,20,102,15,0,62
4049,6944,2026-03-18,Travis Group Stadium,147,13,104,0,18,35
4050,303,2023-12-15,Pitts Group Stadium,98,6,126,15,6,27
4051,1374,2022-09-30,"Bell, Harper and Moore Stadium",64,10,147,8,18,68
4052,4259,2025-07-20,Mitchell Ltd Stadium,136,22,15,14,18,70
4053,7005,2020-12-09,"Gray, Miles and Martin Stadium",42,18,38,14,17,35
4054,196,2025-10-04,"Petersen, Galloway and Rivera Stadium",59,21,71,9,17,69
4055,1098,2024-12-02,White Group Stadium,34,20,107,13,17,3
4056,3185,2024-05-16,Brock-Mitchell Stadium,89,3,37,13,28,80
4057,5649,2020-04-24,"Bentley, Green and Stewart Stadium",41,28,123,8,21,49
4058,6070,2023-01-31,"Francis, Navarro and Williams Stadium",100,0,111,3,0,27
4059,3110,2021-02-24,"Ray, Barnes and Barrett Stadium",7,23,4,7,0,66
4060,6362,2023-01-27,Clayton and Sons Stadium,0,20,157,11,24,15
4061,2234,2021-09-08,"Perez, Diaz and Brown Stadium",68,10,162,9,28,77
4062,923,2024-03-09,Paul-Adams Stadium,77,21,146,7,24,80
4063,93,2021-08-08,Nielsen-Hobbs Stadium,144,21,72,11,17,79
4064,9162,2023-12-30,Rodriguez-Monroe Stadium,77,26,47,2,17,6
4065,5312,2022-08-03,"Browning, Gordon and Willis Stadium",-5,12,105,7,28,79
4066,7426,2024-02-03,Aguirre-Mcdonald Stadium,129,3,142,14,3,11
4067,415,2023-03-28,"Mcknight, Richards and Taylor Stadium",98,13,25,5,24,68
4068,6641,2023-11-21,Smith Group Stadium,25,5,91,11,17,66
4069,6859,2021-01-15,Morales-Green Stadium,64,23,119,4,17,37
4070,8504,2021-05-02,Villarreal-Waters Stadium,56,24,122,14,0,22
4071,73,2025-04-07,Murray Group Stadium,69,21,191,0,12,75
4072,9298,2022-09-29,Lynn-Phelps Stadium,52,5,47,2,3,48
4073,9475,2023-12-19,Ellis-Robbins Stadium,60,22,137,10,24,40
4074,399,2022-05-05,Love Ltd Stadium,101,7,85,5,14,44
4075,4971,2020-11-06,Howe Ltd Stadium,50,30,103,3,0,45
4076,3885,2020-08-15,"Zimmerman, Marsh and Becker Stadium",84,23,71,5,6,24
4077,4269,2020-04-25,Wilson-Barton Stadium,101,20,116,7,21,75
4078,8195,2021-06-27,"Cole, Smith and Ramos Stadium",143,10,31,4,14,48
4079,5687,2025-04-07,Cardenas-Burke Stadium,35,18,22,9,21,30
4080,78,2024-02-05,"Shaffer, Lopez and Davenport Stadium",142,15,67,2,7,71
4081,9058,2021-02-04,"Copeland, Warren and Calderon Stadium",127,5,41,12,21,21
4082,964,2020-10-17,Daugherty Inc Stadium,120,2,161,4,3,78
4083,5235,2025-04-07,Dorsey-Clark Stadium,128,5,126,12,3,29
4084,4633,2021-01-26,Vazquez-Sloan Stadium,104,4,191,5,18,2
4085,5252,2026-04-07,English LLC Stadium,115,22,65,14,14,49
4086,4018,2025-07-16,Black Inc Stadium,7,29,144,1,18,1
4087,5081,2024-12-17,Taylor-Mcclain Stadium,58,12,125,7,3,79
4088,621,2020-03-09,Williams Ltd Stadium,90,25,36,7,7,43
4089,7498,2024-11-10,Watts PLC Stadium,24,21,151,2,7,9
4090,320,2021-03-26,Parker PLC Stadium,104,14,169,11,0,37
4091,6466,2023-11-21,Williams-Hicks Stadium,93,16,41,7,18,9
4092,4721,2023-03-13,Robertson-Wyatt Stadium,117,23,167,9,6,11
4093,8645,2021-01-06,"Rodriguez, Mccoy and Harris Stadium",27,17,43,5,14,29
4094,8090,2024-12-07,"Martinez, Mitchell and Mahoney Stadium",88,3,164,1,3,5
4095,1874,2021-06-16,Carter-Cantu Stadium,115,25,83,13,0,12
4096,6511,2023-12-09,Green Ltd Stadium,22,4,23,5,18,27
4097,9202,2023-11-24,Martin-Murphy Stadium,111,11,56,8,7,35
4098,6038,2025-09-22,Matthews-Boyd Stadium,35,3,112,9,3,60
4099,6888,2023-07-10,Marshall-Smith Stadium,102,14,45,10,21,80
4100,746,2021-09-17,"Brown, Cummings and Thompson Stadium",144,21,101,11,28,20
4101,1183,2021-11-25,"Martinez, Torres and Pacheco Stadium",108,11,112,0,6,25
4102,9234,2023-10-29,Franklin Group Stadium,127,28,144,6,18,76
4103,5697,2025-02-08,"White, Brown and Soto Stadium",27,10,96,12,7,50
4104,789,2022-08-28,Young LLC Stadium,-1,5,151,3,0,72
4105,6874,2024-12-05,Gardner Ltd Stadium,24,23,17,10,18,65
4106,7305,2020-11-18,Mills Ltd Stadium,51,20,52,4,14,80
4107,6049,2023-05-24,"Riley, Smith and White Stadium",87,15,77,4,28,13
4108,7297,2020-09-16,"Murphy, Roberson and Ayala Stadium",9,20,102,11,18,21
4109,3420,2026-03-03,"Fischer, Ward and Page Stadium",144,10,61,9,12,59
4110,6834,2023-10-25,Williams-Dillon Stadium,96,23,112,10,12,59
4111,7468,2021-07-17,"Jordan, Ford and Smith Stadium",70,11,154,11,6,34
4112,7768,2022-11-24,Buckley and Sons Stadium,83,29,28,10,6,71
4113,1539,2025-12-21,"Bryan, Ware and Palmer Stadium",30,1,196,9,6,52
4114,5401,2023-03-08,Navarro LLC Stadium,78,10,180,2,6,1
4115,8206,2020-04-16,Hull and Sons Stadium,-2,0,162,13,7,34
4116,1275,2021-10-18,Stevens Group Stadium,128,14,98,8,0,42
4117,352,2025-01-14,"Fowler, Norton and Chan Stadium",123,15,117,14,0,53
4118,1179,2024-04-06,"Joseph, Avila and Parker Stadium",127,1,189,1,7,38
4119,9912,2024-09-17,Clark LLC Stadium,121,24,175,13,14,59
4120,1207,2024-12-20,Osborne Inc Stadium,35,14,27,14,28,31
4121,501,2021-12-11,Sullivan and Sons Stadium,90,1,122,12,7,47
4122,5544,2020-09-08,Herrera LLC Stadium,74,12,158,4,3,26
4123,9922,2026-04-21,Graham Group Stadium,57,18,192,13,3,32
4124,2113,2021-07-02,Peterson-Sullivan Stadium,117,28,153,0,14,21
4125,3876,2023-10-30,Barnes Inc Stadium,141,24,180,3,24,78
4126,5445,2021-05-21,"Kemp, Fox and Thompson Stadium",22,29,78,6,21,45
4127,7246,2025-01-24,"Ramirez, Snow and Johnson Stadium",79,14,64,3,7,6
4128,7443,2026-02-23,Jones-Ray Stadium,92,12,48,2,6,10
4129,9569,2022-11-23,Parker Inc Stadium,80,14,8,12,18,78
4130,3417,2023-03-07,"Wood, Martin and Rogers Stadium",143,24,20,14,6,79
4131,9669,2020-07-28,Allen and Sons Stadium,142,4,67,10,12,34
4132,4056,2023-06-15,Garcia-Cross Stadium,108,14,11,14,3,76
4133,7874,2022-01-19,Snyder LLC Stadium,74,9,152,13,6,77
4134,2225,2025-07-07,Gonzalez-Garcia Stadium,144,16,126,4,0,42
4135,7763,2023-05-18,Gonzalez Group Stadium,146,14,13,12,21,17
4136,6823,2024-08-29,Cooper-Ryan Stadium,100,30,25,12,24,43
4137,972,2022-01-19,"Scott, Thompson and Smith Stadium",61,4,61,5,18,44
4138,8107,2020-07-30,Graves-Chavez Stadium,65,8,184,14,6,51
4139,271,2020-04-29,Robinson and Sons Stadium,50,14,113,6,24,2
4140,2131,2025-05-03,Davis-Daniel Stadium,120,9,95,13,24,25
4141,295,2026-01-03,"Johnson, Bradford and Romero Stadium",9,20,157,7,6,13
4142,3811,2024-11-29,Reynolds Inc Stadium,49,15,185,3,14,29
4143,407,2024-05-03,"Coleman, York and Pratt Stadium",1,20,102,1,14,65
4144,1,2022-11-03,Castaneda-Cooper Stadium,21,8,126,5,14,43
4145,8594,2024-02-19,"Ferguson, Peck and Mann Stadium",47,5,199,0,6,40
4146,8261,2024-08-19,Rhodes-Cobb Stadium,96,28,135,9,21,56
4147,6936,2022-12-06,Casey-Huynh Stadium,144,30,66,10,6,39
4148,4656,2025-01-29,Hooper LLC Stadium,121,26,1,0,14,23
4149,3430,2022-09-20,Anderson-Houston Stadium,122,29,59,12,21,50
4150,7059,2023-04-25,"Garrett, Montoya and Hernandez Stadium",-1,7,61,12,12,35
4151,8169,2023-08-01,Thomas Ltd Stadium,20,24,73,1,3,64
4152,5424,2023-05-02,"Lee, Schultz and Harrison Stadium",48,16,166,9,28,46
4153,4112,2026-03-14,"Rogers, Johnson and Skinner Stadium",-2,7,59,4,17,37
4154,142,2023-07-17,Giles Inc Stadium,63,1,141,3,28,50
4155,1853,2023-09-03,Valdez-Stewart Stadium,83,1,161,7,7,8
4156,1236,2021-04-07,Wright-Hunt Stadium,23,27,16,6,17,9
4157,9733,2023-07-30,Wolfe and Sons Stadium,108,1,23,4,7,2
4158,3796,2024-11-22,"Escobar, Castillo and Carroll Stadium",67,27,68,1,28,19
4159,461,2021-07-10,Foster-Roberts Stadium,85,0,11,11,0,71
4160,9156,2020-09-08,"Cook, Carter and Jones Stadium",7,22,164,12,3,53
4161,1689,2024-01-28,Watson Group Stadium,100,8,148,3,21,29
4162,4121,2024-09-30,Kelly Group Stadium,37,4,145,5,14,58
4163,6773,2025-04-29,Miranda-Adams Stadium,72,13,103,9,24,35
4164,9673,2022-06-27,Johnston and Sons Stadium,64,28,127,1,12,9
4165,361,2023-02-06,"Cobb, Smith and Scott Stadium",-1,15,57,1,3,62
4166,4816,2021-09-10,"Duarte, Thornton and Wilson Stadium",113,22,148,12,14,40
4167,5744,2020-11-24,Bennett LLC Stadium,53,27,4,12,24,3
4168,7140,2020-01-11,Stevenson-Lyons Stadium,148,5,157,11,18,48
4169,1552,2024-10-28,Gilbert-Bowers Stadium,111,7,90,11,12,5
4170,8039,2022-08-02,Smith LLC Stadium,80,0,15,2,0,47
4171,3457,2022-12-01,Buckley Ltd Stadium,126,4,30,4,21,47
4172,5974,2025-04-25,Gardner Inc Stadium,61,17,9,14,17,45
4173,137,2021-12-15,"Williams, Lee and Roman Stadium",28,18,34,12,3,15
4174,860,2020-06-22,Chavez-Nelson Stadium,13,13,139,9,7,44
4175,928,2021-12-16,Mathis-Chen Stadium,51,11,49,3,6,29
4176,7767,2022-06-07,Velasquez-Vasquez Stadium,64,27,62,6,14,63
4177,3245,2024-09-13,Tran-Waters Stadium,80,30,139,6,24,37
4178,64,2026-03-30,Cox Group Stadium,38,18,81,4,7,66
4179,4211,2022-07-04,Kelley and Sons Stadium,63,14,100,1,12,68
4180,8823,2025-06-07,"Hill, Miller and Hudson Stadium",150,1,23,8,0,69
4181,2585,2020-09-26,"Hahn, Davis and Roberts Stadium",115,24,29,5,21,49
4182,8002,2020-02-22,Krueger PLC Stadium,52,22,144,14,0,45
4183,7011,2020-02-27,Perez PLC Stadium,93,12,74,2,12,32
4184,1397,2023-04-11,"Green, Ritter and Burton Stadium",17,29,3,10,12,16
4185,7668,2023-03-05,"Hansen, Fisher and Santana Stadium",81,21,187,15,6,33
4186,288,2022-07-17,Henderson-Chung Stadium,150,13,137,2,17,66
4187,6142,2022-09-13,"Wright, Ramirez and Murray Stadium",68,28,19,10,0,22
4188,9870,2023-12-09,Rich-Shaw Stadium,107,16,21,0,12,76
4189,4565,2025-02-21,Smith and Sons Stadium,141,21,141,2,0,13
4190,4990,2022-03-17,Erickson-Richardson Stadium,141,18,160,4,18,56
4191,4600,2025-04-28,Mason PLC Stadium,102,24,193,15,21,38
4192,604,2022-11-09,Elliott LLC Stadium,113,14,135,7,18,31
4193,1161,2021-05-22,Smith Group Stadium,69,19,84,8,7,34
4194,3573,2026-03-13,"Williams, Robinson and Fernandez Stadium",66,8,183,10,28,4
4195,8506,2021-05-27,Long-Ross Stadium,57,8,65,9,18,54
4196,3696,2024-12-30,Whitney Inc Stadium,120,30,79,3,17,22
4197,2199,2024-06-23,"Bernard, Walsh and Hernandez Stadium",35,9,127,3,14,75
4198,8159,2022-03-16,"Campos, Edwards and Miller Stadium",39,16,18,10,14,34
4199,8341,2024-11-03,Sparks and Sons Stadium,11,16,3,10,6,66
4200,7748,2020-12-27,Fox-Gardner Stadium,43,21,73,7,17,7
4201,973,2020-02-22,Brown-Collins Stadium,76,17,124,0,3,45
4202,4924,2020-05-27,"Sullivan, Johnson and Woodard Stadium",140,19,127,12,18,56
4203,9034,2023-01-16,Powell-Curry Stadium,84,5,24,10,18,52
4204,2128,2025-07-31,"Jackson, Garcia and Moore Stadium",67,7,30,9,7,2
4205,8098,2021-09-12,Ellison LLC Stadium,123,3,185,2,6,43
4206,5836,2023-06-03,"Rodriguez, West and May Stadium",60,5,66,14,24,23
4207,4244,2021-10-09,Green Ltd Stadium,66,26,69,14,0,64
4208,3239,2022-11-27,"Hickman, Tran and Thomas Stadium",110,30,153,7,21,1
4209,5345,2024-11-09,"Anderson, Summers and Delgado Stadium",114,1,168,9,17,11
4210,5558,2025-04-06,Parker-Kelly Stadium,76,21,133,5,3,78
4211,2110,2025-05-27,Palmer Group Stadium,114,8,136,14,24,75
4212,7918,2024-05-29,"Lopez, Rice and Martin Stadium",-1,20,145,6,21,2
4213,2538,2021-01-16,Davis-Soto Stadium,30,23,160,9,0,51
4214,1536,2021-12-17,Campbell-Braun Stadium,71,27,69,3,28,36
4215,4623,2025-08-13,Wallace-Andrade Stadium,137,24,113,3,7,45
4216,2002,2020-05-09,Schmidt-Martinez Stadium,133,14,158,15,14,25
4217,3520,2022-04-07,Miller Group Stadium,115,22,4,14,6,60
4218,5731,2025-08-14,Lopez-Kelly Stadium,75,23,178,9,3,49
4219,197,2024-06-26,Soto-Munoz Stadium,107,12,23,5,3,19
4220,2280,2020-06-17,"Perez, Sherman and Short Stadium",62,16,144,13,21,37
4221,7200,2021-01-17,Davis-Smith Stadium,96,11,61,13,21,72
4222,4481,2026-03-20,Kane Ltd Stadium,144,10,148,15,28,25
4223,30,2021-11-13,Martin Inc Stadium,66,15,165,10,12,58
4224,7208,2020-01-27,"Rice, Juarez and West Stadium",97,22,150,4,3,55
4225,2442,2020-11-29,Taylor-Conley Stadium,107,5,54,3,6,1
4226,798,2021-07-31,Martinez Ltd Stadium,106,11,24,1,3,43
4227,2961,2020-03-03,Delgado Group Stadium,120,12,39,1,0,26
4228,4188,2025-01-29,Robinson Ltd Stadium,122,7,165,10,28,76
4229,5007,2024-10-09,Fowler-Fletcher Stadium,-2,17,137,5,14,25
4230,3674,2020-04-17,"Ramirez, Rice and Parks Stadium",110,30,169,9,12,80
4231,466,2023-03-23,Clark-Bush Stadium,111,7,19,6,12,9
4232,4536,2023-02-24,"Roberts, Hernandez and Welch Stadium",92,13,113,0,3,1
4233,2140,2024-08-17,Cook and Sons Stadium,46,6,118,3,17,21
4234,2989,2020-10-30,Ford Ltd Stadium,74,13,125,12,24,6
4235,2334,2021-02-23,Montoya Inc Stadium,31,17,156,12,14,26
4236,2967,2024-10-21,Marks Ltd Stadium,43,25,141,1,14,3
4237,2370,2022-06-20,Logan-Alvarez Stadium,41,5,128,1,7,12
4238,7035,2025-02-11,"Ross, Jones and Watkins Stadium",102,18,137,5,7,56
4239,2135,2021-12-22,"Rodriguez, Eaton and Shepherd Stadium",15,21,48,8,21,58
4240,9567,2021-09-07,Perkins Ltd Stadium,43,5,190,0,3,14
4241,2785,2023-08-08,"Moon, Roberts and Henderson Stadium",4,16,153,12,21,69
4242,8761,2020-02-09,Gomez PLC Stadium,15,21,172,8,28,48
4243,6639,2024-10-02,Gallegos-Montgomery Stadium,98,16,189,6,17,15
4244,8068,2024-02-17,Simmons-Carson Stadium,104,6,1,6,18,15
4245,4134,2020-10-13,Roberts-Carter Stadium,146,19,33,13,14,57
4246,4493,2025-11-29,Vaughn PLC Stadium,137,27,4,13,17,80
4247,7591,2021-06-24,Bradshaw-Thomas Stadium,110,13,97,10,24,24
4248,7147,2025-04-18,"Burton, Mendoza and Mitchell Stadium",123,22,161,5,12,8
4249,4953,2022-06-11,"Rios, Hughes and Strickland Stadium",-5,23,93,14,12,67
4250,5254,2020-12-04,"Brady, Mccoy and Myers Stadium",104,9,22,13,0,49
4251,1669,2020-03-05,Murphy and Sons Stadium,121,4,82,13,3,8
4252,9617,2023-07-05,Pitts Inc Stadium,15,29,75,6,17,57
4253,7869,2025-11-21,"Dougherty, Patterson and Moore Stadium",70,13,13,0,14,71
4254,3456,2024-05-18,Robinson-Simon Stadium,86,9,142,8,3,72
4255,3786,2022-06-30,Perez PLC Stadium,124,15,145,15,3,61
4256,2566,2024-11-10,Brown-Smith Stadium,1,16,14,13,21,17
4257,7583,2024-08-27,"Medina, Young and Martinez Stadium",84,15,87,3,6,74
4258,355,2026-01-24,Brown Group Stadium,82,5,121,9,14,67
4259,8089,2025-05-07,"Richardson, Roberts and Spencer Stadium",22,29,94,10,6,40
4260,4444,2024-01-06,"Meyer, Thomas and Davenport Stadium",141,19,23,0,18,61
4261,3112,2020-09-07,Carroll Inc Stadium,14,25,70,11,14,47
4262,251,2024-08-23,Snyder-Suarez Stadium,91,25,163,5,7,50
4263,7822,2021-11-05,"Ramirez, Fernandez and Campbell Stadium",26,29,99,0,7,37
4264,1040,2022-03-21,Miller Ltd Stadium,5,21,106,3,17,12
4265,6319,2023-07-21,"Hall, Allen and Lawrence Stadium",65,29,178,15,24,72
4266,3142,2021-07-07,Rush Group Stadium,51,20,99,11,28,47
4267,6371,2020-02-07,"Black, Vega and Wheeler Stadium",126,3,3,13,3,76
4268,7212,2025-07-25,"Pena, Campbell and Yoder Stadium",106,5,69,4,21,35
4269,389,2024-01-15,Johnson-Beck Stadium,51,13,77,3,17,7
4270,900,2020-06-11,Lynch Group Stadium,33,14,15,8,14,73
4271,970,2020-02-25,Petersen PLC Stadium,49,18,141,0,12,46
4272,5971,2020-07-08,Williams PLC Stadium,4,11,196,12,7,33
4273,9868,2024-06-29,Aguilar-Hunt Stadium,112,10,12,10,21,40
4274,6957,2024-08-25,Edwards-Nicholson Stadium,146,12,116,2,0,65
4275,4687,2023-11-16,Ford Group Stadium,84,30,124,11,12,72
4276,419,2021-07-10,Jacobs and Sons Stadium,26,15,50,11,28,70
4277,7319,2026-01-06,Williams-Rich Stadium,135,13,113,11,3,68
4278,5849,2020-06-16,"Chen, Lee and Carter Stadium",47,18,37,14,14,41
4279,6593,2025-01-28,"Green, Miller and Wheeler Stadium",129,12,174,5,7,63
4280,9476,2024-08-31,"Mueller, Bailey and Parker Stadium",71,15,115,10,0,5
4281,6810,2023-10-03,"Harrison, Wilson and Hill Stadium",99,20,147,11,6,7
4282,6792,2022-02-22,"Ferrell, Miles and Robertson Stadium",128,20,108,8,0,15
4283,2580,2025-06-02,Hickman LLC Stadium,33,12,85,13,6,17
4284,5008,2022-04-24,Young Ltd Stadium,21,19,4,7,17,52
4285,4922,2020-12-26,Wheeler-Smith Stadium,10,25,114,15,28,63
4286,3991,2022-10-08,"Watson, Hall and Black Stadium",103,24,137,15,0,35
4287,638,2022-08-15,Morgan Inc Stadium,22,30,139,9,6,22
4288,3430,2022-09-29,"Hale, Estrada and Martinez Stadium",60,27,12,1,7,18
4289,5769,2020-03-07,Chang Group Stadium,105,10,79,6,17,22
4290,5049,2024-05-02,"Mayo, Clark and Patrick Stadium",-2,1,186,11,0,38
4291,9704,2020-06-05,"West, Carlson and Wagner Stadium",88,9,191,13,21,24
4292,6338,2022-01-31,"Chavez, Wilson and Norton Stadium",51,11,59,11,18,9
4293,6979,2020-09-04,"Ellis, Combs and Davis Stadium",37,8,163,13,3,56
4294,8615,2023-05-31,"Lucas, Mejia and Flowers Stadium",140,1,85,14,3,8
4295,598,2022-11-02,Walters Group Stadium,50,18,175,11,6,29
4296,7,2021-12-05,"Beard, Jones and Stevens Stadium",13,7,91,9,24,39
4297,9372,2022-07-31,"Davis, Hardy and Parrish Stadium",36,28,31,7,6,52
4298,6455,2022-04-01,Pierce LLC Stadium,81,30,23,1,21,48
4299,2809,2021-01-16,"Cannon, Williams and Smith Stadium",65,11,166,15,24,28
4300,98,2025-02-27,Howe-Johnson Stadium,13,9,76,10,12,18
4301,179,2023-07-16,Duncan-Warren Stadium,80,9,27,9,17,26
4302,7194,2023-05-30,Norris-Ramirez Stadium,93,19,11,14,12,49
4303,3439,2025-12-19,Butler Inc Stadium,61,25,46,9,18,1
4304,5143,2023-03-18,Thompson-Gilmore Stadium,102,4,64,8,28,36
4305,7858,2022-04-02,Guerrero-Stanley Stadium,39,29,93,6,6,1
4306,720,2025-01-02,Walter Ltd Stadium,116,1,80,1,24,69
4307,9851,2026-04-18,"Wright, Martinez and Wagner Stadium",133,5,151,12,28,45
4308,8198,2020-09-03,Lane-Smith Stadium,97,23,167,13,21,3
4309,2899,2025-10-03,Leach Ltd Stadium,9,26,23,11,0,38
4310,2038,2021-02-21,Murphy-Taylor Stadium,72,9,3,11,3,63
4311,6897,2024-12-05,"Hobbs, Williams and Hernandez Stadium",20,2,188,1,17,5
4312,1484,2023-03-02,Valenzuela-Walker Stadium,43,5,117,14,7,64
4313,128,2021-06-20,Gonzales Group Stadium,23,9,49,12,17,30
4314,3381,2025-10-22,Meyer-Harrison Stadium,8,27,156,4,3,35
4315,7497,2023-03-15,"Huff, Ferguson and Smith Stadium",68,12,63,14,24,18
4316,6946,2023-11-29,Miller-Wells Stadium,142,7,64,4,17,73
4317,927,2022-02-28,"Blankenship, Mcdowell and Ramirez Stadium",117,16,32,12,14,78
4318,2985,2022-03-27,Briggs-Walton Stadium,97,10,54,12,21,43
4319,1235,2020-06-10,Ritter-Walton Stadium,56,2,158,4,17,19
4320,691,2025-10-17,Jacobs-Chase Stadium,131,3,125,11,0,56
4321,1972,2022-04-15,Beck Inc Stadium,22,7,111,3,12,62
4322,2646,2025-06-21,Zamora-Hurst Stadium,134,29,120,14,24,68
4323,3101,2025-08-16,"Banks, Myers and White Stadium",124,4,45,11,7,18
4324,5881,2021-10-01,"Arnold, Elliott and Reed Stadium",26,30,191,10,0,22
4325,8154,2023-02-13,"Glover, Buckley and Dixon Stadium",1,3,116,5,21,40
4326,5430,2021-10-30,Aguilar-Moore Stadium,95,13,151,7,7,61
4327,3541,2026-03-04,Baker-Diaz Stadium,117,0,122,8,21,3
4328,1285,2024-12-17,Jimenez Inc Stadium,74,24,140,8,24,8
4329,8350,2021-10-11,Black-Boyer Stadium,54,12,37,6,3,38
4330,8830,2024-10-02,"Walker, Vaughn and Davis Stadium",110,13,167,2,21,31
4331,4480,2024-10-17,"Summers, Hartman and Morgan Stadium",25,15,191,5,14,54
4332,527,2021-02-19,Dixon-Jordan Stadium,92,2,137,2,6,15
4333,9545,2023-02-22,Hall LLC Stadium,59,4,37,12,18,19
4334,7006,2025-05-20,Rodriguez-Bryant Stadium,126,28,170,0,3,19
4335,3670,2022-10-07,Williamson Group Stadium,140,11,182,7,21,56
4336,2822,2024-09-24,Freeman-Adams Stadium,65,7,198,4,21,13
4337,3337,2022-11-28,"Sullivan, Daniels and Gomez Stadium",147,25,4,13,18,41
4338,9581,2024-05-14,"Burke, Wheeler and Daugherty Stadium",35,28,22,9,3,15
4339,9311,2022-11-19,Greer Ltd Stadium,149,0,59,2,6,14
4340,7201,2024-07-29,"Reyes, Rodriguez and Arellano Stadium",103,15,125,10,14,31
4341,5988,2022-11-23,Cunningham-Pacheco Stadium,146,9,25,3,3,35
4342,3197,2022-06-06,Allen-Dodson Stadium,23,11,6,15,3,48
4343,9826,2020-09-25,Warren Inc Stadium,131,9,131,2,12,26
4344,5395,2021-04-28,"Chavez, Evans and Bailey Stadium",121,3,23,8,6,2
4345,7788,2023-06-22,Acevedo-George Stadium,43,7,12,13,21,5
4346,2567,2024-11-07,Alexander Ltd Stadium,66,5,6,4,18,67
4347,5188,2024-09-21,Underwood Inc Stadium,21,14,18,7,28,47
4348,7115,2024-12-16,Johnson-Smith Stadium,72,14,161,10,6,46
4349,2240,2024-10-16,Campbell Ltd Stadium,21,22,198,10,14,32
4350,8780,2024-04-28,"Camacho, Bell and Davis Stadium",63,30,2,13,3,64
4351,4652,2025-05-30,"Sherman, Mullins and Krueger Stadium",15,28,10,5,21,51
4352,569,2024-09-11,"Campbell, Lucero and Clarke Stadium",3,21,125,8,6,74
4353,5795,2024-12-22,Myers-Davis Stadium,84,23,196,11,12,8
4354,9311,2025-12-10,Campbell-Valdez Stadium,80,6,73,5,0,78
4355,5255,2025-05-05,Cox-Velasquez Stadium,4,3,153,6,3,10
4356,6,2021-12-01,Davis-Summers Stadium,41,29,78,7,12,31
4357,5995,2022-01-05,Rodriguez and Sons Stadium,5,1,37,1,7,24
4358,1704,2021-02-12,Keller and Sons Stadium,9,17,104,4,14,6
4359,2647,2020-04-08,Guzman Group Stadium,58,0,185,13,17,12
4360,52,2024-07-27,Jones and Sons Stadium,59,12,11,7,28,30
4361,9099,2024-04-28,"Park, Manning and Mendoza Stadium",103,23,14,5,24,63
4362,7246,2026-04-22,"Johnson, Martin and Price Stadium",-2,29,195,9,0,70
4363,4171,2023-12-09,Powell Ltd Stadium,114,1,144,14,28,2
4364,8123,2021-02-04,Berry PLC Stadium,115,2,65,11,0,69
4365,4601,2022-12-22,Smith-Elliott Stadium,105,20,126,2,18,54
4366,1072,2022-08-03,White-Robertson Stadium,42,30,123,7,14,59
4367,5319,2025-03-16,"Frazier, Lucas and Glass Stadium",114,2,150,9,18,32
4368,404,2020-05-01,Young Inc Stadium,-3,28,70,14,24,39
4369,5990,2021-08-29,Shelton LLC Stadium,122,17,199,8,6,23
4370,178,2024-07-24,Gonzalez Group Stadium,107,20,136,15,14,59
4371,843,2022-05-06,Woods-Garner Stadium,58,22,17,4,7,76
4372,5715,2022-01-10,Maynard-Thompson Stadium,1,27,124,11,17,8
4373,253,2022-01-28,James-Edwards Stadium,61,18,193,12,14,76
4374,2797,2020-06-22,Chan-Jones Stadium,143,27,139,3,6,11
4375,192,2022-08-19,"Cruz, Bauer and Robinson Stadium",18,25,194,5,18,13
4376,4264,2023-07-08,Webb-Mitchell Stadium,52,30,126,14,12,79
4377,2532,2022-07-14,Schroeder Ltd Stadium,149,18,78,3,3,48
4378,4647,2021-10-31,"Martinez, Smith and James Stadium",99,20,194,11,7,60
4379,7132,2020-03-07,"Mahoney, Butler and Butler Stadium",10,13,51,13,24,49
4380,3176,2022-06-24,Stevenson PLC Stadium,87,6,106,7,14,14
4381,7616,2025-01-23,"Frank, Martinez and Wilson Stadium",112,5,137,1,12,73
4382,9613,2024-01-11,Powell and Sons Stadium,-4,28,27,9,3,77
4383,3171,2022-01-27,"Kim, Mcdaniel and James Stadium",63,29,46,11,28,53
4384,3413,2020-05-27,Williamson LLC Stadium,64,9,188,11,28,14
4385,8321,2020-03-28,Mccormick-Peck Stadium,25,10,5,8,18,69
4386,2954,2026-01-02,Haynes LLC Stadium,117,7,119,15,7,31
4387,4721,2023-07-29,"Parker, Price and Johnson Stadium",64,10,76,0,14,46
4388,7204,2022-12-02,Randolph-Green Stadium,117,11,35,7,7,65
4389,6384,2023-11-14,"Jones, Wu and Harvey Stadium",79,3,175,1,3,30
4390,8760,2024-03-22,"Gibson, Ellison and Cabrera Stadium",142,10,188,0,28,70
4391,4546,2025-04-13,Johnson-Gordon Stadium,14,5,200,0,28,18
4392,7597,2024-06-17,Cole-Armstrong Stadium,14,7,196,6,21,68
4393,6801,2026-02-20,Sharp Inc Stadium,143,26,77,4,12,61
4394,6363,2025-12-31,"Edwards, Freeman and Carlson Stadium",4,13,185,14,24,12
4395,210,2024-03-25,"Guerra, Boyd and Yu Stadium",149,23,63,2,24,18
4396,208,2026-03-17,Maldonado-Steele Stadium,81,20,69,13,12,24
4397,2031,2021-02-05,Welch LLC Stadium,12,2,152,2,21,7
4398,2939,2024-07-04,"Middleton, Martin and Maddox Stadium",120,3,105,0,28,71
4399,9029,2020-09-23,Johnson-Rodriguez Stadium,69,24,45,10,0,35
4400,6863,2020-06-14,"Weaver, Diaz and Lopez Stadium",127,11,54,10,14,27
4401,3168,2023-08-28,Williams-Henderson Stadium,86,24,157,15,21,12
4402,8201,2021-11-16,"Brooks, Marquez and Montgomery Stadium",15,9,52,12,6,9
4403,5765,2021-03-11,Lee Ltd Stadium,59,27,184,4,17,78
4404,5608,2023-01-06,"Wyatt, Tucker and Cook Stadium",102,17,70,0,14,4
4405,1200,2020-07-21,"Wood, Horn and Wilkins Stadium",4,27,118,11,14,54
4406,85,2025-06-11,"Collins, Nelson and Wood Stadium",12,21,155,2,7,16
4407,5689,2021-02-11,Harris Ltd Stadium,64,18,5,6,21,21
4408,6245,2024-03-16,Avila-Anderson Stadium,85,14,198,7,17,80
4409,8752,2024-09-14,Gonzalez-Mcbride Stadium,127,30,82,10,0,31
4410,4306,2025-08-09,"Kim, Owen and Santana Stadium",76,18,147,2,3,16
4411,1784,2026-04-01,Diaz-Stone Stadium,70,17,85,0,0,63
4412,6476,2020-03-30,Dickerson-Long Stadium,147,22,196,6,12,62
4413,8191,2023-08-30,"Parker, Turner and Phelps Stadium",42,20,150,9,24,20
4414,2991,2025-02-25,"Cole, Glenn and Acosta Stadium",25,15,28,11,28,7
4415,2319,2024-06-28,Jackson-Richardson Stadium,2,6,67,12,7,27
4416,6404,2020-07-05,"Kelley, Bell and Wall Stadium",25,29,133,14,28,40
4417,7609,2020-02-11,"Reed, Williams and Carpenter Stadium",136,27,190,10,14,4
4418,2463,2024-04-05,Ortiz Inc Stadium,127,26,82,11,18,78
4419,7661,2020-01-01,Garcia-Weeks Stadium,84,30,168,12,17,68
4420,9682,2024-07-22,Dunn and Sons Stadium,60,14,114,9,21,3
4421,9662,2021-03-09,Thompson and Sons Stadium,11,9,115,3,0,25
4422,9289,2023-07-15,Hill Ltd Stadium,41,9,111,10,28,72
4423,776,2023-12-28,Allen-Hernandez Stadium,62,18,145,1,12,51
4424,5592,2021-11-03,Cruz-Kelly Stadium,-1,13,186,0,12,43
4425,5490,2020-08-29,Hernandez and Sons Stadium,8,4,187,10,0,75
4426,6940,2022-09-05,"Smith, Perez and Knapp Stadium",105,15,126,3,6,26
4427,7588,2020-01-12,"Newman, Perez and Smith Stadium",101,8,134,12,18,42
4428,4769,2022-05-05,"Richards, Vazquez and Moore Stadium",54,1,156,8,3,31
4429,5899,2024-06-24,"Stewart, Bryant and Pena Stadium",12,16,120,4,0,71
4430,3231,2025-03-18,Murphy-French Stadium,12,22,72,1,3,44
4431,5037,2023-08-09,Mcbride Group Stadium,44,22,108,2,17,7
4432,2199,2023-01-19,James-Armstrong Stadium,5,4,58,2,3,48
4433,239,2022-10-22,Jensen-Colon Stadium,39,24,121,11,24,12
4434,8239,2022-03-24,Bailey Ltd Stadium,55,5,98,1,14,53
4435,9859,2024-08-07,Reid Ltd Stadium,8,17,133,15,28,45
4436,5008,2022-08-19,Davis-Dominguez Stadium,42,26,200,0,14,33
4437,1846,2020-05-10,Arnold-Kaiser Stadium,33,1,9,8,14,69
4438,431,2024-08-19,Cruz and Sons Stadium,95,25,197,7,21,63
4439,7477,2020-06-19,"Rogers, Contreras and Atkinson Stadium",26,10,22,1,6,12
4440,2901,2025-01-29,"Daniels, Bush and Perkins Stadium",32,3,16,8,7,24
4441,9869,2025-02-13,"Wheeler, Stephens and Flores Stadium",105,29,168,11,17,36
4442,2444,2023-08-01,Strickland-Herrera Stadium,97,24,80,2,12,2
4443,2716,2025-10-07,Taylor Inc Stadium,37,30,33,6,6,14
4444,2440,2021-02-02,"Andrews, Frazier and Price Stadium",20,27,77,4,17,59
4445,4377,2021-05-02,Cardenas PLC Stadium,56,29,134,9,6,49
4446,3680,2020-11-17,Boyd-Wilson Stadium,26,14,91,1,17,29
4447,1815,2024-06-20,Harris Group Stadium,83,25,148,9,14,2
4448,9515,2021-02-08,"Fitzpatrick, Welch and Moore Stadium",110,29,32,12,21,8
4449,1330,2024-05-11,Curry-Palmer Stadium,15,4,92,5,7,60
4450,4084,2025-04-04,Ortega PLC Stadium,104,18,81,4,0,79
4451,3808,2023-12-07,Hall Ltd Stadium,84,20,1,7,3,30
4452,1028,2021-12-19,"Carrillo, Smith and Brewer Stadium",-5,21,24,15,6,3
4453,8732,2024-08-14,"Thomas, Kelly and Fisher Stadium",91,0,85,7,28,33
4454,1454,2025-02-14,Fowler-Martinez Stadium,21,20,17,4,14,9
4455,8147,2022-04-19,Miller-Adams Stadium,57,9,194,6,21,34
4456,7352,2020-12-30,Lopez-Tran Stadium,37,16,190,11,14,68
4457,6641,2023-12-31,Mcdaniel-Butler Stadium,124,1,60,9,0,66
4458,8743,2022-01-15,"Finley, Brown and Velez Stadium",122,27,108,10,7,6
4459,2586,2023-02-07,Zuniga Ltd Stadium,-3,4,152,3,6,43
4460,6710,2020-10-28,Wise PLC Stadium,47,1,16,13,12,26
4461,1320,2020-11-01,"Martin, Marquez and Elliott Stadium",138,6,18,4,21,80
4462,4382,2022-09-01,"Chang, Murray and Pratt Stadium",132,30,124,5,6,57
4463,3085,2020-12-07,"Day, Boyd and Alvarez Stadium",146,22,77,14,6,51
4464,2656,2023-12-16,Choi-Stokes Stadium,101,16,83,1,17,76
4465,2049,2025-01-04,"Freeman, Harmon and Parker Stadium",102,22,35,9,6,23
4466,9159,2022-01-06,Reed-Taylor Stadium,15,13,154,9,17,66
4467,3096,2021-10-08,"Stone, Smith and Woodward Stadium",78,23,196,4,14,42
4468,4838,2020-01-01,Clark and Sons Stadium,131,17,93,7,24,18
4469,5078,2020-03-31,Douglas-Tucker Stadium,70,6,33,13,17,79
4470,7198,2025-09-26,Graves-Lopez Stadium,91,29,83,12,14,12
4471,6960,2021-06-27,Martinez-Gonzalez Stadium,6,3,106,9,24,10
4472,4113,2025-09-05,Kemp Group Stadium,116,16,105,12,7,34
4473,3945,2022-03-03,Santiago and Sons Stadium,113,12,29,15,21,33
4474,2216,2025-10-12,Mejia-Pena Stadium,96,5,19,0,0,70
4475,6054,2021-06-04,"Gonzales, Harris and Castro Stadium",107,12,186,9,21,50
4476,7444,2020-11-06,Williams-Ross Stadium,141,3,190,4,21,13
4477,6519,2025-08-11,Jones-Garcia Stadium,22,12,1,11,0,16
4478,2778,2023-01-21,"Mckinney, Thompson and White Stadium",106,26,111,1,6,37
4479,1227,2024-06-05,"Petty, Lang and Luna Stadium",99,30,98,8,3,13
4480,5288,2024-08-18,Leblanc PLC Stadium,104,9,23,2,0,54
4481,3915,2023-06-06,Rangel Group Stadium,39,27,0,0,12,9
4482,32,2022-01-09,Bradford-Reyes Stadium,74,2,177,13,21,58
4483,2328,2022-07-25,Kim and Sons Stadium,6,21,54,13,14,6
4484,5113,2022-09-15,Wade and Sons Stadium,69,5,160,0,18,37
4485,7468,2020-10-12,"Williams, Burton and Hoffman Stadium",81,23,32,7,3,75
4486,8234,2025-11-08,Hamilton Inc Stadium,46,11,95,9,7,51
4487,130,2020-02-28,"Lynch, Weaver and Cruz Stadium",65,23,49,4,0,41
4488,3062,2021-08-27,Williams-Gates Stadium,80,26,70,6,7,9
4489,9876,2023-10-28,Thomas-Livingston Stadium,70,15,103,8,14,4
4490,7089,2024-06-04,Vance-Wilson Stadium,94,7,95,0,14,10
4491,6391,2024-11-04,Wilkinson Ltd Stadium,123,15,6,9,12,23
4492,3699,2020-01-06,Mccoy Inc Stadium,3,1,179,14,24,11
4493,3891,2023-11-13,"Long, Larson and Jones Stadium",52,2,97,6,0,22
4494,3897,2021-08-26,Donovan-Bryan Stadium,21,15,137,3,17,23
4495,5877,2025-09-01,"Wilson, Hays and Knight Stadium",111,18,16,10,17,17
4496,3637,2023-10-23,Walton Ltd Stadium,125,16,105,0,12,55
4497,8720,2024-05-29,"Gillespie, Myers and Flowers Stadium",8,26,194,6,17,11
4498,1887,2021-04-08,Allen-Reynolds Stadium,138,7,129,15,6,31
4499,4838,2024-10-15,Rodriguez Group Stadium,33,12,4,13,21,35
4500,8387,2023-08-15,Lee PLC Stadium,85,21,55,0,24,40
4501,7916,2023-01-24,Grimes-Shannon Stadium,115,3,60,1,6,77
4502,95,2026-02-20,"Carpenter, Copeland and Reynolds Stadium",23,21,120,2,28,77
4503,8179,2025-09-08,Williams-Roberts Stadium,28,2,80,1,7,48
4504,2921,2020-10-22,Dominguez-Rodriguez Stadium,15,7,131,3,21,11
4505,9597,2021-05-17,"Glenn, Gould and Jones Stadium",144,15,84,3,17,12
4506,9426,2022-08-06,"Stevens, Chapman and Peterson Stadium",5,27,180,12,17,16
4507,1245,2023-03-02,"Barrett, Franklin and Dunn Stadium",20,10,117,2,24,28
4508,9763,2021-10-29,"Holder, Vasquez and Whitney Stadium",93,5,167,4,18,40
4509,4825,2025-04-14,Spencer LLC Stadium,9,28,57,11,17,42
4510,1800,2020-04-19,"Skinner, Anthony and Dickson Stadium",110,19,87,1,7,46
4511,3677,2025-03-27,"Walker, Edwards and Gonzalez Stadium",89,12,95,4,18,65
4512,8697,2023-03-19,Liu-Johnson Stadium,109,9,108,1,18,53
4513,7481,2025-06-08,"Rodriguez, Porter and Banks Stadium",51,12,122,1,6,49
4514,6907,2026-03-28,Cooper-Mendoza Stadium,76,14,114,8,21,18
4515,1895,2025-03-02,Mays Ltd Stadium,38,8,184,5,14,29
4516,1542,2021-11-13,Wilkins-Walker Stadium,126,29,167,4,3,55
4517,4875,2020-10-08,Diaz-Nelson Stadium,66,27,8,1,17,68
4518,2851,2020-01-24,Cole-Pearson Stadium,88,1,78,13,18,18
4519,7721,2022-07-10,"Montgomery, Holland and Mccarthy Stadium",96,12,157,5,7,12
4520,2927,2024-09-03,"Christensen, Wells and Cunningham Stadium",114,14,60,11,3,11
4521,1720,2020-08-06,Richards LLC Stadium,119,4,135,4,17,47
4522,9642,2024-06-05,Holmes-Montgomery Stadium,71,0,95,10,24,46
4523,8808,2023-02-14,Clark-Serrano Stadium,61,4,127,8,21,31
4524,9752,2024-10-16,Coffey-Allen Stadium,107,1,191,5,3,21
4525,5767,2021-08-27,Riddle-Banks Stadium,129,13,48,2,0,29
4526,4212,2021-05-16,"Cochran, Taylor and Wu Stadium",32,17,172,0,28,49
4527,4162,2025-04-02,Sloan-Rojas Stadium,19,5,14,9,0,64
4528,9076,2020-03-15,Rose Group Stadium,73,22,27,11,7,17
4529,8506,2024-05-09,Hunter-Green Stadium,106,8,76,3,6,66
4530,7857,2023-12-22,Walker-Olson Stadium,62,13,128,8,28,8
4531,5598,2022-02-03,Day Group Stadium,37,12,147,3,12,38
4532,5135,2023-10-01,Yu-Dunlap Stadium,68,13,126,12,6,49
4533,6672,2022-08-04,Sullivan-Fisher Stadium,72,7,120,12,3,38
4534,8122,2024-11-20,Lambert Inc Stadium,147,9,111,12,28,77
4535,1334,2020-05-04,Rich-Ryan Stadium,142,8,126,6,0,4
4536,9497,2020-04-25,Sims-Howell Stadium,134,22,31,15,7,32
4537,1439,2023-07-22,Hughes Group Stadium,148,10,20,4,3,59
4538,5002,2021-07-15,"Jones, Mccarthy and Scott Stadium",146,24,45,3,7,44
4539,2023,2023-04-27,"Adams, Bryant and Garcia Stadium",117,17,51,14,14,52
4540,3513,2023-11-23,Frost-Miller Stadium,46,20,146,3,6,43
4541,7707,2021-01-03,Brown LLC Stadium,48,1,86,0,28,72
4542,9316,2023-04-20,Rivas-Duran Stadium,111,13,173,4,12,44
4543,2426,2023-10-06,"Perry, Coleman and Andrade Stadium",13,10,189,13,6,50
4544,8488,2022-07-19,Simpson-Hays Stadium,131,25,144,1,21,42
4545,5619,2025-03-11,Booker-Travis Stadium,3,22,198,13,18,75
4546,2256,2020-10-02,Miller and Sons Stadium,97,20,72,9,28,22
4547,6810,2023-06-15,Holmes Ltd Stadium,0,29,82,6,6,52
4548,3530,2024-10-27,Lopez-Martinez Stadium,8,4,149,5,0,38
4549,2306,2023-05-03,Castillo and Sons Stadium,1,3,135,7,7,52
4550,4306,2021-08-05,Morrison PLC Stadium,148,15,130,11,21,33
4551,7908,2022-01-19,"Hoffman, Lynch and Hansen Stadium",80,12,160,5,7,30
4552,1125,2024-08-29,Dennis LLC Stadium,-3,12,79,0,24,8
4553,61,2022-08-14,Thompson-Jackson Stadium,70,16,49,2,14,24
4554,1375,2024-03-06,Barrett-White Stadium,11,5,25,7,12,38
4555,2427,2020-03-24,Frye-Parsons Stadium,17,1,123,1,21,30
4556,4340,2025-11-29,"Soto, Johnson and Johnson Stadium",70,4,42,11,18,75
4557,9827,2023-04-19,"Chen, Perez and Singh Stadium",43,19,108,11,12,50
4558,7979,2023-12-10,Mccarty-Williams Stadium,135,18,173,6,14,2
4559,5872,2023-10-29,Peterson Ltd Stadium,92,28,85,14,0,42
4560,4204,2021-11-16,Morgan-Long Stadium,41,25,143,14,12,51
4561,7475,2022-10-04,Chavez and Sons Stadium,0,22,18,5,28,10
4562,7461,2021-04-29,"Smith, Palmer and Miller Stadium",101,26,131,10,28,41
4563,8050,2025-06-22,Phillips and Sons Stadium,124,24,41,7,14,24
4564,898,2024-10-08,Williams-Coleman Stadium,74,29,144,7,14,18
4565,5912,2020-01-10,"Romero, Robertson and Peterson Stadium",7,18,34,10,28,53
4566,5636,2024-12-20,Davis-Turner Stadium,115,12,6,3,6,42
4567,7531,2025-06-12,Hendrix Inc Stadium,92,5,152,10,3,26
4568,1861,2021-09-30,Fuller LLC Stadium,86,2,119,0,14,39
4569,1494,2025-11-20,"Lindsey, Smith and Carpenter Stadium",0,19,62,10,18,72
4570,2982,2021-09-06,Reese-Brock Stadium,10,29,8,3,24,61
4571,559,2022-07-06,"Higgins, Young and Simmons Stadium",12,23,12,0,14,66
4572,4638,2023-03-11,"Smith, Dominguez and Fowler Stadium",51,30,191,0,12,14
4573,890,2026-04-21,Shepherd Ltd Stadium,80,16,63,4,28,68
4574,5896,2024-07-27,"Miller, Lucas and Nicholson Stadium",33,27,175,13,24,50
4575,9647,2023-10-20,"Torres, Garcia and Madden Stadium",56,17,81,14,12,12
4576,5099,2024-10-10,Chapman-Mills Stadium,15,6,25,1,0,20
4577,5618,2021-06-12,Nelson-Young Stadium,62,26,183,5,6,59
4578,310,2022-07-06,Johnson and Sons Stadium,96,13,93,11,14,60
4579,9131,2025-03-05,"Nguyen, Crosby and Richardson Stadium",92,18,187,4,6,16
4580,1020,2023-04-06,"Williams, Reed and Salazar Stadium",87,1,60,15,7,43
4581,3427,2024-10-19,"Rivera, Brown and Richards Stadium",146,7,75,10,14,28
4582,4072,2021-01-27,"Moon, Anderson and Rangel Stadium",30,17,78,6,6,19
4583,2605,2021-10-08,Goodwin Inc Stadium,39,9,35,3,6,78
4584,1771,2026-04-15,Hernandez Group Stadium,91,7,60,10,12,56
4585,3674,2022-03-01,"Diaz, Jones and Adkins Stadium",37,12,150,4,21,38
4586,6048,2022-04-12,"Davis, Taylor and Forbes Stadium",113,26,84,14,6,29
4587,8543,2022-10-31,Gonzalez and Sons Stadium,109,14,29,2,3,63
4588,1966,2023-10-16,Thompson LLC Stadium,29,3,181,13,24,18
4589,7858,2025-08-31,"Maxwell, Lewis and Hayes Stadium",116,14,130,7,14,19
4590,1477,2025-03-15,Herring Group Stadium,76,27,136,6,24,4
4591,7351,2021-04-22,Griffith-King Stadium,87,7,163,11,18,53
4592,9802,2022-12-26,Stevens-Wilkinson Stadium,60,9,182,14,17,71
4593,3477,2020-04-23,"Ellis, Morse and David Stadium",92,0,146,9,14,69
4594,7159,2022-07-19,Wall-Travis Stadium,87,29,119,7,18,65
4595,370,2020-01-12,"Gomez, Contreras and Rogers Stadium",123,14,60,0,28,64
4596,3470,2023-10-15,"Brown, Kim and Moore Stadium",65,28,117,1,28,67
4597,5751,2021-12-02,Smith-Jackson Stadium,141,28,12,14,6,37
4598,2570,2020-12-15,"Flores, Gillespie and Morris Stadium",118,28,193,2,12,13
4599,5718,2024-08-29,Guerrero Ltd Stadium,76,0,132,10,28,61
4600,4157,2022-09-23,"Joseph, Johnston and Price Stadium",38,24,159,6,21,77
4601,3476,2020-11-04,Rivera LLC Stadium,86,24,73,11,28,4
4602,1638,2022-09-02,Thomas PLC Stadium,3,13,52,2,12,25
4603,9654,2022-02-20,Morrison PLC Stadium,116,4,98,11,7,57
4604,461,2026-01-22,Cooper-Mccarthy Stadium,18,30,189,0,28,11
4605,360,2020-03-17,Douglas-Jackson Stadium,32,26,188,9,7,64
4606,4071,2024-12-14,Reyes Ltd Stadium,100,6,19,3,18,41
4607,7155,2020-11-04,Hester-Contreras Stadium,135,12,7,2,7,3
4608,2919,2026-01-17,Chavez and Sons Stadium,12,17,41,9,28,40
4609,4985,2020-11-08,"Huang, Cox and Guerrero Stadium",39,16,188,12,6,44
4610,5985,2020-05-26,Hester-Taylor Stadium,111,27,181,11,6,21
4611,622,2020-04-28,"Harris, Gregory and Williams Stadium",103,18,166,0,0,7
4612,8465,2025-03-24,Thomas-Kelly Stadium,140,28,83,0,12,40
4613,787,2021-10-21,Lewis Ltd Stadium,135,1,25,9,17,51
4614,7861,2021-08-26,"Rodriguez, Lindsey and Clark Stadium",66,14,133,7,0,70
4615,2227,2026-01-30,"Lambert, Ramos and Wall Stadium",74,3,129,14,21,20
4616,8014,2026-01-15,"Jones, Pace and Walters Stadium",126,19,27,1,0,65
4617,8236,2020-02-15,Cox and Sons Stadium,134,30,179,12,0,33
4618,373,2022-06-05,Brown PLC Stadium,75,19,40,0,28,36
4619,8067,2021-08-09,Mckee PLC Stadium,140,12,184,12,6,57
4620,4248,2021-12-02,Nguyen Inc Stadium,122,4,1,14,28,70
4621,7811,2020-07-13,Clayton PLC Stadium,2,8,96,7,0,53
4622,7360,2024-06-14,Matthews-Leon Stadium,86,6,124,14,0,49
4623,4424,2024-06-12,Conway Inc Stadium,142,18,75,14,7,36
4624,4619,2023-08-28,Graham Ltd Stadium,-5,9,180,1,18,2
4625,7441,2025-01-06,"Smith, Lambert and Sanchez Stadium",112,20,54,2,6,63
4626,6662,2023-04-10,Brown-Collins Stadium,138,6,50,11,14,57
4627,6117,2022-09-06,Jones-Hodge Stadium,127,26,20,14,7,49
4628,4960,2024-07-26,"Luna, Sanchez and Rhodes Stadium",7,23,153,1,6,64
4629,1103,2024-11-15,House-Bautista Stadium,75,6,174,0,12,10
4630,3769,2021-06-07,Williams-Hanson Stadium,48,8,79,1,17,68
4631,7667,2022-10-05,Walker PLC Stadium,67,28,107,5,7,39
4632,7280,2023-03-12,Bauer Group Stadium,127,14,66,5,7,6
4633,2949,2023-11-04,Warren and Sons Stadium,50,24,186,7,12,78
4634,1207,2024-06-24,Cooper-Mendoza Stadium,132,1,6,11,12,31
4635,4110,2020-03-27,"Rivera, Martin and Gonzalez Stadium",12,7,68,2,18,2
4636,4459,2020-04-07,"Cunningham, Navarro and Brooks Stadium",-4,15,178,3,12,4
4637,7627,2025-05-01,"Lopez, Wood and Bailey Stadium",109,18,121,13,12,19
4638,3178,2026-03-11,Bennett-Davis Stadium,87,15,34,12,3,26
4639,1857,2020-12-05,Brown Inc Stadium,32,9,21,10,3,3
4640,9685,2020-12-27,Davis-Smith Stadium,-1,4,97,13,7,26
4641,24,2024-05-15,Banks-Nelson Stadium,22,9,3,2,18,78
4642,4743,2023-04-03,Wilson and Sons Stadium,0,10,185,9,6,72
4643,1431,2021-04-28,Oconnor LLC Stadium,70,11,51,2,17,67
4644,8323,2020-08-06,"Collins, Ford and Wilson Stadium",3,9,60,12,17,46
4645,4589,2024-02-02,Campbell and Sons Stadium,21,13,137,15,17,36
4646,8257,2022-06-19,Ray Ltd Stadium,38,7,88,15,21,33
4647,4782,2021-03-14,"Fields, Gilmore and Drake Stadium",14,11,100,7,3,55
4648,7352,2020-03-25,Hughes Group Stadium,93,3,146,3,28,45
4649,8865,2023-09-29,James-Mills Stadium,120,24,9,2,28,71
4650,9231,2022-02-16,"Wright, Preston and Welch Stadium",31,21,105,11,18,69
4651,4567,2022-08-11,Wolf Ltd Stadium,37,30,124,12,14,31
4652,2407,2024-10-09,"Snyder, Valencia and Andrews Stadium",37,1,103,8,12,78
4653,3544,2020-07-13,"Wilson, Padilla and Benton Stadium",31,25,38,12,24,53
4654,9020,2024-02-09,Lee-Rodriguez Stadium,100,30,15,15,18,35
4655,1098,2025-04-09,Flores-Potter Stadium,76,26,121,4,28,5
4656,5365,2025-03-13,Andrews-Craig Stadium,-2,22,37,2,21,27
4657,7874,2025-03-29,Butler-Harris Stadium,120,20,102,8,21,74
4658,6323,2025-06-17,"Kelley, Barry and Lee Stadium",1,17,57,11,24,28
4659,2093,2025-04-23,Bonilla LLC Stadium,104,20,109,12,17,35
4660,4227,2021-07-19,"Beltran, Lewis and Sanchez Stadium",8,25,79,14,14,47
4661,2018,2023-06-08,Graves-Barr Stadium,76,13,119,11,18,51
4662,5233,2020-06-21,"Smith, Hall and Harrison Stadium",80,23,127,10,14,43
4663,1656,2023-09-28,"Cuevas, Arnold and Davis Stadium",142,17,53,15,28,28
4664,3386,2023-12-07,"King, Bray and Barry Stadium",114,6,180,5,18,45
4665,9192,2025-06-03,"Jones, Lara and Johnson Stadium",24,16,33,10,28,35
4666,8466,2022-08-02,"Rice, Harding and Boyd Stadium",6,22,2,8,18,8
4667,9562,2025-04-18,"Castaneda, Davis and Powell Stadium",65,9,42,7,21,19
4668,9898,2021-11-05,Jenkins Group Stadium,6,3,43,6,17,12
4669,1538,2024-02-16,"Lowe, Moss and Jimenez Stadium",125,11,116,8,7,20
4670,7981,2022-03-25,Shields-Walker Stadium,3,9,116,5,18,39
4671,7036,2026-04-20,Mejia PLC Stadium,36,1,185,2,3,74
4672,7410,2022-09-11,Goodman Inc Stadium,49,26,140,6,14,64
4673,2352,2023-05-04,"Hansen, Taylor and Hernandez Stadium",142,17,133,5,18,3
4674,1151,2024-02-06,Bryant Group Stadium,24,2,117,6,28,74
4675,283,2023-05-02,"Smith, Perez and Contreras Stadium",98,9,47,6,24,10
4676,1047,2025-04-16,"Moore, Harris and Martinez Stadium",36,9,9,15,17,71
4677,3732,2022-02-15,Smith-Mcclain Stadium,101,18,130,0,14,4
4678,8306,2025-10-02,White-Burns Stadium,102,26,99,11,28,3
4679,2558,2024-10-13,"Blake, Holt and Dickerson Stadium",79,30,97,14,7,77
4680,1757,2022-11-24,"Murphy, Mooney and Daniel Stadium",23,24,10,14,3,71
4681,987,2020-08-27,Collins Group Stadium,86,20,160,1,7,55
4682,6156,2022-10-24,Graves Ltd Stadium,4,26,40,7,14,23
4683,3361,2025-01-12,"Bryan, Lewis and Lewis Stadium",119,7,23,8,24,40
4684,2298,2021-06-20,Clarke Inc Stadium,140,0,72,6,3,61
4685,75,2022-02-17,"Arroyo, Gibson and Russell Stadium",22,29,86,15,7,29
4686,4499,2022-05-31,"Lee, Rodriguez and Reed Stadium",-5,24,156,0,17,77
4687,6221,2022-11-30,"Martin, Roberts and Lopez Stadium",110,19,109,1,21,16
4688,685,2024-12-21,Beard-Mayer Stadium,118,3,100,11,7,48
4689,8381,2020-12-01,Caldwell and Sons Stadium,109,9,125,6,17,71
4690,4614,2024-04-25,Cunningham-Elliott Stadium,43,13,116,3,0,8
4691,9039,2025-08-21,Bailey-Lucas Stadium,28,19,191,14,0,74
4692,1204,2021-11-13,King PLC Stadium,72,24,155,12,18,21
4693,9230,2022-08-23,"Larson, Owens and Ruiz Stadium",36,26,125,5,17,31
4694,188,2020-05-29,Flynn LLC Stadium,68,6,19,15,0,28
4695,9196,2023-04-13,Hunt Group Stadium,-1,21,89,5,7,61
4696,1278,2023-10-17,Morales and Sons Stadium,72,30,116,10,14,54
4697,733,2020-09-15,Scott-Reilly Stadium,89,12,174,0,28,1
4698,412,2026-04-24,Russell Group Stadium,114,0,127,13,24,75
4699,8935,2025-03-09,Adams Ltd Stadium,141,4,72,2,0,8
4700,1495,2025-01-09,Dixon-Reyes Stadium,8,0,24,8,18,19
4701,183,2023-02-12,Mitchell-Cooper Stadium,134,20,40,5,6,27
4702,591,2025-02-19,"Gomez, Romero and Baker Stadium",99,27,191,11,18,12
4703,4484,2023-05-20,Potts LLC Stadium,111,13,87,15,14,62
4704,6110,2024-09-15,Thornton Ltd Stadium,45,7,108,10,6,46
4705,4782,2025-02-04,Benjamin-Brown Stadium,72,18,158,13,14,1
4706,5276,2023-08-22,Kerr Ltd Stadium,51,6,197,1,12,73
4707,8725,2024-10-15,Eaton LLC Stadium,120,7,45,15,28,11
4708,6635,2020-10-22,Lewis Inc Stadium,123,4,121,1,24,36
4709,5627,2022-01-26,Williams-Lee Stadium,104,12,3,9,17,64
4710,1721,2021-06-20,Mullins-Garcia Stadium,136,9,137,10,17,35
4711,1581,2023-09-16,"Blackburn, Mcbride and Cannon Stadium",139,5,144,13,24,25
4712,3941,2023-04-19,"Taylor, Pham and Figueroa Stadium",94,20,158,1,3,8
4713,5668,2025-09-08,Jones-Arnold Stadium,41,10,167,6,7,60
4714,4096,2026-03-26,Stone PLC Stadium,29,18,197,13,17,46
4715,2836,2022-04-29,"Moran, Hayes and Elliott Stadium",87,16,120,4,3,41
4716,9112,2025-03-19,Wheeler-Hall Stadium,63,10,6,14,24,1
4717,2371,2021-04-22,Webster-Nelson Stadium,20,10,28,5,28,54
4718,6240,2023-07-13,Houston LLC Stadium,96,13,84,8,28,21
4719,6065,2024-07-01,Ashley and Sons Stadium,112,21,118,4,6,71
4720,730,2022-05-30,"Jordan, Mendez and Powell Stadium",100,9,44,15,6,6
4721,9195,2023-08-19,"Jacobs, Hines and Cox Stadium",-1,9,85,9,17,4
4722,583,2025-01-10,Lewis Ltd Stadium,146,9,69,4,24,5
4723,2840,2023-08-01,Fleming-Shields Stadium,-3,27,117,14,28,7
4724,2084,2020-03-18,"Ramirez, Hall and Bray Stadium",137,7,129,15,17,62
4725,2893,2023-03-26,Dunn-Gonzalez Stadium,83,22,181,0,7,61
4726,607,2020-12-24,Haynes PLC Stadium,145,18,48,8,14,79
4727,7389,2021-07-01,Hurst-Lee Stadium,109,24,7,1,12,9
4728,1508,2022-03-03,"Lee, Hinton and Anderson Stadium",42,21,100,6,18,78
4729,401,2023-08-14,"Collins, Nelson and Davis Stadium",101,7,137,8,12,45
4730,8177,2023-10-07,Jones PLC Stadium,118,10,145,5,14,78
4731,8009,2021-06-10,Gallagher LLC Stadium,60,2,116,7,14,31
4732,8535,2025-11-26,Cole Group Stadium,105,16,154,13,14,27
4733,6290,2024-05-19,Avila Inc Stadium,88,16,29,6,3,50
4734,3104,2024-08-26,Young Group Stadium,57,23,74,4,21,60
4735,9647,2025-08-12,Bailey Inc Stadium,10,11,90,15,17,50
4736,3057,2022-12-12,"Jordan, Moon and Howard Stadium",135,30,38,13,3,58
4737,4714,2025-12-11,West LLC Stadium,36,11,106,5,3,68
4738,1270,2026-04-15,"Gonzalez, Marquez and Fitzgerald Stadium",125,10,38,13,21,9
4739,7426,2023-03-14,Rodriguez-Hamilton Stadium,143,11,46,11,17,24
4740,1299,2024-02-05,"Dunn, Meyer and Harris Stadium",140,11,71,4,7,77
4741,8408,2021-06-30,Drake-Arnold Stadium,76,19,55,9,12,28
4742,971,2020-07-28,Marquez and Sons Stadium,78,21,58,9,24,17
4743,9096,2023-06-28,Webster-Fernandez Stadium,147,17,110,13,7,8
4744,1172,2025-11-17,"Garcia, Wilson and Contreras Stadium",84,15,21,0,0,26
4745,115,2026-02-17,Johnson Ltd Stadium,132,30,170,6,12,44
4746,3079,2026-03-29,Alvarez-Vazquez Stadium,99,29,134,13,18,26
4747,4674,2023-07-24,Brown-Acevedo Stadium,52,9,160,4,14,56
4748,1173,2020-08-04,Rodriguez-Phillips Stadium,119,14,36,5,18,74
4749,2734,2025-09-06,"White, Patterson and Smith Stadium",135,21,88,10,3,58
4750,4976,2020-05-22,Zimmerman-Morris Stadium,115,18,137,12,6,66
4751,1721,2023-07-30,Davis LLC Stadium,23,20,21,12,0,7
4752,410,2024-02-28,"Hayes, Perez and Kemp Stadium",6,12,45,5,12,54
4753,74,2024-04-13,Moody Ltd Stadium,58,15,114,15,28,11
4754,9174,2023-05-02,Carlson-Johnson Stadium,93,7,20,13,6,60
4755,8575,2020-09-08,Henson-Jones Stadium,103,2,195,12,3,47
4756,1315,2022-04-09,Perez and Sons Stadium,13,27,166,0,6,5
4757,2207,2024-06-20,Dominguez-Garcia Stadium,52,1,95,4,3,66
4758,5555,2023-09-30,"Patton, Gomez and Jones Stadium",2,3,99,0,18,16
4759,5817,2021-01-12,Palmer Group Stadium,7,2,7,4,18,76
4760,6033,2021-02-04,Brown-Koch Stadium,27,19,166,13,28,30
4761,8838,2021-10-28,"Adkins, Lopez and Mccarty Stadium",1,3,181,11,18,1
4762,3906,2021-11-08,Sanders Group Stadium,7,27,19,10,6,64
4763,3674,2023-08-01,Nguyen Ltd Stadium,11,22,20,13,12,7
4764,9015,2025-07-07,Garcia-Bowen Stadium,110,20,37,14,28,56
4765,7159,2021-02-02,"Harrison, Cardenas and Davis Stadium",125,18,152,15,14,31
4766,4411,2023-05-15,Jones PLC Stadium,67,6,75,8,0,62
4767,7813,2023-01-06,Gordon-Grant Stadium,43,0,69,15,14,71
4768,8272,2024-09-10,"Hart, Garrett and Fernandez Stadium",134,17,170,5,28,77
4769,6934,2022-09-24,"Hill, Martin and Montgomery Stadium",127,26,143,5,18,34
4770,9927,2021-09-01,Potter-Hines Stadium,131,0,199,13,21,52
4771,3729,2023-03-28,"Cabrera, Shaw and Lawson Stadium",9,1,119,14,24,79
4772,1477,2025-09-10,Wells-Wilson Stadium,89,27,156,1,12,38
4773,1723,2024-10-15,"Baker, Hamilton and Ferguson Stadium",104,1,112,14,21,2
4774,3896,2024-07-18,Gutierrez-Hernandez Stadium,68,0,34,12,3,55
4775,8259,2022-12-25,"Calderon, Rodriguez and Davis Stadium",111,0,68,14,12,32
4776,6426,2026-01-02,Clark-Jackson Stadium,99,22,16,8,6,37
4777,4077,2022-09-05,Brown-Barnett Stadium,93,24,74,14,21,27
4778,3720,2024-12-14,"Zavala, Harrington and Rivera Stadium",3,6,107,11,7,47
4779,2646,2023-05-23,"Sheppard, Smith and Arnold Stadium",118,28,80,6,14,43
4780,5081,2023-04-21,Warner-Horn Stadium,32,1,59,11,7,55
4781,459,2024-01-27,Pollard Ltd Stadium,22,3,26,0,6,4
4782,6244,2022-10-18,Newman-Santos Stadium,24,13,143,12,24,51
4783,3094,2021-09-05,Cortez Ltd Stadium,64,14,118,3,18,13
4784,8034,2024-12-17,Underwood LLC Stadium,47,4,123,6,17,61
4785,5093,2020-07-07,Austin-Buchanan Stadium,53,22,156,6,14,69
4786,1908,2021-05-14,"Howard, King and Perez Stadium",27,2,146,11,12,6
4787,2544,2020-02-11,Kelly LLC Stadium,61,20,110,7,24,57
4788,4376,2025-06-14,Watson-Anderson Stadium,6,26,1,15,18,76
4789,7308,2025-06-06,"Oliver, Shelton and Horne Stadium",2,23,145,1,0,13
4790,8102,2023-10-30,Richardson Group Stadium,75,14,44,4,6,60
4791,1263,2020-08-17,"Villanueva, Frederick and Quinn Stadium",10,8,157,4,3,6
4792,5959,2021-08-27,Brown-Buck Stadium,38,29,151,12,28,37
4793,7984,2020-06-17,Lopez Inc Stadium,63,22,21,6,3,74
4794,898,2020-08-17,Harrington-Charles Stadium,90,22,92,14,14,42
4795,9397,2023-11-05,Gonzalez-Hernandez Stadium,112,27,119,8,0,57
4796,1836,2020-06-26,Nash LLC Stadium,113,18,98,11,24,74
4797,4104,2023-10-31,"Silva, Ramirez and Kelley Stadium",46,19,5,11,6,46
4798,2955,2021-08-28,Williams-Watts Stadium,17,4,141,12,12,77
4799,2068,2020-08-29,Chen Inc Stadium,103,8,168,14,14,6
4800,9182,2020-05-01,Nolan PLC Stadium,58,9,43,14,3,18
4801,4291,2025-06-19,Nelson-Williams Stadium,1,24,134,8,18,53
4802,4191,2023-02-17,Hansen Inc Stadium,21,30,107,10,12,19
4803,5330,2023-07-25,Logan PLC Stadium,126,4,109,3,7,23
4804,8795,2020-10-18,Williamson-Meyers Stadium,147,17,87,7,24,5
4805,6756,2025-10-10,Miller-Hernandez Stadium,92,0,72,1,28,12
4806,3036,2021-05-08,Tate Ltd Stadium,116,25,10,7,18,58
4807,7946,2026-02-19,"Long, Velazquez and Garcia Stadium",63,26,8,4,14,31
4808,3359,2025-11-12,"Gonzalez, Grant and Wood Stadium",39,3,49,8,0,32
4809,7909,2023-11-09,Gutierrez-Mccoy Stadium,92,29,94,12,6,65
4810,9449,2026-02-26,Rodriguez and Sons Stadium,122,21,33,2,14,61
4811,3822,2025-07-29,Fischer-Obrien Stadium,137,2,34,4,17,36
4812,179,2024-01-10,"Dominguez, Martinez and Jacobson Stadium",30,0,157,3,0,44
4813,5192,2023-07-19,Leblanc-Hartman Stadium,62,30,182,1,14,34
4814,4369,2023-09-02,Haney and Sons Stadium,66,23,76,7,21,33
4815,233,2020-06-16,"Landry, Mcdonald and Marshall Stadium",109,12,19,8,0,2
4816,7354,2025-11-24,Brown Inc Stadium,139,8,183,15,24,17
4817,6908,2022-10-11,Peters-Oconnell Stadium,12,14,146,4,24,53
4818,2872,2023-07-24,"Hull, Rivera and Tran Stadium",20,15,146,2,0,71
4819,3241,2022-07-02,Vasquez-King Stadium,37,26,19,5,0,26
4820,6798,2025-08-13,Ramirez and Sons Stadium,113,14,24,2,24,2
4821,1600,2023-02-07,Grant-Kennedy Stadium,26,2,44,9,12,29
4822,4559,2024-11-02,Webb-Hendrix Stadium,8,26,14,15,7,64
4823,5976,2020-11-27,Gray-Moss Stadium,2,8,189,14,7,11
4824,1702,2024-11-25,Ramirez-Wang Stadium,73,25,105,13,0,16
4825,9733,2023-07-05,Reed PLC Stadium,56,11,21,5,17,70
4826,3917,2020-03-28,"Oconnor, Smith and Meza Stadium",107,21,70,2,17,41
4827,127,2021-11-09,Bond-Hall Stadium,82,1,37,4,24,59
4828,4692,2020-06-02,Payne Inc Stadium,131,4,184,11,21,25
4829,8242,2024-10-17,"Wilson, Hernandez and Hicks Stadium",21,6,102,1,24,19
4830,6083,2022-09-03,"Hayes, Coleman and Fox Stadium",114,17,115,14,18,29
4831,5422,2024-01-14,Morris-Lee Stadium,114,19,189,14,24,30
4832,6171,2022-07-17,Nguyen-Lee Stadium,127,6,42,15,14,17
4833,2792,2021-10-04,Whitehead-Long Stadium,-3,20,154,6,12,8
4834,8007,2022-12-14,Johnson-Calderon Stadium,119,22,0,2,14,72
4835,1127,2025-12-30,"Hamilton, Henry and Ramos Stadium",125,29,180,14,24,50
4836,6526,2026-02-27,Kelley Ltd Stadium,142,18,26,15,17,13
4837,2671,2024-04-10,Mccormick and Sons Stadium,11,28,79,2,24,35
4838,3123,2023-04-21,Torres-Taylor Stadium,87,2,198,10,3,39
4839,1627,2024-05-21,"Trevino, Short and Ortiz Stadium",21,4,124,5,14,15
4840,7298,2022-12-18,Durham Ltd Stadium,55,29,98,2,17,11
4841,4034,2022-12-30,Carter-Brown Stadium,84,4,26,5,18,41
4842,9234,2023-10-22,"Perez, Harrison and Foster Stadium",130,4,177,0,6,59
4843,8702,2026-04-21,Garcia-Brooks Stadium,9,27,193,11,6,65
4844,9487,2023-11-06,Johnson PLC Stadium,36,19,67,11,24,41
4845,1239,2023-08-09,"Hernandez, Brown and Patel Stadium",109,0,31,4,3,21
4846,5522,2023-10-16,Johnson-Lopez Stadium,51,20,116,7,7,64
4847,257,2020-05-04,"Steele, Walter and Allen Stadium",150,13,183,0,28,49
4848,9623,2025-09-06,"Carter, Stephens and Newton Stadium",76,11,3,13,24,73
4849,5076,2020-09-16,"Rivera, Buchanan and Novak Stadium",70,24,168,9,24,79
4850,2291,2024-03-26,Price and Sons Stadium,34,20,32,13,17,18
4851,7631,2022-09-21,Green Group Stadium,6,16,4,9,28,23
4852,4110,2020-09-17,Evans-Benjamin Stadium,63,20,112,15,17,26
4853,3500,2020-12-31,Hudson PLC Stadium,71,30,159,10,24,71
4854,6374,2024-03-02,Mcguire and Sons Stadium,92,23,111,2,12,63
4855,1937,2026-01-12,Sanchez-Valenzuela Stadium,108,30,76,15,14,17
4856,3461,2024-08-30,Kelly-Campbell Stadium,9,27,83,12,17,18
4857,4602,2021-12-26,"Hodges, Fields and Hensley Stadium",122,9,43,14,6,17
4858,9374,2021-04-30,"Mcknight, Allen and Eaton Stadium",63,7,36,10,7,74
4859,6610,2025-11-04,Arnold-Johnson Stadium,128,26,60,7,7,32
4860,5492,2024-08-25,Stevens-Russell Stadium,120,18,50,14,28,45
4861,8485,2024-01-27,Rollins-Arnold Stadium,24,22,28,11,12,61
4862,263,2024-04-24,Mendoza-Mccoy Stadium,-2,4,84,14,3,31
4863,1384,2020-04-12,Carroll PLC Stadium,20,19,103,0,7,64
4864,9611,2021-12-30,Hodges-Guzman Stadium,140,29,169,1,7,69
4865,3413,2020-07-01,Brown Group Stadium,33,17,3,7,18,38
4866,7493,2022-05-30,Carter-Beard Stadium,67,2,93,5,3,51
4867,4861,2022-12-16,Sanders-Guzman Stadium,139,8,112,13,14,50
4868,6094,2020-02-23,Conley-Walker Stadium,105,10,84,11,24,37
4869,6914,2023-12-26,Jackson-Holt Stadium,76,30,46,8,24,50
4870,3956,2025-11-13,Williams Ltd Stadium,1,14,57,7,17,72
4871,1149,2025-07-07,Olson-Garcia Stadium,94,4,29,7,17,33
4872,7779,2025-08-15,Chapman Group Stadium,24,28,59,9,12,37
4873,383,2023-01-26,Christensen Inc Stadium,26,8,153,15,18,72
4874,5015,2021-08-18,Baker PLC Stadium,82,15,23,4,12,63
4875,7070,2025-06-20,"Martinez, Davis and Williams Stadium",57,2,104,15,7,66
4876,9479,2020-01-05,Baker-Jackson Stadium,-4,4,126,0,14,14
4877,288,2023-01-09,Smith PLC Stadium,124,20,42,8,18,59
4878,4370,2025-11-18,Freeman Inc Stadium,37,20,157,3,24,40
4879,719,2024-08-11,Brady-Cooke Stadium,51,22,85,12,17,45
4880,357,2026-01-22,"Hudson, Jones and Gentry Stadium",57,6,29,4,3,15
4881,7590,2020-05-28,"Smith, David and Carter Stadium",143,15,46,15,7,55
4882,4439,2024-04-04,Sherman Ltd Stadium,107,18,39,4,18,80
4883,5239,2022-01-13,"Newman, Gray and Harris Stadium",-2,11,24,13,3,68
4884,1671,2024-07-09,"Johnson, Frost and Allen Stadium",44,12,177,0,21,37
4885,5468,2021-02-15,"Collier, Shannon and Rogers Stadium",131,25,167,3,21,3
4886,4579,2020-09-14,"Brooks, Harris and Davis Stadium",63,3,166,2,14,27
4887,1150,2020-02-03,Perry LLC Stadium,80,18,28,3,17,35
4888,7114,2023-06-30,"Knight, Diaz and Summers Stadium",39,28,105,3,12,66
4889,7435,2020-08-08,"Boyer, Powell and Castaneda Stadium",52,7,133,6,17,13
4890,1661,2025-12-03,Lewis Inc Stadium,78,8,35,6,0,61
4891,5927,2022-02-27,Woods and Sons Stadium,71,20,87,8,21,9
4892,2378,2020-11-20,Holder Group Stadium,38,23,19,3,28,19
4893,5890,2020-07-18,"Fox, Patel and Gamble Stadium",66,28,56,1,17,20
4894,205,2023-01-31,Hernandez-Barnes Stadium,32,5,2,11,18,18
4895,2983,2022-06-11,Reeves Inc Stadium,5,25,21,14,0,67
4896,6884,2022-11-24,Young PLC Stadium,90,11,68,4,6,28
4897,5832,2025-12-22,Holloway LLC Stadium,111,14,96,5,18,64
4898,8489,2021-06-02,Weber-Kelly Stadium,48,12,1,13,18,27
4899,8623,2020-03-19,"Carr, Herrera and Smith Stadium",128,18,116,9,17,19
4900,5773,2025-09-01,Thomas-Hess Stadium,78,4,98,3,6,45
4901,6629,2026-01-28,Jackson Group Stadium,74,0,108,1,17,55
4902,217,2022-08-02,Barnett and Sons Stadium,132,7,76,4,3,38
4903,4786,2025-09-07,Hudson and Sons Stadium,33,14,23,0,7,3
4904,2375,2023-09-29,"Hoover, Gordon and Hill Stadium",81,10,11,5,6,52
4905,6043,2023-02-26,Young-Moore Stadium,2,5,150,3,21,60
4906,370,2022-05-11,Cole LLC Stadium,95,6,125,9,3,52
4907,6160,2022-02-10,Hoover LLC Stadium,97,10,30,3,24,32
4908,8344,2023-06-19,Kerr and Sons Stadium,91,12,66,0,0,73
4909,2169,2025-01-25,Santos Ltd Stadium,50,20,93,11,24,42
4910,9389,2020-10-07,Martinez LLC Stadium,64,3,24,12,18,56
4911,829,2023-01-30,Harrell Inc Stadium,142,11,16,4,28,68
4912,5799,2020-06-18,Bryant Inc Stadium,54,2,98,7,12,16
4913,6207,2022-04-17,"Wall, Giles and Wood Stadium",-4,26,116,4,17,76
4914,5067,2023-12-25,"Diaz, Park and Hobbs Stadium",28,25,135,3,28,67
4915,262,2025-08-12,Bell and Sons Stadium,125,14,88,1,17,62
4916,607,2020-10-26,Calderon Group Stadium,90,17,113,10,0,60
4917,4852,2022-09-18,Gonzalez-West Stadium,99,19,40,15,0,59
4918,385,2025-12-30,"Hopkins, Watts and Stevens Stadium",73,12,9,11,3,66
4919,3430,2021-08-02,Moore-Thomas Stadium,112,13,165,1,21,26
4920,8936,2023-06-18,Cook PLC Stadium,73,2,83,3,3,20
4921,8358,2025-06-04,"Martin, Holland and Hughes Stadium",126,8,151,6,21,62
4922,1363,2024-08-23,Johnson-Larson Stadium,128,16,16,9,6,43
4923,550,2023-11-04,Ford Ltd Stadium,113,26,199,7,3,57
4924,1323,2020-08-25,Miller-Johnson Stadium,-1,12,34,13,3,42
4925,5000,2023-03-28,"Wiley, Anderson and Diaz Stadium",149,18,170,5,3,44
4926,6427,2024-12-16,Harrison-Jackson Stadium,100,25,32,15,3,47
4927,5271,2021-07-16,Taylor-Alexander Stadium,62,0,114,5,6,51
4928,8871,2021-08-25,Cook and Sons Stadium,89,11,99,1,12,44
4929,4374,2025-03-02,Meyer-White Stadium,70,25,165,2,28,12
4930,2232,2025-08-31,"Gutierrez, Mcdonald and Walker Stadium",107,19,94,9,0,34
4931,2619,2025-04-02,Morrison-Obrien Stadium,54,8,52,7,0,75
4932,606,2020-09-30,Mcclure-Jordan Stadium,2,22,195,1,17,45
4933,1270,2023-10-28,"Sanchez, Butler and Hunter Stadium",-4,27,167,9,6,61
4934,4816,2021-06-09,Zavala Ltd Stadium,134,4,169,4,28,71
4935,1149,2023-05-31,Arias Ltd Stadium,148,19,79,3,12,48
4936,6682,2020-12-13,Alexander Ltd Stadium,79,11,162,9,12,62
4937,7050,2023-06-27,"Murphy, Mayo and Ortiz Stadium",36,27,183,9,28,52
4938,6016,2024-10-28,Baker Ltd Stadium,69,4,89,6,7,36
4939,91,2023-06-18,"Lloyd, Fitzgerald and Carter Stadium",137,23,74,12,24,19
4940,9840,2024-02-11,Johnson-James Stadium,-1,2,188,8,17,49
4941,5266,2020-12-13,Finley Group Stadium,45,30,161,2,7,72
4942,8282,2022-03-06,Brown Group Stadium,81,6,25,3,28,1
4943,8106,2021-06-05,"Bates, Rodriguez and Ortega Stadium",54,16,37,13,18,57
4944,9767,2020-07-24,"Pollard, Meyer and Norman Stadium",21,24,138,3,17,62
4945,768,2025-06-18,"Potter, Elliott and Cook Stadium",126,21,129,10,14,63
4946,7989,2023-01-12,Carney Group Stadium,102,10,75,13,18,12
4947,9868,2022-09-28,"Haynes, Wu and Davis Stadium",109,13,84,9,18,4
4948,9167,2021-03-21,Green-Park Stadium,57,27,191,3,21,50
4949,3005,2025-05-08,Dillon-Wallace Stadium,46,14,0,1,6,78
4950,6188,2023-12-29,Smith-Haney Stadium,32,28,86,11,18,43
4951,441,2023-09-01,Singh Ltd Stadium,134,14,78,13,24,26
4952,6929,2025-10-31,Christian-Brown Stadium,58,4,69,9,24,41
4953,1323,2022-03-05,Roberts Ltd Stadium,-3,0,21,0,14,15
4954,4633,2020-12-03,"Frazier, Steele and Patton Stadium",48,3,17,10,7,58
4955,1518,2026-01-01,"Turner, Browning and Orr Stadium",130,1,92,15,12,43
4956,6156,2025-07-17,Powers-Perez Stadium,75,8,111,7,28,58
4957,1202,2021-03-25,"Johnson, Fuentes and French Stadium",61,24,139,11,6,62
4958,5355,2020-03-13,Beard Group Stadium,39,22,101,12,12,65
4959,9958,2026-03-26,Collins Inc Stadium,126,25,9,1,17,65
4960,5662,2020-03-13,"Costa, Barrett and Smith Stadium",28,1,27,9,3,4
4961,2419,2022-12-22,"Sullivan, Burke and Anderson Stadium",114,18,27,4,28,63
4962,8361,2020-06-02,Brown-Williams Stadium,97,17,120,1,28,17
4963,60,2024-06-03,"Schultz, Gray and Cole Stadium",-1,0,123,8,14,52
4964,281,2023-06-28,Grimes Group Stadium,137,30,89,2,21,60
4965,873,2023-05-04,Ellis-Day Stadium,-2,13,140,11,7,26
4966,4635,2023-06-14,Anderson-Davis Stadium,57,10,27,8,28,19
4967,8578,2021-01-27,Li PLC Stadium,68,9,161,13,12,50
4968,5089,2025-10-31,Garcia-Collins Stadium,87,14,15,15,3,50
4969,3468,2021-09-08,Rice-Avila Stadium,89,19,119,7,21,2
4970,8524,2020-10-22,Martin Inc Stadium,144,27,17,8,14,1
4971,7442,2020-07-28,"Woodward, Anderson and Schmidt Stadium",96,19,14,15,17,8
4972,5287,2021-06-05,Garcia-Lynch Stadium,50,9,86,10,0,36
4973,3072,2025-10-25,Sims-Walker Stadium,131,10,170,15,24,55
4974,7532,2026-03-22,"Anthony, Sanchez and Ray Stadium",122,25,42,5,21,55
4975,9954,2021-03-05,Arias Ltd Stadium,62,23,183,7,3,40
4976,467,2020-09-07,"Lewis, Martin and Weiss Stadium",101,11,161,5,28,54
4977,6887,2025-04-26,"Riggs, Sullivan and Johnson Stadium",10,1,59,5,3,2
4978,5398,2020-07-31,Orr-Hall Stadium,124,27,156,12,0,28
4979,2854,2023-07-29,Ray Inc Stadium,88,19,62,14,0,20
4980,923,2024-03-15,"Baker, Fisher and Zamora Stadium",103,0,115,8,12,45
4981,6926,2023-12-15,"Woods, Griffin and Horton Stadium",35,3,109,2,28,39
4982,3787,2022-09-08,Herring-Ballard Stadium,84,19,62,13,14,67
4983,7642,2022-05-31,"Salazar, Phillips and Foley Stadium",55,25,65,13,12,41
4984,3356,2021-03-15,Hernandez Inc Stadium,77,12,58,14,18,20
4985,4494,2023-07-14,Byrd-Harris Stadium,105,7,1,13,12,28
4986,4963,2022-11-23,Edwards Inc Stadium,44,1,196,13,21,60
4987,3373,2024-05-08,"Crosby, Smith and Summers Stadium",106,4,196,4,18,36
4988,3014,2024-11-20,Jones LLC Stadium,11,7,69,7,28,30
4989,5135,2021-06-02,Harris Ltd Stadium,74,16,196,0,7,75
4990,3240,2020-03-16,"Humphrey, Hudson and Flores Stadium",121,19,10,7,6,7
4991,4705,2020-10-08,Richard LLC Stadium,-4,5,73,1,18,14
4992,6005,2020-06-28,Rivera PLC Stadium,-5,1,49,8,24,62
4993,6712,2024-07-19,Chang-Torres Stadium,44,2,109,4,7,30
4994,9449,2022-01-15,Mclaughlin Ltd Stadium,50,14,117,1,6,64
4995,3694,2021-04-25,"Reynolds, Miller and Kennedy Stadium",23,15,119,10,24,3
4996,9192,2023-06-29,"Porter, Barton and Lopez Stadium",24,30,82,11,0,73
4997,3711,2021-04-07,"Yates, Anderson and Campbell Stadium",16,2,153,3,0,5
4998,1854,2024-03-05,"Thompson, King and Koch Stadium",59,0,138,7,24,71
4999,2638,2026-01-18,"Waters, Stevens and Golden Stadium",29,3,98,1,6,70
5000,8378,2020-04-05,Marks PLC Stadium,65,0,37,11,18,40
5001,6877,2022-11-02,Zimmerman LLC Stadium,118,16,172,0,6,46
5002,7377,2020-04-23,Robinson Group Stadium,117,7,97,8,28,44
5003,7220,2023-10-31,Gilbert PLC Stadium,63,10,178,10,6,73
5004,1857,2021-01-08,Parker and Sons Stadium,120,13,129,2,17,11
5005,2381,2025-04-27,Atkins-White Stadium,92,5,88,5,0,29
5006,9860,2022-03-13,Bridges Ltd Stadium,112,9,40,5,6,63
5007,7835,2021-09-13,Lester LLC Stadium,34,2,182,4,24,37
5008,5858,2022-03-01,"Soto, Smith and Davis Stadium",58,29,82,1,3,55
5009,3037,2021-03-16,"Pennington, Walker and Murphy Stadium",148,9,120,7,17,34
5010,1556,2021-04-07,Cooper-Garner Stadium,80,18,155,6,28,77
5011,7762,2022-05-01,Robles-Keller Stadium,105,8,42,11,12,40
5012,6212,2024-05-22,"Hill, Green and Bradley Stadium",86,14,102,9,24,47
5013,1903,2022-03-10,Simon Inc Stadium,47,0,127,9,24,43
5014,22,2021-06-20,Collins LLC Stadium,38,2,25,9,18,57
5015,2433,2021-04-12,Schultz-Hoffman Stadium,44,5,157,1,12,77
5016,1847,2024-01-06,Garza-Smith Stadium,48,20,138,12,6,30
5017,7372,2021-04-13,Mann-Gibson Stadium,20,10,49,7,3,30
5018,2756,2024-06-08,Harrell-Price Stadium,80,2,140,3,21,55
5019,8196,2021-06-20,Tran-Carroll Stadium,128,22,79,0,18,32
5020,4491,2022-08-19,Davenport-Hudson Stadium,146,7,172,8,17,26
5021,6725,2021-06-19,Grant-Rose Stadium,41,14,121,7,12,5
5022,2403,2025-07-12,"Carter, Sullivan and Sellers Stadium",-5,19,184,5,21,54
5023,145,2022-12-24,"Fields, Jones and Hunt Stadium",36,17,129,3,14,23
5024,8168,2023-06-05,Frost-Burton Stadium,90,23,168,9,7,44
5025,9259,2024-02-17,Allen-Spencer Stadium,21,19,161,9,17,72
5026,9318,2026-02-13,"Martinez, Turner and Nelson Stadium",148,12,127,12,14,20
5027,8562,2021-05-02,Black Ltd Stadium,63,20,149,10,24,28
5028,8735,2025-07-31,Taylor Ltd Stadium,-4,9,140,15,18,40
5029,4300,2025-11-24,Valdez-Pugh Stadium,139,9,140,1,0,61
5030,3593,2024-10-20,Orozco-Flores Stadium,0,18,20,8,0,34
5031,7016,2025-11-25,"Burns, Kerr and Gibbs Stadium",24,11,58,15,17,19
5032,5579,2020-01-23,Christensen Group Stadium,80,12,181,5,21,18
5033,2107,2025-01-02,Evans-Harris Stadium,25,3,103,11,14,64
5034,7661,2024-09-29,Moss Inc Stadium,93,1,124,15,18,10
5035,7007,2024-11-01,Morgan-Blankenship Stadium,12,1,6,13,0,65
5036,1012,2021-01-12,Blake LLC Stadium,112,16,49,7,21,25
5037,7844,2023-01-04,"Rogers, Cox and Morton Stadium",126,20,13,14,0,31
5038,7514,2025-08-31,"Lawrence, Miller and Marshall Stadium",133,16,60,2,14,35
5039,3910,2024-12-24,Williamson and Sons Stadium,102,22,129,5,24,57
5040,2494,2021-08-16,Williams Group Stadium,70,26,90,6,28,28
5041,9468,2022-11-30,Brown-Johnson Stadium,150,4,120,13,21,36
5042,6580,2020-09-21,"Huffman, Fields and Norman Stadium",148,7,29,2,28,78
5043,8549,2021-09-08,Terry and Sons Stadium,21,0,1,9,24,25
5044,594,2023-07-17,Lambert-Michael Stadium,125,9,154,8,21,57
5045,6892,2021-03-07,Brown-Long Stadium,104,29,52,14,17,56
5046,4794,2025-05-08,Reed-Howe Stadium,65,17,112,2,0,28
5047,8328,2025-06-20,Smith and Sons Stadium,57,26,185,4,17,31
5048,8369,2021-10-04,Oneal Inc Stadium,48,15,174,3,3,62
5049,9238,2020-09-11,Harris PLC Stadium,7,16,19,4,7,54
5050,9517,2024-09-14,"Villarreal, Mitchell and Bailey Stadium",120,12,140,13,24,9
5051,742,2026-03-04,Becker-Weeks Stadium,7,3,50,9,14,43
5052,3760,2022-09-07,Haynes PLC Stadium,79,11,11,14,28,59
5053,1881,2024-07-04,Murphy LLC Stadium,17,15,197,9,0,45
5054,203,2024-11-14,Dominguez-Jones Stadium,93,3,138,14,3,58
5055,9906,2023-12-05,Wu-Powell Stadium,-3,0,86,15,17,67
5056,4936,2021-03-31,"Cowan, Melton and Mcdonald Stadium",62,9,27,15,24,44
5057,9902,2025-05-06,"Norman, Bowen and White Stadium",8,1,29,5,18,22
5058,8430,2021-09-03,"Davis, Tapia and Johnson Stadium",52,5,86,10,12,6
5059,1641,2020-06-07,Miller-Lucas Stadium,100,7,93,12,14,45
5060,8315,2021-10-01,Allen Inc Stadium,76,14,197,10,7,74
5061,3113,2025-10-07,Morris-Garza Stadium,17,2,135,6,6,76
5062,9646,2021-05-22,Savage-Crawford Stadium,140,19,198,12,17,1
5063,3670,2023-05-21,"Grant, Simmons and Jones Stadium",58,10,133,14,7,14
5064,2989,2021-03-14,James-Jones Stadium,123,24,43,6,3,8
5065,4583,2024-03-20,"Cole, Morris and Paul Stadium",145,14,23,14,0,41
5066,7705,2025-09-26,"Matthews, Martinez and Williams Stadium",83,0,103,12,6,5
5067,8075,2023-04-28,Park and Sons Stadium,103,19,150,5,18,72
5068,8624,2024-10-09,"Smith, Smith and Swanson Stadium",111,16,110,14,7,27
5069,3734,2024-02-02,Burgess-Duncan Stadium,87,18,17,7,3,50
5070,3491,2022-03-12,Anderson and Sons Stadium,19,26,158,6,14,59
5071,4109,2023-08-11,"White, Dunlap and Young Stadium",102,7,26,8,7,27
5072,3762,2020-07-18,"Garner, Sweeney and Hubbard Stadium",98,26,98,15,21,44
5073,2184,2024-12-22,Franco Ltd Stadium,124,7,58,2,17,60
5074,4244,2022-10-18,"Turner, Herrera and Dunn Stadium",140,11,94,14,0,35
5075,6429,2023-06-20,Smith LLC Stadium,67,3,77,4,17,19
5076,3390,2022-02-23,Jones Inc Stadium,41,15,179,8,3,32
5077,6706,2020-09-18,Ellis-Lambert Stadium,29,3,103,9,18,68
5078,6772,2025-12-07,"Allen, Porter and Mitchell Stadium",13,8,84,0,0,75
5079,470,2020-01-27,"Allen, Johnson and Guerrero Stadium",119,4,130,3,18,50
5080,2259,2025-09-25,Tanner-Ramirez Stadium,24,26,150,4,6,52
5081,1317,2021-11-10,Chambers Inc Stadium,46,18,16,6,17,46
5082,9527,2021-09-29,"Golden, Lutz and Long Stadium",42,7,138,7,3,34
5083,9929,2026-03-13,"Evans, Cain and Murillo Stadium",131,12,77,8,21,75
5084,5404,2022-08-08,Marsh PLC Stadium,82,9,187,10,3,63
5085,8850,2025-08-18,"Flynn, Mcneil and Scott Stadium",7,10,20,1,18,69
5086,8924,2020-07-06,Garza-Blake Stadium,17,7,181,8,12,58
5087,4686,2020-07-24,Baker and Sons Stadium,53,29,67,12,0,40
5088,5671,2024-04-01,"Frost, Carter and Owen Stadium",-1,19,132,13,7,45
5089,7499,2023-01-15,Martin PLC Stadium,143,28,95,3,3,48
5090,5657,2025-08-09,"Mckenzie, Henderson and Hopkins Stadium",73,5,109,14,7,45
5091,7980,2023-05-19,Brown-Wilkins Stadium,102,7,7,4,24,77
5092,7574,2021-05-05,Davis Inc Stadium,47,30,117,11,3,37
5093,1316,2024-01-30,Wolfe-Vang Stadium,110,9,97,12,12,48
5094,7314,2024-12-08,Jones-Murphy Stadium,84,8,76,10,12,4
5095,7415,2022-02-07,Smith Inc Stadium,5,17,188,1,7,60
5096,6931,2021-12-30,Perez-Haynes Stadium,49,26,96,10,6,41
5097,1980,2025-03-09,Singleton-Moore Stadium,3,19,49,10,18,21
5098,2599,2021-06-11,"Deleon, Hoffman and Rodriguez Stadium",25,22,177,1,0,64
5099,2328,2022-11-03,Morgan and Sons Stadium,78,26,123,2,0,54
5100,1381,2025-01-07,Adams-Edwards Stadium,100,10,164,8,18,42
5101,1950,2021-01-12,Leach Inc Stadium,76,9,79,12,3,76
5102,6323,2026-03-10,Scott LLC Stadium,34,20,122,10,3,72
5103,3429,2025-01-29,Barrera-Lane Stadium,59,19,93,3,18,62
5104,9985,2024-02-26,Harvey Inc Stadium,126,5,3,4,14,32
5105,4134,2020-08-05,Wilson Ltd Stadium,103,28,21,10,6,69
5106,8531,2020-02-06,Davis-Blankenship Stadium,7,17,183,0,3,11
5107,3521,2020-12-22,"Brown, Martinez and Travis Stadium",77,3,148,8,14,77
5108,1031,2023-02-15,Johnson Group Stadium,147,23,131,6,0,33
5109,7527,2020-06-17,Guerrero PLC Stadium,4,19,169,9,12,46
5110,2500,2024-10-05,Alvarado-Brandt Stadium,92,10,62,0,28,22
5111,4306,2021-11-08,Sanders-Hicks Stadium,39,12,159,2,3,21
5112,6029,2021-10-11,Russo Ltd Stadium,83,16,156,8,0,45
5113,5212,2026-02-20,Johnson Inc Stadium,99,8,46,4,17,72
5114,1741,2021-07-13,Rogers LLC Stadium,106,15,143,0,17,13
5115,6747,2022-03-25,"Sims, Garcia and Lane Stadium",10,14,131,13,12,30
5116,1221,2024-05-04,"Coleman, Barr and Smith Stadium",39,5,33,8,18,60
5117,6050,2022-09-03,Wilson-Barron Stadium,134,5,158,13,21,61
5118,215,2023-06-18,"Hoffman, Potter and Skinner Stadium",81,7,36,13,7,62
5119,8335,2021-04-10,Black-Tucker Stadium,127,11,71,4,17,18
5120,4506,2023-03-11,"Maxwell, Juarez and Olson Stadium",73,8,114,14,18,52
5121,7170,2021-03-17,"Martinez, Reyes and White Stadium",141,14,51,3,18,1
5122,1782,2021-01-19,"Williams, Rice and Sanchez Stadium",60,2,81,12,17,36
5123,7473,2025-09-22,Davis and Sons Stadium,16,14,63,15,17,46
5124,2648,2020-12-25,Martin-Williams Stadium,30,2,15,12,28,33
5125,3251,2026-02-24,"Rubio, Davis and Wilcox Stadium",65,17,133,12,3,6
5126,1214,2023-10-04,"Jones, Taylor and Walker Stadium",-4,20,158,12,14,75
5127,1106,2022-01-27,"Mccarthy, Watts and Pennington Stadium",48,17,64,9,17,61
5128,3786,2020-01-07,Finley PLC Stadium,16,7,75,9,14,29
5129,5043,2023-01-31,Hunt-Gordon Stadium,11,6,162,11,12,69
5130,3877,2021-03-31,Gordon Group Stadium,124,12,8,3,28,25
5131,3221,2024-06-05,"Miller, Erickson and Davis Stadium",29,20,56,2,12,3
5132,6192,2026-01-21,Mcdaniel LLC Stadium,10,11,50,4,21,14
5133,7254,2021-03-16,Peters-Anderson Stadium,48,13,26,8,3,27
5134,5923,2021-06-01,"Bell, Cook and Gordon Stadium",116,4,17,14,17,41
5135,9503,2022-02-10,Chapman-Wood Stadium,56,12,56,5,21,6
5136,9923,2022-04-15,"Haas, Lee and Wilkins Stadium",134,10,109,2,0,49
5137,9112,2022-08-28,"White, Curry and Moon Stadium",140,12,64,13,28,35
5138,2200,2022-02-14,"Austin, Parker and Jacobson Stadium",-4,30,70,11,18,37
5139,2281,2022-06-11,Perez Group Stadium,12,0,170,10,3,10
5140,1412,2022-03-28,"Crawford, Juarez and Huang Stadium",61,3,123,10,24,11
5141,6234,2024-02-11,Thomas Group Stadium,91,12,162,14,3,61
5142,6334,2026-04-06,"Owen, Delgado and Hill Stadium",55,23,1,5,6,56
5143,5014,2021-02-03,Burke-Haynes Stadium,31,1,42,13,0,15
5144,9338,2022-08-11,Jones-Clark Stadium,125,30,15,14,3,53
5145,8528,2023-04-12,"Smith, Black and Perkins Stadium",120,1,36,2,24,49
5146,1831,2020-07-17,"Howard, Schmidt and Sullivan Stadium",42,21,28,0,14,76
5147,6085,2022-02-15,"Gay, Mosley and Gonzales Stadium",47,28,191,13,7,31
5148,2584,2024-09-15,"Vazquez, Mcpherson and Austin Stadium",82,16,12,7,3,32
5149,1780,2024-09-15,"Pierce, Smith and Hansen Stadium",102,14,109,15,0,32
5150,3372,2022-04-01,Petersen Group Stadium,103,4,177,5,24,10
5151,7702,2020-12-05,Wood Ltd Stadium,5,14,31,13,7,8
5152,249,2025-10-04,Hunt PLC Stadium,78,10,169,5,24,1
5153,9601,2022-03-30,Ortiz-Park Stadium,118,9,167,6,0,42
5154,7429,2021-01-11,Torres-Hardy Stadium,91,0,72,0,21,15
5155,7834,2020-08-11,Valenzuela-Browning Stadium,4,12,83,5,21,62
5156,8004,2024-07-25,"Noble, Grant and Miller Stadium",15,25,125,13,7,42
5157,5706,2025-06-15,Gibbs PLC Stadium,29,3,34,11,7,67
5158,598,2022-04-20,Fernandez-White Stadium,114,10,196,14,0,48
5159,9886,2024-05-12,Webster-Burnett Stadium,81,9,191,6,7,77
5160,4077,2024-03-11,Wade PLC Stadium,41,8,76,0,21,27
5161,9492,2023-09-07,"Stone, Barker and Boyd Stadium",113,22,90,13,24,35
5162,3283,2022-11-06,Kline-Branch Stadium,48,14,95,13,24,69
5163,1751,2020-05-31,Brennan-Taylor Stadium,64,22,116,12,18,21
5164,5154,2022-01-23,Smith Ltd Stadium,87,30,2,1,18,45
5165,1651,2023-12-12,"Cole, Schroeder and Pope Stadium",114,8,4,4,17,3
5166,3701,2022-01-30,"Thomas, Schwartz and Herrera Stadium",25,10,181,8,12,19
5167,9191,2024-05-28,Smith-Hopkins Stadium,17,16,56,12,17,79
5168,144,2021-10-06,Freeman PLC Stadium,14,30,2,2,6,15
5169,1290,2022-02-17,Lynch Inc Stadium,113,22,91,8,18,68
5170,5027,2024-04-20,Hopkins-Schneider Stadium,130,19,175,1,28,65
5171,3400,2025-10-21,Bradshaw PLC Stadium,75,22,2,1,12,41
5172,5283,2025-05-15,Wood Inc Stadium,110,10,160,3,0,15
5173,9650,2023-01-28,Mitchell-Sanchez Stadium,146,1,85,2,21,25
5174,7029,2020-02-15,"Ramsey, Burch and Russell Stadium",72,12,134,12,3,57
5175,3040,2023-04-26,"Greene, Black and Dixon Stadium",-1,18,184,4,0,50
5176,7555,2023-09-08,Jenkins Inc Stadium,117,4,95,0,21,58
5177,3364,2021-03-07,Francis-Rowland Stadium,-4,5,63,0,28,10
5178,9653,2021-05-18,Farrell Group Stadium,39,28,92,13,7,58
5179,5667,2024-12-14,"Thompson, Estrada and Oconnor Stadium",104,20,165,5,12,6
5180,426,2021-04-21,"Fletcher, Hart and Anderson Stadium",22,11,9,4,18,73
5181,6443,2020-04-03,"Riley, Johns and Holloway Stadium",97,2,66,7,6,41
5182,2775,2023-09-27,Yang-Banks Stadium,43,6,200,9,28,3
5183,4710,2021-10-21,Lee PLC Stadium,49,2,177,13,21,45
5184,8142,2023-12-26,"Christian, Douglas and Howard Stadium",25,19,168,14,17,56
5185,3312,2025-02-17,"Hubbard, Waters and Perez Stadium",2,4,181,12,7,74
5186,7218,2026-01-16,Rose-Lowe Stadium,127,19,80,6,18,55
5187,6422,2025-05-20,Blake and Sons Stadium,50,25,143,0,7,77
5188,5389,2020-02-07,"Wood, Fernandez and Sandoval Stadium",69,28,3,1,18,79
5189,991,2021-07-27,"Smith, Gutierrez and Nelson Stadium",48,27,20,8,21,17
5190,3039,2020-06-18,"Mendoza, Cook and Waters Stadium",114,23,162,2,3,65
5191,3081,2021-04-09,Olson Inc Stadium,18,2,52,4,21,78
5192,8211,2020-02-14,Riley-Vang Stadium,128,16,33,4,14,40
5193,886,2020-10-26,Murray and Sons Stadium,107,20,74,11,28,2
5194,2262,2020-06-28,"Shah, Shelton and Hines Stadium",53,20,113,11,12,62
5195,5047,2025-01-18,"Valencia, Howell and Richardson Stadium",-4,9,4,6,14,55
5196,4477,2022-05-01,Rodgers-Townsend Stadium,-1,1,10,0,28,44
5197,6397,2021-06-18,"Gonzalez, Rodriguez and Lawrence Stadium",149,1,23,11,24,19
5198,937,2023-11-26,Erickson and Sons Stadium,46,0,151,7,21,3
5199,7756,2021-12-15,"King, Taylor and Martinez Stadium",-5,12,104,3,24,33
5200,7251,2025-02-28,"Anderson, Thomas and Bailey Stadium",148,25,1,1,0,61
5201,7273,2021-10-25,Martin Ltd Stadium,46,24,144,6,14,66
5202,9258,2023-06-24,"Brown, Dodson and Reed Stadium",117,16,39,1,0,12
5203,7796,2025-01-28,Clark-Rollins Stadium,131,17,54,11,28,41
5204,2067,2025-12-04,Hale-Smith Stadium,88,30,141,15,7,7
5205,1119,2021-09-08,"Warren, Zuniga and Espinoza Stadium",10,9,26,11,14,78
5206,9534,2025-06-22,"Thomas, James and Brown Stadium",73,8,75,2,12,74
5207,3268,2023-02-20,"Mason, Sosa and Johnson Stadium",50,15,155,9,0,59
5208,7816,2020-02-18,"Peterson, Wilson and Wells Stadium",116,14,167,0,6,67
5209,3840,2023-07-02,Gonzalez LLC Stadium,125,22,45,10,21,17
5210,1691,2026-02-07,"Rodriguez, Chambers and Pratt Stadium",60,4,147,6,12,39
5211,1641,2021-05-01,Smith and Sons Stadium,111,6,187,13,18,19
5212,892,2025-11-20,Thomas PLC Stadium,36,24,192,14,17,60
5213,4837,2021-09-20,Hancock-Johnson Stadium,25,18,129,1,17,45
5214,7474,2026-03-23,"Miller, Roberts and Zavala Stadium",58,5,72,9,14,2
5215,5172,2025-07-18,Mclean-Oliver Stadium,85,2,159,2,7,43
5216,6462,2021-02-02,Brooks PLC Stadium,147,14,40,7,21,37
5217,1182,2023-06-08,York PLC Stadium,87,20,191,5,0,26
5218,1266,2021-10-16,Patterson Inc Stadium,64,14,58,15,3,71
5219,467,2025-08-21,Alexander-Carroll Stadium,8,20,103,15,14,43
5220,3585,2024-11-23,"Guerrero, Decker and Foster Stadium",97,6,36,0,18,18
5221,953,2025-11-06,Odonnell-Dunlap Stadium,150,8,169,9,18,46
5222,9808,2025-04-06,Gonzales and Sons Stadium,131,22,79,2,17,54
5223,7111,2021-03-29,"Kelly, Rodriguez and Reynolds Stadium",44,17,9,4,3,65
5224,3069,2024-12-15,Wood Inc Stadium,82,2,140,15,7,43
5225,8774,2024-01-04,Lindsey-Williams Stadium,41,26,60,0,0,33
5226,3097,2020-03-06,Sandoval-Hensley Stadium,47,9,152,6,18,9
5227,5737,2020-08-03,Clark-Thomas Stadium,11,19,78,12,3,65
5228,1332,2025-02-15,Murphy Inc Stadium,93,19,31,0,28,47
5229,1027,2026-04-23,Hicks-Mcknight Stadium,109,25,152,14,28,15
5230,6046,2025-08-25,Valentine PLC Stadium,29,1,181,0,28,6
5231,6255,2025-07-23,Campbell-Escobar Stadium,22,5,41,12,17,69
5232,6248,2022-09-14,Oneal-Williams Stadium,73,27,182,4,17,30
5233,3170,2025-02-02,Walker-Hughes Stadium,136,12,196,7,18,53
5234,2823,2024-05-19,"Pacheco, Brown and Matthews Stadium",63,4,6,1,24,48
5235,3654,2023-06-27,Walter-Brewer Stadium,76,21,178,5,7,67
5236,7641,2025-04-04,"Ortiz, Nolan and Adams Stadium",52,5,4,14,21,65
5237,3290,2023-02-25,Garza-Brown Stadium,53,15,150,0,24,75
5238,49,2021-02-09,"Gonzalez, Dickerson and Dunn Stadium",91,11,79,5,14,18
5239,9594,2020-03-27,Hurley-Cook Stadium,135,4,95,12,18,68
5240,9237,2020-08-05,Williams-Kelly Stadium,146,2,5,15,17,41
5241,7054,2021-04-23,Hughes LLC Stadium,122,3,38,1,24,65
5242,3942,2022-11-23,Coleman-Nelson Stadium,147,27,135,13,7,13
5243,6386,2025-06-11,Holloway LLC Stadium,48,12,181,4,7,67
5244,5683,2023-03-25,Johnson and Sons Stadium,121,6,185,8,24,5
5245,5002,2024-03-17,"Vargas, Allen and Hernandez Stadium",104,10,101,8,7,10
5246,236,2024-03-25,Cox Inc Stadium,104,28,166,15,28,36
5247,4258,2024-12-15,Gonzales-Fisher Stadium,15,24,167,3,21,69
5248,697,2020-08-17,Green-Rice Stadium,81,23,127,14,0,26
5249,5484,2023-09-21,Nguyen-French Stadium,59,9,180,8,17,43
5250,1581,2021-10-03,"Kelley, Morrow and Mccann Stadium",13,13,183,5,12,63
5251,4276,2022-10-18,Mcdonald-Church Stadium,41,28,48,12,14,21
5252,6495,2026-04-16,Spears-Clay Stadium,39,7,116,0,17,80
5253,4788,2022-09-10,"Scott, Gilbert and Patel Stadium",120,7,193,13,3,28
5254,3033,2026-03-31,Brown-Tyler Stadium,113,17,153,6,7,28
5255,1224,2025-08-08,"Sherman, Hudson and Green Stadium",127,7,108,15,3,68
5256,9411,2025-07-06,Ramos-Reid Stadium,85,7,196,13,24,21
5257,7647,2023-09-24,"Taylor, Walsh and Johnson Stadium",123,25,33,7,21,30
5258,930,2023-07-08,Adams-Malone Stadium,14,18,0,9,12,73
5259,1337,2026-02-19,"Warren, Walton and Hopkins Stadium",15,14,83,12,24,73
5260,1110,2021-11-25,Jones-Leonard Stadium,142,13,125,1,18,9
5261,2633,2022-12-10,"Hernandez, Garcia and Nunez Stadium",19,17,187,8,14,52
5262,3673,2024-09-06,"Carter, Elliott and Robinson Stadium",116,7,114,13,21,59
5263,7054,2026-01-26,"Smith, Gonzalez and Terrell Stadium",103,13,122,14,0,67
5264,8246,2020-05-31,"Bullock, Lewis and Oconnor Stadium",97,0,39,13,17,50
5265,3034,2022-10-31,Berry-Morse Stadium,131,18,133,12,17,22
5266,6404,2022-06-17,Huerta-Castro Stadium,-5,23,94,5,3,60
5267,6148,2023-10-07,"Bright, Davis and Bryant Stadium",96,23,195,11,3,20
5268,2066,2023-01-12,Hernandez-Robles Stadium,93,5,163,13,28,14
5269,3083,2020-04-28,Hickman Inc Stadium,9,6,128,15,18,25
5270,361,2021-10-12,Green LLC Stadium,138,29,166,14,7,18
5271,94,2024-02-28,"King, Summers and Berg Stadium",48,20,49,0,17,23
5272,2562,2023-11-13,Hunt and Sons Stadium,120,13,28,13,18,64
5273,3227,2023-04-24,"Franco, Harris and Thompson Stadium",3,18,109,9,6,52
5274,4357,2024-07-07,Yang PLC Stadium,94,7,184,10,14,54
5275,4345,2023-05-22,Calhoun Group Stadium,99,1,28,1,0,71
5276,2969,2023-11-07,Larson Ltd Stadium,7,17,66,11,24,42
5277,2416,2022-10-10,"Brown, Harvey and Knox Stadium",67,11,154,14,12,58
5278,5576,2021-08-14,Davis Group Stadium,128,12,182,0,7,14
5279,9185,2021-12-10,Miller and Sons Stadium,17,27,24,1,18,62
5280,1507,2023-07-17,Pierce Group Stadium,17,21,0,14,18,51
5281,3964,2025-05-03,"Wilson, Moss and Dawson Stadium",40,14,47,12,6,27
5282,921,2024-12-21,Watkins-Nelson Stadium,138,2,198,5,0,14
5283,5764,2020-06-04,"Smith, Luna and Lewis Stadium",125,9,143,14,21,6
5284,167,2022-11-12,Burnett-Perry Stadium,90,0,103,3,14,69
5285,5032,2020-03-26,Collins and Sons Stadium,101,28,23,7,12,58
5286,4631,2020-04-18,"Robbins, Hopkins and Padilla Stadium",42,13,1,4,21,50
5287,4247,2021-08-07,Brown PLC Stadium,150,17,45,1,7,18
5288,6968,2022-08-08,Garner and Sons Stadium,93,29,56,11,18,28
5289,8040,2021-06-11,"Jones, Fischer and West Stadium",112,22,49,3,24,52
5290,9666,2020-10-05,"Moreno, Duncan and Arroyo Stadium",34,17,103,1,7,71
5291,4751,2021-08-22,Marshall-Jones Stadium,49,16,111,12,28,74
5292,436,2022-07-22,"Sampson, Watson and Butler Stadium",97,4,50,11,18,20
5293,4601,2021-03-03,"Smith, Moss and Henry Stadium",95,30,186,9,24,38
5294,5505,2021-11-13,Huynh Group Stadium,106,1,189,7,17,52
5295,7945,2021-09-08,Jackson-Lloyd Stadium,97,17,165,10,14,11
5296,6190,2024-01-04,Walters LLC Stadium,60,9,97,12,21,23
5297,738,2022-01-02,Vaughan PLC Stadium,147,8,121,6,18,30
5298,7932,2024-06-10,"Medina, Parker and Curtis Stadium",99,11,142,6,7,50
5299,4499,2022-07-24,"Taylor, Henson and Wright Stadium",74,10,189,7,24,24
5300,5052,2024-04-14,Flores PLC Stadium,46,1,193,12,17,36
5301,4747,2024-11-29,"Sanchez, Curtis and Cummings Stadium",56,30,154,9,3,13
5302,2722,2022-11-07,Grant-Hernandez Stadium,106,22,33,14,17,32
5303,9894,2021-05-28,"Gardner, Hall and Brown Stadium",82,3,77,3,6,50
5304,9606,2025-05-19,Horton PLC Stadium,100,13,114,0,3,34
5305,2411,2026-04-11,Thompson and Sons Stadium,74,27,142,6,7,52
5306,734,2022-06-29,Clay Inc Stadium,45,0,124,4,14,76
5307,884,2025-12-14,Pope-Wilson Stadium,-4,29,75,3,21,63
5308,3560,2022-04-09,"Reeves, Rogers and Krause Stadium",12,3,130,1,0,24
5309,9123,2021-07-22,"Tyler, Newton and Myers Stadium",127,23,3,6,21,80
5310,6638,2020-05-13,"Diaz, Hopkins and Doyle Stadium",138,3,71,4,21,43
5311,7580,2024-07-17,"Campbell, Williams and Washington Stadium",55,9,1,9,24,4
5312,5703,2025-08-21,Davis and Sons Stadium,125,0,153,5,0,40
5313,1269,2020-08-05,Moody Group Stadium,11,1,141,7,3,34
5314,1246,2020-10-04,"Harrison, Dillon and Massey Stadium",50,15,199,12,28,51
5315,5866,2020-01-21,"Perez, Shannon and Schmidt Stadium",37,3,44,7,12,64
5316,8205,2024-11-01,Roman-Curtis Stadium,126,17,178,11,6,76
5317,7857,2023-10-12,Gonzalez-Simmons Stadium,18,4,41,15,12,3
5318,2251,2020-04-12,Romero Ltd Stadium,122,11,190,11,6,3
5319,3962,2022-03-26,"Hale, Harmon and Smith Stadium",78,29,156,7,7,27
5320,6871,2020-08-03,Newton Inc Stadium,125,27,45,2,0,59
5321,7994,2020-02-29,Coleman Inc Stadium,47,11,146,8,12,15
5322,280,2020-11-09,Robinson LLC Stadium,60,5,99,1,7,15
5323,7844,2023-06-12,"Wilson, Pierce and Clark Stadium",24,14,91,4,7,6
5324,4806,2026-01-12,Hull-Sanchez Stadium,135,24,195,3,0,51
5325,5717,2024-07-30,"Lee, Mitchell and Barajas Stadium",124,17,72,14,28,15
5326,6785,2022-03-26,Underwood LLC Stadium,43,0,23,1,7,56
5327,6644,2023-04-08,Miller-Oliver Stadium,8,19,181,2,12,21
5328,6808,2024-09-13,Gonzales-Moreno Stadium,31,22,134,7,18,77
5329,5536,2021-09-24,"Gregory, Perez and Dudley Stadium",36,16,108,1,28,27
5330,1163,2022-01-20,Simpson and Sons Stadium,60,20,50,1,18,31
5331,3618,2022-06-21,Wilson Inc Stadium,14,11,53,6,0,16
5332,9112,2022-04-26,"Martinez, Booth and Skinner Stadium",30,15,95,9,17,63
5333,4296,2023-05-28,"Sheppard, Hill and Nicholson Stadium",97,22,33,12,3,11
5334,7297,2023-09-25,"Warren, Pace and Kelly Stadium",35,25,60,4,7,11
5335,8268,2025-02-28,Garcia-Barron Stadium,133,20,33,5,6,53
5336,5007,2020-05-30,Espinoza-Hernandez Stadium,82,18,70,10,12,35
5337,3653,2026-03-20,Burns LLC Stadium,72,14,38,8,14,29
5338,7667,2025-02-02,"Miller, Taylor and Carr Stadium",88,15,142,10,12,52
5339,5823,2026-03-18,"Barrett, Flowers and Buchanan Stadium",3,25,15,3,12,40
5340,4136,2022-03-20,"Harris, Vega and Duncan Stadium",123,17,146,13,12,20
5341,4232,2025-05-07,Hess Inc Stadium,133,7,85,1,0,48
5342,1229,2023-10-26,Weiss-Freeman Stadium,50,28,5,9,17,50
5343,5073,2025-05-06,"Aguilar, Gardner and Frederick Stadium",26,9,107,0,6,46
5344,5264,2020-09-17,Ortiz and Sons Stadium,35,22,92,6,17,12
5345,6819,2022-03-04,"Rasmussen, Gomez and Ray Stadium",142,17,178,6,3,41
5346,6893,2024-03-08,Grant and Sons Stadium,71,2,76,3,12,30
5347,8240,2023-09-18,Wilson-Blair Stadium,78,12,133,15,24,6
5348,9580,2023-08-01,"Noble, Aguilar and Hernandez Stadium",24,13,16,11,0,66
5349,5653,2022-08-27,"Patel, Lewis and Larson Stadium",54,11,125,9,17,15
5350,8079,2023-04-07,"Holloway, Joseph and Lane Stadium",81,17,79,14,17,49
5351,5401,2023-08-31,"Decker, Garrett and Johnson Stadium",58,29,23,5,0,61
5352,7432,2021-11-22,Patel PLC Stadium,-4,23,101,14,7,22
5353,5063,2021-02-27,Smith Ltd Stadium,47,6,29,10,3,30
5354,2800,2023-08-26,"Anderson, Stewart and Summers Stadium",56,15,48,8,17,37
5355,8491,2020-08-21,Tran PLC Stadium,3,1,119,9,18,52
5356,7924,2023-11-17,"Aguilar, Massey and Suarez Stadium",39,17,167,11,3,45
5357,2107,2025-01-22,"Smith, Rice and Park Stadium",66,2,186,0,7,40
5358,2880,2022-07-25,Gilbert Ltd Stadium,28,8,94,8,28,48
5359,4336,2025-08-12,Anthony PLC Stadium,129,16,109,11,12,14
5360,1005,2024-03-10,Yoder Group Stadium,101,13,130,3,12,5
5361,2366,2021-03-22,"Harris, Ayala and Griffith Stadium",130,7,5,0,14,58
5362,3331,2025-09-27,Sparks LLC Stadium,44,6,26,15,12,27
5363,1333,2020-07-24,"Bentley, Jenkins and Reeves Stadium",29,12,70,13,24,53
5364,3414,2022-10-11,Castro-Norris Stadium,22,8,145,2,0,51
5365,1821,2024-09-30,Hall LLC Stadium,8,8,193,6,28,13
5366,6485,2020-04-27,Hernandez and Sons Stadium,133,29,192,14,7,3
5367,2865,2025-03-09,Thomas PLC Stadium,11,14,186,5,0,51
5368,8329,2022-07-28,Bennett Group Stadium,97,11,1,11,7,31
5369,5610,2022-03-29,Reyes Ltd Stadium,143,1,6,0,18,61
5370,1027,2021-08-12,"Foster, Bartlett and Olson Stadium",74,2,151,8,7,11
5371,6296,2020-05-07,"Hill, Hunt and Rivera Stadium",49,14,196,6,3,63
5372,8019,2023-07-23,"Ortiz, Maynard and Smith Stadium",39,13,118,11,0,16
5373,3847,2022-07-13,James and Sons Stadium,59,27,11,12,24,67
5374,8144,2022-12-09,Flores Ltd Stadium,15,7,1,7,28,21
5375,7085,2022-06-29,Jenkins-Meyer Stadium,67,29,166,2,0,19
5376,4113,2020-02-07,Stephens-Johns Stadium,72,4,12,13,18,48
5377,4153,2021-11-10,Pham and Sons Stadium,67,1,34,1,6,37
5378,6188,2021-10-20,"Ortiz, Anderson and Kaiser Stadium",123,1,80,0,24,48
5379,9440,2021-05-12,Scott-Ruiz Stadium,52,4,45,14,0,5
5380,1155,2023-07-17,Snow-Allen Stadium,134,21,100,12,24,7
5381,9526,2025-09-07,Hicks Inc Stadium,22,29,44,11,14,11
5382,7608,2022-06-16,Webb-Romero Stadium,37,26,129,14,18,33
5383,2233,2025-12-21,"Garcia, Huynh and Graham Stadium",121,27,25,3,18,58
5384,9079,2020-04-02,Kennedy-Vazquez Stadium,64,14,147,0,18,74
5385,7506,2020-10-04,Gamble LLC Stadium,14,10,137,2,17,69
5386,5069,2025-10-12,"Carlson, Miller and Jones Stadium",86,12,182,6,21,7
5387,8753,2021-03-05,Hendricks-Brewer Stadium,148,7,162,11,3,74
5388,9241,2024-09-21,Powell-Thompson Stadium,37,10,199,13,7,50
5389,2030,2024-03-25,Carrillo LLC Stadium,60,20,86,2,3,32
5390,3887,2021-02-06,Stewart LLC Stadium,83,30,11,2,12,74
5391,8365,2020-08-27,Griffin LLC Stadium,113,17,2,0,21,80
5392,7219,2025-01-10,Owens-Brown Stadium,7,1,129,2,14,21
5393,7583,2023-03-30,Goodman-Stephens Stadium,86,27,69,13,21,16
5394,3975,2022-05-09,"Bush, Solis and Burgess Stadium",11,26,73,0,7,59
5395,4670,2022-01-02,Levy PLC Stadium,15,6,92,1,18,43
5396,5513,2023-01-05,Hodge Group Stadium,88,0,16,6,0,27
5397,6049,2022-06-12,Mitchell-Stephens Stadium,127,19,140,0,6,28
5398,7914,2023-06-13,Martinez Ltd Stadium,27,27,81,4,18,60
5399,8862,2020-06-30,"Rodriguez, Mathis and Tucker Stadium",9,20,112,3,12,20
5400,8995,2020-03-24,Benson and Sons Stadium,88,9,134,2,7,25
5401,9957,2025-12-13,Ray Inc Stadium,80,7,105,0,18,23
5402,5480,2022-12-17,Ortiz LLC Stadium,25,22,78,6,18,63
5403,1005,2025-10-19,Warren-Nguyen Stadium,-2,21,89,9,12,55
5404,6612,2023-09-20,Wright Group Stadium,84,19,173,4,14,14
5405,852,2020-10-31,Carroll-Jones Stadium,124,9,73,12,24,79
5406,8235,2020-08-30,Turner-Coleman Stadium,26,10,146,1,6,80
5407,1475,2020-01-27,"Townsend, Page and Gallagher Stadium",85,18,156,15,0,18
5408,8168,2021-06-18,James-Contreras Stadium,22,27,94,0,21,44
5409,2738,2024-03-19,Wilson LLC Stadium,-5,28,180,1,24,20
5410,9311,2023-04-04,Cross-Daniel Stadium,142,30,56,9,28,65
5411,745,2025-10-02,Howard Ltd Stadium,18,4,193,7,28,10
5412,5848,2024-08-07,Buchanan-Brown Stadium,92,1,67,6,24,18
5413,4653,2026-04-27,Reyes Group Stadium,113,13,147,1,17,11
5414,2762,2025-01-25,"Johnson, Keller and Diaz Stadium",5,23,84,10,3,69
5415,4087,2024-12-15,"Miller, Brown and Haynes Stadium",98,2,85,7,17,53
5416,1033,2022-01-28,Wells-Blair Stadium,4,23,124,2,12,16
5417,7051,2021-06-01,Galloway-Payne Stadium,93,9,171,1,28,30
5418,6250,2023-09-19,Hood Ltd Stadium,2,26,86,15,0,63
5419,7630,2021-01-03,Mendoza-Murphy Stadium,66,5,6,0,14,27
5420,944,2025-09-14,Barnett-Higgins Stadium,93,28,16,14,6,23
5421,6539,2024-07-14,"Hoffman, Cooper and Boyd Stadium",145,30,29,0,6,53
5422,4875,2024-08-25,"Pierce, Mueller and Ruiz Stadium",23,19,13,6,17,65
5423,3409,2022-10-25,Gomez-Hayes Stadium,1,19,78,1,18,66
5424,6121,2021-09-15,"Brewer, Liu and Drake Stadium",83,14,154,13,18,69
5425,7182,2021-08-30,Carroll-Price Stadium,15,10,152,7,17,11
5426,3166,2025-01-24,Garrett Group Stadium,0,23,194,3,3,45
5427,7814,2020-06-04,Morales-Ramirez Stadium,29,15,130,1,21,74
5428,80,2026-01-21,"Davis, Simmons and Webb Stadium",102,20,184,8,0,69
5429,2535,2023-05-15,Buchanan-Carlson Stadium,88,0,64,4,24,52
5430,618,2023-10-24,"Bowen, Reed and Figueroa Stadium",97,2,23,10,24,9
5431,4992,2020-01-12,Meyers Ltd Stadium,67,16,39,5,14,3
5432,9901,2021-09-01,Dunn and Sons Stadium,128,4,84,15,18,79
5433,3731,2021-03-22,"Parker, Palmer and Patterson Stadium",83,17,62,13,24,57
5434,1926,2022-04-12,Brooks-Valencia Stadium,70,20,94,8,6,66
5435,1469,2026-01-16,Doyle-Perez Stadium,110,29,145,13,21,21
5436,3271,2020-06-11,"Blair, Gonzalez and Atkinson Stadium",45,3,13,15,7,15
5437,1610,2021-08-09,Sanders PLC Stadium,102,1,3,9,14,16
5438,9238,2022-02-19,Perez Ltd Stadium,25,27,155,0,12,54
5439,9969,2024-09-01,Boyd Ltd Stadium,40,2,28,7,17,59
5440,8590,2022-01-30,Woods LLC Stadium,53,14,0,0,28,48
5441,2051,2020-10-09,Evans-Stevens Stadium,64,18,151,10,21,26
5442,2941,2020-10-12,Davis-Stevens Stadium,59,17,26,15,0,41
5443,7419,2023-06-01,Stevens Group Stadium,64,29,122,2,17,79
5444,832,2021-08-12,Moran-Jones Stadium,72,4,83,8,21,70
5445,2044,2022-03-29,"Conley, Chang and Perez Stadium",102,13,106,10,14,75
5446,9393,2021-11-10,"Harris, Mills and Stokes Stadium",-1,16,47,15,28,71
5447,955,2022-06-16,"Franco, Brown and Carroll Stadium",104,23,42,11,17,20
5448,2574,2023-09-21,Brown Ltd Stadium,54,6,46,6,14,49
5449,8441,2020-10-14,"Anderson, Eaton and Avila Stadium",51,22,38,10,3,30
5450,1579,2025-11-09,Holland Inc Stadium,0,26,143,4,6,49
5451,8777,2021-03-25,"Rose, Ross and Foster Stadium",78,13,114,4,17,57
5452,2,2021-08-19,"Collins, Williams and Leonard Stadium",43,27,196,0,24,76
5453,9126,2023-02-02,"Woods, Harvey and Willis Stadium",139,25,157,14,0,34
5454,5564,2023-04-25,Taylor-Raymond Stadium,140,1,39,6,21,10
5455,3468,2021-04-03,"Wall, Burns and Conway Stadium",38,5,145,4,6,52
5456,6477,2024-06-29,Herman-Cox Stadium,55,9,146,8,12,78
5457,2159,2025-10-16,Butler PLC Stadium,115,30,166,0,28,78
5458,7997,2025-05-11,"Gross, Pierce and Miller Stadium",134,16,129,11,7,16
5459,6734,2023-04-26,Davis-Baker Stadium,138,27,27,7,6,30
5460,1994,2025-11-15,"Gonzalez, Thompson and Thompson Stadium",-3,12,143,2,0,54
5461,7391,2024-01-12,Gonzalez LLC Stadium,19,13,2,15,6,64
5462,6769,2021-09-20,Evans-Castillo Stadium,20,15,43,9,21,36
5463,2600,2021-09-12,"Sandoval, Barnes and Watts Stadium",-4,9,42,13,3,13
5464,1243,2020-06-18,Robinson PLC Stadium,34,25,21,11,24,45
5465,8880,2025-07-08,Serrano Inc Stadium,69,8,6,6,0,68
5466,7658,2023-08-09,Bennett-Harrell Stadium,1,15,25,3,3,37
5467,6140,2026-01-24,Cole-Chaney Stadium,77,19,65,9,24,20
5468,8758,2024-03-21,"Powers, Hansen and Nelson Stadium",18,6,135,15,18,8
5469,8613,2021-02-03,Frederick-Baker Stadium,118,7,129,10,3,31
5470,4962,2023-10-09,Hernandez-King Stadium,51,6,68,5,28,32
5471,6671,2020-07-22,"Mcgee, Hall and Carroll Stadium",32,30,39,7,28,33
5472,1005,2025-12-02,Bell Group Stadium,56,5,69,11,17,60
5473,7993,2025-10-18,Short-Finley Stadium,97,8,17,4,17,51
5474,4251,2023-11-15,Andersen LLC Stadium,4,5,147,2,21,9
5475,56,2024-04-14,"Stevens, Castro and Vaughn Stadium",74,8,182,8,12,46
5476,909,2022-02-25,"Wagner, Tucker and Wagner Stadium",61,3,104,1,17,39
5477,9709,2021-11-04,Jones-Wilson Stadium,48,3,198,1,17,38
5478,344,2024-10-08,Boyd Group Stadium,36,24,127,10,24,80
5479,1539,2023-01-11,Hoffman LLC Stadium,5,29,60,8,17,80
5480,5734,2022-05-26,Harris-Butler Stadium,74,5,162,14,6,43
5481,5658,2022-08-03,Salazar-Douglas Stadium,25,19,176,10,24,2
5482,2715,2026-01-08,Robinson-Anderson Stadium,76,10,167,14,21,71
5483,7920,2024-05-30,"Lee, Nelson and Oliver Stadium",37,17,31,4,12,29
5484,5967,2025-06-03,Huff-Lee Stadium,80,15,139,7,18,37
5485,2693,2024-08-10,Ellison PLC Stadium,93,12,42,9,18,59
5486,9679,2024-11-06,Russell LLC Stadium,108,11,66,12,6,7
5487,2038,2025-03-13,"Delgado, Salazar and Lamb Stadium",126,22,173,15,21,56
5488,890,2022-07-27,Miller-Green Stadium,134,4,134,11,18,80
5489,680,2025-08-25,Williams LLC Stadium,150,15,38,1,21,63
5490,887,2022-05-10,Bell-Reynolds Stadium,89,29,141,2,7,57
5491,5230,2024-06-07,Leblanc-Smith Stadium,22,16,0,12,24,10
5492,8360,2022-05-28,"Perez, Robbins and Ward Stadium",66,23,69,14,14,35
5493,5311,2025-03-22,Sampson-Colon Stadium,39,17,110,8,24,61
5494,600,2021-03-29,Rodriguez-Brooks Stadium,81,16,157,12,6,58
5495,2411,2024-10-14,Casey-Graham Stadium,43,2,157,10,3,40
5496,7206,2021-04-16,"Bowen, Wilson and Miller Stadium",54,24,143,10,7,56
5497,8659,2022-07-30,"Jones, Weaver and Rice Stadium",62,30,25,7,24,31
5498,7667,2021-10-12,Schneider-Long Stadium,27,9,121,1,17,46
5499,428,2025-06-10,Dunn Group Stadium,46,17,108,0,12,77
5500,1998,2021-03-14,Martin LLC Stadium,78,14,157,4,0,61
5501,7434,2024-11-20,Lambert-Hudson Stadium,46,12,150,13,6,6
5502,1298,2021-02-19,Miller Group Stadium,102,23,109,4,28,23
5503,448,2020-07-07,"Garcia, Willis and Fitzgerald Stadium",56,13,78,2,17,28
5504,9413,2021-01-02,Snow Ltd Stadium,148,5,4,5,24,66
5505,5624,2023-09-17,Cole Ltd Stadium,57,30,127,10,21,18
5506,195,2026-02-16,Crane Ltd Stadium,-5,26,81,4,3,72
5507,7407,2020-07-02,Miller Inc Stadium,83,17,185,10,21,16
5508,1034,2024-10-02,Richardson Ltd Stadium,19,25,41,6,6,54
5509,5451,2024-02-25,Flores LLC Stadium,64,29,100,2,3,46
5510,6887,2024-10-03,"Cunningham, Gardner and Warren Stadium",149,22,152,8,17,7
5511,3284,2024-04-13,"Klein, Walker and Blanchard Stadium",84,9,11,15,12,3
5512,7271,2020-02-16,Lee Group Stadium,93,21,116,9,0,48
5513,4046,2021-06-03,Martin PLC Stadium,44,21,130,10,17,7
5514,9305,2021-07-06,"Miller, Fisher and Charles Stadium",138,1,1,4,6,12
5515,1198,2022-03-24,Kirby-Smith Stadium,141,24,89,5,3,16
5516,4855,2025-01-19,Thomas-Pearson Stadium,46,8,154,11,18,17
5517,2568,2021-07-07,"Collins, Underwood and Edwards Stadium",76,9,59,9,21,61
5518,3973,2022-10-25,"Frost, Fisher and Gonzales Stadium",43,14,19,0,0,9
5519,1513,2023-01-23,"Alvarez, Carter and Nelson Stadium",51,20,14,10,18,41
5520,1586,2025-09-16,Wagner-Moore Stadium,47,28,96,13,17,36
5521,5349,2025-03-20,Boone Ltd Stadium,124,25,170,13,24,9
5522,2729,2023-02-05,Cross and Sons Stadium,15,5,14,13,21,73
5523,1810,2022-07-06,Barnes and Sons Stadium,10,13,66,3,3,6
5524,6368,2021-01-18,Hines-Chavez Stadium,86,9,194,12,24,67
5525,2495,2021-12-14,Dickerson LLC Stadium,15,9,184,14,6,50
5526,8949,2022-07-29,Henry Ltd Stadium,143,10,11,15,14,37
5527,4019,2023-05-29,Burton Ltd Stadium,129,3,186,7,28,37
5528,9010,2022-02-11,"Rodriguez, Morris and Myers Stadium",142,9,5,11,24,30
5529,3446,2024-05-05,Gross LLC Stadium,81,0,38,13,24,9
5530,4914,2020-05-14,Miller Group Stadium,-1,28,76,5,18,68
5531,9278,2024-03-18,Alvarado Ltd Stadium,88,24,32,11,21,16
5532,1138,2020-03-28,"Ball, Bridges and Daniels Stadium",59,26,90,15,14,15
5533,4471,2020-08-07,Blanchard-Carter Stadium,145,27,79,1,0,18
5534,4559,2022-11-28,May and Sons Stadium,69,28,131,0,14,28
5535,6149,2026-03-06,Dunn PLC Stadium,22,25,178,4,24,80
5536,911,2020-03-04,Turner PLC Stadium,141,24,110,8,12,32
5537,6659,2022-02-28,"Parker, Jackson and Cochran Stadium",150,15,85,5,7,32
5538,4641,2025-04-07,Davila-Bryant Stadium,111,13,40,1,28,53
5539,8939,2024-04-07,Brown-Anderson Stadium,136,13,123,2,17,46
5540,6331,2024-07-30,Ortiz-Juarez Stadium,7,13,91,8,18,52
5541,9876,2023-04-21,Fields-Johnson Stadium,123,10,39,12,6,14
5542,3993,2020-06-18,James Group Stadium,4,18,179,8,3,11
5543,1603,2023-04-04,Lopez-Jacobs Stadium,126,2,200,13,24,8
5544,8772,2020-06-14,Little-Villarreal Stadium,20,29,162,14,3,17
5545,5122,2022-08-22,Terry Ltd Stadium,125,0,98,7,3,14
5546,6663,2025-02-13,"Soto, Sharp and Knight Stadium",69,20,98,11,28,4
5547,2917,2021-08-17,"Mullen, Smith and Williams Stadium",64,14,3,6,18,65
5548,8743,2021-01-06,Anderson Inc Stadium,143,25,51,0,7,29
5549,5617,2025-05-14,West-Jackson Stadium,-3,13,1,3,12,72
5550,8479,2024-03-01,Alexander-Morales Stadium,135,17,118,14,6,78
5551,5804,2020-11-23,Murphy-Chase Stadium,3,29,11,3,12,4
5552,3916,2020-10-09,Rodriguez-Castro Stadium,64,13,37,9,12,30
5553,9841,2021-03-23,Smith-Howell Stadium,36,4,153,8,18,77
5554,1165,2024-08-02,"Norris, Cook and Pope Stadium",2,7,93,13,6,15
5555,6972,2024-08-29,Fowler Inc Stadium,45,27,124,14,7,1
5556,9920,2024-03-10,Hamilton-Sanchez Stadium,33,2,106,10,17,51
5557,496,2025-03-31,"Gillespie, Johnson and Smith Stadium",62,20,42,11,12,68
5558,3205,2020-06-27,"Foley, Richardson and Bradley Stadium",135,3,46,12,28,18
5559,5387,2021-03-05,Chavez and Sons Stadium,89,11,163,5,3,51
5560,2692,2022-06-04,Cooper-Smith Stadium,121,15,91,8,21,57
5561,3674,2023-01-14,"Allen, Mitchell and Kidd Stadium",49,18,182,12,21,62
5562,7453,2024-03-30,"Fuller, Jacobs and Martinez Stadium",33,26,190,5,17,7
5563,7661,2023-10-26,Hurley Ltd Stadium,26,23,11,11,14,38
5564,8150,2024-01-03,"Vazquez, Sanchez and Martin Stadium",123,12,91,10,21,48
5565,9716,2025-04-25,Peterson-King Stadium,11,22,175,10,21,71
5566,759,2023-12-13,"Clark, Franklin and Goodwin Stadium",49,21,20,6,17,20
5567,2706,2026-04-20,"Crosby, Stanton and Powell Stadium",25,4,49,7,14,72
5568,3314,2024-11-27,"Solomon, Armstrong and Thompson Stadium",75,26,4,5,28,79
5569,152,2023-08-22,Johnson-Bullock Stadium,98,16,109,9,18,71
5570,687,2024-01-28,Evans-Williams Stadium,104,2,142,14,3,13
5571,6423,2020-03-07,Lopez PLC Stadium,146,3,154,0,28,69
5572,4249,2024-12-30,Jacobs-Weaver Stadium,78,25,175,7,21,45
5573,4197,2024-12-20,Green-Daugherty Stadium,28,13,164,2,14,17
5574,8236,2023-03-07,Peterson-Stout Stadium,38,29,144,13,28,80
5575,5188,2025-09-09,Smith Inc Stadium,141,25,37,4,18,54
5576,8563,2024-10-19,"Gomez, Owen and Thompson Stadium",148,6,27,12,14,76
5577,7225,2021-03-21,Kelly-Silva Stadium,78,17,137,8,24,20
5578,2806,2025-11-25,Rogers Group Stadium,53,1,103,12,6,71
5579,6021,2023-11-22,Cruz LLC Stadium,12,10,130,12,28,43
5580,5592,2022-05-28,Sellers-Lowery Stadium,59,22,87,1,12,37
5581,7251,2020-09-23,"Romero, Jordan and Welch Stadium",105,15,64,3,18,80
5582,1312,2022-07-13,Ponce-Crawford Stadium,104,2,35,0,14,6
5583,9719,2021-10-13,"Quinn, Mcdaniel and Cooper Stadium",133,8,187,5,18,64
5584,5511,2021-10-19,Marshall PLC Stadium,103,25,169,8,28,51
5585,6340,2022-12-29,Combs-Thomas Stadium,97,4,83,6,24,29
5586,1416,2024-03-08,Mahoney Inc Stadium,8,8,18,14,0,14
5587,9812,2024-02-09,"Welch, Frost and Torres Stadium",131,11,39,5,17,35
5588,8429,2021-05-17,Martinez-Owens Stadium,46,1,121,7,6,28
5589,9298,2022-01-20,Swanson-Lucero Stadium,116,27,191,1,0,69
5590,2828,2024-11-05,Olsen-Myers Stadium,76,22,104,1,24,16
5591,4835,2020-06-14,Williams PLC Stadium,69,17,35,11,7,17
5592,9313,2020-11-08,"Lewis, Allen and Jackson Stadium",55,20,18,5,3,26
5593,6052,2021-06-04,Mckenzie and Sons Stadium,83,7,5,14,0,50
5594,4164,2024-07-02,"Alexander, Johnson and Knapp Stadium",130,28,104,13,18,17
5595,9849,2026-04-04,Charles-Hogan Stadium,0,5,52,9,17,80
5596,7206,2022-12-23,Larsen-Garcia Stadium,137,23,60,15,0,66
5597,452,2024-03-08,Swanson Ltd Stadium,44,11,2,8,28,51
5598,4744,2024-12-14,"Stewart, Thompson and Richardson Stadium",86,16,42,7,6,23
5599,1462,2024-02-14,Miller-Gallegos Stadium,56,11,81,8,21,61
5600,403,2022-02-17,Williams-Moore Stadium,140,2,49,10,12,54
5601,2255,2023-06-25,"Gardner, Edwards and Rose Stadium",103,13,24,7,0,25
5602,2991,2020-09-16,Fritz and Sons Stadium,26,12,19,15,28,39
5603,1704,2022-01-27,Brown LLC Stadium,-5,5,114,9,18,79
5604,9196,2023-07-11,Green-Franklin Stadium,88,3,66,3,0,3
5605,5410,2024-01-03,Dunlap LLC Stadium,50,0,35,8,28,6
5606,3366,2022-08-05,"Hughes, Hunter and Turner Stadium",80,1,176,3,21,4
5607,5249,2022-05-15,Wright Inc Stadium,91,13,19,13,7,48
5608,5532,2020-07-08,Sherman Ltd Stadium,121,20,28,13,6,12
5609,6873,2023-02-06,Mcpherson Inc Stadium,99,28,173,12,21,72
5610,863,2024-03-11,"Duncan, Smith and Mcdonald Stadium",5,12,112,10,21,28
5611,7253,2024-02-29,Graham Ltd Stadium,81,22,198,6,6,62
5612,2231,2022-04-09,Ross Inc Stadium,30,7,126,10,18,35
5613,1776,2025-04-28,Contreras-Morales Stadium,82,27,63,12,7,26
5614,3930,2022-07-13,"Mcintyre, Martinez and Perry Stadium",62,13,36,8,18,71
5615,2760,2025-01-28,Garza-Martinez Stadium,74,29,150,2,6,3
5616,1518,2020-12-14,"Brooks, Garcia and Johnson Stadium",71,26,174,10,18,66
5617,2615,2022-09-18,Jones Inc Stadium,41,20,98,5,18,5
5618,7340,2020-01-23,"Garcia, Rivera and Taylor Stadium",-3,21,8,1,21,59
5619,7457,2023-06-30,Dudley-Salazar Stadium,147,26,94,3,3,31
5620,9153,2025-09-17,Russell-Bell Stadium,50,24,165,2,17,46
5621,3952,2021-04-07,"Adams, Pearson and Tanner Stadium",6,28,176,3,12,48
5622,9136,2024-05-11,"Lowe, Kennedy and Smith Stadium",25,29,187,6,0,31
5623,4975,2025-10-12,"Mills, Robinson and Ortiz Stadium",40,12,62,9,28,79
5624,6638,2020-08-14,"Gomez, Watson and Jackson Stadium",68,16,56,9,3,72
5625,6804,2022-09-30,Butler-Jacobs Stadium,42,2,115,11,24,23
5626,8014,2020-07-19,Wright Inc Stadium,35,0,5,12,6,14
5627,3015,2025-09-29,"Charles, Martin and Rowland Stadium",76,21,0,7,0,8
5628,9409,2021-08-13,Townsend-Mitchell Stadium,105,1,116,7,12,20
5629,5609,2021-02-11,Sanchez-Thompson Stadium,127,0,89,15,6,48
5630,9579,2025-08-09,Giles PLC Stadium,13,3,48,7,28,80
5631,7471,2024-08-14,Rodriguez-Fernandez Stadium,89,26,171,4,14,25
5632,3935,2023-08-23,Cruz-Hoover Stadium,120,15,171,10,21,21
5633,2011,2024-05-05,Hanson-Wilson Stadium,101,14,14,8,21,67
5634,2759,2024-12-27,Parker LLC Stadium,55,3,38,1,18,45
5635,6235,2022-04-21,"Fleming, Ward and Williams Stadium",40,1,80,6,28,76
5636,7353,2025-12-19,Coleman PLC Stadium,6,11,33,2,12,3
5637,3627,2025-06-28,Shaffer-Ritter Stadium,61,30,81,3,24,61
5638,2302,2023-02-22,"Contreras, Jones and Clark Stadium",61,15,17,11,14,28
5639,5032,2025-10-23,House-Murphy Stadium,101,21,48,2,12,79
5640,6499,2024-09-13,Owens-Johnson Stadium,121,19,95,2,12,38
5641,1284,2020-03-11,"Thomas, Frye and Nelson Stadium",13,22,111,6,14,69
5642,3798,2021-11-24,White-Brown Stadium,137,12,65,3,24,42
5643,6528,2025-09-19,"Cabrera, Gordon and Stevens Stadium",4,7,74,9,28,36
5644,496,2023-01-24,Moore-Franklin Stadium,49,17,39,4,3,20
5645,9556,2022-05-03,Torres LLC Stadium,27,30,124,9,14,67
5646,8505,2022-03-27,Barber and Sons Stadium,126,15,24,13,12,31
5647,7262,2021-02-26,Bates-Campbell Stadium,75,25,104,5,21,28
5648,3485,2022-04-24,Barr-Bryant Stadium,0,5,83,7,6,75
5649,1829,2021-01-16,"Patterson, Reed and Castillo Stadium",64,22,160,9,17,6
5650,7112,2021-12-19,Nguyen Group Stadium,67,0,26,10,6,44
5651,5282,2026-02-03,"Craig, Turner and Pearson Stadium",45,3,60,6,21,36
5652,7948,2022-06-03,Montgomery Ltd Stadium,3,0,190,13,3,20
5653,9348,2021-09-03,"Miller, Newman and Collier Stadium",30,23,116,9,6,16
5654,4328,2021-09-28,Bishop Inc Stadium,96,23,108,9,17,61
5655,930,2022-03-18,Marks LLC Stadium,135,4,35,0,18,70
5656,2599,2022-12-26,"Meyers, Flores and Lewis Stadium",72,15,176,9,14,61
5657,825,2024-05-01,Baker Group Stadium,46,4,192,2,6,20
5658,9887,2021-05-03,Johnson-Haynes Stadium,3,16,49,0,24,41
5659,1616,2021-01-27,"Golden, Taylor and Collins Stadium",75,17,57,8,17,69
5660,2546,2023-05-09,Woodward Ltd Stadium,104,12,69,6,3,28
5661,8089,2021-10-07,Grant-Cruz Stadium,62,5,57,2,3,40
5662,6972,2023-02-17,Houston Inc Stadium,53,24,118,10,7,21
5663,136,2024-04-14,"Martin, Austin and Liu Stadium",36,27,56,13,3,16
5664,3231,2023-10-23,"Mitchell, Wong and Stevens Stadium",117,3,172,13,6,10
5665,482,2022-09-24,Jenkins-Strickland Stadium,130,18,175,2,28,40
5666,3072,2023-10-12,Williamson and Sons Stadium,60,1,123,3,7,11
5667,4510,2023-05-31,Pearson-Jones Stadium,-1,9,186,4,6,24
5668,5974,2021-07-15,Hudson PLC Stadium,118,26,78,15,21,1
5669,5038,2021-02-24,"George, Gordon and Hernandez Stadium",21,13,75,15,12,26
5670,3541,2025-02-04,Campbell Ltd Stadium,10,21,58,9,18,71
5671,9073,2022-07-30,Matthews-Gamble Stadium,141,10,83,10,6,6
5672,8166,2020-04-28,Anderson-Howard Stadium,145,28,69,11,0,27
5673,3453,2023-10-01,"Green, Rice and Johnson Stadium",29,12,186,12,14,20
5674,5202,2020-01-23,"Obrien, Hebert and Lynn Stadium",82,6,117,1,3,45
5675,8736,2025-01-27,"Camacho, Miller and Buchanan Stadium",63,14,21,13,17,47
5676,3032,2020-06-08,Reyes-Hudson Stadium,83,5,163,14,0,24
5677,7034,2025-03-05,Wells and Sons Stadium,127,22,13,3,3,73
5678,2255,2022-06-19,Trevino Inc Stadium,96,5,165,9,14,23
5679,2834,2023-03-16,Taylor Inc Stadium,23,21,139,8,7,32
5680,2562,2021-08-20,Miller and Sons Stadium,124,23,55,15,24,55
5681,1186,2020-07-29,"Oconnor, Armstrong and Beasley Stadium",83,24,116,3,6,44
5682,9801,2022-12-09,Vasquez Inc Stadium,139,12,41,6,21,6
5683,2365,2024-04-04,Santana-Carter Stadium,61,13,171,13,7,1
5684,4630,2025-07-07,Mcintyre-Lawson Stadium,144,19,51,9,24,37
5685,2819,2023-10-11,"Lee, Watts and Burns Stadium",7,3,161,14,18,64
5686,4906,2022-10-12,"Gross, King and Scott Stadium",144,8,72,13,17,67
5687,6409,2022-02-07,Hatfield Ltd Stadium,65,13,107,12,12,67
5688,3521,2026-02-18,"Mullins, Scott and Morris Stadium",145,17,131,9,28,60
5689,7298,2020-06-29,Smith LLC Stadium,74,22,18,4,14,65
5690,2070,2020-08-03,Flynn-Webb Stadium,97,18,107,1,7,7
5691,6407,2021-05-26,Baldwin PLC Stadium,102,28,134,12,12,8
5692,6185,2025-06-15,West Ltd Stadium,143,24,133,2,0,72
5693,9867,2021-07-27,"Obrien, Parker and Flynn Stadium",47,0,112,3,17,19
5694,4485,2025-01-04,Long-Willis Stadium,107,16,60,0,18,14
5695,4831,2024-10-31,Alexander-Flowers Stadium,132,17,95,15,28,70
5696,103,2023-08-23,Ray Ltd Stadium,124,14,63,4,12,65
5697,1703,2021-02-22,Mann Ltd Stadium,146,18,40,15,14,10
5698,4561,2026-01-23,"Kelly, Bryant and Berger Stadium",90,29,9,4,6,36
5699,8502,2022-12-14,Young-Rocha Stadium,56,8,109,5,24,62
5700,8667,2023-01-30,Hammond PLC Stadium,20,2,161,1,18,50
5701,7104,2024-05-26,"Santos, Dixon and Reyes Stadium",69,0,135,5,6,27
5702,6496,2020-05-06,"Thompson, Richardson and Frank Stadium",117,21,120,2,17,41
5703,3433,2020-09-30,"Hart, Wallace and Reyes Stadium",54,26,154,2,3,69
5704,2928,2023-08-18,"Foster, Stein and White Stadium",87,28,186,2,24,31
5705,1341,2020-02-06,Morris-Warner Stadium,113,23,89,9,21,32
5706,6703,2026-02-27,Hughes Ltd Stadium,91,0,137,3,3,25
5707,3107,2022-12-27,"Bass, Jennings and Leonard Stadium",116,12,1,3,6,39
5708,8082,2021-06-10,Mitchell PLC Stadium,138,13,105,14,3,71
5709,5170,2024-01-19,"Carroll, Vega and Payne Stadium",21,9,4,1,12,75
5710,8001,2020-06-05,"Harper, Benson and Rivera Stadium",125,16,156,5,21,24
5711,5765,2025-05-14,Proctor-Pearson Stadium,117,16,54,10,24,19
5712,2450,2021-01-04,Gordon Group Stadium,148,18,59,13,12,31
5713,7106,2024-03-24,Garza Ltd Stadium,6,5,9,6,24,42
5714,406,2024-07-11,Clark PLC Stadium,43,9,60,11,6,28
5715,5952,2022-06-06,Henderson and Sons Stadium,35,15,60,11,12,71
5716,7135,2023-06-03,Ford-Stewart Stadium,135,22,106,9,28,51
5717,4998,2025-06-12,Anderson LLC Stadium,100,5,5,2,21,35
5718,8581,2021-11-22,Valencia-Rollins Stadium,1,0,74,1,14,72
5719,4244,2020-11-04,York PLC Stadium,92,21,193,8,3,51
5720,5950,2021-01-01,Jensen PLC Stadium,-1,21,5,14,24,18
5721,6618,2024-04-24,"Gutierrez, White and Davies Stadium",50,12,186,10,6,73
5722,6325,2022-05-01,Anderson-Wolf Stadium,0,30,90,6,12,55
5723,1517,2025-12-02,Savage PLC Stadium,96,26,80,13,6,70
5724,8087,2023-07-13,Clay Group Stadium,72,13,126,11,17,50
5725,6541,2021-06-23,"Watson, Lawrence and Cruz Stadium",29,29,92,11,12,3
5726,5391,2025-12-27,"Franklin, King and Miller Stadium",81,19,139,12,17,28
5727,2246,2022-04-15,Miller PLC Stadium,11,12,58,15,6,16
5728,1144,2022-12-10,Lam-Brown Stadium,37,9,13,8,7,25
5729,1328,2023-04-30,Hall-Miller Stadium,39,7,154,11,21,21
5730,2837,2021-06-07,Mendoza LLC Stadium,-4,28,160,3,0,48
5731,9788,2024-06-15,Villarreal Inc Stadium,131,7,174,0,18,59
5732,6595,2020-04-27,Warren-Johnson Stadium,2,22,88,11,21,41
5733,1560,2025-01-27,Erickson-Lewis Stadium,39,26,142,2,17,50
5734,7821,2021-09-27,Oconnor Group Stadium,86,13,12,10,3,69
5735,204,2022-06-19,"Strong, Martinez and Campbell Stadium",120,24,119,5,12,12
5736,1626,2025-03-13,"Davis, Moore and Perez Stadium",117,14,7,7,17,45
5737,2705,2021-09-06,"Robinson, Winters and Martinez Stadium",115,5,65,12,0,44
5738,7552,2020-03-11,Carter Ltd Stadium,-3,28,8,11,24,56
5739,8843,2021-09-09,Garner-Cameron Stadium,82,4,73,7,12,30
5740,5703,2025-09-21,"Castro, Cohen and Thompson Stadium",1,11,16,5,28,45
5741,4011,2025-08-11,"Martinez, Moore and Lee Stadium",104,11,51,13,3,25
5742,7663,2020-07-01,Guerra LLC Stadium,95,20,126,11,3,49
5743,9973,2020-05-06,Schneider-Johnson Stadium,91,5,58,14,12,55
5744,3648,2024-09-03,Wright Inc Stadium,128,1,85,6,24,33
5745,7298,2025-08-01,Hernandez-Smith Stadium,84,1,72,7,0,56
5746,1827,2025-12-24,Harper-Ramos Stadium,136,22,43,11,28,48
5747,6601,2022-02-05,Garza Group Stadium,76,18,21,14,21,59
5748,5745,2026-03-05,Cooper Ltd Stadium,140,4,8,9,14,3
5749,825,2020-03-16,Horne and Sons Stadium,131,28,137,0,12,7
5750,3680,2024-04-25,Rhodes-Kelley Stadium,136,11,39,10,7,36
5751,6042,2023-10-04,Moore LLC Stadium,24,30,176,3,0,7
5752,9340,2024-04-15,"Pacheco, Sanchez and Newton Stadium",51,9,0,0,3,76
5753,8876,2022-08-29,Pollard Inc Stadium,95,28,116,1,18,31
5754,2946,2025-03-16,Young-Braun Stadium,65,27,1,15,3,3
5755,262,2021-12-07,Chang-Parks Stadium,143,21,125,14,12,28
5756,9743,2020-09-21,"Murillo, Moore and Hall Stadium",135,12,102,11,6,3
5757,7266,2023-01-28,Morgan-Haney Stadium,62,10,195,8,14,14
5758,5540,2022-12-18,Alvarez-Mitchell Stadium,5,16,154,6,7,2
5759,1842,2023-09-15,Johnson LLC Stadium,22,15,137,15,28,5
5760,8401,2024-02-10,"Martin, Mann and Cook Stadium",76,19,179,15,14,45
5761,2726,2020-01-15,"Lopez, Williams and Morgan Stadium",137,6,83,10,0,16
5762,4857,2024-05-21,Fowler-Wright Stadium,129,11,13,15,24,28
5763,61,2020-08-27,Saunders-Rice Stadium,25,15,154,9,17,36
5764,8219,2025-05-16,Carr-Webb Stadium,68,5,144,3,14,31
5765,1283,2021-07-02,Horn Inc Stadium,125,3,130,3,12,13
5766,8341,2025-01-07,"Lowe, Bradford and Jenkins Stadium",150,6,52,0,12,40
5767,1629,2025-07-22,"Houston, Pham and Diaz Stadium",145,3,168,4,18,5
5768,5680,2024-08-24,"Swanson, Smith and Vaughan Stadium",26,12,71,8,7,39
5769,3383,2020-12-28,"Campbell, Kline and Jackson Stadium",87,22,154,2,12,77
5770,2226,2021-11-18,Williams-Wilson Stadium,137,5,44,4,21,67
5771,5059,2023-05-08,"Williams, Irwin and Jones Stadium",122,12,56,11,6,76
5772,352,2024-07-06,"Alvarez, Jones and Roberts Stadium",150,22,10,7,0,16
5773,8620,2025-09-14,Rasmussen Group Stadium,85,22,143,3,12,62
5774,2210,2024-09-09,Rodriguez-Patton Stadium,146,29,92,15,7,67
5775,6630,2024-01-06,King PLC Stadium,78,1,70,10,21,2
5776,5172,2023-03-15,Rubio Ltd Stadium,69,6,93,15,6,79
5777,6475,2022-12-10,Blanchard and Sons Stadium,92,5,183,8,21,5
5778,9000,2024-07-25,Fields-Hughes Stadium,82,23,139,2,12,16
5779,9824,2025-04-30,Avila-Potts Stadium,130,16,28,12,21,60
5780,1541,2026-04-26,Ward PLC Stadium,41,7,176,2,3,74
5781,6168,2022-08-02,"Reed, Gonzalez and Bowen Stadium",128,4,186,15,18,6
5782,9721,2025-03-27,Smith-Johnson Stadium,34,11,177,15,18,74
5783,5815,2020-04-15,"Vazquez, Williams and Cooper Stadium",109,15,30,2,17,37
5784,4821,2026-02-12,Walker-Brandt Stadium,48,21,48,7,18,48
5785,5766,2025-06-25,Sheppard-Bailey Stadium,114,3,45,7,12,2
5786,4105,2020-02-27,Chapman-Carney Stadium,141,17,175,3,12,48
5787,9873,2025-03-05,Crawford-Schultz Stadium,1,12,199,7,12,66
5788,3630,2022-07-04,Butler Inc Stadium,10,13,31,13,21,37
5789,2980,2025-02-19,Young and Sons Stadium,135,10,33,12,21,55
5790,8621,2026-01-10,"Smith, Saunders and Harper Stadium",13,18,22,2,24,15
5791,2421,2023-12-06,"Brown, Turner and Whitehead Stadium",85,0,120,5,3,16
5792,2388,2021-08-04,Juarez-Jenkins Stadium,56,15,113,8,12,56
5793,4745,2022-05-30,Dominguez Group Stadium,91,11,197,1,21,29
5794,6466,2025-06-04,Goodman-Pham Stadium,56,19,45,14,14,73
5795,3755,2023-06-03,Fuller Inc Stadium,34,3,45,15,18,16
5796,3723,2023-10-07,"Mitchell, Allen and Shields Stadium",0,8,167,2,21,38
5797,2163,2021-05-02,Martin PLC Stadium,108,3,62,2,24,41
5798,5630,2024-04-30,Knox-Davis Stadium,104,29,193,8,6,29
5799,7624,2020-12-23,"King, Ponce and Cummings Stadium",75,16,132,15,12,6
5800,1414,2026-03-30,Robertson-Boyd Stadium,24,18,176,3,14,64
5801,794,2020-07-23,"Henderson, Sparks and Perez Stadium",54,28,89,13,12,61
5802,6063,2021-05-02,Franklin Inc Stadium,135,17,141,7,14,63
5803,4772,2021-09-18,"Roberts, Friedman and Kim Stadium",107,1,116,1,12,30
5804,4608,2024-08-24,"Hayes, Ho and Sanders Stadium",30,25,46,0,18,37
5805,6088,2025-12-03,Ford-Smith Stadium,-2,27,138,1,0,17
5806,179,2024-01-12,Lee-Malone Stadium,66,9,136,12,28,12
5807,6647,2022-11-18,"Cervantes, York and Anderson Stadium",26,18,200,5,17,23
5808,6913,2020-04-05,"Johnson, Duke and Sandoval Stadium",145,2,173,8,28,35
5809,1130,2024-01-02,"Wood, Evans and Larson Stadium",37,24,0,12,21,61
5810,5022,2023-12-24,Jones PLC Stadium,44,8,91,7,17,61
5811,3212,2022-01-18,Reynolds Group Stadium,108,9,119,2,6,37
5812,7141,2023-07-14,Gross-Hudson Stadium,82,18,138,7,0,79
5813,2276,2024-03-04,Smith Ltd Stadium,60,19,157,6,21,11
5814,7156,2023-09-27,"Walker, Moore and Guerrero Stadium",21,6,134,12,24,80
5815,3116,2022-03-02,Smith Inc Stadium,146,15,27,11,14,49
5816,4166,2023-01-04,"Gonzalez, Moore and Robertson Stadium",98,3,56,9,6,33
5817,9577,2024-04-30,Adams Group Stadium,-2,14,92,14,14,48
5818,3385,2020-03-20,Gonzalez-Hickman Stadium,13,20,167,2,3,47
5819,7932,2025-04-26,Simmons-Hicks Stadium,20,22,154,0,28,64
5820,5662,2025-04-02,Bernard Ltd Stadium,145,27,64,15,7,44
5821,7799,2020-02-10,Brown Ltd Stadium,102,25,27,2,18,35
5822,5141,2021-11-09,"Cherry, Wise and Benson Stadium",15,2,13,3,6,64
5823,2306,2024-01-03,"Navarro, Best and Moreno Stadium",91,10,135,12,0,17
5824,1717,2023-10-21,Strong-Kim Stadium,90,7,129,2,6,7
5825,9746,2023-11-18,"Brown, Russell and Ryan Stadium",14,6,24,14,3,41
5826,9703,2024-04-26,"Carr, Warner and Robles Stadium",23,18,172,12,18,51
5827,6037,2021-05-16,"Hill, Morton and Rodriguez Stadium",101,20,29,10,14,64
5828,7630,2022-01-24,Marshall LLC Stadium,127,27,74,7,18,42
5829,9920,2024-03-28,"Rice, Hayes and Tucker Stadium",17,23,114,0,24,5
5830,1126,2024-05-02,Anderson-Lopez Stadium,11,22,23,12,18,12
5831,7623,2025-01-01,Johnson-Johnson Stadium,95,12,190,7,24,24
5832,5270,2020-06-24,"Young, Leonard and Mccormick Stadium",116,27,192,0,6,25
5833,6510,2020-10-07,"Caldwell, Harris and Bell Stadium",63,19,108,0,12,33
5834,2912,2021-12-10,"Moses, Morris and Weaver Stadium",21,18,62,7,21,78
5835,1343,2024-02-24,"Reynolds, Stanley and Miller Stadium",80,15,38,1,18,40
5836,3399,2021-07-06,Morrow LLC Stadium,112,10,154,4,28,48
5837,3953,2025-07-13,"Bennett, Baker and Duran Stadium",42,10,52,9,17,18
5838,3952,2024-08-31,Henry and Sons Stadium,127,23,200,9,14,32
5839,3725,2024-09-08,Smith-Brooks Stadium,68,2,184,6,3,29
5840,595,2024-03-13,"Duffy, Rocha and Chandler Stadium",26,6,83,13,18,17
5841,977,2020-09-26,Scott Group Stadium,79,12,32,0,3,16
5842,9960,2024-11-11,Smith Inc Stadium,2,9,40,1,0,53
5843,9354,2025-12-08,Hall Inc Stadium,19,6,71,9,3,51
5844,6013,2020-12-07,Howard and Sons Stadium,2,22,79,12,3,30
5845,7877,2022-02-21,Green-Le Stadium,137,14,181,2,14,66
5846,9505,2020-08-18,Murray Inc Stadium,119,3,103,3,14,67
5847,7252,2024-04-07,Cook PLC Stadium,133,20,103,6,0,4
5848,1153,2021-10-06,Steele-Robinson Stadium,105,30,96,7,12,16
5849,8639,2022-10-09,Lopez-Mendoza Stadium,59,22,141,4,7,62
5850,1560,2024-10-03,Jenkins-Davila Stadium,65,27,128,0,18,15
5851,8821,2025-11-05,"Stuart, Collins and Clarke Stadium",46,19,3,2,3,26
5852,1712,2020-11-25,May-Singleton Stadium,149,3,166,6,18,79
5853,2055,2022-01-15,"Howard, Walker and Rodriguez Stadium",-1,28,42,5,12,73
5854,531,2026-02-19,Silva and Sons Stadium,45,3,61,12,12,51
5855,4441,2023-08-16,"Wilkerson, Lawrence and Ortega Stadium",104,12,97,9,28,72
5856,6505,2024-05-05,Williams LLC Stadium,19,30,67,14,12,7
5857,8115,2023-07-11,"Gray, White and Thomas Stadium",43,13,122,8,18,37
5858,9095,2020-10-18,"Weber, Crawford and Banks Stadium",29,2,36,3,12,41
5859,4506,2022-06-01,Gamble LLC Stadium,41,8,163,1,0,11
5860,4031,2020-11-03,Mitchell-Bell Stadium,143,2,186,12,28,75
5861,7151,2025-06-13,Meyer-Hopkins Stadium,18,6,196,14,3,39
5862,1574,2023-02-13,Wilkins Ltd Stadium,11,3,170,11,28,7
5863,1618,2023-01-03,Ruiz-Wilson Stadium,51,27,91,6,0,9
5864,177,2025-08-02,Castro-Jones Stadium,72,18,50,0,28,47
5865,2538,2023-12-19,"Francis, Weaver and Fernandez Stadium",91,0,176,8,14,32
5866,7337,2022-01-08,Allen-White Stadium,68,1,86,13,12,51
5867,2337,2021-07-08,"Walker, Hansen and Brock Stadium",56,11,145,8,21,65
5868,6112,2023-06-13,"Anderson, Weeks and Morales Stadium",113,20,127,3,12,29
5869,8764,2025-07-09,"Tucker, Brown and Cole Stadium",10,27,140,7,17,32
5870,6758,2022-05-25,"French, Harris and Sanchez Stadium",66,5,161,4,14,14
5871,7410,2025-10-20,"Johnson, Bird and Reyes Stadium",16,13,71,9,21,6
5872,3362,2020-03-08,"Valdez, Parker and Williams Stadium",35,25,198,8,21,28
5873,221,2020-09-02,"Gutierrez, Alvarez and Ayala Stadium",128,10,115,5,7,17
5874,7973,2022-11-06,Taylor and Sons Stadium,21,16,105,5,24,21
5875,4302,2024-06-13,"Moran, Travis and Dunn Stadium",119,2,67,14,24,42
5876,5553,2025-12-17,Michael-Carroll Stadium,124,6,11,3,18,26
5877,7175,2020-06-28,Gardner Inc Stadium,43,28,151,3,6,38
5878,2268,2022-05-19,"Pearson, Huang and Wright Stadium",68,23,1,12,21,70
5879,2661,2020-11-01,Galvan-Aguirre Stadium,106,12,131,9,17,6
5880,914,2022-09-01,Bartlett-Rogers Stadium,24,29,22,10,6,15
5881,5421,2022-01-16,Campbell LLC Stadium,147,25,74,4,28,34
5882,6329,2021-06-11,Campbell Inc Stadium,31,14,160,12,17,63
5883,5769,2020-01-27,Alvarez Group Stadium,105,24,93,15,21,43
5884,1091,2024-02-15,Martinez-Gomez Stadium,9,3,128,11,14,33
5885,1828,2024-10-31,"Burns, Mitchell and Decker Stadium",39,2,186,5,0,50
5886,5978,2026-04-26,Clarke-Jones Stadium,23,29,198,8,17,77
5887,6488,2024-02-03,Price-Petty Stadium,42,9,52,6,24,65
5888,7491,2023-12-14,"Richmond, Moody and Mccormick Stadium",35,4,6,5,17,62
5889,2240,2025-01-29,Zuniga LLC Stadium,-5,18,55,8,21,32
5890,5317,2025-07-19,Griffin-Castillo Stadium,82,4,36,2,28,70
5891,8585,2020-03-06,"Fry, Charles and Hale Stadium",99,27,113,7,0,71
5892,8109,2021-02-17,Frazier LLC Stadium,69,12,82,12,6,62
5893,2173,2025-01-18,Coleman-Beard Stadium,5,21,52,6,17,27
5894,8535,2026-01-17,"Miller, Reid and Shepherd Stadium",-3,5,66,13,21,35
5895,5672,2024-07-20,Archer-King Stadium,72,0,183,11,21,60
5896,8633,2025-11-09,Lewis-Rodriguez Stadium,131,9,126,13,24,63
5897,4555,2023-10-18,"Perry, Jimenez and Chang Stadium",19,1,106,11,17,20
5898,6885,2024-06-21,"Jackson, Jensen and Austin Stadium",35,9,116,6,3,20
5899,65,2022-04-20,"Ross, Gonzales and Johnson Stadium",48,5,90,7,0,71
5900,6056,2023-08-08,Martin Ltd Stadium,50,30,60,8,7,34
5901,6077,2020-07-18,Poole Group Stadium,59,26,16,2,7,23
5902,46,2026-04-09,"Green, Mason and Torres Stadium",71,17,174,14,3,61
5903,7488,2026-03-17,"Baker, Hill and Deleon Stadium",136,28,133,5,3,47
5904,6014,2023-10-23,"Padilla, Alvarado and Irwin Stadium",-2,0,22,5,3,66
5905,7505,2025-08-29,Donovan and Sons Stadium,115,14,2,10,28,46
5906,1040,2024-08-21,"Cummings, Wells and Torres Stadium",39,10,70,3,24,29
5907,1212,2021-05-29,"Vaughan, Murphy and Pierce Stadium",45,10,5,13,0,52
5908,5346,2023-06-02,Pham-Daniel Stadium,139,5,131,9,3,72
5909,2804,2024-06-18,Ortiz PLC Stadium,15,18,128,2,21,74
5910,1069,2021-01-04,Murillo Ltd Stadium,32,16,132,6,14,16
5911,4869,2021-03-17,Fox and Sons Stadium,72,23,4,10,3,67
5912,3093,2023-07-12,Anderson Group Stadium,140,19,29,11,18,16
5913,2874,2021-02-26,"Higgins, Wheeler and Walker Stadium",16,16,133,0,28,23
5914,6950,2026-04-22,Rose-Dixon Stadium,71,3,39,3,7,5
5915,449,2025-08-23,Harmon Group Stadium,93,5,197,2,12,68
5916,5667,2022-02-11,"Delgado, Davis and Washington Stadium",15,18,104,11,0,78
5917,8551,2023-09-11,Duncan LLC Stadium,9,13,114,6,0,27
5918,4389,2025-07-23,Lucero LLC Stadium,48,15,10,2,7,31
5919,3312,2020-09-24,Richard-Whitaker Stadium,13,28,38,4,18,70
5920,5483,2025-10-06,"Zimmerman, Dudley and Martinez Stadium",68,15,24,9,21,8
5921,7061,2023-02-07,Scott LLC Stadium,59,16,180,8,18,61
5922,7923,2024-11-09,Valencia-Weiss Stadium,27,24,146,13,17,59
5923,1887,2022-09-26,Joseph PLC Stadium,86,5,127,14,24,80
5924,8434,2026-02-15,Brown-Maddox Stadium,147,0,154,13,6,34
5925,5082,2022-02-01,Fowler Ltd Stadium,144,4,133,7,7,48
5926,8524,2026-04-03,"Singh, Gonzalez and Francis Stadium",54,2,58,6,6,40
5927,188,2021-04-06,Avery PLC Stadium,14,7,110,13,14,73
5928,6808,2022-04-16,Kim-Cuevas Stadium,109,23,49,0,28,28
5929,1293,2021-03-05,Valentine-Wong Stadium,-3,6,52,13,18,61
5930,7946,2023-10-03,"Harris, Herrera and Barry Stadium",86,30,166,1,21,42
5931,6678,2023-12-24,Davidson-Garcia Stadium,138,16,89,9,28,74
5932,5757,2024-11-29,Elliott-Riley Stadium,107,6,99,11,24,33
5933,433,2024-12-13,"Garcia, Green and Knox Stadium",-1,21,75,2,3,60
5934,9683,2025-07-01,Phillips-Meyer Stadium,133,28,158,1,24,4
5935,9610,2022-10-29,Edwards-Kane Stadium,139,10,72,2,14,58
5936,1773,2024-08-21,"Watts, Hawkins and Hernandez Stadium",139,14,77,5,3,33
5937,2364,2024-11-11,Cox-Sutton Stadium,19,26,101,3,0,33
5938,1896,2022-05-29,Schwartz Group Stadium,108,4,181,5,18,35
5939,4812,2022-02-01,Curtis-Trujillo Stadium,125,19,19,10,18,71
5940,5094,2023-10-17,"Ochoa, Wilson and Summers Stadium",60,8,122,11,0,44
5941,48,2022-12-01,Jones Ltd Stadium,72,21,179,5,18,20
5942,6886,2024-02-06,Bell-Cox Stadium,55,27,72,3,3,76
5943,7925,2021-07-25,"Howard, Henson and Walker Stadium",46,30,65,14,18,76
5944,9838,2022-08-12,Johnson LLC Stadium,112,14,24,12,6,74
5945,7015,2023-09-06,"Johnson, Strickland and Larson Stadium",118,27,58,6,6,80
5946,3653,2023-01-25,Kelly-Hogan Stadium,79,8,134,0,3,73
5947,4161,2026-02-19,English and Sons Stadium,88,28,171,0,21,48
5948,6477,2020-05-07,Curtis-Daniels Stadium,111,8,63,2,6,77
5949,7148,2021-10-12,"Scott, Ali and Potter Stadium",-5,25,91,2,0,3
5950,6439,2022-04-19,"Lester, Gibson and Russell Stadium",140,5,169,13,0,54
5951,3602,2021-09-11,Edwards and Sons Stadium,100,16,117,9,7,11
5952,8895,2020-04-12,Rose and Sons Stadium,-2,19,190,6,24,70
5953,1038,2025-03-15,Rose-Hayes Stadium,96,24,137,3,17,59
5954,7916,2020-06-30,"Hill, Alvarez and Fletcher Stadium",126,10,55,6,7,5
5955,9619,2021-08-21,Abbott-Lucas Stadium,118,18,58,13,14,80
5956,4620,2022-07-07,Shepard-Cox Stadium,55,16,46,6,7,23
5957,8507,2025-05-27,"Gilbert, Martinez and Perez Stadium",56,30,36,5,17,37
5958,1049,2023-09-15,"Harrell, Jennings and Odonnell Stadium",34,5,46,11,28,41
5959,6565,2021-06-11,Hernandez-King Stadium,134,13,106,7,18,57
5960,9089,2022-06-20,Moore-Long Stadium,18,8,8,10,7,32
5961,6083,2023-03-21,"Mason, Mccoy and Strickland Stadium",110,7,61,14,28,74
5962,8513,2022-04-09,Castillo and Sons Stadium,93,21,65,7,12,21
5963,7389,2021-07-21,"Johnson, King and Bailey Stadium",64,21,109,13,18,22
5964,7020,2024-05-10,"Hale, Chapman and Foster Stadium",81,30,147,14,0,6
5965,5092,2020-12-02,Hall and Sons Stadium,116,13,46,8,0,61
5966,9514,2022-10-03,Henry-Baker Stadium,92,0,59,13,6,40
5967,2391,2021-09-29,Fields-Martinez Stadium,86,21,16,14,7,65
5968,678,2024-07-03,Willis-Wright Stadium,77,4,181,3,21,76
5969,3234,2021-01-15,Evans LLC Stadium,55,17,73,3,0,28
5970,4365,2022-02-26,"Rollins, Ramirez and Johnson Stadium",117,4,156,2,28,7
5971,3773,2022-02-28,Allen Group Stadium,148,26,35,3,17,45
5972,9010,2025-10-09,Johnson-Jarvis Stadium,18,29,83,15,14,1
5973,9630,2023-04-26,"Dougherty, Torres and Santos Stadium",14,9,187,5,17,69
5974,7034,2020-03-05,Stewart Ltd Stadium,142,1,71,2,14,64
5975,4653,2020-09-16,Williams-Long Stadium,26,15,25,7,24,31
5976,8308,2025-01-05,"Yu, Peterson and Martinez Stadium",98,6,14,10,18,9
5977,6030,2021-11-13,"Booth, Hoover and Conley Stadium",122,7,198,8,24,48
5978,299,2023-01-17,"Patterson, Estrada and Davis Stadium",115,3,181,5,14,79
5979,9921,2024-11-02,"Brennan, Adams and Garcia Stadium",68,25,91,4,3,20
5980,6241,2022-09-30,Mcintosh-Johnston Stadium,126,8,60,14,0,43
5981,5369,2022-12-20,James Ltd Stadium,127,28,23,6,6,54
5982,703,2021-06-08,Sanchez Group Stadium,147,22,126,3,3,73
5983,3992,2021-11-11,Wolf-Underwood Stadium,106,27,184,7,14,15
5984,6141,2024-06-22,"Sherman, Gill and Frank Stadium",21,2,144,0,18,58
5985,1769,2020-07-14,"Price, Jackson and White Stadium",63,15,30,10,7,21
5986,1481,2022-06-29,Morris PLC Stadium,94,2,166,13,12,38
5987,5982,2020-05-10,"Mcgee, Mccarthy and Morris Stadium",47,1,109,5,24,2
5988,2120,2024-03-19,"Johnson, Martinez and Perez Stadium",144,24,22,1,3,23
5989,3382,2021-09-21,Cooper Group Stadium,60,10,197,6,0,75
5990,690,2023-03-18,"Wood, Butler and Diaz Stadium",137,6,54,14,24,71
5991,9300,2023-12-02,Flynn PLC Stadium,139,17,196,11,14,45
5992,3533,2022-09-19,Martinez-Richards Stadium,78,25,81,0,6,76
5993,3689,2026-01-24,Webster-Gross Stadium,54,2,33,2,24,10
5994,1367,2022-01-26,Murray-Dickerson Stadium,126,16,129,11,28,58
5995,349,2025-09-08,"Hurley, Becker and Stewart Stadium",144,12,106,10,6,77
5996,5987,2025-12-21,Yates-Foster Stadium,118,19,91,2,0,78
5997,4365,2020-02-28,"Robles, Gonzales and Bennett Stadium",62,16,109,11,24,12
5998,3729,2023-06-02,Rodriguez Group Stadium,2,25,140,2,24,22
5999,8826,2021-02-21,Jones-Davis Stadium,125,4,29,14,7,25
6000,8501,2021-10-25,Jones-Mcgrath Stadium,128,15,126,15,17,64
6001,6200,2022-04-17,Stevenson Inc Stadium,50,28,40,4,18,10
6002,1785,2020-04-25,Howard Group Stadium,84,27,95,14,24,65
6003,607,2026-04-06,Jenkins LLC Stadium,66,23,175,1,14,63
6004,7973,2021-07-01,Macias LLC Stadium,140,23,159,1,21,43
6005,169,2025-06-05,Nelson-Roth Stadium,45,14,0,10,14,35
6006,9330,2020-06-10,Walsh-Thomas Stadium,25,19,163,3,3,50
6007,1760,2025-12-05,Scott Ltd Stadium,18,5,121,2,21,77
6008,2444,2024-12-07,Ramirez Group Stadium,84,1,73,11,28,35
6009,2208,2022-02-03,Anderson-Compton Stadium,128,17,155,8,24,18
6010,9267,2025-09-12,"Harmon, Brown and Holt Stadium",59,10,82,6,0,34
6011,1832,2025-11-12,Miranda PLC Stadium,145,29,46,12,24,39
6012,5536,2020-03-31,Burch Inc Stadium,96,29,2,2,24,14
6013,9280,2025-02-05,Mccarty-Stewart Stadium,95,27,24,7,6,47
6014,321,2020-02-23,"Mason, Dickerson and Wallace Stadium",-4,18,62,0,0,23
6015,249,2022-07-02,Weaver-Anderson Stadium,-4,30,67,0,12,56
6016,1059,2020-11-29,"Stephens, Ware and Harris Stadium",57,5,52,4,6,6
6017,2774,2020-11-02,Diaz-Valencia Stadium,21,7,185,2,6,23
6018,440,2026-01-25,"Taylor, Hartman and Stewart Stadium",138,5,154,7,14,31
6019,5427,2022-06-19,Hensley-Richmond Stadium,94,29,39,8,28,72
6020,1423,2025-06-06,"Whitehead, Liu and Jimenez Stadium",42,12,133,5,28,27
6021,1160,2020-04-16,Sawyer-Underwood Stadium,118,11,67,14,6,38
6022,4346,2025-01-14,Stewart-Kidd Stadium,104,28,171,10,24,74
6023,6766,2023-09-04,Fletcher PLC Stadium,143,4,172,6,3,71
6024,5671,2025-05-14,Smith-Lopez Stadium,102,17,13,4,18,20
6025,7962,2025-09-24,Murphy-Manning Stadium,56,20,36,9,24,2
6026,7347,2025-11-03,Smith-Porter Stadium,121,4,146,12,18,26
6027,8399,2022-10-13,Kim-Thompson Stadium,138,15,103,13,6,76
6028,1733,2024-12-24,Baker-Lynch Stadium,61,18,176,5,12,58
6029,864,2024-03-22,"Gonzalez, Pope and Nelson Stadium",52,2,1,9,0,35
6030,9095,2022-12-21,Richardson-Bradford Stadium,142,14,158,12,18,24
6031,3683,2022-07-15,"Mclaughlin, Hunter and Allen Stadium",41,25,66,14,0,16
6032,5121,2023-04-12,"Bennett, Clay and Morales Stadium",57,29,142,7,17,30
6033,8876,2025-12-22,"Gutierrez, Johnson and Powell Stadium",42,7,117,14,3,74
6034,443,2022-08-30,Watkins Group Stadium,12,20,152,10,12,76
6035,6248,2024-04-11,"Rivera, Warren and Bates Stadium",66,25,197,4,0,46
6036,5011,2024-04-15,Callahan-Poole Stadium,135,1,35,13,24,79
6037,3916,2024-05-12,Haynes PLC Stadium,107,9,57,13,6,9
6038,2751,2023-12-12,Ryan-Sanders Stadium,59,21,144,0,18,22
6039,5741,2023-05-28,Carpenter-Patton Stadium,31,24,162,9,28,20
6040,9278,2024-08-30,"Salazar, Wong and Lewis Stadium",102,28,169,14,24,58
6041,941,2020-11-22,"Bowers, Hall and Malone Stadium",37,1,68,4,12,59
6042,4810,2020-01-14,Avila-Guzman Stadium,109,19,42,9,24,35
6043,9644,2021-08-03,Hernandez Group Stadium,121,18,199,12,28,32
6044,4317,2025-01-05,"Diaz, Vaughn and Guerra Stadium",74,23,88,13,21,75
6045,1319,2023-07-10,Beasley-Smith Stadium,78,7,162,2,3,67
6046,6856,2025-11-26,Jackson and Sons Stadium,61,1,66,8,6,30
6047,2737,2024-03-30,Howell-Carr Stadium,99,23,126,6,12,65
6048,6286,2020-10-14,Thompson Ltd Stadium,64,12,10,3,12,37
6049,9158,2025-02-26,"Wiggins, Casey and Soto Stadium",145,11,66,12,3,40
6050,3416,2023-01-19,Mooney-Webb Stadium,26,15,152,5,0,9
6051,4855,2024-08-14,Crosby-Ramirez Stadium,102,30,74,2,6,45
6052,7885,2022-03-14,Miller LLC Stadium,8,16,111,0,0,70
6053,3251,2023-11-05,Allen and Sons Stadium,78,12,97,12,7,7
6054,6948,2026-03-29,"Brown, Turner and Wong Stadium",10,17,9,15,7,17
6055,6094,2022-04-24,"Rice, Johnson and Mitchell Stadium",0,21,107,6,3,56
6056,528,2025-01-30,Jackson LLC Stadium,60,17,158,10,6,37
6057,9628,2024-07-25,Clark Group Stadium,33,4,94,6,12,34
6058,7045,2025-05-17,"Lee, Brown and Jackson Stadium",32,22,136,3,14,61
6059,8762,2025-05-15,Graham-Baker Stadium,136,7,186,3,0,25
6060,7856,2021-01-17,Thompson-Fletcher Stadium,98,2,32,5,21,1
6061,4750,2024-01-09,"Bishop, Singleton and Harris Stadium",146,15,162,5,12,26
6062,958,2021-10-16,Hill LLC Stadium,109,23,155,14,12,7
6063,3847,2021-08-10,Mason-Washington Stadium,145,1,161,10,21,61
6064,8161,2024-11-22,"Wright, Steele and Day Stadium",116,13,198,9,24,34
6065,1352,2022-01-24,"Mcconnell, Harrington and Ray Stadium",45,11,120,7,21,30
6066,6415,2025-08-28,Guzman-Lucas Stadium,111,8,170,3,0,66
6067,7040,2025-08-11,"Sparks, Mccormick and Lopez Stadium",8,8,61,3,12,42
6068,2551,2021-02-27,"Bennett, Valencia and Mendez Stadium",62,22,153,0,7,61
6069,7631,2023-07-14,Murphy-Graham Stadium,51,24,51,10,17,61
6070,5102,2020-09-27,"Ward, Williams and Johnson Stadium",108,1,164,10,28,54
6071,9983,2025-02-19,"Lee, Hammond and James Stadium",8,17,71,15,3,73
6072,613,2022-11-04,Nichols-Evans Stadium,147,18,104,2,21,5
6073,284,2025-10-11,Walsh and Sons Stadium,77,1,112,9,17,52
6074,7722,2025-04-23,"Marsh, Green and Pierce Stadium",85,8,123,10,17,27
6075,5244,2026-03-31,Myers-Combs Stadium,141,0,132,3,7,34
6076,6777,2024-08-22,"Harris, Lopez and Gonzalez Stadium",14,13,132,13,7,1
6077,174,2026-03-21,"Smith, Hatfield and Brock Stadium",118,28,187,4,0,80
6078,7378,2026-02-18,Dennis-Phillips Stadium,106,16,186,10,24,13
6079,1963,2022-06-09,Douglas-Cortez Stadium,87,25,196,5,7,39
6080,4365,2025-03-17,Smith Group Stadium,58,1,115,14,12,21
6081,8366,2021-10-04,Downs and Sons Stadium,106,13,107,0,28,61
6082,771,2021-03-05,Sanchez-Ramirez Stadium,53,12,7,11,18,22
6083,1326,2022-08-31,Douglas-Malone Stadium,145,21,191,4,3,34
6084,303,2021-05-23,"Jones, Taylor and Harris Stadium",17,19,145,3,14,3
6085,8412,2020-07-17,"Bowman, Jones and Nicholson Stadium",132,28,14,4,3,41
6086,1331,2025-05-03,Kim Group Stadium,1,8,185,13,28,80
6087,6676,2024-07-20,Johnson Group Stadium,101,4,79,4,12,22
6088,450,2025-07-14,Sullivan Group Stadium,85,25,38,12,28,40
6089,67,2021-10-06,Garcia and Sons Stadium,26,29,98,9,24,67
6090,5436,2024-04-25,Doyle PLC Stadium,9,20,127,15,17,52
6091,4659,2024-07-25,Haley Inc Stadium,101,22,78,12,24,62
6092,902,2023-02-01,Evans-Sanchez Stadium,12,29,52,14,28,25
6093,1338,2024-12-27,Johnson and Sons Stadium,-3,25,157,8,17,60
6094,8355,2021-11-14,"Walker, Thompson and Baker Stadium",55,17,147,14,18,30
6095,9944,2023-05-02,"Roberts, Berger and Olson Stadium",32,25,150,6,21,77
6096,734,2022-07-14,"Baxter, Brown and Rowe Stadium",129,8,89,15,24,29
6097,7133,2025-04-15,"Reed, Mccoy and Compton Stadium",85,21,4,8,3,70
6098,852,2020-09-22,Hodges LLC Stadium,55,16,136,4,12,18
6099,8293,2020-08-22,"Cobb, Patterson and Pratt Stadium",66,16,104,12,3,38
6100,4737,2022-09-12,Morris-Brown Stadium,12,19,35,0,6,55
6101,3346,2021-04-06,Martin Group Stadium,1,27,200,0,18,42
6102,2770,2023-10-27,Webster-Barton Stadium,137,30,44,7,24,66
6103,6631,2021-01-11,"Davis, Miller and Greer Stadium",53,15,116,13,0,51
6104,5557,2024-02-05,Morrison Inc Stadium,50,8,60,13,7,13
6105,8608,2026-01-05,Young Group Stadium,105,10,26,10,0,12
6106,52,2022-01-10,Garcia-Pitts Stadium,127,2,110,6,12,60
6107,3283,2025-02-14,Suarez PLC Stadium,150,12,95,2,14,28
6108,9324,2025-09-12,"Thomas, Grimes and Williams Stadium",123,13,96,9,18,26
6109,8377,2022-05-09,"Hodge, Barnes and Coleman Stadium",66,9,141,9,18,37
6110,787,2025-10-21,Sanchez-Gonzalez Stadium,124,8,80,9,7,5
6111,9299,2021-09-21,Howard-Bell Stadium,44,18,80,15,6,29
6112,5115,2020-10-27,Orozco Group Stadium,117,29,2,15,7,34
6113,3600,2023-11-10,Hensley Inc Stadium,124,15,78,13,14,14
6114,5741,2022-02-01,Mcdonald-Griffith Stadium,19,1,150,11,28,28
6115,7618,2023-02-19,Mcgee Group Stadium,-1,23,69,5,6,28
6116,3074,2020-09-26,Morrison PLC Stadium,82,0,74,15,28,24
6117,9732,2021-09-01,Washington-Guzman Stadium,101,23,2,15,18,17
6118,3524,2022-01-06,Curtis-Williams Stadium,2,29,40,3,0,16
6119,6223,2020-07-18,Castro Group Stadium,23,9,35,12,12,13
6120,6565,2026-04-20,Carter PLC Stadium,-2,18,113,11,3,20
6121,7252,2024-03-07,"Barron, Pittman and Scott Stadium",-1,28,106,9,17,34
6122,6354,2025-05-24,Thomas-Wilson Stadium,79,14,151,4,7,52
6123,4965,2023-10-14,Li-Martinez Stadium,115,21,175,2,21,67
6124,2122,2022-05-02,"Williams, Norton and Lewis Stadium",68,25,144,0,12,26
6125,55,2026-03-30,Christian and Sons Stadium,14,4,23,8,28,37
6126,8669,2020-06-28,Stevenson LLC Stadium,36,4,186,7,12,38
6127,927,2023-06-12,Torres-Cline Stadium,145,8,17,2,24,58
6128,1855,2020-07-29,Combs Inc Stadium,89,8,91,14,17,63
6129,5930,2022-01-22,"Ramirez, Jones and Burch Stadium",61,12,47,15,12,77
6130,6027,2024-07-12,"Henry, Stephens and Walker Stadium",138,25,20,3,28,18
6131,8969,2022-08-19,"Jennings, Sanchez and Martinez Stadium",142,29,29,8,7,24
6132,3242,2023-05-07,"Short, Dawson and Martinez Stadium",31,12,64,8,28,76
6133,8204,2024-10-17,Anderson-Reed Stadium,76,24,23,11,24,11
6134,8823,2022-01-14,Curtis-Macdonald Stadium,29,9,26,11,17,50
6135,5028,2026-03-25,"Ballard, Moreno and Wilson Stadium",16,5,47,13,18,25
6136,5234,2024-07-11,Newman-Duffy Stadium,41,19,17,9,12,72
6137,1140,2025-07-02,"Doyle, Harris and Henderson Stadium",142,26,126,9,17,76
6138,7274,2023-05-20,Gonzalez-Potts Stadium,23,23,141,4,0,17
6139,6488,2024-07-21,"Gamble, Robertson and Clark Stadium",79,11,56,4,6,38
6140,983,2024-06-01,Scott-Clark Stadium,12,1,160,10,28,10
6141,4860,2025-11-03,Rice-Lucas Stadium,128,6,161,2,12,29
6142,4446,2025-06-12,"Young, Daniels and Cantrell Stadium",78,12,37,6,0,12
6143,2163,2021-03-04,Small PLC Stadium,146,28,187,14,12,62
6144,2759,2024-09-06,Stein Group Stadium,73,11,160,14,18,79
6145,7843,2024-10-29,"Taylor, Torres and Thomas Stadium",110,9,159,0,14,19
6146,7948,2020-09-07,Roberts LLC Stadium,142,20,54,4,12,38
6147,4282,2025-02-20,"James, Hendricks and Fisher Stadium",43,16,45,12,17,42
6148,84,2020-02-22,Garza-Wilkins Stadium,139,29,103,3,24,31
6149,9971,2023-03-25,Vasquez Ltd Stadium,19,13,89,5,6,19
6150,8625,2022-09-06,"Thornton, Pham and Henry Stadium",64,3,192,9,14,73
6151,8101,2022-10-22,"Yates, Bond and Richardson Stadium",106,24,63,13,17,60
6152,5324,2022-11-21,"Barnett, Powell and Wright Stadium",25,29,200,0,0,2
6153,8985,2024-02-19,Beasley-Stewart Stadium,1,21,120,1,3,30
6154,9141,2026-01-28,Ibarra-Davis Stadium,109,9,136,8,18,69
6155,2578,2023-07-01,"Jackson, Phillips and Perez Stadium",95,6,153,1,18,70
6156,3093,2020-09-13,Wood Ltd Stadium,110,2,15,14,14,10
6157,4444,2023-12-30,Cole and Sons Stadium,78,18,71,7,3,29
6158,9239,2025-05-25,"Brown, Alvarez and Davies Stadium",58,11,88,13,0,21
6159,4682,2023-03-02,Lane LLC Stadium,39,7,8,9,12,60
6160,5180,2020-02-24,Baker-Randall Stadium,51,30,200,3,12,10
6161,9738,2025-01-29,Yu-Sims Stadium,109,23,91,8,7,15
6162,4468,2023-06-19,"Powell, Powers and Reynolds Stadium",36,12,188,2,24,53
6163,9308,2025-05-13,Edwards-Terry Stadium,8,9,62,12,6,35
6164,7243,2021-02-01,Delacruz-Moore Stadium,-5,0,106,7,18,8
6165,3167,2023-09-17,Davenport Inc Stadium,130,2,110,11,21,69
6166,5468,2025-07-10,Duncan Ltd Stadium,2,24,98,1,14,6
6167,9607,2021-01-31,Stone-Mcknight Stadium,68,6,129,5,21,8
6168,9273,2020-03-27,Reid-Reeves Stadium,81,9,110,14,0,74
6169,9043,2025-06-28,Fields Ltd Stadium,53,17,79,1,21,29
6170,6136,2026-04-15,Smith-Archer Stadium,121,4,79,10,18,13
6171,6856,2026-02-20,"Bernard, Jones and Clarke Stadium",101,21,124,8,12,49
6172,9552,2021-05-02,Garcia-Marquez Stadium,29,12,38,8,3,31
6173,5873,2024-09-17,Dickerson-Martin Stadium,128,12,35,11,6,26
6174,4935,2020-11-04,"Mccarty, Green and Henderson Stadium",45,21,17,6,17,20
6175,9785,2022-02-09,Johnson-Hinton Stadium,59,11,39,12,12,51
6176,2004,2024-01-28,Medina-Yates Stadium,72,1,168,9,28,24
6177,8511,2022-08-11,Nelson-Gould Stadium,33,8,190,2,14,71
6178,8802,2021-10-21,"Anderson, Holloway and Carter Stadium",88,11,77,12,21,14
6179,4489,2022-05-22,Wong and Sons Stadium,83,25,130,13,18,12
6180,6410,2023-06-05,Chavez-Rhodes Stadium,69,24,184,5,21,66
6181,1376,2023-07-13,Donovan-Page Stadium,60,24,141,11,12,48
6182,5701,2021-11-20,Gregory LLC Stadium,113,20,134,3,14,8
6183,1785,2024-02-23,Davis Group Stadium,12,10,119,2,18,1
6184,7051,2021-09-14,"Hale, Johnston and Banks Stadium",107,2,4,6,12,3
6185,7585,2023-10-11,Duarte Inc Stadium,25,2,178,2,14,22
6186,3576,2020-07-28,Williams-Tyler Stadium,43,24,61,11,7,31
6187,5756,2021-08-17,"Smith, Perry and Lara Stadium",110,16,123,7,12,23
6188,6095,2023-04-14,"Mann, Martinez and Randolph Stadium",73,8,183,1,14,46
6189,2078,2023-01-11,"Gonzalez, Conley and Burns Stadium",28,21,97,8,21,37
6190,8459,2024-06-05,Alexander Group Stadium,140,24,25,10,3,49
6191,3337,2025-02-22,Smith-Dixon Stadium,144,5,128,9,21,76
6192,8368,2022-03-29,Brady and Sons Stadium,133,30,2,8,21,58
6193,8240,2025-11-26,Ross LLC Stadium,2,1,197,9,17,68
6194,9022,2021-01-13,Moore-Davila Stadium,76,3,42,9,12,12
6195,1920,2024-11-01,Jones and Sons Stadium,84,25,176,3,0,1
6196,2112,2020-02-02,Burke Group Stadium,48,21,199,5,17,2
6197,1177,2022-11-10,Thomas-Anderson Stadium,99,6,16,6,18,7
6198,1580,2025-09-22,"Copeland, Jackson and Moreno Stadium",148,23,109,12,14,34
6199,9434,2026-03-14,Kane-Aguilar Stadium,27,16,82,13,18,47
6200,1139,2025-03-30,Wolf-Crawford Stadium,92,20,146,11,17,53
6201,140,2024-12-19,Perez-Martin Stadium,27,30,69,10,12,36
6202,6462,2024-02-23,Burns-Kim Stadium,150,20,136,6,12,7
6203,7639,2020-06-25,"Robinson, Kline and Alvarez Stadium",103,9,111,8,6,80
6204,362,2026-03-06,Watson Inc Stadium,43,0,73,9,7,26
6205,503,2021-05-14,Richardson PLC Stadium,19,23,143,1,0,38
6206,4849,2021-01-26,Powers-Stewart Stadium,110,27,190,5,7,34
6207,6499,2022-08-31,"Velez, Hall and Lewis Stadium",-3,15,31,7,18,29
6208,8781,2023-09-23,Decker Inc Stadium,18,1,184,3,7,3
6209,5132,2020-08-29,"Sanders, Davis and Weber Stadium",17,18,143,11,18,69
6210,816,2022-07-27,Brown-Johnson Stadium,48,21,25,1,24,66
6211,9704,2021-07-13,Williams PLC Stadium,1,1,42,12,0,7
6212,2571,2021-04-29,Swanson and Sons Stadium,20,25,132,0,14,55
6213,4027,2021-06-20,"Hamilton, Christian and Cole Stadium",148,26,129,6,24,48
6214,5811,2020-03-20,Tran-Williams Stadium,22,15,57,1,3,70
6215,7007,2020-11-19,Diaz Inc Stadium,45,7,81,15,12,66
6216,6058,2023-01-01,"Guerra, Nielsen and Buchanan Stadium",60,11,95,6,12,70
6217,9659,2025-11-06,Moyer and Sons Stadium,53,13,58,12,6,66
6218,7765,2021-09-04,Johnson PLC Stadium,28,8,122,4,3,22
6219,4635,2026-02-02,Stevens Ltd Stadium,117,5,56,7,24,17
6220,7998,2024-04-04,"Coleman, Washington and Robinson Stadium",-1,2,127,12,24,40
6221,8939,2025-07-29,Daniels-York Stadium,48,9,31,13,21,12
6222,8813,2025-10-03,Higgins-Bennett Stadium,14,2,124,9,12,64
6223,471,2021-11-18,Robinson-Tran Stadium,92,8,139,4,0,1
6224,4775,2026-02-21,"Fields, Lewis and Jones Stadium",127,4,185,15,3,58
6225,4747,2023-10-05,"Reed, Lee and Horton Stadium",138,14,5,15,0,24
6226,9004,2021-09-02,"Bennett, Washington and Blair Stadium",89,24,63,14,12,37
6227,8871,2023-01-13,Nguyen-Parsons Stadium,150,10,69,3,6,9
6228,4423,2025-06-12,Rodriguez-Bryan Stadium,29,10,30,1,6,37
6229,1987,2023-10-12,Holloway-Moore Stadium,125,2,99,0,17,59
6230,8699,2021-07-22,"Zhang, Lee and Guzman Stadium",133,3,32,7,28,41
6231,1221,2022-12-10,Scott Ltd Stadium,98,8,52,9,0,15
6232,1037,2025-09-11,Johnson Group Stadium,21,30,144,9,17,63
6233,8732,2025-06-10,"Hernandez, Campbell and Jensen Stadium",128,28,197,7,12,50
6234,7216,2023-03-07,Morrow Ltd Stadium,70,5,117,13,0,61
6235,6613,2026-04-24,Fleming PLC Stadium,58,20,58,15,17,28
6236,8805,2023-10-16,Bowman-Miller Stadium,59,30,38,15,14,16
6237,5726,2020-07-25,Cisneros Group Stadium,61,20,180,7,7,49
6238,7723,2023-11-24,"Ibarra, Gates and Anderson Stadium",115,25,57,0,28,10
6239,4300,2026-01-05,James LLC Stadium,67,17,120,11,3,63
6240,7762,2020-09-19,"Davidson, Anderson and Fernandez Stadium",22,30,34,0,14,39
6241,9107,2025-08-23,"Robinson, Mercer and Reyes Stadium",112,4,143,13,6,80
6242,7214,2021-12-10,"Johnson, Robinson and Bush Stadium",121,28,110,5,0,70
6243,1457,2021-05-05,"Tucker, Richardson and Townsend Stadium",91,1,84,11,17,15
6244,3677,2021-02-20,Ramos-Espinoza Stadium,58,19,166,7,21,76
6245,6257,2026-02-14,Braun Ltd Stadium,0,26,193,14,7,22
6246,2042,2024-02-19,Gregory Ltd Stadium,7,22,133,15,21,22
6247,4474,2021-10-07,Brown LLC Stadium,23,14,171,3,7,27
6248,4723,2023-05-02,Hunt Inc Stadium,-3,3,18,11,6,33
6249,6421,2024-03-24,Holloway Ltd Stadium,70,20,132,12,6,38
6250,808,2020-02-20,Rasmussen-Ortiz Stadium,80,3,118,6,24,15
6251,8237,2024-09-17,Smith LLC Stadium,42,28,193,3,3,71
6252,8149,2020-10-02,Zimmerman-Velasquez Stadium,133,26,18,10,3,73
6253,9,2021-02-21,"Gonzalez, Ware and Alvarez Stadium",111,23,149,11,7,76
6254,8620,2022-12-29,"Osborne, White and Williams Stadium",106,24,154,13,0,74
6255,5129,2022-09-01,Thomas-Tran Stadium,60,7,145,14,14,69
6256,8270,2025-05-13,Dudley LLC Stadium,103,29,56,1,28,61
6257,5171,2023-08-03,Johnson-Erickson Stadium,106,9,145,0,0,41
6258,1199,2024-02-11,"Wilkins, Murillo and Baird Stadium",91,21,2,0,7,72
6259,3162,2021-11-28,"Gonzalez, Jones and Dominguez Stadium",146,3,49,10,17,20
6260,7226,2025-06-13,Chandler Ltd Stadium,121,0,41,4,28,29
6261,3017,2023-08-14,"Wilson, Brown and Hernandez Stadium",46,15,166,12,7,41
6262,4480,2020-12-16,Duran-Miller Stadium,96,9,181,0,28,74
6263,8058,2024-10-25,"Bryan, Wallace and Kelly Stadium",39,5,171,5,14,69
6264,273,2023-10-02,Bryant Group Stadium,6,29,2,3,18,80
6265,4045,2020-01-23,Santos-Farmer Stadium,128,24,130,14,3,49
6266,5465,2025-02-22,Acosta Ltd Stadium,52,12,105,7,14,29
6267,2733,2023-10-26,Torres PLC Stadium,8,22,148,10,7,26
6268,620,2022-10-01,"Buchanan, Hansen and Russell Stadium",22,27,127,9,24,23
6269,2834,2022-07-23,"Burnett, Lewis and Lopez Stadium",137,5,0,0,21,75
6270,5697,2020-09-01,Barnes-Martin Stadium,134,17,40,11,0,25
6271,9485,2020-01-24,Ramsey-Clements Stadium,146,26,26,0,3,62
6272,7103,2021-10-29,Sims-Ritter Stadium,21,28,106,1,18,44
6273,5901,2023-02-26,Garcia-Durham Stadium,29,5,113,14,28,71
6274,6062,2021-08-26,Simon-Wolf Stadium,13,4,117,5,12,80
6275,2458,2020-10-04,Mcdaniel-Moore Stadium,137,8,110,0,6,57
6276,7132,2024-09-30,Miller-Fisher Stadium,45,6,30,4,17,58
6277,8104,2023-05-19,Ross and Sons Stadium,12,25,20,4,28,5
6278,5053,2025-07-06,Zimmerman Group Stadium,84,3,110,14,3,25
6279,3444,2020-08-25,Delgado-Bailey Stadium,85,8,4,9,0,19
6280,1974,2025-12-23,"Villegas, Bush and Moss Stadium",96,14,27,12,3,33
6281,7300,2022-10-21,Collins-Dudley Stadium,69,4,175,13,24,43
6282,5924,2024-11-03,"Roberts, Johnson and Wilkerson Stadium",60,14,156,12,17,66
6283,1008,2023-09-20,Weaver-Graham Stadium,44,5,66,6,24,19
6284,4557,2023-12-27,"Jackson, Torres and Frederick Stadium",28,27,107,5,3,29
6285,4602,2025-03-05,"Mcguire, Gonzales and Morris Stadium",93,24,149,9,6,24
6286,6204,2021-10-09,Avila and Sons Stadium,144,30,140,9,18,62
6287,6151,2021-04-22,"Buchanan, Black and Harrison Stadium",95,29,89,13,24,70
6288,7053,2024-12-11,Ramos Ltd Stadium,124,26,16,5,24,25
6289,258,2021-08-28,"Rocha, Wheeler and Waters Stadium",135,29,137,5,24,78
6290,2543,2025-08-13,Blackwell-Stephens Stadium,37,17,100,12,14,64
6291,367,2021-05-08,Smith PLC Stadium,82,29,23,11,14,44
6292,6038,2020-01-04,Austin Group Stadium,57,0,49,3,14,46
6293,4540,2024-03-13,"Lee, Petersen and Foster Stadium",114,19,42,6,17,14
6294,5524,2025-04-27,Holmes and Sons Stadium,137,0,103,3,7,12
6295,5299,2022-07-27,Banks-Taylor Stadium,88,21,67,10,12,24
6296,5684,2021-08-20,Davis-Lloyd Stadium,87,27,107,12,28,52
6297,4358,2022-01-13,Long Ltd Stadium,86,21,116,7,17,66
6298,1041,2026-02-06,Cole-Thompson Stadium,97,12,179,1,21,35
6299,88,2024-05-07,"Vazquez, Ramirez and Murray Stadium",-4,12,133,14,17,70
6300,8717,2026-02-07,"Garner, Gomez and Clark Stadium",141,5,52,1,0,16
6301,569,2022-10-25,"Herring, Davis and Martin Stadium",75,25,95,7,7,63
6302,3810,2023-05-23,Graham LLC Stadium,34,24,59,10,12,21
6303,6286,2024-03-11,"Burgess, Hester and Todd Stadium",35,6,15,12,24,14
6304,7233,2025-03-09,"Young, Lewis and Campos Stadium",20,9,169,14,24,25
6305,4794,2024-01-11,Williams-Lin Stadium,16,1,96,6,24,31
6306,4135,2023-11-18,"Gutierrez, Tran and Marshall Stadium",6,25,175,15,17,9
6307,2361,2020-08-29,Hays-Robinson Stadium,50,17,13,9,21,48
6308,8793,2024-10-09,Garcia-Gardner Stadium,102,10,48,10,24,35
6309,3230,2021-11-04,"Rhodes, Morrison and Arias Stadium",110,1,188,1,7,18
6310,1921,2024-07-14,"Davis, Hodge and Thomas Stadium",108,29,183,3,3,21
6311,8953,2021-11-21,Johnston Inc Stadium,15,17,173,3,0,18
6312,7494,2025-07-18,Foster-Leblanc Stadium,16,0,35,6,0,41
6313,5860,2020-09-14,"Johnson, Cuevas and Shea Stadium",2,15,162,0,28,22
6314,3196,2022-01-22,Rivera PLC Stadium,33,4,18,15,12,18
6315,5508,2020-02-15,Anderson PLC Stadium,124,3,44,13,21,73
6316,6002,2020-10-29,"Stone, Johnson and Love Stadium",0,23,188,12,14,80
6317,5264,2020-11-01,"Martin, Smith and Lowe Stadium",77,30,158,9,28,15
6318,8676,2021-03-25,Moore Inc Stadium,24,12,68,7,3,69
6319,2228,2024-12-02,Herrera Inc Stadium,83,17,175,2,24,9
6320,1065,2020-06-01,Kim-Heath Stadium,68,2,79,11,6,28
6321,1523,2022-11-25,Costa-Salinas Stadium,121,29,106,11,18,53
6322,4051,2022-01-03,"Rice, Fernandez and Holt Stadium",72,21,200,4,6,32
6323,460,2023-10-09,Pierce-Clark Stadium,70,24,103,9,18,41
6324,1303,2021-04-09,Espinoza-Rodgers Stadium,143,2,163,10,21,60
6325,7526,2020-04-19,Kennedy-Dickerson Stadium,70,22,58,4,28,75
6326,8210,2025-05-12,Hill-Johnson Stadium,150,24,165,3,17,68
6327,8942,2022-09-21,"Anderson, Andersen and Day Stadium",9,7,120,2,18,37
6328,4998,2025-03-15,"Fleming, Sellers and Mckinney Stadium",112,8,159,11,21,80
6329,7914,2020-09-03,Fowler LLC Stadium,91,12,97,15,7,58
6330,6449,2023-07-26,"Delgado, Santiago and Brown Stadium",145,30,52,0,14,65
6331,7970,2025-08-04,"Petty, Griffin and Walters Stadium",16,17,197,0,21,43
6332,3546,2023-03-22,Horn Group Stadium,53,5,138,3,6,64
6333,6858,2022-05-30,"Wilson, Roman and Cooper Stadium",-1,11,90,7,28,47
6334,4545,2024-10-02,Petty Group Stadium,106,13,123,11,7,70
6335,6174,2020-09-29,Ford-Bush Stadium,94,5,22,13,6,18
6336,3356,2023-08-25,Dixon and Sons Stadium,117,14,91,9,17,48
6337,1546,2020-01-29,Alexander-Barber Stadium,142,7,136,7,28,53
6338,4763,2021-04-15,Dawson-Lyons Stadium,130,3,109,4,12,50
6339,2102,2025-02-02,"Thompson, Pittman and Weber Stadium",103,21,124,6,3,6
6340,8105,2022-08-30,Fletcher PLC Stadium,18,5,157,1,28,71
6341,373,2023-08-10,Morris Ltd Stadium,0,23,175,4,0,21
6342,5697,2024-03-09,James-Green Stadium,62,4,20,8,21,64
6343,5996,2025-01-04,"Cook, Payne and Watkins Stadium",65,12,70,3,6,47
6344,490,2021-11-18,Parks-Taylor Stadium,7,0,116,1,12,12
6345,2450,2021-09-25,"Moore, Perez and Boyd Stadium",141,28,107,15,6,44
6346,1271,2021-07-26,"Williams, Luna and Sharp Stadium",18,28,135,8,14,19
6347,4181,2022-08-14,Moran-Jones Stadium,28,27,108,15,3,55
6348,3436,2025-04-05,"Lynn, Barrett and Walters Stadium",85,14,169,11,3,62
6349,3541,2022-09-13,Kane-Banks Stadium,88,26,106,12,6,29
6350,169,2023-07-27,Vasquez Group Stadium,124,14,16,5,24,27
6351,9847,2023-08-09,Johnson PLC Stadium,113,22,22,7,21,30
6352,4799,2022-05-23,Kelly-Taylor Stadium,142,7,102,11,18,15
6353,9754,2021-10-07,Cook-Howell Stadium,21,24,86,14,12,68
6354,4634,2021-12-06,"Craig, Miller and Jones Stadium",60,13,200,15,7,31
6355,2545,2025-11-03,Bond-Anderson Stadium,111,29,105,15,14,13
6356,7244,2021-10-06,"Cox, Maldonado and West Stadium",81,8,30,15,7,13
6357,3264,2023-10-19,Jacobson LLC Stadium,25,3,52,3,6,80
6358,4570,2021-09-14,"Brown, Gray and Doyle Stadium",102,13,163,15,12,33
6359,9749,2020-02-16,Morrow-Stone Stadium,26,30,128,5,28,64
6360,9411,2021-03-19,"Callahan, Joyce and Gonzalez Stadium",64,9,118,4,3,2
6361,1538,2022-08-12,"Moore, Nelson and Chapman Stadium",65,12,110,2,7,63
6362,2866,2021-01-09,Castro-Reynolds Stadium,123,2,78,6,18,78
6363,627,2026-02-17,Walker and Sons Stadium,62,4,1,12,0,76
6364,9379,2021-08-24,Holmes Ltd Stadium,101,16,158,12,14,74
6365,3707,2024-06-03,"Brown, Lopez and Noble Stadium",92,24,32,1,18,51
6366,7229,2023-11-22,Rush Inc Stadium,18,18,1,2,17,63
6367,2569,2024-09-13,"Hensley, Phillips and Tran Stadium",95,4,167,8,21,44
6368,9133,2025-11-23,Nixon LLC Stadium,50,30,88,1,14,25
6369,9265,2022-11-09,Fry Ltd Stadium,81,4,190,4,14,43
6370,2685,2022-07-02,Dalton Group Stadium,148,20,136,2,0,69
6371,6230,2024-07-23,Harris-May Stadium,112,2,174,11,6,10
6372,6854,2025-10-22,Gill and Sons Stadium,133,9,58,2,0,15
6373,9118,2022-11-16,Turner-Meyer Stadium,133,19,177,0,17,21
6374,2330,2022-02-19,"Robles, Dominguez and Benson Stadium",46,18,68,12,24,34
6375,2332,2021-07-20,Meadows Group Stadium,99,12,164,12,18,75
6376,3302,2026-03-16,Adams Group Stadium,144,19,93,6,7,65
6377,7928,2020-03-23,Turner and Sons Stadium,32,4,170,1,6,23
6378,7009,2022-10-02,Kemp-Gonzalez Stadium,50,14,23,1,21,45
6379,7069,2023-11-30,"Terry, Wilson and Russell Stadium",29,12,163,13,18,21
6380,998,2024-01-26,Morse-Hill Stadium,80,3,7,12,14,48
6381,9809,2024-10-09,Bailey-Young Stadium,60,18,30,14,0,60
6382,7237,2020-10-02,Terrell Ltd Stadium,89,26,124,11,24,64
6383,4267,2020-03-19,Richardson-George Stadium,98,6,108,11,0,73
6384,9587,2025-12-17,Atkinson-Castillo Stadium,58,3,153,4,14,44
6385,333,2021-05-20,"Carter, Neal and Watson Stadium",15,4,94,3,14,63
6386,7144,2021-08-31,Stewart Inc Stadium,113,26,151,10,12,80
6387,1305,2024-03-19,Jackson Inc Stadium,117,26,108,15,7,5
6388,774,2025-12-23,Randall Inc Stadium,127,4,155,8,7,67
6389,3170,2024-05-13,"Johnson, Gallagher and Harrington Stadium",78,9,89,9,0,33
6390,7800,2022-06-18,Klein Inc Stadium,132,29,193,12,3,43
6391,1716,2020-08-04,Day Inc Stadium,127,25,84,15,28,16
6392,9307,2024-02-10,"Murphy, Holmes and Garcia Stadium",136,29,24,5,14,41
6393,107,2022-12-08,Young LLC Stadium,42,9,157,7,12,51
6394,3206,2022-07-08,Hooper-Bush Stadium,-1,24,153,8,17,27
6395,8327,2021-06-19,Lynch PLC Stadium,63,9,72,7,28,43
6396,8798,2023-11-22,Martin-Molina Stadium,105,5,48,2,0,70
6397,6690,2024-06-18,Price and Sons Stadium,91,9,124,11,14,33
6398,1890,2025-12-21,Riley Group Stadium,107,8,127,3,28,50
6399,8738,2025-10-14,Harris PLC Stadium,148,24,5,6,28,11
6400,2516,2022-03-18,Walker PLC Stadium,31,5,6,15,12,47
6401,4010,2020-03-17,"Walker, Strickland and Hall Stadium",38,5,176,7,21,15
6402,4676,2022-02-23,Hinton-Little Stadium,73,19,56,4,18,17
6403,7649,2023-04-25,"Osborne, Phillips and Barrera Stadium",7,30,57,10,24,57
6404,9587,2022-07-04,Thornton Ltd Stadium,140,4,125,4,6,52
6405,1923,2022-03-27,Vaughn Group Stadium,40,3,143,3,18,73
6406,5272,2023-11-28,Powell-Moore Stadium,17,23,158,0,17,36
6407,5119,2020-04-26,Robinson Group Stadium,114,27,91,15,28,53
6408,4907,2023-09-02,"Floyd, Reeves and Raymond Stadium",16,6,50,10,14,70
6409,3301,2023-12-20,Reed-Le Stadium,59,19,39,6,3,13
6410,5726,2022-06-17,Walker-Thomas Stadium,16,17,173,3,17,9
6411,9022,2025-02-26,Ward-Brown Stadium,52,18,192,8,3,66
6412,5582,2022-04-19,"Hernandez, Hamilton and Johnson Stadium",133,28,30,8,17,45
6413,4836,2024-12-17,"Saunders, Rodriguez and Ware Stadium",122,8,0,9,7,52
6414,6061,2021-01-23,"Cook, Bennett and Austin Stadium",34,27,85,6,18,15
6415,6953,2023-03-31,Santiago-Frank Stadium,105,27,32,4,6,75
6416,1561,2024-11-24,Kramer Group Stadium,12,29,182,0,0,5
6417,7403,2023-02-24,"Ross, Moore and Ruiz Stadium",17,8,172,7,28,64
6418,9013,2020-09-20,Mitchell Group Stadium,133,8,129,15,14,5
6419,3403,2021-01-21,Kennedy-Hall Stadium,31,6,153,13,24,43
6420,5899,2024-01-03,Johnson-Hernandez Stadium,140,18,142,12,21,1
6421,3979,2022-10-13,"Hernandez, Cherry and Mccann Stadium",39,16,143,8,14,30
6422,2004,2026-03-03,"Hamilton, Acosta and Patterson Stadium",116,5,74,7,14,18
6423,2191,2025-05-26,Griffin-Smith Stadium,144,27,145,10,18,5
6424,4085,2024-02-14,"Baker, Howell and Bridges Stadium",148,1,53,3,14,13
6425,1589,2026-03-18,Mora-Clark Stadium,-5,5,173,1,12,19
6426,2528,2022-06-22,"Smith, Hansen and Schmitt Stadium",59,0,112,13,7,52
6427,6785,2023-10-20,"Medina, Shields and Ross Stadium",13,21,161,5,18,54
6428,1484,2020-01-21,Clarke-Williams Stadium,73,18,32,7,7,62
6429,5794,2022-05-31,"Harrison, Davis and Livingston Stadium",137,2,120,6,24,2
6430,6212,2021-10-23,Weiss Group Stadium,63,7,69,4,6,33
6431,1064,2025-12-17,King-Hill Stadium,131,14,66,0,0,53
6432,5769,2026-01-09,Williams PLC Stadium,54,11,129,12,28,67
6433,3074,2023-11-17,Smith-Perez Stadium,150,13,0,5,21,51
6434,4194,2024-06-19,Clark Group Stadium,28,17,99,12,0,50
6435,3147,2023-05-22,Walker Inc Stadium,17,12,189,12,24,65
6436,5226,2023-11-10,Johnson Inc Stadium,144,8,21,0,12,11
6437,1484,2024-10-14,"Woodward, Mcdonald and Hardy Stadium",76,9,34,11,12,11
6438,2426,2025-06-11,Harmon-Higgins Stadium,23,4,136,2,0,73
6439,5180,2025-09-06,"Montes, Wade and Flores Stadium",89,8,151,6,24,49
6440,8789,2021-03-12,Johnson LLC Stadium,94,5,115,4,12,5
6441,1442,2023-01-22,Mccullough Group Stadium,135,26,45,0,12,67
6442,4038,2020-06-08,Bradford Ltd Stadium,118,4,153,13,28,54
6443,6434,2022-11-27,"Gonzalez, Swanson and Lucas Stadium",22,18,15,7,24,8
6444,7470,2022-02-25,"Torres, Chavez and Murphy Stadium",-1,3,64,10,3,67
6445,3426,2023-01-02,Hughes-Diaz Stadium,0,26,36,12,3,29
6446,7713,2021-11-09,Coleman-Mason Stadium,64,30,31,9,14,50
6447,8762,2024-08-31,Jackson-Boyd Stadium,31,8,152,10,0,14
6448,5676,2022-06-05,Parker-Mcintosh Stadium,139,18,3,10,28,24
6449,3808,2023-12-21,Collins Inc Stadium,57,2,80,6,28,52
6450,5641,2022-11-25,Ross and Sons Stadium,128,30,138,1,12,75
6451,8719,2024-03-30,"Porter, Berry and Greene Stadium",62,1,90,11,18,30
6452,7447,2023-12-12,Sanchez-Anderson Stadium,49,19,32,5,17,72
6453,8018,2025-09-25,Ramirez-Lawson Stadium,16,18,34,11,24,65
6454,8171,2022-01-05,Young LLC Stadium,131,4,79,1,3,3
6455,5877,2021-03-03,Bartlett-Higgins Stadium,60,15,19,12,7,49
6456,3548,2025-03-06,"Daugherty, Allen and Gomez Stadium",54,25,121,11,17,45
6457,1238,2023-01-05,Kidd-Castillo Stadium,121,6,152,7,14,61
6458,8697,2025-12-16,Rivera-Tate Stadium,127,4,117,10,6,8
6459,5865,2024-06-03,Cruz Inc Stadium,57,21,189,13,0,17
6460,7250,2022-03-07,Lynch-Miles Stadium,17,16,177,3,24,69
6461,5585,2021-07-19,Sanchez-Mendez Stadium,13,24,194,14,18,30
6462,8465,2022-04-11,"Green, Moore and Jenkins Stadium",7,7,34,7,28,40
6463,5958,2022-01-15,Rubio-Ward Stadium,42,12,188,4,6,59
6464,764,2022-11-19,Ruiz-Williams Stadium,56,26,27,13,3,74
6465,3514,2022-05-20,Stevenson LLC Stadium,148,12,11,12,7,2
6466,5153,2020-11-19,Mills Inc Stadium,99,9,23,7,17,3
6467,3990,2022-01-26,"Beasley, Watson and Dunn Stadium",104,10,143,13,12,34
6468,6820,2024-03-06,Smith-Johnston Stadium,89,27,198,9,18,11
6469,7988,2024-01-04,Griffin-Miller Stadium,2,8,197,13,21,45
6470,896,2025-02-25,Mcdonald-Jackson Stadium,33,9,185,6,0,6
6471,4830,2021-12-08,"Tran, Rodriguez and Williams Stadium",-4,13,120,8,18,75
6472,6866,2024-05-01,"Johnson, Murray and Vega Stadium",32,6,52,5,18,37
6473,2724,2022-04-16,Sellers Group Stadium,15,27,129,9,21,4
6474,1175,2024-11-20,Phillips-Lynch Stadium,147,18,48,3,7,72
6475,1521,2024-09-30,Ramos-Nixon Stadium,116,13,34,3,24,35
6476,7875,2023-10-15,Santos PLC Stadium,16,0,73,8,24,65
6477,9011,2021-12-16,Jacobs PLC Stadium,64,4,9,1,17,47
6478,5863,2024-03-07,Smith Group Stadium,-3,8,40,6,6,44
6479,9404,2021-06-26,Smith Group Stadium,28,17,193,10,28,79
6480,190,2025-03-26,Donaldson and Sons Stadium,33,7,158,0,6,44
6481,5307,2020-01-19,Price-Perez Stadium,54,21,154,9,24,78
6482,5713,2020-02-07,Taylor-Neal Stadium,53,12,101,3,12,53
6483,1708,2026-02-24,Brown-Watkins Stadium,147,15,139,12,14,29
6484,7798,2020-02-12,Crosby PLC Stadium,126,9,154,4,28,13
6485,5047,2025-08-20,Griffin Ltd Stadium,133,6,61,5,6,1
6486,468,2020-09-11,"Byrd, Johnson and Sparks Stadium",89,1,157,14,24,53
6487,8290,2021-11-17,Mitchell LLC Stadium,14,6,126,14,3,77
6488,2166,2020-05-11,"Sanders, Ferrell and Burton Stadium",137,3,28,14,6,65
6489,8212,2021-07-05,"Cunningham, Sanders and Guzman Stadium",56,12,84,8,28,60
6490,8083,2020-05-11,"Holden, Adams and Russell Stadium",7,26,49,11,17,57
6491,2507,2022-07-21,"Sims, Lee and Burton Stadium",148,16,110,9,7,50
6492,2204,2025-07-14,Jones and Sons Stadium,141,6,158,14,6,27
6493,4410,2023-12-14,Bowen-King Stadium,7,20,74,12,21,60
6494,3325,2026-04-03,"Owens, Whitehead and Wade Stadium",51,23,99,1,14,31
6495,9972,2023-10-27,Harris Group Stadium,97,0,192,11,21,16
6496,9479,2024-03-01,"Reyes, Nunez and Underwood Stadium",35,18,103,5,24,12
6497,1301,2021-02-17,Warren-Griffith Stadium,91,14,118,7,17,19
6498,4426,2022-04-13,Arnold-Henderson Stadium,133,1,4,7,14,51
6499,8828,2021-02-22,Brown Inc Stadium,44,0,87,8,12,43
6500,3572,2020-07-05,"Brown, Brown and Golden Stadium",131,28,177,13,7,58
6501,5036,2024-10-23,Carr Group Stadium,79,18,77,11,24,68
6502,88,2020-08-01,Harris and Sons Stadium,98,9,12,6,17,46
6503,3091,2024-11-03,Conner-Carter Stadium,105,22,41,8,12,65
6504,7651,2023-10-10,"Baker, Franklin and Gonzalez Stadium",113,26,179,10,0,13
6505,8975,2025-08-28,Anderson and Sons Stadium,129,14,176,8,24,50
6506,4486,2023-11-25,"Walker, Ward and Davis Stadium",128,24,94,9,0,59
6507,8645,2020-04-19,"Harmon, Rodriguez and Saunders Stadium",96,13,115,11,28,54
6508,9081,2022-05-05,"May, Russell and Oliver Stadium",60,3,191,4,21,61
6509,7119,2025-04-11,Rogers Inc Stadium,72,25,153,6,24,50
6510,2903,2024-10-10,"Greene, Griffin and Campbell Stadium",18,5,12,11,17,65
6511,3867,2022-07-21,Patterson PLC Stadium,35,10,188,9,24,71
6512,7779,2022-05-07,Fisher Ltd Stadium,129,15,35,9,0,67
6513,6464,2020-11-12,Bailey-Jacobson Stadium,24,20,177,1,24,16
6514,2049,2025-09-07,Howard-Wolfe Stadium,41,30,119,9,17,67
6515,3731,2023-10-16,Duran Group Stadium,9,0,146,14,0,53
6516,7004,2021-08-31,"Johnson, Ponce and Serrano Stadium",109,26,12,1,21,7
6517,5963,2020-01-14,"Mays, Reynolds and White Stadium",142,2,162,2,7,36
6518,7817,2020-11-06,Walker Group Stadium,140,0,184,12,7,23
6519,6416,2022-02-22,"Taylor, Conley and Ramos Stadium",83,19,52,0,21,20
6520,6314,2025-12-12,Sims Ltd Stadium,90,7,115,4,24,52
6521,995,2022-03-07,"Hansen, Lewis and Smith Stadium",7,3,177,7,17,4
6522,1888,2021-06-08,Parker-Murphy Stadium,138,29,194,14,24,76
6523,6599,2026-03-02,Castaneda PLC Stadium,40,13,23,11,21,54
6524,4309,2026-02-21,Odom Inc Stadium,47,15,95,13,0,66
6525,14,2020-02-20,Thompson Group Stadium,5,22,195,13,18,32
6526,680,2023-07-15,Huber-Houston Stadium,-3,1,164,10,6,48
6527,4601,2023-07-23,Davis Group Stadium,41,28,180,4,28,56
6528,3433,2023-04-10,Robinson-Shields Stadium,129,28,27,0,28,30
6529,9191,2023-06-20,Smith-Hart Stadium,126,29,27,11,17,65
6530,1427,2024-07-04,Perez and Sons Stadium,77,27,123,9,6,59
6531,6514,2023-02-19,Sawyer Inc Stadium,64,9,16,13,17,44
6532,7109,2022-08-02,"Clark, Sanchez and Sellers Stadium",54,17,53,5,14,41
6533,1184,2024-02-29,Jacobson PLC Stadium,55,17,157,7,24,24
6534,8521,2026-02-15,Downs-Glenn Stadium,110,11,179,1,0,56
6535,4837,2023-10-29,Jones-Wilson Stadium,57,7,149,7,18,15
6536,284,2025-07-15,Duran Group Stadium,116,10,89,8,17,69
6537,9371,2020-11-22,Martin-Wilson Stadium,37,20,64,0,0,27
6538,4598,2024-12-10,Wallace Ltd Stadium,143,6,177,0,28,23
6539,3778,2021-11-14,Roberts-Bauer Stadium,98,12,78,2,7,58
6540,9057,2020-10-07,Baird-Galvan Stadium,139,25,5,12,6,74
6541,5500,2021-01-15,Maynard-Riggs Stadium,103,30,68,13,14,41
6542,3951,2024-04-14,Sanchez Group Stadium,55,1,8,10,7,72
6543,5773,2021-03-22,Lowery-Nash Stadium,50,19,134,9,6,30
6544,1855,2026-01-04,Rhodes LLC Stadium,70,11,110,15,21,3
6545,1903,2024-03-20,Cervantes LLC Stadium,126,14,5,5,18,43
6546,3497,2023-06-08,"Gibson, Thompson and Alvarez Stadium",9,9,118,0,17,5
6547,9629,2020-03-06,"Brady, Thompson and Lopez Stadium",11,23,76,1,6,13
6548,6605,2021-03-18,King PLC Stadium,77,26,181,13,7,12
6549,7860,2023-09-25,Mckinney PLC Stadium,78,16,32,4,3,79
6550,5241,2022-02-05,Pineda-Goodwin Stadium,76,20,80,6,17,43
6551,5146,2024-09-10,Lewis PLC Stadium,37,27,146,0,7,8
6552,683,2021-10-17,Cohen-Santos Stadium,54,28,35,1,18,47
6553,2477,2025-03-12,Scott Ltd Stadium,89,20,197,7,14,37
6554,1137,2023-04-10,Barr-Johnson Stadium,149,23,64,14,14,1
6555,925,2024-10-08,West-Johnston Stadium,77,3,9,2,14,6
6556,7361,2025-11-11,Harmon-Snyder Stadium,144,13,3,12,17,72
6557,6493,2020-10-01,Strickland Inc Stadium,128,18,75,6,14,1
6558,4359,2025-02-14,Koch Ltd Stadium,86,4,151,13,24,53
6559,7804,2026-04-06,Hodge-Wade Stadium,122,26,108,4,6,39
6560,8955,2020-06-21,Smith LLC Stadium,119,22,149,13,12,63
6561,2879,2023-08-15,Simon LLC Stadium,31,3,130,13,21,55
6562,7408,2025-10-17,"Leblanc, Bryant and Shaw Stadium",86,29,159,4,21,26
6563,5250,2022-12-05,"Sanchez, Bennett and Boone Stadium",125,19,149,15,18,10
6564,2311,2025-06-04,Wilson and Sons Stadium,70,6,26,11,12,21
6565,5985,2021-05-30,Mitchell LLC Stadium,117,29,50,7,3,18
6566,7455,2021-02-07,Payne Group Stadium,84,19,110,10,14,76
6567,7535,2024-07-13,Wilson-Joyce Stadium,27,16,92,8,24,4
6568,2098,2020-02-06,Bryan PLC Stadium,46,8,54,8,24,12
6569,5517,2023-04-08,Moore-Smith Stadium,1,6,51,5,12,63
6570,7968,2023-02-15,Harrison-Diaz Stadium,40,17,42,2,24,50
6571,8449,2021-09-24,Flores PLC Stadium,134,3,90,15,14,5
6572,8016,2023-07-08,Small-Bell Stadium,24,27,189,15,28,11
6573,9737,2020-09-18,Smith-Rivera Stadium,119,12,162,5,6,8
6574,4453,2021-04-01,Dorsey-White Stadium,107,11,75,14,24,12
6575,9235,2024-11-23,"Tucker, Oconnor and Ortiz Stadium",13,9,65,0,14,63
6576,9163,2022-07-28,Pugh-Smith Stadium,59,20,96,6,12,72
6577,7569,2025-09-01,"Yang, Jones and Price Stadium",126,9,107,5,21,15
6578,4015,2023-05-24,"Barton, Robinson and Sanchez Stadium",134,4,59,2,21,48
6579,2007,2022-01-18,Cobb LLC Stadium,146,11,173,14,18,31
6580,8224,2020-02-08,"Oneill, Williamson and Cameron Stadium",75,29,110,15,6,1
6581,7501,2022-04-04,Morgan PLC Stadium,43,14,164,2,7,34
6582,9866,2023-06-18,"Bernard, Thomas and Cervantes Stadium",33,18,186,9,3,33
6583,7779,2025-06-09,Johnson-Gonzalez Stadium,95,5,142,15,0,11
6584,2317,2022-04-26,"Wade, Russell and Arias Stadium",21,6,62,2,18,1
6585,5622,2024-10-21,Norton-Allen Stadium,54,24,199,3,24,76
6586,2595,2020-06-15,Brown PLC Stadium,30,10,106,9,24,13
6587,1687,2020-02-12,"Woodward, Morales and Wells Stadium",-2,7,136,14,3,37
6588,4426,2022-12-30,Shah PLC Stadium,62,6,173,14,24,44
6589,6321,2021-06-29,"Gomez, Mckenzie and Brooks Stadium",9,13,134,5,3,80
6590,8705,2025-03-04,Garner-Austin Stadium,-1,1,20,5,6,45
6591,1978,2021-12-08,Perry-Harris Stadium,107,9,167,8,18,28
6592,3637,2022-03-08,Lopez-Patterson Stadium,57,18,117,7,6,20
6593,7192,2022-09-11,Perkins Inc Stadium,53,13,43,7,28,10
6594,9374,2022-06-23,"Castillo, Cooper and Lee Stadium",116,15,155,13,3,11
6595,3690,2021-09-20,"Morrison, Wolfe and White Stadium",4,14,184,1,28,48
6596,5753,2022-06-04,Davis LLC Stadium,45,2,40,11,18,31
6597,2487,2020-08-27,Beck PLC Stadium,71,29,174,8,3,75
6598,9225,2020-08-21,"Adams, Hays and Gilmore Stadium",133,1,141,7,14,49
6599,3261,2021-01-08,Cervantes-Harris Stadium,50,15,138,6,14,78
6600,2860,2022-10-28,Cruz Group Stadium,134,28,74,13,28,42
6601,9355,2025-12-13,Berry Inc Stadium,24,6,111,0,7,80
6602,559,2022-11-21,Russell-Harmon Stadium,21,1,81,3,6,79
6603,5424,2022-05-27,Rodriguez Inc Stadium,123,22,151,2,3,60
6604,8659,2023-06-26,Reyes-Cooper Stadium,57,28,80,14,7,46
6605,314,2025-06-19,Cook PLC Stadium,112,17,138,9,0,44
6606,2340,2025-05-20,"Craig, Holland and Parrish Stadium",9,8,176,4,21,73
6607,3119,2021-09-22,"Le, Oliver and Snyder Stadium",12,4,118,13,12,24
6608,2783,2023-05-05,Miller-Davis Stadium,121,8,116,5,14,43
6609,8899,2025-11-11,"Stone, Johnson and Bennett Stadium",104,29,13,2,12,22
6610,7949,2021-07-01,"Bradford, Anderson and Butler Stadium",113,23,185,8,3,58
6611,3256,2024-12-03,"Horton, Figueroa and Burns Stadium",3,19,162,0,0,56
6612,2738,2020-05-26,Cortez-Evans Stadium,23,30,149,13,21,64
6613,4633,2021-08-05,"Brown, Blackburn and Wright Stadium",43,30,95,9,6,53
6614,1064,2024-02-21,"King, Washington and Mills Stadium",47,6,157,13,17,61
6615,2884,2022-10-04,Hamilton-Quinn Stadium,26,3,49,6,17,77
6616,9615,2024-04-24,Bradshaw Inc Stadium,30,14,51,13,0,60
6617,4581,2023-02-09,Duarte and Sons Stadium,56,5,186,7,12,25
6618,7988,2025-12-13,"Young, Mcneil and Hart Stadium",47,9,120,3,12,21
6619,3309,2026-02-21,Adams and Sons Stadium,101,9,174,6,28,23
6620,5359,2024-05-15,Barrett-Douglas Stadium,124,0,32,14,18,25
6621,8998,2023-01-17,Smith Group Stadium,148,8,181,8,0,66
6622,531,2022-05-31,Gonzalez-Miller Stadium,38,10,181,14,3,79
6623,3596,2025-01-23,Ford-Mccann Stadium,37,17,93,2,0,78
6624,9115,2024-05-25,"Ballard, Foster and Whitaker Stadium",94,19,175,14,3,24
6625,3961,2020-06-18,Duncan-Williams Stadium,13,3,56,3,7,4
6626,3019,2025-04-27,Serrano-Cole Stadium,52,17,93,13,17,60
6627,6051,2025-06-15,"Myers, Taylor and Frost Stadium",93,2,175,8,28,36
6628,1796,2023-01-19,Watson-Johnson Stadium,7,25,145,5,12,26
6629,8737,2026-03-21,Carr-Joseph Stadium,114,10,182,14,6,5
6630,447,2022-03-04,Mendoza Inc Stadium,124,21,73,12,18,69
6631,2688,2024-10-04,Wilkins PLC Stadium,148,15,67,12,17,45
6632,3913,2023-02-20,Boyer-Gonzales Stadium,81,12,93,10,14,78
6633,5594,2020-10-22,Ramos-Gonzales Stadium,104,27,82,9,18,65
6634,777,2021-02-08,"Everett, Fernandez and Chambers Stadium",123,5,175,5,18,38
6635,635,2021-08-19,Wood-Hartman Stadium,26,6,6,0,6,31
6636,8168,2021-09-24,"Oneal, Murray and Norris Stadium",66,22,72,15,7,76
6637,4902,2022-04-27,"Moss, Moreno and Holland Stadium",93,25,18,15,6,2
6638,512,2026-01-21,"Johnson, Valencia and Martin Stadium",135,17,142,2,18,62
6639,7527,2021-05-12,Blanchard-Carter Stadium,35,5,24,12,21,27
6640,8581,2023-09-21,Harris-Sparks Stadium,114,1,88,3,12,39
6641,160,2025-01-29,Weber PLC Stadium,58,10,132,11,17,26
6642,8719,2021-04-25,Collins Group Stadium,58,17,27,7,14,57
6643,5504,2025-08-21,"Contreras, Kane and Aguirre Stadium",141,21,29,5,28,40
6644,7990,2025-10-27,Gonzalez and Sons Stadium,36,0,47,8,24,13
6645,4698,2025-01-16,Adams Ltd Stadium,104,21,146,7,14,15
6646,745,2020-07-05,"Roth, Chang and Shaw Stadium",110,6,92,6,12,21
6647,3720,2025-07-12,Soto PLC Stadium,61,19,51,1,21,50
6648,3666,2025-09-12,Munoz-Simmons Stadium,11,22,60,6,12,52
6649,9363,2021-03-21,Rodriguez Inc Stadium,110,28,152,3,17,49
6650,9958,2025-12-05,Fox-Marsh Stadium,81,1,141,10,28,1
6651,5291,2023-08-26,Sanchez LLC Stadium,143,3,83,5,12,25
6652,7686,2025-10-10,"Joseph, Rodriguez and Wagner Stadium",53,19,43,13,14,49
6653,1802,2024-12-15,"Henry, Myers and Robles Stadium",12,22,37,4,17,32
6654,2710,2024-08-13,"Watson, Hester and Craig Stadium",34,14,41,9,12,21
6655,1613,2023-03-10,Moore-Miller Stadium,60,19,64,11,6,28
6656,2742,2021-05-20,Davis Group Stadium,23,23,139,2,17,4
6657,3123,2022-07-03,Holmes Ltd Stadium,140,14,38,3,14,51
6658,6442,2023-07-06,Jackson-Howard Stadium,148,24,126,5,12,33
6659,1443,2020-03-30,Hayes and Sons Stadium,127,26,190,1,17,37
6660,2733,2022-07-18,Payne-Potter Stadium,0,0,137,13,0,54
6661,7065,2024-05-29,Sanchez Ltd Stadium,22,16,84,9,24,67
6662,5704,2021-03-03,Lowe-Russell Stadium,127,12,138,3,17,8
6663,8600,2025-10-30,"Mejia, Carpenter and Lowery Stadium",58,23,112,13,12,48
6664,837,2020-01-30,"Foster, Zuniga and White Stadium",15,30,7,3,6,1
6665,1007,2023-05-28,"Harrell, Harris and Jacobs Stadium",122,2,141,10,21,80
6666,220,2023-12-13,Willis and Sons Stadium,81,26,26,8,24,29
6667,2682,2023-11-11,"Rodgers, Esparza and Ibarra Stadium",11,20,160,13,3,42
6668,7866,2023-10-09,West PLC Stadium,137,19,114,14,17,43
6669,9814,2024-06-05,"Green, Lopez and Sandoval Stadium",71,28,95,12,7,16
6670,5735,2022-07-07,Kidd-King Stadium,115,6,0,9,0,54
6671,782,2025-01-09,"Vasquez, Ponce and Ford Stadium",121,29,200,7,18,44
6672,306,2025-06-04,Wilson PLC Stadium,117,30,15,2,18,63
6673,1788,2021-06-26,Moore and Sons Stadium,40,11,3,13,14,47
6674,6334,2020-10-09,Vaughn-Wilson Stadium,50,4,124,2,24,45
6675,9595,2024-09-16,Bishop-Floyd Stadium,54,20,95,11,6,51
6676,656,2021-09-27,"Collins, Phillips and Taylor Stadium",101,10,91,12,6,24
6677,4491,2025-02-16,"Patrick, Graves and Arellano Stadium",97,4,30,1,6,33
6678,799,2022-01-06,Whitehead-Cabrera Stadium,12,17,99,4,17,20
6679,8800,2024-02-19,Warren-Jones Stadium,18,24,64,14,12,61
6680,8115,2026-03-30,Vance-Payne Stadium,140,7,103,5,28,32
6681,6188,2020-10-09,Kramer PLC Stadium,27,29,31,5,7,32
6682,2421,2020-06-13,"Keller, Erickson and Baker Stadium",34,23,47,10,18,20
6683,8256,2025-08-09,Shelton LLC Stadium,115,25,174,15,24,73
6684,9681,2024-09-11,Robinson Group Stadium,44,1,98,10,17,27
6685,2571,2024-09-08,Rosario-Mcdowell Stadium,67,27,185,7,24,41
6686,6015,2024-02-19,"Porter, Davis and Taylor Stadium",25,29,10,13,3,7
6687,2217,2024-10-23,Bryan-Strong Stadium,49,11,102,1,24,24
6688,6436,2023-03-08,Rocha-Love Stadium,135,22,134,9,21,4
6689,839,2021-04-05,Burch Group Stadium,138,10,94,2,14,44
6690,4512,2020-10-28,"Wallace, Stark and Avila Stadium",37,27,19,6,6,80
6691,7360,2026-03-25,Reyes-Cooper Stadium,116,12,141,15,12,56
6692,7338,2023-07-01,Henry Inc Stadium,104,21,147,5,21,27
6693,2550,2025-12-29,"Garcia, Castillo and Russell Stadium",66,22,63,2,6,61
6694,5633,2024-12-04,Benson LLC Stadium,116,27,23,6,3,32
6695,5179,2023-11-06,"Kelley, Combs and Walker Stadium",44,23,144,4,7,39
6696,4785,2020-01-25,"Obrien, Gibson and Cochran Stadium",116,26,48,9,6,1
6697,3078,2021-04-11,Peters-Aguilar Stadium,-5,0,61,7,12,66
6698,8031,2022-09-21,Henderson-Banks Stadium,122,19,186,9,21,66
6699,5311,2024-04-30,Ramos and Sons Stadium,120,15,169,12,12,46
6700,3253,2026-03-20,"Galloway, Lowe and Rodriguez Stadium",88,13,53,15,21,24
6701,8577,2023-08-30,Jordan Ltd Stadium,15,27,139,12,24,11
6702,7662,2021-06-22,"Raymond, Long and Boyd Stadium",97,30,78,15,0,60
6703,9314,2023-05-28,Moore LLC Stadium,46,9,28,14,12,60
6704,6667,2026-04-26,Blake-Smith Stadium,115,9,50,7,7,23
6705,8729,2021-08-08,Warren-Moreno Stadium,38,10,151,0,7,76
6706,5523,2023-08-19,Thomas-Gallagher Stadium,118,12,2,3,21,34
6707,7383,2024-11-17,Hodge-Bishop Stadium,0,10,154,8,24,6
6708,3928,2022-06-04,Saunders and Sons Stadium,102,27,138,11,17,30
6709,4726,2021-12-01,Cummings-Watson Stadium,128,27,167,6,0,55
6710,5407,2024-03-05,Henry Ltd Stadium,95,6,187,7,6,18
6711,7773,2020-11-22,"Case, Guerra and Curtis Stadium",92,17,156,5,3,65
6712,6986,2021-11-10,Ramirez Group Stadium,121,29,178,15,18,41
6713,4369,2026-01-07,Delacruz and Sons Stadium,128,10,19,14,12,12
6714,7573,2022-09-15,"Miller, Ibarra and Hampton Stadium",58,9,75,12,0,74
6715,6779,2020-02-07,Anderson Group Stadium,9,8,123,6,18,57
6716,9600,2022-11-06,Wong and Sons Stadium,36,6,21,1,21,13
6717,9049,2020-08-09,"Franklin, Riley and Hill Stadium",146,17,21,0,6,73
6718,4560,2022-10-10,Moore and Sons Stadium,61,8,23,3,14,59
6719,1478,2026-02-14,Snyder LLC Stadium,8,26,51,1,17,43
6720,140,2025-02-07,Reid and Sons Stadium,56,29,181,7,0,10
6721,3835,2023-04-05,Miller-Morrow Stadium,-2,26,62,7,18,78
6722,4841,2021-01-07,Parrish-Taylor Stadium,132,17,55,12,6,56
6723,1667,2026-03-26,Thompson-Ward Stadium,-3,5,157,0,18,57
6724,3315,2024-01-13,Smith and Sons Stadium,50,4,200,1,12,24
6725,7971,2022-07-26,Dominguez LLC Stadium,45,20,30,12,7,70
6726,7217,2022-02-01,"Hill, Roberts and Middleton Stadium",134,8,180,3,0,79
6727,197,2023-12-12,Reed-Gill Stadium,59,25,60,4,24,9
6728,1669,2025-07-28,Clark Inc Stadium,20,5,149,15,3,17
6729,7564,2022-06-06,Robinson Ltd Stadium,148,24,135,14,3,56
6730,8649,2023-07-26,"Malone, Phillips and Howell Stadium",130,27,200,15,21,17
6731,1737,2020-05-02,Vasquez-Fitzpatrick Stadium,48,21,153,9,14,43
6732,319,2024-01-20,Villanueva Ltd Stadium,53,30,142,13,14,32
6733,1166,2020-03-20,May PLC Stadium,67,24,145,6,6,30
6734,2036,2024-02-09,"Scott, Taylor and Solomon Stadium",8,30,92,7,12,77
6735,9351,2021-04-12,Stone-Reynolds Stadium,16,30,163,12,6,77
6736,280,2020-04-07,Combs LLC Stadium,19,6,79,6,14,8
6737,3852,2021-10-06,Nelson-Montes Stadium,150,4,116,15,24,43
6738,8148,2025-06-03,Lawson-Kirby Stadium,84,23,125,3,7,61
6739,639,2025-04-23,Webb Group Stadium,1,23,150,8,18,14
6740,2616,2025-09-22,Griffin-Holmes Stadium,89,7,70,1,14,2
6741,3278,2026-01-26,"Moran, Mendez and Bailey Stadium",113,18,168,10,28,80
6742,8709,2021-05-30,"Miller, Pennington and Rodriguez Stadium",141,4,169,9,21,20
6743,5564,2023-05-05,"Nelson, Webb and Ritter Stadium",60,19,63,4,6,51
6744,8949,2024-04-21,Mcdonald Group Stadium,92,22,56,5,0,20
6745,3756,2022-11-11,Thomas Inc Stadium,14,3,150,2,14,75
6746,2255,2021-05-02,Soto Inc Stadium,16,25,121,14,12,73
6747,963,2025-02-24,Morgan-Sutton Stadium,38,21,26,6,24,65
6748,1766,2021-05-12,Murphy and Sons Stadium,15,7,88,7,6,53
6749,4819,2021-11-18,Sparks Inc Stadium,39,27,151,8,21,44
6750,6053,2021-10-09,"Cunningham, Mccarthy and Pratt Stadium",10,17,71,10,21,73
6751,9007,2021-09-29,Martin-Lindsey Stadium,28,10,195,8,24,19
6752,1820,2020-04-28,Smith LLC Stadium,32,19,92,5,14,56
6753,4662,2026-03-25,Wilson Ltd Stadium,67,9,200,5,6,51
6754,5023,2022-01-25,Ryan-Potter Stadium,145,29,154,12,7,55
6755,1123,2024-04-10,"Long, Hernandez and Rubio Stadium",77,7,25,14,12,24
6756,4610,2020-04-27,Jones-Salazar Stadium,145,0,168,12,21,76
6757,592,2021-10-11,Clarke-Mullins Stadium,77,14,111,13,0,52
6758,529,2020-11-15,"Smith, Clark and Brewer Stadium",95,8,1,0,21,63
6759,7590,2020-09-30,Raymond-Liu Stadium,108,2,2,5,17,4
6760,3766,2021-12-02,Downs-Proctor Stadium,19,9,179,0,7,3
6761,3166,2022-06-10,"Brown, Jackson and Price Stadium",103,15,93,4,21,10
6762,9363,2024-06-19,Townsend Inc Stadium,40,23,129,1,0,1
6763,8434,2025-01-12,Brown-Hale Stadium,147,15,46,11,6,59
6764,8009,2021-12-11,"Mayer, Cook and Mcknight Stadium",22,11,66,9,14,12
6765,5838,2023-01-09,Graves-Gillespie Stadium,115,9,100,5,21,3
6766,322,2022-07-05,Carrillo-Kim Stadium,31,20,22,5,7,61
6767,626,2026-04-05,Vaughn-Patel Stadium,55,12,19,7,21,4
6768,3547,2024-02-01,"Mitchell, Hughes and Hebert Stadium",17,12,165,6,17,2
6769,1193,2025-09-13,Jones-Woods Stadium,116,17,123,13,0,80
6770,2177,2021-06-05,Williams-Torres Stadium,111,10,68,1,6,41
6771,3839,2023-07-25,Simmons LLC Stadium,-3,29,168,14,6,54
6772,8724,2023-11-04,"Pena, Crawford and Mcdowell Stadium",97,25,15,1,17,18
6773,9755,2020-02-16,"Ochoa, Moore and Owen Stadium",149,28,8,1,0,13
6774,1395,2020-12-08,Gates-Mason Stadium,63,10,40,8,0,7
6775,4820,2021-01-19,Briggs-Johnston Stadium,134,21,26,7,0,26
6776,6460,2026-02-03,Armstrong-Barrett Stadium,70,29,22,1,21,41
6777,2404,2024-01-10,"Roberson, Stevenson and Sullivan Stadium",14,4,124,14,21,12
6778,1198,2023-07-24,Evans-Moore Stadium,26,18,91,9,7,36
6779,6375,2023-05-13,"Kim, Zimmerman and Powers Stadium",47,15,131,1,6,7
6780,699,2025-03-27,Schneider LLC Stadium,83,20,112,6,21,26
6781,6023,2023-11-18,Jordan-Klein Stadium,40,29,92,13,17,22
6782,7454,2021-12-02,Callahan Ltd Stadium,148,14,128,7,18,37
6783,4512,2022-06-27,Davis LLC Stadium,47,12,102,11,12,7
6784,9438,2025-04-24,Thompson and Sons Stadium,7,12,71,4,0,38
6785,1705,2021-03-02,"Parker, Horn and Shaffer Stadium",124,27,158,8,28,11
6786,2890,2022-04-29,Schwartz-Welch Stadium,120,10,33,10,0,68
6787,1517,2021-02-10,Lewis-Williams Stadium,113,8,68,3,12,76
6788,2629,2021-02-04,Johnston Inc Stadium,14,15,33,14,24,16
6789,708,2024-02-22,Kelley Group Stadium,4,26,139,3,3,38
6790,7729,2026-01-19,Brown PLC Stadium,114,11,150,12,17,8
6791,8651,2023-10-05,Thomas Group Stadium,87,2,191,8,28,2
6792,5025,2022-08-03,"Sexton, Hardy and Cross Stadium",128,21,138,1,17,37
6793,4328,2024-07-20,Kemp-Hicks Stadium,117,5,170,11,14,47
6794,9857,2025-07-29,Barnes-Cook Stadium,130,3,165,10,6,54
6795,8886,2020-07-28,Carrillo and Sons Stadium,13,6,161,4,12,31
6796,7960,2021-09-12,Barron LLC Stadium,97,4,116,4,0,38
6797,7345,2023-07-24,Christensen-Moore Stadium,149,16,2,10,14,38
6798,2907,2024-01-30,Ortega Group Stadium,105,17,120,4,24,63
6799,6530,2020-06-02,"David, Petersen and Raymond Stadium",32,6,191,7,18,55
6800,9863,2022-07-27,Cook and Sons Stadium,51,5,151,0,7,31
6801,5150,2023-12-23,Boyd Inc Stadium,7,15,35,5,24,25
6802,4132,2025-02-08,"Carter, Castillo and Rodriguez Stadium",125,27,154,14,3,32
6803,7991,2023-06-11,Vasquez-Hall Stadium,145,16,15,10,21,9
6804,1401,2020-11-13,Allen Inc Stadium,76,0,59,12,7,6
6805,8044,2023-09-19,Erickson Inc Stadium,34,22,24,15,12,19
6806,1081,2025-03-09,Odom-Taylor Stadium,23,5,45,6,24,6
6807,1738,2024-12-12,"Colon, Gregory and Smith Stadium",107,9,95,6,0,68
6808,114,2020-12-23,Davis Group Stadium,26,25,8,9,14,58
6809,7947,2024-12-29,Smith and Sons Stadium,54,14,160,7,17,70
6810,8426,2022-05-12,"Robertson, Bright and Lynn Stadium",3,0,141,11,18,14
6811,7042,2021-10-21,"Obrien, Richmond and Owens Stadium",128,3,151,8,18,74
6812,1285,2022-01-20,Jennings LLC Stadium,74,20,40,0,14,64
6813,3424,2025-06-02,Hart-Miller Stadium,127,5,60,6,0,14
6814,6892,2024-12-28,"Watkins, Keller and Hoover Stadium",38,23,137,11,28,10
6815,2369,2025-08-26,Rosario-Cole Stadium,81,26,37,3,6,66
6816,7676,2020-10-17,"Jenkins, Green and Wilson Stadium",84,2,50,4,24,47
6817,6699,2023-12-19,Burke PLC Stadium,20,11,108,6,12,57
6818,452,2022-06-23,Bright-Petty Stadium,0,24,179,8,0,46
6819,616,2026-04-04,Henderson Inc Stadium,75,7,156,10,14,4
6820,4231,2026-01-11,Mills Ltd Stadium,106,12,151,11,28,54
6821,9298,2023-06-05,"Bates, Nelson and Sparks Stadium",76,14,182,11,17,52
6822,4699,2021-05-05,"Gomez, Chambers and Obrien Stadium",139,9,196,12,24,40
6823,105,2020-07-31,Garcia-Wright Stadium,34,9,21,14,0,68
6824,24,2020-09-05,"Green, Jones and Rodriguez Stadium",9,3,105,9,6,73
6825,7453,2021-03-12,Bates-Taylor Stadium,141,6,141,8,7,17
6826,3815,2021-07-26,"Berger, Fleming and Horton Stadium",55,13,180,8,7,56
6827,8147,2024-04-20,Holmes LLC Stadium,146,1,197,11,6,78
6828,7467,2021-04-19,"Ruiz, Mills and Tucker Stadium",136,28,21,8,21,44
6829,5143,2024-03-11,"Taylor, Russell and Jones Stadium",24,5,69,5,3,68
6830,7400,2020-11-26,Flores-Simpson Stadium,107,28,144,3,6,33
6831,5029,2026-03-03,"White, Thompson and Dunlap Stadium",131,18,81,2,7,2
6832,3768,2022-09-25,Jarvis PLC Stadium,95,18,142,10,3,27
6833,2582,2026-03-11,Knight Ltd Stadium,43,13,48,9,24,19
6834,920,2022-07-20,"Rodriguez, Russo and Cox Stadium",139,13,10,14,24,63
6835,4681,2026-01-03,Jackson Ltd Stadium,136,21,127,1,14,27
6836,5321,2024-10-30,Burton Group Stadium,40,1,160,14,14,55
6837,646,2023-02-14,Beasley-Martin Stadium,22,26,185,10,21,49
6838,1093,2023-08-09,"Stevens, Smith and Long Stadium",110,28,191,5,12,15
6839,1916,2025-01-14,Harding-Williams Stadium,60,29,0,1,7,70
6840,3939,2021-04-11,Hart and Sons Stadium,88,7,192,15,17,40
6841,3408,2024-03-01,Estrada-Gibbs Stadium,11,29,77,4,24,49
6842,7748,2022-03-21,Vincent LLC Stadium,88,14,44,0,17,43
6843,6069,2026-04-16,Hughes-Shields Stadium,38,21,195,8,14,15
6844,5316,2024-05-30,Bell-Mccoy Stadium,26,17,198,7,17,19
6845,1299,2025-04-16,Humphrey-Allison Stadium,150,15,90,0,21,71
6846,125,2020-06-14,Ramos LLC Stadium,34,12,23,3,0,72
6847,1196,2025-09-27,Tanner and Sons Stadium,131,15,157,14,0,66
6848,3521,2021-07-05,"Bradford, Jordan and May Stadium",93,27,170,2,18,44
6849,5585,2021-07-26,Hood-Young Stadium,150,1,71,11,3,10
6850,1358,2021-01-21,Smith Ltd Stadium,119,25,94,15,0,75
6851,1536,2024-04-03,"Hunt, Gutierrez and Brown Stadium",101,6,16,5,21,58
6852,913,2020-10-26,"Burke, Clayton and House Stadium",85,11,16,0,17,15
6853,3091,2023-10-31,Edwards-Little Stadium,88,13,19,2,14,58
6854,7526,2025-02-17,"Rice, Rios and Parker Stadium",38,19,55,2,0,77
6855,7942,2022-03-28,Smith Inc Stadium,81,22,58,4,0,55
6856,1821,2025-11-25,Wood PLC Stadium,66,22,76,0,6,24
6857,1670,2024-09-30,Walker PLC Stadium,50,4,85,4,6,55
6858,8823,2021-09-04,Norman PLC Stadium,48,12,20,6,17,73
6859,4112,2023-09-14,Hernandez-Burton Stadium,27,6,147,5,21,15
6860,8882,2023-06-28,Stevens-Scott Stadium,40,30,14,1,3,9
6861,9553,2022-02-04,"White, Perez and Cole Stadium",131,4,53,2,14,11
6862,2474,2020-01-10,Baker-Ellis Stadium,117,3,184,6,24,78
6863,7438,2022-07-26,"Mathews, Dean and Coleman Stadium",48,16,41,13,17,56
6864,5644,2024-04-21,"Oliver, Miller and Howard Stadium",80,4,104,0,24,75
6865,8584,2022-01-27,Church Ltd Stadium,15,17,41,14,3,57
6866,682,2021-07-11,"Nunez, James and Winters Stadium",88,25,84,2,6,25
6867,1059,2025-09-14,"Powers, Morrison and Ingram Stadium",91,15,120,0,17,75
6868,6355,2022-01-06,Lang LLC Stadium,111,26,70,3,0,27
6869,850,2026-04-12,"Ramsey, Hill and Cummings Stadium",27,15,100,14,12,59
6870,2622,2020-08-07,Suarez-Davis Stadium,29,20,102,5,12,63
6871,1745,2020-03-14,"Lopez, Fowler and Beard Stadium",70,16,180,6,21,71
6872,6178,2024-08-21,Miller-Newman Stadium,74,22,17,7,14,35
6873,8161,2023-08-03,Walker-Nunez Stadium,63,26,108,1,28,47
6874,7988,2023-04-20,Mitchell and Sons Stadium,7,20,10,0,12,59
6875,852,2020-07-23,Odom-Gould Stadium,102,10,13,3,28,22
6876,7988,2024-07-14,Blackwell PLC Stadium,27,10,18,1,17,22
6877,4420,2025-07-30,"Graham, Lopez and Garcia Stadium",105,7,160,10,14,61
6878,9757,2022-02-12,Hines Ltd Stadium,29,22,176,9,18,2
6879,6580,2020-06-08,Williams PLC Stadium,104,1,135,8,3,78
6880,4441,2024-11-27,Baird Inc Stadium,90,29,55,4,17,5
6881,5193,2020-10-02,"Bennett, Callahan and Camacho Stadium",27,30,143,13,18,8
6882,1525,2023-06-09,Haynes-Davis Stadium,116,26,148,15,7,69
6883,5816,2020-06-11,Kline PLC Stadium,116,27,93,5,17,8
6884,8101,2023-04-23,"Rodriguez, Mckinney and Garrett Stadium",149,29,20,14,14,45
6885,6216,2021-02-03,"Torres, Davis and Lambert Stadium",100,4,13,5,3,39
6886,4335,2021-03-10,Flores Group Stadium,137,5,4,3,6,30
6887,3517,2025-09-18,Diaz Inc Stadium,143,19,40,14,0,34
6888,7506,2023-04-20,Duncan Ltd Stadium,72,10,189,4,17,27
6889,9140,2025-02-14,Ewing Inc Stadium,-4,10,5,12,24,53
6890,4266,2023-04-05,Hayes-Jackson Stadium,86,28,199,5,24,49
6891,5407,2021-10-13,"Stark, Petty and Houston Stadium",94,16,1,10,18,54
6892,4595,2021-11-24,Day-Scott Stadium,12,9,74,8,21,72
6893,2776,2025-10-19,"Huerta, Davis and Bell Stadium",136,20,19,15,7,7
6894,3701,2020-10-12,Andrade-Murray Stadium,41,10,51,4,17,70
6895,1007,2021-10-21,Lewis Inc Stadium,38,16,28,2,0,65
6896,7585,2023-09-22,Salazar-Fuentes Stadium,44,1,173,0,0,3
6897,7959,2022-01-31,Perez-Collins Stadium,-2,27,92,2,6,27
6898,3545,2020-07-11,Higgins-Johnson Stadium,89,4,16,5,14,63
6899,4424,2024-09-25,Bowers and Sons Stadium,91,26,93,10,24,43
6900,8522,2024-06-30,"Dixon, Wang and David Stadium",16,22,195,10,6,19
6901,950,2026-03-18,Chen-Garcia Stadium,19,16,200,5,17,65
6902,689,2022-07-27,"Conley, Smith and Baker Stadium",39,15,27,4,28,57
6903,3902,2022-03-08,Thornton and Sons Stadium,45,18,52,9,7,30
6904,6770,2023-03-02,Walker-Daniels Stadium,138,13,85,10,17,12
6905,3226,2022-11-10,"Hendricks, Hunt and Mcgee Stadium",48,8,111,4,0,17
6906,3443,2025-11-15,Johnson Inc Stadium,52,4,46,11,6,44
6907,2735,2021-09-29,"Best, Brooks and Miller Stadium",121,9,98,4,14,61
6908,7586,2023-06-13,Edwards Group Stadium,70,26,28,5,3,53
6909,6979,2021-12-12,"Clark, Oconnor and Johnson Stadium",21,7,131,13,28,9
6910,3964,2024-03-10,"Salas, Miles and Maldonado Stadium",150,13,191,14,12,65
6911,9695,2020-01-05,Higgins LLC Stadium,113,25,119,1,18,25
6912,1768,2024-07-13,Calderon and Sons Stadium,140,3,78,4,18,12
6913,2236,2021-10-20,Lara and Sons Stadium,103,18,22,0,18,42
6914,8287,2023-01-11,Lee PLC Stadium,109,24,175,1,18,54
6915,1682,2025-04-18,Diaz-Hooper Stadium,52,30,164,5,17,78
6916,219,2020-04-04,Adams and Sons Stadium,131,1,173,10,0,59
6917,5173,2021-09-19,Fitzgerald LLC Stadium,48,11,24,1,7,52
6918,3802,2024-09-03,Johnson-Chambers Stadium,71,21,41,12,28,17
6919,9098,2020-03-19,"Rodriguez, Rhodes and Parker Stadium",-3,1,91,12,12,14
6920,810,2024-04-02,Myers Inc Stadium,1,23,172,2,3,80
6921,8996,2025-08-03,Miller-Tyler Stadium,76,21,118,2,3,25
6922,2745,2021-04-29,Mccoy-Davis Stadium,95,9,31,9,28,17
6923,2395,2025-03-21,"Collins, Castaneda and Rodriguez Stadium",26,14,150,7,12,11
6924,3180,2026-02-04,"Guerrero, Garcia and Torres Stadium",58,19,71,12,7,62
6925,4898,2021-03-23,Gibson PLC Stadium,79,10,145,5,18,38
6926,4192,2025-07-24,Ruiz Group Stadium,113,11,149,10,18,77
6927,6184,2020-01-15,Ward-Serrano Stadium,64,20,198,8,7,79
6928,5326,2024-09-04,"Carpenter, Kirk and Miller Stadium",101,30,121,11,7,20
6929,617,2024-02-25,Alvarez Inc Stadium,4,3,123,3,17,61
6930,1090,2020-10-18,"Green, Herrera and Henson Stadium",59,16,1,15,18,30
6931,6532,2021-08-31,Rhodes-Brock Stadium,77,6,158,0,17,79
6932,6060,2022-08-08,"Walker, Scott and Martinez Stadium",123,8,45,12,7,69
6933,4329,2024-08-29,Lee Group Stadium,61,26,162,9,14,58
6934,7608,2024-02-14,Oneill-Harris Stadium,77,9,101,12,6,43
6935,3591,2023-09-11,Brown-Golden Stadium,116,5,27,9,3,78
6936,67,2023-03-27,Clark-Nguyen Stadium,87,18,163,13,28,25
6937,8444,2025-09-10,Gregory-Ramirez Stadium,65,17,77,9,17,31
6938,3396,2021-09-14,Griffin-Lewis Stadium,70,12,159,1,0,39
6939,2298,2023-11-24,"Garza, Long and Boyle Stadium",139,23,64,13,12,11
6940,6,2024-11-21,West LLC Stadium,17,27,58,3,18,38
6941,9478,2020-12-02,Humphrey-Williams Stadium,68,8,48,5,28,46
6942,7795,2020-03-19,Shields-Martin Stadium,148,0,30,4,14,27
6943,8275,2024-08-21,Henderson-Barron Stadium,100,5,13,11,21,13
6944,315,2021-06-18,House-Andrews Stadium,29,22,47,6,28,57
6945,8071,2020-03-14,"Moreno, Martinez and Warren Stadium",14,24,20,2,6,23
6946,6092,2023-07-28,Kramer-Neal Stadium,38,4,23,1,18,33
6947,1576,2020-03-22,Ford-Evans Stadium,140,30,79,9,12,33
6948,1923,2020-03-27,Thomas and Sons Stadium,10,20,59,11,14,36
6949,1071,2024-02-09,"Foster, Carter and Roach Stadium",97,3,86,5,21,43
6950,5547,2023-12-07,Elliott and Sons Stadium,60,24,67,14,7,51
6951,3907,2025-03-24,"Tanner, Lucas and Rogers Stadium",145,4,45,8,6,42
6952,6258,2021-09-10,"Frank, Owens and Olson Stadium",113,7,47,5,6,22
6953,9866,2025-08-29,Dixon and Sons Stadium,104,12,68,13,3,13
6954,9070,2024-11-27,"Fisher, Sharp and Butler Stadium",144,18,0,0,21,42
6955,7614,2024-10-31,"Blanchard, Nunez and Barber Stadium",146,6,12,8,18,31
6956,9526,2021-09-04,"Smith, Howell and Hanson Stadium",80,23,167,12,7,62
6957,5154,2021-06-01,Lopez-Trevino Stadium,5,25,3,14,3,67
6958,9230,2020-06-13,Taylor LLC Stadium,42,12,66,2,7,69
6959,4643,2021-02-15,Moyer-Arnold Stadium,23,2,19,12,21,41
6960,1633,2025-02-08,"Frost, Lewis and Owens Stadium",85,15,141,15,21,12
6961,3330,2022-11-05,"Johnson, Harper and Medina Stadium",98,20,44,4,24,11
6962,8630,2021-01-23,Peters Group Stadium,127,6,36,7,7,13
6963,3137,2022-10-07,Hall LLC Stadium,137,0,75,10,28,40
6964,8472,2023-11-03,Bennett LLC Stadium,99,24,62,2,24,57
6965,8219,2022-01-15,"Baker, Padilla and Williamson Stadium",69,22,144,10,18,24
6966,7033,2025-08-03,Ford-Harris Stadium,65,27,86,14,28,36
6967,6227,2025-06-24,"Johnson, James and Shelton Stadium",27,7,29,15,3,36
6968,4812,2022-03-02,Fuller Ltd Stadium,147,17,125,11,3,20
6969,9858,2025-04-26,"Nash, Robinson and Campbell Stadium",74,4,185,12,21,5
6970,377,2020-11-19,Mcdonald-Ballard Stadium,5,22,42,5,14,74
6971,9054,2020-06-01,Petty-Snyder Stadium,-3,4,186,11,21,28
6972,8011,2024-10-01,Garcia PLC Stadium,30,2,104,4,18,20
6973,784,2022-09-30,Robinson Ltd Stadium,19,30,64,11,18,25
6974,168,2026-01-14,"Jackson, Padilla and Rose Stadium",-5,1,134,2,28,69
6975,3199,2023-06-07,Peterson Ltd Stadium,129,16,1,1,12,78
6976,4168,2022-03-25,"Bray, Garcia and Molina Stadium",20,14,164,8,28,39
6977,9573,2021-09-12,"Bass, Johnson and Holden Stadium",127,5,88,6,12,62
6978,6148,2021-10-12,"Hill, Simon and Brown Stadium",91,16,158,7,12,25
6979,5159,2021-07-14,Frazier LLC Stadium,23,11,11,2,18,19
6980,7415,2026-03-17,Smith Group Stadium,30,16,112,3,6,66
6981,164,2022-04-10,"Harvey, Hopkins and Vasquez Stadium",102,3,178,3,28,68
6982,7147,2024-07-14,Scott LLC Stadium,-2,22,110,4,14,7
6983,718,2023-10-01,Smith-Parker Stadium,43,1,161,15,7,33
6984,7255,2025-10-17,"Palmer, Foster and Johnson Stadium",23,6,67,0,14,44
6985,6111,2021-05-15,English Group Stadium,119,17,147,1,24,57
6986,3169,2022-04-29,Wood-Gomez Stadium,15,1,194,14,12,39
6987,7190,2023-12-09,Johns-Schultz Stadium,150,17,45,3,28,46
6988,3649,2025-07-18,"Hurst, Collins and Cook Stadium",150,1,5,8,18,44
6989,642,2020-12-09,Pacheco Group Stadium,134,12,37,7,21,23
6990,7337,2020-10-08,Shannon-Garcia Stadium,64,25,61,8,3,12
6991,9456,2025-11-03,Lambert LLC Stadium,36,26,52,7,12,48
6992,5814,2020-08-05,Jones PLC Stadium,13,25,32,2,18,68
6993,5157,2020-03-15,Garcia-Klein Stadium,83,7,147,0,28,43
6994,6077,2023-02-08,"Neal, House and Smith Stadium",20,25,134,5,24,74
6995,6267,2025-04-17,Jones-Gardner Stadium,117,24,157,1,21,42
6996,3574,2023-09-29,"Hatfield, Butler and Morales Stadium",35,10,95,2,12,4
6997,3641,2024-07-30,Davis-Chen Stadium,98,24,10,4,12,64
6998,6975,2026-02-25,Martin-Wallace Stadium,48,30,64,1,28,45
6999,9120,2023-12-07,"Lopez, Martin and Ellison Stadium",56,26,61,11,28,67
7000,3918,2020-11-25,Carr-Acosta Stadium,50,26,11,5,28,80
7001,2056,2021-07-12,"Baird, Powell and Harper Stadium",127,22,83,10,18,41
7002,1555,2023-08-10,Caldwell-Carr Stadium,138,9,109,13,12,35
7003,6439,2022-04-19,White-Gibson Stadium,77,27,82,10,3,49
7004,3527,2022-07-24,Garcia-Kidd Stadium,1,26,42,7,7,66
7005,8794,2023-11-09,Cook-Smith Stadium,40,30,72,15,12,34
7006,4076,2025-03-30,"Beard, Bruce and Montoya Stadium",43,13,54,2,21,51
7007,1109,2021-06-25,Hobbs-Savage Stadium,84,24,127,1,6,32
7008,6921,2022-05-28,"Williams, Howard and Elliott Stadium",145,2,54,1,0,45
7009,2869,2023-12-11,Carlson-Walker Stadium,149,2,56,13,0,78
7010,4028,2024-10-17,White Group Stadium,104,7,80,12,12,2
7011,660,2020-07-10,"Pratt, Jones and Anderson Stadium",12,5,21,9,21,19
7012,1706,2022-02-04,"Giles, Young and Hoffman Stadium",11,25,162,5,14,40
7013,5784,2024-05-11,Swanson PLC Stadium,55,6,175,7,17,18
7014,4726,2025-12-04,"Pope, Harris and Adkins Stadium",93,27,186,5,24,22
7015,1804,2022-06-25,"Nelson, Davis and Torres Stadium",131,27,103,2,17,65
7016,7825,2024-01-31,Yoder-Miller Stadium,89,4,68,0,21,18
7017,547,2021-01-13,Perez Inc Stadium,56,27,8,11,14,8
7018,184,2024-12-12,"Young, Barker and Russell Stadium",86,30,86,14,7,44
7019,796,2025-06-16,"Hansen, White and Travis Stadium",46,16,85,4,21,65
7020,2692,2021-12-12,Mitchell PLC Stadium,0,16,28,0,28,29
7021,8615,2020-10-30,"Costa, Leonard and Mason Stadium",67,27,88,10,17,14
7022,9009,2022-09-30,Rodriguez-Chambers Stadium,54,25,140,8,28,38
7023,1939,2025-09-30,"Rodriguez, Mccormick and Dickson Stadium",37,12,131,4,14,73
7024,9964,2023-08-07,"Clark, Hernandez and Lambert Stadium",22,19,199,9,12,48
7025,8204,2025-04-19,Gregory PLC Stadium,101,26,108,11,0,8
7026,1857,2024-02-25,"Hodges, Gordon and Jackson Stadium",46,10,76,2,12,11
7027,3461,2024-02-05,"Sanders, Ellison and Burgess Stadium",44,5,15,9,17,49
7028,5738,2024-12-04,Shaffer PLC Stadium,104,8,160,2,24,2
7029,8217,2026-04-22,Henry LLC Stadium,7,14,58,7,7,80
7030,2329,2025-04-10,Hayden-Carlson Stadium,94,28,62,2,18,21
7031,6561,2022-06-14,"Velasquez, Reid and Johnson Stadium",124,8,140,2,14,49
7032,3007,2024-04-29,"Lopez, Garcia and Williams Stadium",122,26,80,13,28,60
7033,5362,2024-03-20,Perez-Schneider Stadium,-5,11,147,11,12,3
7034,5667,2025-05-01,Evans-Cox Stadium,109,3,30,15,17,26
7035,2765,2023-10-05,Monroe Ltd Stadium,63,5,75,4,14,72
7036,7885,2020-08-05,Orozco-Murray Stadium,69,7,197,4,28,53
7037,2843,2022-04-13,"Jones, Bell and Johnson Stadium",110,21,153,2,7,31
7038,1243,2023-11-03,Peterson-Smith Stadium,106,7,125,15,28,15
7039,9880,2025-09-02,Rivera-Garza Stadium,66,17,4,8,17,16
7040,2705,2024-02-03,Schmitt Ltd Stadium,76,17,37,8,18,29
7041,3590,2025-03-20,Avery Group Stadium,100,14,5,3,6,41
7042,6862,2021-08-22,"Davis, Escobar and Ayers Stadium",24,27,179,8,17,35
7043,9193,2024-08-28,Williams and Sons Stadium,105,21,172,11,18,56
7044,6621,2025-10-04,Castro LLC Stadium,46,18,180,2,28,31
7045,5351,2025-04-14,"Wright, Mccann and Jordan Stadium",59,26,50,6,0,55
7046,2782,2025-11-26,Johnson-Mayo Stadium,122,19,8,0,14,12
7047,3000,2024-06-30,Gallegos-Branch Stadium,97,11,107,1,7,49
7048,9578,2024-06-30,Snyder and Sons Stadium,39,9,20,14,7,33
7049,6451,2021-03-24,Nelson and Sons Stadium,30,11,68,3,7,10
7050,1842,2020-08-15,Wright and Sons Stadium,126,15,106,14,6,54
7051,4117,2025-07-26,"Tucker, Wilson and Stewart Stadium",133,15,51,14,7,10
7052,1989,2021-10-17,Collins-Ellison Stadium,119,25,175,15,28,38
7053,2175,2025-11-20,"Rivera, Freeman and Fuller Stadium",121,3,102,9,17,71
7054,2368,2023-01-17,"Ellis, Smith and Rodriguez Stadium",142,29,99,7,3,35
7055,970,2021-08-29,"Duncan, Jones and Nichols Stadium",70,18,112,11,17,8
7056,9074,2022-07-30,Butler Ltd Stadium,91,28,93,13,0,59
7057,5696,2023-10-19,Archer Ltd Stadium,90,25,104,11,28,78
7058,7096,2023-06-03,Jefferson Ltd Stadium,136,20,79,2,14,16
7059,7609,2021-11-16,Smith-Russell Stadium,119,13,106,0,3,53
7060,3216,2024-12-05,Harper Ltd Stadium,54,26,35,9,18,32
7061,3627,2020-10-11,Torres Inc Stadium,141,5,14,12,3,26
7062,877,2025-10-01,Evans-Hatfield Stadium,112,7,102,7,0,11
7063,561,2021-06-15,"Hamilton, Henry and Melendez Stadium",88,27,118,4,7,50
7064,4354,2021-06-02,Mclaughlin-Jensen Stadium,33,28,192,2,18,4
7065,8956,2024-08-09,"Garcia, Day and Christian Stadium",128,23,97,14,24,66
7066,4952,2021-06-19,"Simpson, Reynolds and Andrews Stadium",30,6,100,9,14,73
7067,1485,2020-10-03,Morgan-Perez Stadium,84,2,157,10,21,29
7068,3082,2022-04-01,"Evans, Russo and Jordan Stadium",68,10,44,7,7,45
7069,6514,2023-02-16,"Garcia, Lee and Kane Stadium",-1,17,1,10,17,7
7070,4522,2023-04-23,Flowers-Fischer Stadium,138,30,150,10,6,72
7071,9925,2020-06-12,Smith Ltd Stadium,13,0,19,6,0,72
7072,3113,2022-06-06,"Mason, Beasley and Flowers Stadium",36,6,12,6,3,14
7073,1131,2020-08-18,Wise LLC Stadium,89,0,28,8,12,29
7074,940,2023-02-14,Adams Group Stadium,68,8,117,15,21,31
7075,7132,2022-10-24,Patel-Young Stadium,122,13,80,7,21,10
7076,213,2023-05-10,Williams-Nelson Stadium,74,10,87,3,21,30
7077,159,2024-01-21,"Moody, Munoz and Scott Stadium",77,27,136,3,24,20
7078,2043,2022-04-13,Rangel Inc Stadium,45,16,71,7,3,14
7079,1979,2024-10-10,Perez-Bridges Stadium,150,8,45,14,18,75
7080,2633,2026-01-11,"Chan, Wagner and Meyer Stadium",64,2,152,3,12,66
7081,7137,2022-01-21,Goodman-Lamb Stadium,139,14,144,13,17,9
7082,4423,2026-02-11,Hoffman-Gallegos Stadium,140,16,193,0,12,22
7083,3587,2022-07-03,"Holland, Kerr and Miller Stadium",91,28,78,14,18,52
7084,6317,2026-03-08,Martin Group Stadium,92,9,0,10,17,20
7085,4119,2026-01-13,"James, Morrison and Lane Stadium",106,26,15,7,28,49
7086,8352,2020-08-19,Wolf-Cox Stadium,129,21,109,14,18,71
7087,1544,2023-11-17,Riddle PLC Stadium,149,11,41,11,21,16
7088,4288,2020-10-31,Cabrera-Kim Stadium,26,30,11,10,6,66
7089,6876,2026-03-01,Hill PLC Stadium,23,20,180,8,7,57
7090,1068,2020-07-25,"Arroyo, Payne and Boone Stadium",131,9,6,3,6,51
7091,5996,2025-03-16,Moore-Perry Stadium,98,0,131,5,17,5
7092,2504,2024-09-07,Ballard-Barrett Stadium,61,25,79,15,12,1
7093,8011,2025-10-31,"Walker, Weber and Hoffman Stadium",41,24,186,3,7,66
7094,6009,2023-06-16,"Davidson, Reyes and Bauer Stadium",41,21,101,10,7,5
7095,1581,2022-07-10,"Mills, Fisher and Schultz Stadium",57,2,36,2,12,16
7096,307,2021-04-13,Murray LLC Stadium,121,18,73,12,14,69
7097,2243,2020-05-08,"Bailey, Huffman and King Stadium",139,8,103,10,21,16
7098,6730,2024-08-05,Cantu-Mack Stadium,117,17,188,15,24,57
7099,9796,2023-05-12,Baker Inc Stadium,66,30,37,13,21,31
7100,3729,2020-03-30,Collins-Adkins Stadium,12,5,150,11,6,5
7101,9776,2020-11-07,Smith and Sons Stadium,41,3,168,4,3,62
7102,6453,2025-06-03,Ballard and Sons Stadium,55,22,185,2,24,76
7103,5037,2025-09-06,"Sharp, Compton and Key Stadium",132,29,99,6,6,25
7104,8428,2021-03-08,"Brooks, Payne and Mendez Stadium",118,13,58,9,24,2
7105,7169,2020-05-30,"Smith, Cruz and Baker Stadium",0,10,96,12,7,59
7106,974,2020-03-11,"Gill, Marsh and Higgins Stadium",56,29,152,15,28,69
7107,2936,2023-09-16,Long Group Stadium,29,18,128,13,6,71
7108,3649,2025-05-04,Patton-White Stadium,59,2,153,2,7,74
7109,9459,2020-01-25,"Johnson, Wilson and Hughes Stadium",149,2,187,9,7,30
7110,7350,2024-03-18,"Adams, Garcia and Vasquez Stadium",62,20,43,3,0,32
7111,8546,2023-11-13,Munoz LLC Stadium,45,13,114,9,21,4
7112,5075,2023-05-13,Morris-Lewis Stadium,7,21,56,9,3,7
7113,9576,2020-08-11,"Rowland, Brown and Howard Stadium",23,23,108,5,14,5
7114,2851,2024-04-30,"Hughes, Boyd and Hayes Stadium",147,11,192,7,3,49
7115,3603,2021-08-25,Rivera and Sons Stadium,34,18,177,11,17,76
7116,4494,2025-05-17,Cordova PLC Stadium,75,11,147,9,21,56
7117,8319,2024-06-22,"Mclaughlin, Brown and Collins Stadium",16,1,200,1,14,4
7118,7016,2025-05-23,Allen Group Stadium,76,25,129,5,14,16
7119,3003,2024-06-28,Baldwin-Garcia Stadium,36,26,133,7,7,51
7120,7828,2026-02-24,"Gordon, Ray and Gonzalez Stadium",104,23,64,6,12,47
7121,1283,2025-09-30,Barrett PLC Stadium,131,21,130,11,21,77
7122,2975,2020-10-27,Rose Inc Stadium,124,1,171,7,12,8
7123,186,2021-01-29,"Lopez, Manning and Moore Stadium",86,21,71,1,3,62
7124,4003,2024-06-03,"Brown, Howard and Foster Stadium",61,26,13,13,21,8
7125,316,2023-04-24,Shields Inc Stadium,81,12,113,13,18,6
7126,8162,2020-06-04,Salinas-Andrews Stadium,16,0,33,11,12,18
7127,1557,2020-06-25,"Sanford, Robertson and Mccoy Stadium",28,23,28,0,12,12
7128,5811,2026-02-23,"Fuller, Woodard and Hart Stadium",98,13,131,7,28,13
7129,4393,2020-07-15,Shelton-Ray Stadium,28,13,106,4,24,5
7130,7368,2020-05-28,Willis-Morris Stadium,128,11,155,5,0,21
7131,2609,2022-07-12,"Lopez, Levy and Crawford Stadium",116,15,139,15,0,6
7132,3759,2024-02-27,Fleming-Mcconnell Stadium,90,29,88,4,14,2
7133,9161,2023-04-15,"Brown, Willis and Fitzpatrick Stadium",124,30,55,12,3,48
7134,1066,2024-01-14,Carroll-White Stadium,58,8,144,9,3,44
7135,112,2024-05-25,"Alvarez, Poole and White Stadium",125,7,75,6,12,28
7136,9090,2020-11-11,Walker-Newman Stadium,24,29,150,10,0,15
7137,1959,2021-02-20,Braun-Raymond Stadium,140,12,185,10,6,71
7138,5084,2022-04-21,Petersen Inc Stadium,63,30,83,11,21,51
7139,7446,2024-01-06,King-Brown Stadium,148,18,31,13,28,1
7140,6794,2021-12-26,"Williams, Payne and King Stadium",32,8,115,1,12,22
7141,4432,2024-11-02,"Bowman, Williams and Lloyd Stadium",124,25,81,6,17,50
7142,8005,2022-04-01,"Brown, Valencia and Williams Stadium",73,30,163,5,3,39
7143,8773,2024-11-04,Hooper Inc Stadium,14,28,17,13,3,37
7144,5599,2020-01-02,"Snow, Carter and Young Stadium",27,28,117,1,0,65
7145,1307,2024-05-10,"Pacheco, Berg and Becker Stadium",137,3,10,11,28,61
7146,9646,2020-10-11,"Cook, Garcia and Garcia Stadium",126,29,190,14,3,77
7147,3110,2022-03-18,Nguyen PLC Stadium,69,21,158,14,6,64
7148,4303,2026-03-26,Guerrero and Sons Stadium,121,9,191,7,7,12
7149,6939,2022-09-07,"Simmons, Bishop and Phelps Stadium",14,11,141,9,24,74
7150,173,2024-02-24,Powers-Chase Stadium,78,20,200,15,3,12
7151,442,2020-05-10,"Smith, Black and Anderson Stadium",106,30,68,0,14,6
7152,4224,2022-09-14,Hunt-King Stadium,60,6,78,7,6,32
7153,7925,2020-12-25,Martin-Hunter Stadium,147,12,11,0,18,32
7154,2174,2021-02-25,Hayes PLC Stadium,28,24,177,8,28,39
7155,4491,2022-03-26,"Holland, Norris and Taylor Stadium",2,27,171,7,14,80
7156,5867,2025-02-08,Peterson-Thompson Stadium,8,7,179,6,3,50
7157,634,2025-02-16,Christensen LLC Stadium,29,24,80,8,3,56
7158,2818,2022-05-03,Gray-Nguyen Stadium,25,23,88,8,6,35
7159,8774,2020-05-17,Brewer-Nguyen Stadium,60,12,105,0,18,23
7160,1545,2025-10-21,Morse-Young Stadium,32,0,168,14,0,69
7161,1997,2021-01-13,"Simmons, Murray and Lewis Stadium",12,5,113,7,6,36
7162,6000,2021-11-07,"Lara, Harrison and Freeman Stadium",50,0,3,2,24,33
7163,5852,2022-11-25,Jordan-Wise Stadium,51,9,176,8,7,37
7164,7386,2020-06-08,Hancock PLC Stadium,42,21,23,9,14,9
7165,991,2021-05-16,"Warren, Murray and Madden Stadium",93,6,180,4,18,11
7166,9814,2021-04-23,"Vincent, Rodriguez and Whitaker Stadium",72,12,134,14,17,38
7167,5357,2022-03-23,"Taylor, Sanchez and Murray Stadium",54,13,17,9,18,43
7168,3321,2025-08-25,Lopez Ltd Stadium,66,0,136,0,17,62
7169,5414,2024-02-14,"Robinson, Jacobs and Mcgee Stadium",88,11,188,1,24,18
7170,1482,2025-08-22,Harris Ltd Stadium,33,5,126,6,12,65
7171,2338,2023-08-12,Short-Conley Stadium,90,20,133,6,21,24
7172,5849,2024-12-14,"Adkins, Nash and Graham Stadium",28,1,141,10,0,5
7173,9610,2024-01-27,"Pham, Ramos and Tucker Stadium",59,30,117,12,3,35
7174,7605,2021-03-25,Walker-Lin Stadium,-4,4,168,5,28,41
7175,4748,2023-05-20,Carlson-James Stadium,31,3,82,12,17,35
7176,4864,2025-09-23,Suarez Group Stadium,51,23,36,13,7,30
7177,683,2025-09-22,Rangel-Rodriguez Stadium,12,22,49,4,21,11
7178,1973,2026-02-27,Cunningham Ltd Stadium,34,15,131,7,6,31
7179,5109,2021-12-15,"Smith, Moore and Williams Stadium",135,5,70,12,17,34
7180,5468,2021-02-05,"Carter, Perry and Green Stadium",2,22,103,9,3,37
7181,5419,2021-05-18,Leonard PLC Stadium,24,18,121,6,24,4
7182,1352,2023-06-22,Parrish Group Stadium,102,23,72,0,3,63
7183,7278,2025-01-29,Johnston Ltd Stadium,49,27,189,5,24,70
7184,2852,2025-08-09,"Combs, Garrett and Hoffman Stadium",71,10,144,4,7,17
7185,2000,2020-06-29,Thompson-Cooper Stadium,113,3,28,6,24,52
7186,729,2022-11-09,Rodriguez Inc Stadium,88,12,30,0,21,24
7187,747,2021-02-15,"Reynolds, Sullivan and Smith Stadium",119,28,32,0,6,47
7188,7226,2025-02-08,Greer-Steele Stadium,24,30,109,6,14,58
7189,9377,2020-09-06,"Alvarez, Acevedo and Morris Stadium",87,17,103,7,12,73
7190,1650,2021-04-23,"Riddle, Russell and Valencia Stadium",124,4,26,0,12,11
7191,5666,2023-06-22,"Rice, Carter and Marquez Stadium",15,16,0,0,12,68
7192,5334,2022-09-21,"Spencer, Lee and Wolfe Stadium",22,29,35,7,12,73
7193,5070,2024-07-26,Howell Ltd Stadium,31,4,17,10,7,29
7194,278,2023-10-29,Perry PLC Stadium,28,26,37,4,7,80
7195,1123,2021-03-24,Nichols Ltd Stadium,129,25,175,10,24,27
7196,2875,2023-10-14,Carter-Ross Stadium,136,28,169,5,17,39
7197,6302,2022-03-31,Jefferson-Kelly Stadium,12,6,9,15,28,36
7198,2404,2020-11-10,"Benson, Vazquez and Jacobson Stadium",89,10,185,10,7,12
7199,7964,2020-06-21,Collier-Reeves Stadium,71,9,5,8,0,43
7200,606,2026-03-21,Ward Ltd Stadium,46,7,152,12,17,16
7201,4687,2020-06-19,"Mcdonald, Cruz and Gallegos Stadium",138,9,120,4,21,63
7202,5046,2023-03-07,"Rose, Frazier and Brown Stadium",124,11,180,12,17,80
7203,2795,2023-09-05,"Robbins, Jones and Johnston Stadium",76,26,123,2,21,55
7204,1767,2021-09-27,Massey-Sanchez Stadium,107,10,84,10,17,77
7205,6537,2024-04-03,Cooper Inc Stadium,8,30,83,7,12,48
7206,171,2023-03-07,Ware and Sons Stadium,69,29,118,10,7,8
7207,7606,2021-09-30,"Day, Hartman and Brown Stadium",83,19,99,8,18,45
7208,6926,2021-11-05,"Brown, Curtis and Graham Stadium",46,0,197,8,24,78
7209,8576,2023-04-24,"Quinn, Willis and Booth Stadium",127,26,194,14,28,31
7210,402,2025-10-30,"Garza, Mcintosh and Thompson Stadium",134,18,97,3,21,45
7211,9518,2021-10-31,Jones and Sons Stadium,70,10,136,9,0,37
7212,1016,2020-12-08,Hampton and Sons Stadium,40,0,17,2,17,30
7213,5664,2021-07-17,Hanson Ltd Stadium,63,26,8,10,14,15
7214,7472,2021-10-24,Roach-Ramirez Stadium,123,0,84,13,18,24
7215,7430,2022-07-13,Morales Ltd Stadium,55,7,160,2,6,17
7216,5677,2023-07-24,Miles LLC Stadium,118,23,71,15,0,66
7217,8876,2021-11-17,"Gutierrez, Valencia and Hodge Stadium",107,16,18,3,21,77
7218,3458,2023-12-17,Smith-Kerr Stadium,-1,16,193,7,18,46
7219,6849,2021-09-27,"Luna, Owen and Garcia Stadium",66,24,80,11,14,46
7220,8187,2020-09-12,"Myers, Smith and Mcintosh Stadium",75,4,75,2,7,74
7221,903,2020-09-01,Ford Group Stadium,94,4,82,6,0,15
7222,3631,2023-08-06,Castillo-Solis Stadium,2,12,40,15,21,13
7223,9997,2024-02-25,"Johnson, Madden and Sandoval Stadium",87,18,162,7,24,27
7224,8582,2023-04-08,Hobbs Ltd Stadium,54,27,85,13,28,11
7225,3257,2025-09-01,Dixon-Miller Stadium,53,29,199,12,12,58
7226,6382,2021-08-08,Stewart-Schaefer Stadium,61,27,71,1,14,41
7227,9815,2025-03-19,Rodriguez Inc Stadium,48,27,168,15,3,40
7228,3343,2020-12-06,"Roberts, Jordan and Thomas Stadium",18,14,135,10,6,50
7229,5660,2022-08-09,"Ball, Martin and Matthews Stadium",134,28,26,4,3,38
7230,7762,2026-01-19,Hayden-Bauer Stadium,92,0,178,11,7,28
7231,9019,2020-05-15,"Stewart, White and Booth Stadium",114,5,108,8,3,16
7232,931,2022-07-24,"Garcia, Caldwell and White Stadium",7,24,75,14,12,23
7233,5948,2021-02-07,Collins-Morris Stadium,59,4,21,7,21,39
7234,5559,2023-02-15,"Gonzalez, Rodriguez and Gould Stadium",4,16,51,10,18,34
7235,1507,2024-08-09,Harmon-Klein Stadium,141,1,162,2,28,56
7236,4811,2023-11-05,"Bradley, Vega and Mccarthy Stadium",108,23,84,10,7,53
7237,7661,2023-03-19,Sanchez-Reynolds Stadium,46,6,169,9,24,53
7238,2084,2021-10-13,"Turner, Young and Lopez Stadium",99,14,11,14,3,44
7239,4427,2021-11-09,"Sloan, Mullins and Conner Stadium",40,13,0,5,6,6
7240,3337,2024-06-02,Townsend and Sons Stadium,91,9,71,8,24,5
7241,6792,2022-01-24,"Doyle, Brennan and White Stadium",47,19,24,5,21,40
7242,5089,2020-07-27,Perkins-Ray Stadium,106,3,14,9,0,15
7243,1915,2020-02-18,"Fischer, Smith and Thompson Stadium",96,27,195,2,7,80
7244,610,2020-01-10,Abbott LLC Stadium,105,10,139,9,21,13
7245,7337,2022-01-22,Price-Reilly Stadium,19,29,16,6,17,53
7246,9533,2025-04-08,"Shepherd, Scott and Mejia Stadium",133,26,101,11,28,44
7247,7668,2020-01-20,Tran LLC Stadium,147,25,140,6,18,59
7248,1052,2021-02-15,Lewis PLC Stadium,110,28,29,13,18,12
7249,4845,2021-06-29,"Mays, Norman and Benitez Stadium",15,6,136,12,7,67
7250,2703,2025-04-15,"Odom, Bailey and Thomas Stadium",69,1,75,14,0,77
7251,1606,2022-06-23,Ross-Turner Stadium,133,26,75,7,24,17
7252,2012,2024-09-30,Shelton-Howell Stadium,143,17,68,13,3,54
7253,2798,2024-05-13,"Jones, Vaughn and Ayers Stadium",-1,4,34,5,6,78
7254,9677,2022-02-10,Cook Inc Stadium,80,20,137,3,6,9
7255,9694,2024-05-29,"Stanton, Keller and Carter Stadium",109,8,12,4,12,31
7256,121,2020-11-29,Simmons Group Stadium,124,1,153,1,12,68
7257,3202,2020-08-01,Warner-Snow Stadium,72,0,167,13,0,26
7258,1586,2022-07-11,Webb-Lyons Stadium,106,27,134,11,6,10
7259,548,2021-10-03,Hardy Inc Stadium,8,4,9,13,28,74
7260,6564,2020-10-06,Harper Group Stadium,24,15,52,6,7,35
7261,5048,2025-10-17,"Peterson, Weaver and Zimmerman Stadium",99,15,23,11,24,12
7262,8698,2026-04-06,Davis-Smith Stadium,88,24,64,1,12,51
7263,8283,2026-02-20,"Lewis, Mcmillan and Nunez Stadium",137,28,57,1,7,74
7264,2557,2024-11-22,"Brooks, Williams and Roberts Stadium",19,10,11,4,17,33
7265,4516,2025-04-30,Lopez Inc Stadium,81,29,83,7,28,40
7266,5448,2023-10-09,Briggs-Pitts Stadium,135,5,59,1,21,5
7267,7962,2025-12-10,"Gutierrez, Park and Mitchell Stadium",150,22,127,0,6,49
7268,7740,2022-08-08,Pearson-Farrell Stadium,37,27,5,7,3,79
7269,132,2023-11-18,Fletcher-Hudson Stadium,4,19,126,4,3,69
7270,4108,2025-11-15,Holland-Wall Stadium,135,29,158,6,3,35
7271,9177,2022-11-09,"Cherry, Rice and Adams Stadium",145,19,52,7,7,77
7272,4574,2020-06-14,"Gray, Nielsen and Parker Stadium",14,0,99,6,7,58
7273,6969,2021-10-26,Malone-Scott Stadium,123,14,199,9,21,3
7274,7108,2021-10-25,Blackburn-Williams Stadium,7,15,135,6,17,3
7275,7045,2024-09-05,"Thompson, Adkins and Trevino Stadium",41,28,143,6,18,79
7276,8513,2022-06-27,"Moody, Kane and Duncan Stadium",97,2,130,10,21,39
7277,2699,2024-06-16,"Brown, Carter and Rosales Stadium",14,29,82,9,18,50
7278,3366,2024-08-13,Miller-Wilson Stadium,53,1,101,13,24,21
7279,8158,2024-12-29,Burgess-Mills Stadium,49,4,173,2,21,14
7280,5290,2024-10-22,Kennedy Group Stadium,86,30,173,2,6,58
7281,388,2023-01-10,Hall-Hardy Stadium,-4,10,66,15,14,58
7282,7258,2026-01-01,"Jones, Carter and Miller Stadium",108,17,178,0,0,49
7283,310,2024-06-03,Graham PLC Stadium,43,13,127,9,12,60
7284,1979,2022-01-28,Cortez-Sanders Stadium,32,21,144,2,24,26
7285,633,2022-05-07,"Wilson, Lee and Jones Stadium",100,5,194,3,14,70
7286,7039,2020-08-03,Harris LLC Stadium,36,4,60,4,17,10
7287,4706,2023-01-19,"Diaz, Schmidt and Walsh Stadium",24,30,13,5,12,75
7288,1688,2022-04-05,"Butler, Mitchell and Miller Stadium",13,25,137,2,14,30
7289,3166,2021-01-23,Lucero LLC Stadium,52,15,138,1,0,49
7290,5341,2021-05-03,"Williams, Perez and Hicks Stadium",94,23,81,3,28,43
7291,4492,2022-12-22,"Adams, Morales and Bird Stadium",62,20,195,0,7,59
7292,5660,2022-04-13,Ramirez and Sons Stadium,102,14,144,11,24,37
7293,1107,2024-11-22,Mcintyre-Gonzalez Stadium,98,24,189,4,12,60
7294,4564,2022-10-04,"Miller, Sparks and Evans Stadium",123,3,51,15,7,7
7295,7098,2023-11-19,Orr and Sons Stadium,103,8,84,7,3,27
7296,8710,2024-06-03,"Wiggins, Trevino and Davis Stadium",95,7,165,13,21,55
7297,3590,2023-10-23,Hooper PLC Stadium,74,16,196,9,17,77
7298,9624,2022-04-02,Acosta-Moore Stadium,12,8,104,9,7,42
7299,5947,2023-06-11,"Benton, Bush and Navarro Stadium",138,16,19,12,0,11
7300,5548,2024-05-24,"Salazar, Drake and Logan Stadium",13,29,181,12,14,68
7301,3087,2024-05-28,Ellis Ltd Stadium,89,21,88,2,14,26
7302,7162,2022-01-29,Sawyer-Cervantes Stadium,122,23,169,0,21,34
7303,2323,2021-05-29,"Estrada, Anderson and Perry Stadium",73,14,171,14,18,36
7304,3547,2023-12-08,"West, Anderson and Key Stadium",61,22,152,7,28,60
7305,9593,2024-03-08,Nelson Ltd Stadium,72,7,178,13,21,33
7306,519,2022-04-22,Peterson Ltd Stadium,62,24,21,14,14,50
7307,5677,2025-01-25,Duffy-West Stadium,14,5,185,15,0,66
7308,4770,2020-01-26,Neal-Hunt Stadium,117,17,181,7,7,31
7309,8402,2024-08-01,"Delgado, White and Barnes Stadium",70,9,112,7,7,47
7310,7645,2020-03-31,Leblanc Group Stadium,0,0,118,15,3,62
7311,5123,2020-10-15,"Adkins, Gonzalez and Martin Stadium",18,29,183,7,12,28
7312,2115,2022-04-13,Morton-Velasquez Stadium,105,20,111,2,6,52
7313,5057,2020-01-29,"Cooper, Green and Johnson Stadium",110,19,179,10,3,73
7314,3482,2024-01-30,"Huang, Cook and Cannon Stadium",49,27,9,10,28,7
7315,6965,2025-02-18,Keller PLC Stadium,17,1,171,5,7,41
7316,7185,2025-02-08,Robbins-Kim Stadium,85,27,8,15,12,46
7317,81,2025-03-25,Williams Inc Stadium,116,9,159,5,24,79
7318,4837,2020-02-12,Ruiz-Krueger Stadium,18,2,101,10,17,42
7319,9871,2020-01-05,Espinoza Group Stadium,33,8,87,15,0,61
7320,2556,2021-05-21,Meyer PLC Stadium,98,11,7,9,28,40
7321,4792,2021-11-15,"Fitzgerald, Tran and Morales Stadium",61,26,187,15,17,73
7322,280,2020-02-21,"Flores, Brady and Holmes Stadium",59,15,59,12,21,2
7323,4403,2024-03-20,"Tran, Green and Wilson Stadium",60,15,119,13,17,8
7324,1241,2021-04-09,"Huerta, Garza and Vazquez Stadium",22,21,35,12,7,49
7325,2307,2026-01-22,Gates-Burke Stadium,50,14,127,5,7,78
7326,1614,2024-06-14,Martin Group Stadium,75,0,188,7,0,24
7327,3770,2025-11-30,Long-Mata Stadium,-2,10,62,1,17,21
7328,6080,2020-09-23,Payne and Sons Stadium,102,27,189,13,24,17
7329,9974,2022-09-08,"Black, Greer and Bowers Stadium",71,20,136,15,21,74
7330,1919,2020-07-30,"Bradley, Holland and Lopez Stadium",-1,13,122,12,28,1
7331,1170,2024-10-05,"Alvarado, Thompson and Brown Stadium",110,8,33,15,7,51
7332,3205,2020-07-02,Suarez-Gonzalez Stadium,117,30,84,11,21,21
7333,7379,2024-08-07,"Nelson, Allen and Pierce Stadium",69,4,123,5,6,75
7334,8173,2020-02-02,Young-Larson Stadium,138,29,20,11,18,74
7335,7150,2025-11-21,Bridges-Perry Stadium,42,4,52,6,3,49
7336,7678,2020-07-06,Ramirez PLC Stadium,80,10,123,0,0,3
7337,6084,2023-10-20,Perez Ltd Stadium,28,26,49,14,14,80
7338,8250,2022-01-23,Mendez-Wilson Stadium,102,4,97,12,0,40
7339,4126,2026-01-22,"Downs, Huerta and Huang Stadium",3,2,169,5,28,9
7340,2673,2020-12-16,Brown-Graham Stadium,91,11,25,3,7,57
7341,3694,2021-12-17,"Atkins, Long and Ortiz Stadium",37,15,188,15,3,44
7342,616,2020-09-29,Clark-Williams Stadium,9,0,99,8,12,60
7343,7917,2022-11-03,Valdez PLC Stadium,-5,15,32,0,18,34
7344,2546,2023-10-09,Davis-Foster Stadium,30,28,103,14,18,63
7345,3714,2026-04-18,Martin PLC Stadium,3,18,180,4,6,21
7346,5175,2021-03-23,Pearson and Sons Stadium,56,15,136,2,21,18
7347,2595,2023-01-08,Larson Inc Stadium,35,19,152,9,7,27
7348,6788,2023-04-08,Gates Inc Stadium,25,8,141,15,17,38
7349,6364,2023-10-08,Quinn-Roberts Stadium,82,22,57,9,28,51
7350,167,2024-05-21,Barry Inc Stadium,64,18,14,14,0,4
7351,8427,2026-04-09,"Ross, Hobbs and Wilson Stadium",38,1,32,11,6,71
7352,1584,2021-08-09,"Chavez, Turner and Browning Stadium",126,26,181,4,0,11
7353,9183,2020-05-28,Silva and Sons Stadium,113,12,50,15,0,36
7354,6437,2021-02-19,Bailey and Sons Stadium,20,18,103,13,7,59
7355,7904,2022-04-14,Phelps Group Stadium,129,0,17,11,28,10
7356,6220,2020-02-05,Wilson Ltd Stadium,87,29,145,14,28,52
7357,7363,2021-10-08,Greer-Carr Stadium,19,14,71,4,18,29
7358,6171,2022-12-12,Rodriguez and Sons Stadium,128,22,79,9,21,4
7359,2444,2020-01-13,"Thompson, Cummings and Ruiz Stadium",130,28,131,8,3,52
7360,8074,2022-12-22,Harris-Murphy Stadium,150,11,198,14,28,6
7361,357,2022-10-18,Huff Group Stadium,73,28,95,8,17,57
7362,4278,2025-07-24,Obrien Inc Stadium,134,21,48,11,12,12
7363,7290,2023-08-01,"Davis, Walters and Vance Stadium",60,18,146,7,14,4
7364,1080,2021-08-23,Mcdonald-Scott Stadium,31,14,184,6,17,54
7365,9972,2025-10-04,Murphy Ltd Stadium,67,24,34,3,18,63
7366,9669,2021-09-27,Larsen-James Stadium,114,4,9,2,6,66
7367,6185,2020-07-31,"Larsen, Shaw and Harris Stadium",149,2,7,8,7,25
7368,5968,2021-09-09,Kennedy-Williams Stadium,46,18,127,8,17,19
7369,8440,2025-06-17,Jones-Washington Stadium,1,18,181,2,24,42
7370,3522,2025-12-23,"Williams, Sims and Mendoza Stadium",119,8,126,14,18,21
7371,7996,2022-04-17,"Harrison, White and Thomas Stadium",73,8,8,14,14,52
7372,183,2024-07-18,Stuart-Gibson Stadium,131,9,165,14,24,70
7373,4408,2020-06-16,Lambert-Osborne Stadium,45,30,43,5,18,9
7374,8610,2023-06-27,"Jones, Taylor and Perkins Stadium",113,12,94,0,28,11
7375,4863,2021-01-11,Wyatt Ltd Stadium,110,24,51,3,6,71
7376,9777,2021-11-12,Wright-Williams Stadium,43,4,107,8,21,17
7377,9820,2020-11-29,"Gonzalez, Lopez and Potter Stadium",14,26,93,3,0,42
7378,3077,2025-07-06,"Hawkins, Bell and Payne Stadium",150,8,55,5,24,32
7379,487,2022-12-06,"Blair, White and Mckee Stadium",71,18,157,10,12,2
7380,4635,2025-11-04,"Richardson, Tucker and Wood Stadium",50,17,12,9,6,53
7381,4087,2024-10-05,Davidson LLC Stadium,19,2,83,12,6,23
7382,1951,2025-07-28,"Schroeder, Jacobs and Green Stadium",12,29,76,1,6,44
7383,5170,2021-08-15,Morgan Inc Stadium,78,18,116,2,24,50
7384,5399,2024-04-16,Arroyo-Kelly Stadium,17,19,89,1,12,17
7385,7865,2020-12-30,Elliott and Sons Stadium,34,21,49,6,12,76
7386,7575,2021-06-10,Johnson-Johns Stadium,124,12,68,8,21,77
7387,5142,2023-01-15,"Taylor, Kelly and Johnson Stadium",50,12,138,4,17,72
7388,9512,2023-04-21,Collins Ltd Stadium,66,8,119,0,28,54
7389,1467,2024-12-16,Romero LLC Stadium,132,4,96,14,6,67
7390,5939,2025-12-15,Martin-Woodward Stadium,59,18,105,13,7,47
7391,2138,2020-04-28,Wright Group Stadium,78,9,167,7,0,58
7392,2141,2023-03-28,Horn-Kent Stadium,139,13,27,10,7,41
7393,4953,2024-12-01,"Mathis, Smith and Morrow Stadium",39,9,194,9,17,15
7394,625,2025-05-29,"Blackburn, Cox and White Stadium",43,29,28,11,6,54
7395,3226,2021-10-20,Larson LLC Stadium,31,15,166,9,3,53
7396,1009,2023-05-22,Trujillo and Sons Stadium,150,27,136,4,21,7
7397,6022,2026-04-05,Cook-Bryan Stadium,1,9,6,13,12,6
7398,6740,2021-04-27,Wall Group Stadium,30,1,126,9,14,57
7399,5037,2026-02-27,Turner-Edwards Stadium,84,24,28,4,6,78
7400,5366,2026-03-15,Cunningham PLC Stadium,10,26,55,4,14,74
7401,5810,2025-03-04,"Thompson, Johnson and Smith Stadium",87,9,91,13,0,64
7402,147,2023-03-13,Webb-Gilbert Stadium,126,7,1,11,21,55
7403,9521,2022-04-17,Smith-Gilbert Stadium,27,20,170,12,14,9
7404,9227,2025-09-30,Wagner-Phelps Stadium,21,7,200,4,7,29
7405,675,2024-01-19,"Norton, Thompson and Kelly Stadium",118,18,142,15,21,33
7406,380,2020-05-23,White Inc Stadium,3,5,57,8,12,57
7407,701,2024-01-30,Greene Inc Stadium,142,30,171,8,14,55
7408,1263,2022-09-13,Lowe-Allen Stadium,109,28,141,0,17,40
7409,5225,2026-03-09,Miller-King Stadium,112,1,102,5,17,40
7410,6477,2023-06-23,Rodgers-Martinez Stadium,49,3,111,3,14,22
7411,2766,2025-01-13,"Jimenez, Oconnell and Sanchez Stadium",38,30,130,12,6,55
7412,6168,2021-06-01,"Williams, Carlson and Key Stadium",79,25,103,7,0,28
7413,6294,2024-03-11,Sutton PLC Stadium,105,7,193,5,0,66
7414,8564,2022-03-26,Thompson Inc Stadium,57,9,62,7,7,43
7415,8669,2020-08-09,"Lane, Wilson and Jones Stadium",-4,1,103,8,0,21
7416,9828,2020-02-12,"Wolf, Fowler and Cook Stadium",12,28,147,2,6,9
7417,9054,2023-03-18,Wilson-Harrison Stadium,27,21,10,3,14,2
7418,4221,2024-04-11,Carter Ltd Stadium,117,25,19,5,28,62
7419,7518,2024-10-12,"Pratt, Jones and Houston Stadium",126,13,80,13,14,23
7420,15,2022-12-10,"Freeman, Casey and Nelson Stadium",60,23,172,1,7,77
7421,895,2023-03-16,"Cunningham, Oliver and King Stadium",93,23,40,7,24,46
7422,5418,2021-06-27,"Jones, Watkins and Mcfarland Stadium",118,12,83,4,0,49
7423,1447,2023-06-18,Stone and Sons Stadium,15,15,28,4,21,75
7424,6819,2023-10-26,"Wyatt, Anderson and Anderson Stadium",22,4,20,14,12,67
7425,6560,2020-01-18,Bishop-Holden Stadium,5,10,167,2,18,6
7426,1329,2026-01-08,"Mercer, Hernandez and Ross Stadium",134,19,200,13,28,59
7427,2109,2022-05-08,Cruz Ltd Stadium,91,13,48,4,24,80
7428,6639,2023-08-22,Prince and Sons Stadium,103,22,52,8,6,67
7429,8293,2020-05-07,Scott-Edwards Stadium,136,4,53,10,17,55
7430,8768,2025-02-04,"Mcdonald, Bates and Jones Stadium",70,22,53,8,12,17
7431,9109,2021-07-06,Jensen Inc Stadium,132,7,129,1,3,18
7432,5855,2025-08-20,"Thomas, Scott and Watson Stadium",24,3,84,4,12,13
7433,6687,2020-08-01,Faulkner-Williams Stadium,134,10,23,10,18,58
7434,3139,2022-01-15,"Walker, Hopkins and Lopez Stadium",149,15,132,4,17,60
7435,8086,2021-02-06,"Stone, Brooks and Turner Stadium",83,7,103,6,14,39
7436,23,2020-12-28,Perry Group Stadium,88,9,196,3,28,18
7437,3568,2024-05-13,Howard Ltd Stadium,0,18,18,9,6,48
7438,5226,2023-11-13,"Reese, Moreno and Yates Stadium",72,23,178,0,0,75
7439,4401,2020-07-07,Vincent-Dawson Stadium,133,10,188,5,6,37
7440,8490,2023-02-04,"Kelley, Garza and Murphy Stadium",132,12,70,15,6,43
7441,3422,2021-09-15,Garza-West Stadium,121,13,23,12,6,45
7442,9728,2022-12-20,"Graves, Johnson and Herring Stadium",60,2,96,14,28,52
7443,4632,2024-01-18,"Martinez, Chandler and Carrillo Stadium",116,23,134,8,7,36
7444,9970,2024-11-08,Ford-Sanders Stadium,11,29,98,11,3,19
7445,3947,2021-02-18,Johnson-Wagner Stadium,25,10,79,15,21,61
7446,5638,2025-02-25,Fitzgerald-Howard Stadium,91,23,146,11,12,46
7447,6899,2021-01-16,Donovan-Smith Stadium,100,30,111,14,12,44
7448,4440,2022-06-27,George Ltd Stadium,148,25,80,1,18,64
7449,9722,2020-03-02,"Castillo, Simmons and Townsend Stadium",88,11,16,10,14,32
7450,5151,2020-02-18,Conner Group Stadium,39,20,164,0,18,55
7451,4451,2025-07-01,Simmons PLC Stadium,113,10,1,2,21,10
7452,8431,2022-08-02,"Murphy, Drake and Weeks Stadium",118,18,45,6,0,2
7453,9598,2021-10-12,Kelley PLC Stadium,134,28,67,2,18,27
7454,6293,2022-09-29,Robinson Group Stadium,14,21,19,11,24,44
7455,7662,2025-12-12,Moss and Sons Stadium,17,24,20,8,28,31
7456,3260,2022-07-31,"Mack, Villegas and Ryan Stadium",138,10,114,12,0,80
7457,4980,2025-09-22,"Hamilton, Garrett and Knight Stadium",101,30,31,2,12,42
7458,9766,2020-01-21,Olsen-Moore Stadium,123,24,105,8,0,21
7459,357,2024-12-26,Douglas-Rose Stadium,68,8,183,9,21,73
7460,4001,2024-06-06,"Torres, Jones and Hill Stadium",6,28,32,14,17,37
7461,9001,2025-05-14,Evans-Tran Stadium,144,4,73,12,28,78
7462,7917,2021-12-22,Williams-Henry Stadium,75,19,138,1,28,74
7463,2588,2023-09-09,Carrillo-Sherman Stadium,96,5,185,14,28,11
7464,3154,2025-01-04,Baldwin-Martinez Stadium,79,21,130,0,24,40
7465,6688,2020-02-19,Gordon-Meza Stadium,148,4,13,10,6,35
7466,970,2025-10-24,Durham-Cannon Stadium,72,22,158,0,18,17
7467,1901,2024-01-16,Nguyen-Carpenter Stadium,-1,26,136,10,21,14
7468,1908,2025-06-23,"Garrett, Odonnell and Sweeney Stadium",47,28,83,14,3,43
7469,1580,2020-06-06,"Hamilton, Brooks and Park Stadium",148,1,37,6,7,73
7470,3963,2021-11-28,Wallace-Middleton Stadium,18,19,45,10,14,14
7471,9463,2021-09-07,Stevens-Trujillo Stadium,44,28,51,14,12,41
7472,7800,2024-04-13,Gonzalez-Mueller Stadium,66,26,148,4,0,49
7473,429,2023-04-10,Davis Inc Stadium,11,30,101,11,24,19
7474,6197,2021-07-25,Smith Group Stadium,85,16,35,7,6,78
7475,930,2020-09-29,Haas-Calderon Stadium,138,29,34,6,21,45
7476,6699,2024-05-30,Martinez-Thompson Stadium,109,18,6,10,0,45
7477,4993,2022-10-27,"Tapia, Pierce and Rollins Stadium",145,11,93,0,12,43
7478,8418,2020-01-27,"Howard, Kennedy and Mooney Stadium",149,13,104,15,17,71
7479,5570,2023-10-23,Blackburn Ltd Stadium,12,12,0,7,3,21
7480,6373,2022-10-01,"Banks, Martin and George Stadium",79,21,26,8,24,18
7481,8685,2023-10-26,"Colon, Padilla and Crawford Stadium",108,15,58,3,24,32
7482,4131,2025-06-17,Malone and Sons Stadium,11,25,172,13,7,29
7483,3588,2022-12-10,"Guerrero, Strong and Duncan Stadium",100,28,160,15,21,20
7484,1020,2022-10-19,Jackson and Sons Stadium,6,15,200,2,0,69
7485,9508,2022-09-25,Gomez-Gonzalez Stadium,75,20,52,11,18,13
7486,2106,2023-06-23,Hayden-Santos Stadium,77,25,83,1,0,61
7487,2188,2021-09-16,Thomas-Brown Stadium,104,12,121,7,7,38
7488,1498,2021-02-09,"Baker, Anderson and Daniel Stadium",98,22,142,7,12,30
7489,333,2022-04-04,"Jackson, Martinez and Bowen Stadium",138,1,122,2,0,35
7490,2761,2024-07-29,Christian-Wolfe Stadium,147,25,11,10,6,16
7491,126,2025-05-12,Collier LLC Stadium,47,22,110,9,3,53
7492,5471,2020-12-24,Gibson-Vazquez Stadium,78,4,175,4,21,65
7493,1709,2023-06-23,"Lawrence, Knight and Haynes Stadium",1,12,132,0,14,5
7494,64,2025-08-18,Beasley-Frazier Stadium,39,27,95,9,7,50
7495,6347,2021-07-06,Perez and Sons Stadium,90,1,141,11,6,74
7496,1035,2021-04-27,"Zimmerman, Malone and Torres Stadium",54,3,192,14,28,35
7497,2038,2023-04-10,Williams-Kelley Stadium,1,12,96,1,0,72
7498,4601,2021-04-10,Reed-Henry Stadium,-3,4,49,12,24,15
7499,4479,2024-04-22,Roberts Inc Stadium,89,7,104,11,18,37
7500,3264,2024-07-04,"Graham, Hernandez and Young Stadium",41,25,59,9,21,30
7501,3551,2022-08-02,Leon-Brewer Stadium,82,29,129,13,17,37
7502,3002,2021-08-18,Petersen-Hartman Stadium,50,15,144,10,24,44
7503,6480,2021-07-19,Bauer Ltd Stadium,60,2,7,9,17,68
7504,7081,2025-04-16,Martin-Williams Stadium,87,18,99,10,0,12
7505,9208,2022-11-14,"Ibarra, Ward and Grant Stadium",87,2,167,2,21,8
7506,9203,2024-10-21,Horne LLC Stadium,36,2,70,1,12,78
7507,7746,2024-07-15,Gonzalez-Livingston Stadium,-3,17,79,0,28,76
7508,9968,2025-04-11,"Jackson, Long and Nelson Stadium",30,19,159,9,24,10
7509,3488,2020-02-26,Farmer-Kirby Stadium,50,14,42,5,14,8
7510,486,2021-03-15,Sanchez-Miller Stadium,14,21,188,14,7,37
7511,1279,2024-01-01,"Maxwell, Schaefer and Turner Stadium",141,0,67,13,7,41
7512,4813,2025-05-13,"Thomas, Nelson and Murphy Stadium",65,20,161,13,14,13
7513,4934,2021-02-12,Blackwell LLC Stadium,137,11,3,4,21,4
7514,7574,2025-02-14,"Williamson, Reed and Jones Stadium",84,27,105,15,24,44
7515,1760,2024-07-28,Rice PLC Stadium,88,19,36,3,3,79
7516,6402,2023-03-27,Hunt-Jennings Stadium,102,5,11,5,3,80
7517,9259,2022-11-18,Moore Group Stadium,137,21,199,12,0,3
7518,7948,2022-01-12,Wilkinson LLC Stadium,107,10,30,8,14,34
7519,2995,2024-08-22,Reed-Hernandez Stadium,48,27,193,5,17,61
7520,887,2020-10-25,Bishop-Randall Stadium,71,29,72,11,18,7
7521,2667,2021-09-24,Francis-Hill Stadium,87,25,34,3,18,20
7522,9129,2022-11-30,Braun-Smith Stadium,130,0,138,10,0,17
7523,8191,2024-12-15,Silva-Robinson Stadium,6,23,102,6,3,62
7524,106,2022-04-29,Phelps PLC Stadium,117,11,132,0,14,77
7525,7905,2024-02-18,"White, Morris and Harper Stadium",37,8,128,9,0,23
7526,6140,2022-07-25,"Nelson, Willis and Adams Stadium",14,16,175,14,28,12
7527,6955,2023-01-18,Foster-Jordan Stadium,88,15,152,7,12,65
7528,7528,2023-11-15,"Riley, Miller and Lee Stadium",50,24,113,4,7,14
7529,6807,2025-01-11,"Reed, Mclaughlin and Thompson Stadium",49,4,21,9,3,37
7530,9723,2023-11-09,Hensley-Price Stadium,127,30,108,14,7,12
7531,2993,2020-09-17,"Cabrera, Esparza and Mcpherson Stadium",112,16,128,6,28,7
7532,8523,2023-06-06,Clarke PLC Stadium,107,21,1,11,7,8
7533,3813,2024-03-10,Smith-Carter Stadium,8,19,192,12,18,78
7534,8031,2025-05-21,"Gomez, Ortiz and Ramirez Stadium",38,25,110,11,0,24
7535,3049,2025-12-21,Arroyo-Cox Stadium,137,7,124,4,7,3
7536,5553,2020-06-16,Jimenez-Myers Stadium,10,24,22,2,0,72
7537,7092,2023-09-23,"Gallagher, Peters and Pruitt Stadium",131,25,170,1,18,12
7538,6851,2023-10-29,Coleman-Barker Stadium,104,9,0,4,3,52
7539,8800,2025-06-21,Rivera LLC Stadium,105,28,143,4,24,5
7540,7078,2021-05-06,King-Greene Stadium,105,0,58,13,24,25
7541,7825,2026-01-24,"Gonzales, Kennedy and Mccoy Stadium",149,18,175,6,6,23
7542,4090,2023-10-12,Reed LLC Stadium,13,16,34,11,12,6
7543,1035,2025-06-17,"Moss, Caldwell and Everett Stadium",32,24,137,13,12,10
7544,3672,2023-03-19,Cowan-Fernandez Stadium,67,19,111,6,12,59
7545,6964,2025-04-06,"Alexander, Lee and Murphy Stadium",-2,23,130,0,17,17
7546,1042,2020-06-12,Myers-Smith Stadium,128,24,184,7,24,67
7547,315,2025-10-26,Nguyen-Suarez Stadium,75,21,131,4,17,24
7548,693,2023-09-03,"Pierce, Scott and Nichols Stadium",137,1,95,3,12,48
7549,3459,2020-05-05,Oconnor Group Stadium,56,5,193,0,7,33
7550,7724,2025-09-15,"Contreras, Johnston and Silva Stadium",17,2,42,14,24,4
7551,1746,2022-08-01,Roach-Cooper Stadium,64,1,77,9,18,54
7552,5984,2021-03-23,Payne and Sons Stadium,22,13,103,8,12,79
7553,1599,2023-08-13,"Jones, Jones and Ferrell Stadium",4,6,136,1,0,1
7554,8353,2024-01-08,Allen Inc Stadium,23,25,175,1,21,11
7555,5351,2025-03-04,Cruz LLC Stadium,16,1,71,8,21,43
7556,8771,2023-09-17,"Adams, Collins and Carpenter Stadium",3,29,183,7,17,80
7557,5635,2022-07-28,Heath Group Stadium,63,4,105,10,21,3
7558,6052,2021-11-14,Barnes Group Stadium,75,5,196,4,6,51
7559,1566,2021-09-14,Mcdaniel-Castro Stadium,71,5,19,5,6,39
7560,8249,2022-11-29,Graham-Evans Stadium,110,20,99,6,24,52
7561,1406,2025-09-15,Erickson and Sons Stadium,107,17,74,8,28,41
7562,3321,2023-12-29,"Wright, Chandler and Weaver Stadium",15,18,128,9,7,2
7563,2812,2024-04-23,"Roberts, Sanchez and Wagner Stadium",106,13,136,5,21,53
7564,5110,2020-01-10,Rodriguez LLC Stadium,94,10,31,14,12,28
7565,4096,2022-08-30,Williams-Gardner Stadium,83,17,38,1,21,23
7566,1406,2021-12-05,Hunter Ltd Stadium,48,28,50,15,12,36
7567,7327,2021-01-01,Strickland-Martin Stadium,51,26,157,5,6,3
7568,5877,2025-04-08,Stephens-Moore Stadium,40,7,185,5,24,3
7569,5365,2021-08-14,"Moore, Thompson and Williams Stadium",90,17,154,15,24,47
7570,2710,2024-03-05,"Gray, Lee and Jacobs Stadium",53,9,191,2,28,31
7571,7002,2023-06-25,Gilbert Group Stadium,-4,1,175,6,14,24
7572,2060,2024-11-07,"Stewart, Bauer and Church Stadium",129,18,93,2,28,27
7573,6340,2020-07-12,Hinton PLC Stadium,34,3,122,10,0,39
7574,9972,2026-02-16,"Bradshaw, Zimmerman and Pittman Stadium",59,5,149,8,18,56
7575,3232,2024-12-02,Garcia PLC Stadium,109,6,128,2,7,59
7576,8139,2024-03-04,"Sweeney, Mccoy and Richardson Stadium",16,14,151,15,7,7
7577,2993,2024-09-03,Kim PLC Stadium,61,3,175,2,17,76
7578,611,2022-04-03,White-Hudson Stadium,84,30,23,7,7,55
7579,9918,2023-02-21,"Medina, Peterson and Sparks Stadium",32,13,153,1,6,52
7580,7752,2025-07-16,Frye-Blanchard Stadium,3,26,127,12,0,37
7581,4128,2025-04-02,Jacobs-Pena Stadium,65,12,58,0,24,37
7582,3803,2021-11-08,Spencer-Chase Stadium,110,0,186,11,24,79
7583,2583,2020-11-18,Rice-Johnston Stadium,27,6,0,7,3,64
7584,648,2022-08-19,Simmons PLC Stadium,36,0,158,11,3,9
7585,5503,2023-07-25,Brown-Anderson Stadium,124,0,160,5,17,52
7586,2619,2024-06-29,Lee-Lee Stadium,85,5,98,12,18,78
7587,1354,2020-05-12,Pratt-Livingston Stadium,130,8,129,5,7,44
7588,2280,2021-03-19,"Smith, Martin and Villanueva Stadium",86,28,62,6,3,54
7589,1115,2024-01-08,Walker-Padilla Stadium,1,3,71,6,24,4
7590,6513,2021-05-08,Roy-Brown Stadium,149,7,3,8,14,63
7591,1774,2020-12-14,Buck-Cummings Stadium,94,16,145,3,18,73
7592,1762,2022-12-22,"Wilson, Williams and Brown Stadium",64,14,109,12,28,23
7593,897,2023-01-09,Wood LLC Stadium,144,2,150,0,28,29
7594,1075,2023-12-24,Howell-Johnson Stadium,145,14,187,13,21,39
7595,4450,2026-03-07,"Gallegos, Crosby and Johnson Stadium",83,10,62,3,7,39
7596,6276,2021-09-02,"Ayala, Robertson and Bell Stadium",141,19,33,6,17,57
7597,7466,2020-06-18,"Ramirez, Davis and Freeman Stadium",22,16,73,4,18,50
7598,8025,2024-11-11,Monroe Inc Stadium,112,2,63,13,0,60
7599,8520,2023-01-26,"Mccormick, Richardson and Goodwin Stadium",8,11,124,13,28,55
7600,2991,2020-04-22,Little Ltd Stadium,5,30,134,1,0,13
7601,2754,2023-04-06,Stuart PLC Stadium,76,29,100,8,28,32
7602,6193,2025-09-14,"Smith, Silva and Smith Stadium",73,17,45,12,21,18
7603,7511,2020-04-08,Andrade-Martin Stadium,120,24,10,15,14,51
7604,9229,2022-01-16,Ware LLC Stadium,98,5,99,3,17,27
7605,4953,2022-07-13,Butler and Sons Stadium,21,22,44,0,24,67
7606,4698,2022-09-21,Cook-Armstrong Stadium,117,3,45,8,17,18
7607,7809,2025-07-29,Cummings Ltd Stadium,34,11,1,15,3,27
7608,3480,2022-12-08,Elliott-Robles Stadium,139,28,184,0,28,10
7609,5231,2025-03-28,Cross-Meyer Stadium,24,27,35,13,18,49
7610,5805,2023-04-11,"Smith, Hopkins and Reeves Stadium",49,25,36,15,28,13
7611,6396,2024-07-06,Sandoval-Barber Stadium,139,28,177,7,17,16
7612,7591,2021-08-27,"Suarez, Munoz and Gill Stadium",-3,15,146,11,3,14
7613,2038,2025-02-27,"Scott, Douglas and Bullock Stadium",77,17,133,13,6,77
7614,1780,2024-05-05,"Young, Mercer and Hendricks Stadium",136,30,19,8,7,38
7615,7952,2023-01-28,"Rivera, Bennett and Robertson Stadium",48,11,147,8,17,37
7616,114,2023-12-20,Duffy-Martin Stadium,72,13,18,1,12,60
7617,2074,2022-08-19,Fischer-Gonzalez Stadium,69,26,192,10,3,3
7618,5312,2025-07-17,Rodriguez-Hull Stadium,18,21,22,1,0,28
7619,2250,2021-05-03,Mcknight-Todd Stadium,85,11,182,11,28,26
7620,2886,2020-01-19,"Miller, Alexander and Mitchell Stadium",62,29,181,1,6,1
7621,1060,2021-02-05,Paul-Evans Stadium,0,5,7,15,3,52
7622,6130,2023-10-05,Norris-Wolf Stadium,101,28,154,4,17,39
7623,775,2025-02-05,Smith-Green Stadium,119,13,2,1,17,67
7624,1193,2025-07-27,Henderson PLC Stadium,49,15,160,14,12,17
7625,7405,2021-11-26,Hill-Cervantes Stadium,133,1,80,6,3,19
7626,7153,2024-10-05,"Reyes, King and Flowers Stadium",20,17,112,2,3,2
7627,6131,2025-01-09,Wright-Khan Stadium,123,30,160,7,14,3
7628,8222,2022-02-18,Ortiz-French Stadium,107,30,45,6,17,53
7629,5332,2022-04-27,Walter Ltd Stadium,48,4,23,6,12,18
7630,9657,2025-03-01,Walters Inc Stadium,147,6,20,9,17,49
7631,8176,2022-01-23,Williamson-Luna Stadium,101,5,167,14,7,27
7632,6659,2022-10-09,Carter-Williams Stadium,59,26,141,0,3,34
7633,1996,2024-12-24,"Perry, Wolf and Powell Stadium",32,9,174,8,17,68
7634,4624,2021-01-22,Adkins-Meyer Stadium,84,23,43,10,7,40
7635,310,2025-09-10,Crawford-Rivas Stadium,21,21,98,1,18,60
7636,8740,2021-07-31,Walton-Harrell Stadium,6,20,62,12,12,32
7637,4091,2026-03-27,Miller and Sons Stadium,135,1,107,15,3,11
7638,2149,2022-09-19,"Hicks, Steele and Duke Stadium",31,6,186,0,18,7
7639,1618,2025-03-24,Aguilar LLC Stadium,145,18,1,11,14,52
7640,7575,2023-07-06,Bender-Shea Stadium,114,8,23,1,21,63
7641,4299,2021-12-26,Reyes-Griffin Stadium,17,22,86,6,28,1
7642,9827,2023-10-20,"Dunn, Dominguez and Decker Stadium",-2,11,124,6,24,49
7643,3025,2023-03-13,Hoffman-Davis Stadium,46,1,198,2,24,22
7644,3014,2024-05-05,Vincent LLC Stadium,139,19,3,7,7,32
7645,1425,2022-02-05,Chan-Lawson Stadium,112,20,48,7,7,54
7646,2515,2025-06-21,Nielsen-Huang Stadium,35,29,155,6,28,62
7647,7391,2020-02-20,Davila Group Stadium,100,2,78,7,14,43
7648,1185,2024-06-20,"Hall, Bridges and Patterson Stadium",67,11,98,4,0,50
7649,4990,2025-03-01,"Lopez, Day and Weeks Stadium",7,7,90,1,6,62
7650,9489,2022-07-09,Ramirez LLC Stadium,30,17,87,12,7,27
7651,3360,2023-07-19,Yang-Bailey Stadium,116,20,3,14,7,2
7652,5537,2021-11-15,Davis and Sons Stadium,74,5,94,9,17,24
7653,5654,2024-07-20,"Murphy, Lewis and Valenzuela Stadium",109,8,55,10,18,35
7654,1951,2020-07-18,"Johnson, Harvey and Johnson Stadium",59,18,179,4,17,45
7655,3112,2024-12-03,Bailey-Ross Stadium,133,1,151,1,6,1
7656,7511,2020-11-29,"Washington, Chapman and Perez Stadium",119,23,181,7,12,41
7657,1718,2025-11-30,"Black, Brewer and Johnson Stadium",112,3,177,10,21,59
7658,9641,2026-02-08,Duncan-Livingston Stadium,116,6,23,0,21,16
7659,8437,2022-07-19,"Hall, Lewis and Martinez Stadium",137,21,107,6,17,69
7660,8738,2024-06-03,"Bridges, Blankenship and Arellano Stadium",103,22,173,13,3,46
7661,6282,2026-02-21,Becker-Brooks Stadium,139,30,152,11,6,36
7662,7233,2025-09-07,Bell LLC Stadium,121,29,172,9,28,18
7663,939,2022-05-03,"Lopez, Patterson and Lin Stadium",6,27,134,4,18,50
7664,1691,2022-01-08,"Kent, Cook and Hernandez Stadium",59,14,61,12,17,68
7665,8358,2022-11-09,"Wilson, Wallace and Clark Stadium",60,6,128,2,14,51
7666,8862,2023-11-15,Wilkerson Group Stadium,139,23,17,4,28,35
7667,2363,2025-11-15,Mueller Inc Stadium,149,6,41,7,3,48
7668,7849,2021-07-30,"Ward, Craig and Cameron Stadium",20,24,72,7,0,51
7669,5381,2020-02-26,Smith-Rojas Stadium,126,14,185,8,14,27
7670,9806,2020-06-02,"Willis, Collins and Francis Stadium",23,19,83,8,12,69
7671,8517,2025-08-04,"Costa, Thomas and Rios Stadium",111,1,59,12,6,80
7672,3766,2020-05-30,Peterson-Rodriguez Stadium,64,14,110,7,12,8
7673,4641,2023-11-08,Gibson Inc Stadium,39,15,173,4,24,53
7674,5314,2025-10-10,"Smith, Terry and Stein Stadium",122,8,86,14,12,69
7675,4809,2025-04-27,Owens Ltd Stadium,75,6,178,6,24,59
7676,5894,2023-03-08,"Williams, Castaneda and Scott Stadium",-4,14,101,1,21,59
7677,907,2025-11-16,Wallace PLC Stadium,126,18,78,9,3,16
7678,316,2020-04-26,Johnson-Nichols Stadium,26,20,39,10,17,28
7679,4074,2021-08-03,Smith and Sons Stadium,135,22,103,4,14,26
7680,4867,2022-01-21,"Silva, May and Martinez Stadium",118,25,184,5,14,3
7681,5702,2022-02-01,Walls LLC Stadium,96,9,153,4,6,1
7682,7023,2023-11-06,"Kline, Rogers and Skinner Stadium",51,8,91,4,12,60
7683,9467,2021-05-30,Mccullough-Rivas Stadium,63,9,187,9,14,18
7684,5339,2024-05-01,"Anderson, Garcia and Underwood Stadium",133,21,45,0,28,76
7685,702,2022-12-27,"Taylor, Reid and Miller Stadium",123,27,124,6,28,33
7686,6694,2026-02-15,Barber Group Stadium,51,12,28,15,18,33
7687,5354,2025-06-28,Price-Copeland Stadium,99,2,190,0,18,37
7688,5869,2025-01-03,Snow-Munoz Stadium,29,27,148,15,24,70
7689,5709,2021-09-20,Cox-Martinez Stadium,113,29,56,11,17,35
7690,504,2024-02-19,Jackson-Bradley Stadium,33,11,119,13,0,50
7691,4531,2021-02-09,Stafford and Sons Stadium,18,6,190,3,3,3
7692,8452,2023-07-07,Scott Group Stadium,18,8,154,7,21,62
7693,340,2024-09-01,"Myers, Rodriguez and Mccormick Stadium",93,20,128,4,3,58
7694,9316,2025-01-12,Boone-Robinson Stadium,131,12,25,13,24,66
7695,3938,2022-09-16,Jones Ltd Stadium,147,5,22,13,3,11
7696,4258,2022-03-16,Walker-Watson Stadium,89,28,99,9,12,59
7697,9101,2020-04-15,Stanley-Smith Stadium,150,30,100,13,21,61
7698,2521,2023-07-11,Walker Inc Stadium,97,11,159,1,14,22
7699,9307,2020-12-27,"Rivera, Tran and Bradford Stadium",103,24,186,1,24,11
7700,9450,2025-06-07,"York, Waters and Ross Stadium",41,4,118,3,18,3
7701,8163,2023-06-26,Anderson-White Stadium,77,22,5,11,6,40
7702,8802,2026-02-18,Reed-Long Stadium,19,14,37,10,12,58
7703,1451,2023-11-09,"Reed, Rogers and Reed Stadium",124,1,156,5,12,69
7704,9862,2023-08-23,Scott-Walker Stadium,21,17,98,9,12,42
7705,6779,2021-05-29,Hutchinson-Aguirre Stadium,122,29,68,4,0,53
7706,285,2023-07-14,"Henderson, Yoder and Delgado Stadium",120,10,178,12,3,54
7707,1400,2021-05-05,"Wilcox, Herrera and Wilson Stadium",69,25,36,1,24,67
7708,5859,2023-06-28,"Hampton, Torres and Hale Stadium",63,25,148,5,3,61
7709,5646,2022-05-07,Austin-Reed Stadium,54,19,166,14,6,18
7710,5287,2022-09-01,Ward and Sons Stadium,35,20,139,9,17,17
7711,6442,2026-04-14,Williams Inc Stadium,119,13,74,2,17,31
7712,2122,2025-04-08,Jefferson PLC Stadium,56,20,74,1,14,51
7713,3287,2023-06-22,"Fitzgerald, Gregory and Yates Stadium",148,21,114,14,28,77
7714,5800,2023-02-02,Harris LLC Stadium,87,10,87,0,21,61
7715,3670,2020-04-19,Wilkins PLC Stadium,27,14,7,7,28,50
7716,4113,2020-04-23,Alvarez and Sons Stadium,128,28,87,5,24,62
7717,7526,2022-03-29,"Carter, Moore and Lee Stadium",113,8,152,6,17,68
7718,7212,2024-09-11,"Campbell, White and Anderson Stadium",58,6,4,5,0,24
7719,7558,2021-11-06,Brooks Inc Stadium,122,4,30,3,24,25
7720,7846,2021-01-19,Wilson and Sons Stadium,108,2,160,8,7,30
7721,4334,2025-10-31,Romero Ltd Stadium,-4,11,116,5,24,23
7722,2550,2021-11-21,"Hill, Brown and Williams Stadium",54,20,149,10,21,10
7723,4734,2020-03-11,"Strong, Whitaker and Conner Stadium",52,5,0,15,21,65
7724,2333,2021-02-18,Carroll Inc Stadium,99,1,66,6,0,33
7725,1814,2020-12-01,Walsh-Graham Stadium,126,14,26,12,0,49
7726,6560,2023-03-22,Monroe and Sons Stadium,30,24,16,4,6,50
7727,3220,2022-08-02,"Carroll, Alvarado and Morris Stadium",54,18,187,4,18,54
7728,7736,2025-04-16,"Thompson, Allen and Smith Stadium",59,23,126,2,28,42
7729,8169,2024-11-22,"Douglas, Combs and Benson Stadium",104,29,111,10,3,71
7730,2744,2020-03-13,Estes-Mason Stadium,104,22,115,14,24,36
7731,4736,2023-07-31,"Mayer, Brown and Kidd Stadium",113,17,76,13,18,5
7732,3067,2022-09-09,Farley Group Stadium,60,22,123,1,18,43
7733,494,2020-07-27,Thomas PLC Stadium,59,12,15,12,6,43
7734,3440,2022-12-14,"Harrison, Byrd and Lang Stadium",91,17,64,7,14,30
7735,2494,2023-03-31,Thomas-Townsend Stadium,68,17,159,13,7,54
7736,6957,2023-01-08,"Weiss, Middleton and Martinez Stadium",141,25,12,11,12,47
7737,5152,2020-06-03,"Kirby, Ortiz and Hernandez Stadium",28,30,146,4,7,42
7738,6748,2025-11-22,Cooper PLC Stadium,144,19,187,0,3,72
7739,9159,2020-09-12,"Hawkins, Flores and Kennedy Stadium",61,7,42,2,21,46
7740,8702,2024-07-25,Gentry-Velasquez Stadium,30,26,62,6,7,4
7741,8960,2024-10-14,Sosa-Kane Stadium,57,1,133,8,18,30
7742,5348,2023-03-09,Spears-Perkins Stadium,79,26,44,3,3,60
7743,5779,2025-05-13,"Thomas, Hernandez and Ryan Stadium",117,12,180,3,24,64
7744,5416,2025-11-10,"Williams, Griffin and Griffin Stadium",74,19,174,4,24,54
7745,2274,2020-03-04,Griffin-Bell Stadium,18,25,114,8,7,71
7746,9831,2021-07-16,Hill-Chaney Stadium,12,0,72,7,17,64
7747,5190,2023-11-14,Blanchard Ltd Stadium,134,3,38,6,7,59
7748,1400,2022-02-28,Ortega LLC Stadium,117,16,199,8,7,64
7749,945,2020-05-14,Price and Sons Stadium,45,18,65,12,3,23
7750,2151,2020-07-16,"Williams, Robinson and May Stadium",12,17,124,3,28,45
7751,4788,2022-12-08,Romero-Ruiz Stadium,56,8,163,13,21,9
7752,4225,2023-08-28,Ray LLC Stadium,29,0,121,3,6,16
7753,5725,2023-07-05,"Wright, Lowe and Johnson Stadium",141,5,31,15,6,38
7754,6828,2023-02-07,"Stevenson, Haynes and Krause Stadium",49,19,199,1,0,55
7755,1431,2025-06-08,Carter PLC Stadium,-1,17,62,8,6,56
7756,7434,2025-03-03,"Oneal, Wright and Chavez Stadium",99,27,4,7,24,21
7757,7756,2020-03-25,Mason Inc Stadium,31,14,87,2,24,39
7758,7894,2024-09-26,Cantrell-Eaton Stadium,-5,12,149,7,28,68
7759,9939,2020-03-26,King-Mcdonald Stadium,121,6,192,9,18,6
7760,1975,2024-07-11,Harrison and Sons Stadium,67,9,149,15,21,9
7761,6420,2025-07-13,Owens-Bean Stadium,146,16,127,4,17,53
7762,7139,2024-06-24,Ross and Sons Stadium,44,13,69,13,14,79
7763,6426,2021-01-10,"Bell, Ford and Johnson Stadium",148,24,36,11,3,7
7764,5130,2023-07-23,Valencia-Beck Stadium,24,3,125,12,3,42
7765,5994,2024-08-04,Fields-Peck Stadium,128,29,168,0,12,63
7766,2616,2020-11-02,"Rios, Villegas and Gibson Stadium",106,13,160,7,28,30
7767,6259,2020-05-26,"Hodge, Green and Cox Stadium",19,20,74,3,17,78
7768,3138,2020-10-25,Chandler PLC Stadium,150,1,3,6,28,51
7769,4246,2021-05-10,Smith-Wilcox Stadium,135,24,154,0,6,71
7770,2007,2021-11-26,"Mills, Carpenter and Evans Stadium",116,19,157,2,14,4
7771,7498,2024-01-09,Brown PLC Stadium,54,6,66,2,18,54
7772,139,2023-12-10,"George, Lopez and Richardson Stadium",86,28,62,9,12,7
7773,9055,2024-08-21,Davidson Group Stadium,45,7,135,2,18,80
7774,6024,2020-10-14,Green-Henry Stadium,40,29,171,0,17,1
7775,6665,2024-09-17,Snyder Inc Stadium,66,14,137,13,28,80
7776,3961,2021-03-13,Marquez PLC Stadium,-3,11,21,9,18,3
7777,4450,2022-09-01,Murray PLC Stadium,11,17,78,2,7,6
7778,1738,2024-06-14,"Myers, Perez and Williams Stadium",94,15,88,3,14,43
7779,8947,2025-05-23,"Hart, Miller and Morales Stadium",53,7,57,15,7,65
7780,9755,2020-02-01,Osborn LLC Stadium,5,22,180,6,21,56
7781,277,2024-05-29,Gray LLC Stadium,-5,27,123,4,12,74
7782,6853,2024-11-08,Hill-Dominguez Stadium,125,22,80,14,12,39
7783,5970,2024-02-18,Paul-Kelley Stadium,-1,30,101,4,21,45
7784,6947,2023-09-07,"Nichols, Lindsey and Smith Stadium",140,30,120,12,3,70
7785,9112,2024-04-17,"Mann, Lam and Rowe Stadium",58,30,147,2,7,23
7786,4280,2021-01-29,"Martin, Martinez and Nelson Stadium",87,8,39,0,6,29
7787,6609,2022-06-28,"Scott, Young and Grant Stadium",1,25,36,5,0,8
7788,1644,2025-07-28,Quinn-Baldwin Stadium,56,24,56,5,12,52
7789,8408,2025-09-13,Nguyen-French Stadium,72,9,8,15,7,34
7790,6521,2025-03-22,Harper PLC Stadium,86,5,111,5,3,58
7791,6946,2025-08-16,"Montoya, Ray and Miller Stadium",134,21,157,0,21,18
7792,3957,2022-11-23,"Lewis, Adams and Hill Stadium",58,6,119,0,6,56
7793,3934,2026-02-20,Perez PLC Stadium,74,7,25,0,24,28
7794,5025,2025-12-22,Turner Inc Stadium,0,11,197,11,24,53
7795,9184,2022-10-07,Berry Group Stadium,60,28,128,8,24,31
7796,7557,2021-02-04,"Mason, Chapman and Weaver Stadium",52,29,54,5,14,74
7797,2916,2020-08-22,"Jones, Guzman and Cunningham Stadium",25,4,179,9,0,52
7798,3005,2023-11-15,Perez Inc Stadium,65,26,65,12,0,18
7799,1643,2021-01-24,Wheeler-Wade Stadium,35,23,88,9,6,11
7800,5184,2025-07-14,Miller-Armstrong Stadium,142,2,43,10,24,1
7801,2777,2023-06-17,Miller LLC Stadium,59,2,7,2,6,59
7802,2535,2025-03-01,Zavala Group Stadium,77,27,66,14,12,8
7803,6220,2025-08-20,Gates-Stafford Stadium,51,29,47,0,24,61
7804,8939,2023-06-01,Johnson-Cooper Stadium,42,18,14,15,7,60
7805,5560,2023-03-07,"Knight, King and Henry Stadium",1,4,99,0,6,23
7806,6589,2023-03-21,"Salas, Sutton and Wilson Stadium",9,24,43,1,0,46
7807,8413,2021-12-08,Hunt-Patel Stadium,139,24,168,1,28,17
7808,5715,2025-07-06,Ford PLC Stadium,78,24,48,5,24,43
7809,7188,2020-09-25,Bell and Sons Stadium,147,6,199,9,28,23
7810,133,2023-03-30,Jimenez-Whitehead Stadium,74,5,152,1,14,9
7811,3361,2022-11-27,Valentine-Jackson Stadium,149,18,14,11,17,16
7812,7527,2022-06-06,Robbins LLC Stadium,32,3,55,11,24,22
7813,2254,2021-11-04,"Lin, Fischer and Curry Stadium",-5,30,184,7,6,79
7814,1263,2026-04-08,Ramirez-Evans Stadium,-4,29,159,6,24,71
7815,6812,2026-04-14,Jones-Davis Stadium,14,29,68,7,18,56
7816,5486,2020-05-28,Day-Hughes Stadium,25,7,193,9,18,52
7817,9329,2021-08-26,Frazier-Mack Stadium,-1,19,56,3,6,43
7818,1239,2023-06-26,"Herrera, Donovan and Mcdonald Stadium",23,9,13,0,7,61
7819,305,2021-04-22,"Cole, Fox and Ho Stadium",51,12,116,2,0,4
7820,9280,2021-02-06,Brewer Ltd Stadium,10,10,84,6,12,17
7821,1289,2024-06-27,Mack Group Stadium,50,10,164,4,3,1
7822,6150,2020-01-06,"Wells, Burns and Schmidt Stadium",52,7,61,1,28,54
7823,5673,2024-08-07,"Sanford, Mccormick and Ayers Stadium",125,26,196,5,28,54
7824,880,2020-09-22,Wright Inc Stadium,119,30,96,3,3,34
7825,7777,2022-10-08,"Potts, Lynch and Huff Stadium",66,12,183,2,18,78
7826,4505,2020-04-28,"Mullen, Jennings and Brown Stadium",89,6,39,0,18,24
7827,9783,2021-12-31,Bates-Lewis Stadium,48,17,178,14,0,76
7828,7728,2021-01-31,Khan LLC Stadium,122,22,106,2,28,80
7829,7371,2022-01-03,Owen PLC Stadium,129,14,165,8,17,68
7830,8709,2022-01-24,Meyer Group Stadium,97,21,142,12,7,5
7831,2603,2026-01-18,Martinez-Acosta Stadium,27,9,129,14,24,39
7832,2347,2025-08-17,Williams LLC Stadium,48,29,24,4,3,32
7833,7625,2021-04-01,Bartlett PLC Stadium,107,23,69,1,24,67
7834,160,2020-11-09,Anderson Inc Stadium,19,2,134,11,0,11
7835,2695,2021-11-10,Schroeder-Frank Stadium,40,27,178,1,28,59
7836,971,2020-02-08,"Armstrong, Pierce and Herring Stadium",86,25,116,14,12,13
7837,4741,2024-04-27,Reed Group Stadium,116,14,175,4,21,8
7838,430,2022-09-11,"Molina, Bryant and Foster Stadium",30,3,98,5,21,46
7839,9756,2022-01-31,Hamilton Group Stadium,58,30,170,4,0,75
7840,6297,2023-03-04,Peterson-Hodges Stadium,88,2,188,14,6,13
7841,9036,2024-10-09,Campbell-Hays Stadium,87,5,55,9,7,13
7842,6774,2026-02-02,"Martinez, Benton and Padilla Stadium",60,16,199,12,21,40
7843,2245,2023-01-02,Sullivan-Snyder Stadium,-3,25,73,12,12,5
7844,7150,2026-04-03,Berger-Spencer Stadium,107,5,101,3,0,16
7845,3961,2020-11-18,Griffin Ltd Stadium,13,0,63,1,0,31
7846,4393,2023-08-29,Herring-Campbell Stadium,143,20,148,15,6,80
7847,7862,2021-02-08,Powell Inc Stadium,6,20,73,15,7,15
7848,3389,2024-11-28,Webster Inc Stadium,81,10,10,3,18,71
7849,235,2022-10-20,Baker-Martin Stadium,58,12,47,13,21,25
7850,4749,2024-07-25,"Richardson, Patrick and Armstrong Stadium",39,2,56,13,7,14
7851,1635,2021-01-09,Sutton Ltd Stadium,97,0,173,7,0,57
7852,7652,2020-03-08,Anderson LLC Stadium,23,27,23,8,21,56
7853,2991,2020-01-23,Parks Group Stadium,14,4,35,2,3,57
7854,5579,2023-08-22,Bartlett LLC Stadium,72,17,104,2,17,17
7855,7673,2026-04-07,Phillips-Oconnor Stadium,145,18,151,15,6,11
7856,233,2023-12-07,"King, Marks and Petersen Stadium",2,16,167,3,28,3
7857,9487,2023-10-23,Weber-Branch Stadium,105,25,187,0,28,68
7858,5527,2025-01-07,Huffman Ltd Stadium,102,12,189,1,21,34
7859,9176,2025-12-12,Barr Inc Stadium,66,14,155,1,0,2
7860,5087,2024-10-13,White-Shaw Stadium,82,22,134,7,12,30
7861,7878,2021-05-11,"Stephens, Rios and Smith Stadium",71,23,183,13,7,52
7862,7503,2026-04-17,Day-Patel Stadium,127,23,151,3,12,42
7863,8882,2021-11-12,Carter Inc Stadium,101,5,36,9,0,73
7864,4008,2025-06-28,Armstrong-Vasquez Stadium,109,1,137,12,6,16
7865,4040,2024-12-01,Mclaughlin Inc Stadium,115,12,46,7,3,78
7866,1493,2022-03-28,Yang Inc Stadium,123,10,139,1,14,36
7867,4108,2026-02-17,Mcgee and Sons Stadium,127,24,194,7,21,64
7868,9723,2025-09-13,Acosta PLC Stadium,103,3,69,9,12,54
7869,6077,2024-12-27,"Johnson, Roberts and Kemp Stadium",69,1,90,4,12,59
7870,3453,2025-04-13,Burke LLC Stadium,92,17,176,15,24,37
7871,9897,2025-03-23,Davis-White Stadium,125,9,162,12,24,33
7872,1509,2021-10-23,Chandler Ltd Stadium,50,15,104,11,17,51
7873,9537,2023-10-22,Lopez Group Stadium,104,7,173,11,0,75
7874,8992,2022-01-20,Young PLC Stadium,9,24,3,5,17,18
7875,9162,2024-06-05,Robinson-Williams Stadium,40,10,83,11,0,51
7876,1692,2020-05-12,Joseph-Hunter Stadium,3,11,161,14,12,10
7877,6931,2021-11-17,Miller-Smith Stadium,112,3,139,3,17,20
7878,428,2025-05-18,Herrera-Stewart Stadium,62,13,150,9,14,38
7879,89,2020-09-21,"Petty, Davis and Lane Stadium",141,29,116,3,28,36
7880,8217,2024-09-01,Bailey Group Stadium,132,24,143,9,21,4
7881,2941,2024-04-25,"Harper, Smith and Gomez Stadium",82,22,194,10,28,21
7882,3925,2021-04-24,Thompson-Bell Stadium,-3,25,174,5,6,13
7883,4036,2021-07-25,"Jones, Davis and Schultz Stadium",-4,0,111,15,0,34
7884,2765,2022-10-05,Barber Ltd Stadium,110,16,19,7,21,64
7885,5143,2021-11-20,"Phillips, Brown and Graham Stadium",96,26,131,14,18,31
7886,8219,2026-02-06,"Murphy, Lopez and Hernandez Stadium",118,5,70,9,14,14
7887,7964,2023-07-11,Diaz PLC Stadium,94,24,7,0,3,59
7888,4114,2020-07-02,Walker-Nielsen Stadium,120,17,33,9,18,51
7889,4739,2024-10-13,Holloway Ltd Stadium,67,17,196,15,0,56
7890,4268,2020-02-16,Castillo Ltd Stadium,58,6,191,15,3,73
7891,8603,2025-10-02,"Robinson, Ruiz and Washington Stadium",55,4,61,0,18,33
7892,5119,2021-08-09,"Miller, Patterson and Nash Stadium",80,0,148,15,17,31
7893,3787,2021-01-12,Williams and Sons Stadium,6,18,57,6,18,41
7894,6869,2023-04-22,"Fuentes, Gutierrez and Montgomery Stadium",120,4,181,6,0,17
7895,7614,2021-12-12,Wright-Ramirez Stadium,109,16,94,10,7,62
7896,7460,2023-01-25,"Miller, Williams and Gibson Stadium",87,24,143,13,0,69
7897,5313,2021-02-07,Smith and Sons Stadium,44,30,75,13,21,43
7898,3290,2022-12-29,"Foster, Ross and Stanley Stadium",79,8,155,7,0,32
7899,7167,2024-01-03,Martinez-Robinson Stadium,50,7,2,12,24,19
7900,8470,2020-06-02,"Rocha, Shaw and Wolf Stadium",130,6,77,13,17,52
7901,6685,2024-03-25,"White, Ramos and Garcia Stadium",140,16,143,6,24,43
7902,7560,2023-12-28,Meza-Castillo Stadium,144,29,16,6,28,45
7903,9010,2023-03-07,"Franklin, Hanson and Gilbert Stadium",-1,13,97,0,7,61
7904,7590,2022-04-10,Burns Group Stadium,-1,19,81,13,24,19
7905,7450,2026-04-18,Jones and Sons Stadium,138,5,47,14,21,22
7906,3985,2023-08-26,"Owen, Roberts and Wallace Stadium",46,23,49,0,28,5
7907,2587,2021-07-10,Brock LLC Stadium,99,28,100,13,28,27
7908,9739,2022-02-15,Vasquez-Nichols Stadium,43,15,58,10,14,76
7909,3368,2022-02-13,Hull Group Stadium,76,18,118,7,3,49
7910,1709,2024-10-08,"Dunn, Huff and Pace Stadium",69,30,138,6,12,50
7911,1549,2020-04-26,"Reynolds, Pacheco and Li Stadium",3,18,45,13,28,58
7912,2519,2020-02-17,Ramirez-Lynch Stadium,42,19,82,15,18,19
7913,4843,2022-04-04,Ritter-Jones Stadium,103,1,138,12,3,37
7914,8938,2025-05-01,Jackson Inc Stadium,101,24,137,11,21,76
7915,8595,2021-11-14,Bowman-Holmes Stadium,31,0,137,8,21,72
7916,5808,2023-07-07,Gomez Group Stadium,85,14,95,1,21,67
7917,4515,2020-10-13,Russell-Higgins Stadium,71,21,15,1,7,74
7918,9240,2024-12-31,Frederick Inc Stadium,62,25,194,4,12,69
7919,795,2025-03-27,Garcia LLC Stadium,129,16,136,0,14,12
7920,4595,2021-10-09,Murphy-Gutierrez Stadium,36,11,62,0,6,41
7921,9142,2020-08-23,Noble Inc Stadium,14,29,53,3,3,59
7922,4060,2021-01-15,"Kelley, Nelson and Friedman Stadium",141,21,80,1,6,12
7923,5913,2020-06-18,"Mcmahon, Nelson and Cross Stadium",124,21,116,10,3,75
7924,666,2025-10-28,Perry-Hampton Stadium,79,16,165,5,18,58
7925,3593,2021-04-02,Sims-Smith Stadium,148,22,143,0,3,64
7926,2032,2021-01-05,Marquez and Sons Stadium,6,28,91,4,12,77
7927,7953,2020-07-04,Smith and Sons Stadium,85,26,195,9,0,70
7928,7787,2023-02-18,"Meyer, Morales and Griffin Stadium",115,12,74,7,6,59
7929,4599,2026-01-24,"Little, Davidson and Brooks Stadium",24,12,103,4,0,36
7930,230,2021-11-26,Murphy Group Stadium,59,10,70,13,3,73
7931,2172,2022-12-12,Chavez Ltd Stadium,97,1,160,6,14,27
7932,6993,2025-11-13,Cunningham-Roman Stadium,12,0,188,3,12,43
7933,9822,2021-11-19,Dennis LLC Stadium,144,21,177,14,14,48
7934,2954,2020-04-18,"Stanley, Rowland and Costa Stadium",137,21,0,8,3,52
7935,4101,2021-07-09,Sanchez-Matthews Stadium,56,23,190,9,17,49
7936,6728,2024-12-26,"Diaz, Brown and Smith Stadium",140,4,26,10,17,4
7937,2199,2025-09-16,Roberts and Sons Stadium,112,20,147,12,0,59
7938,2585,2024-12-01,Strong PLC Stadium,23,22,189,6,24,44
7939,9811,2020-09-04,Page Ltd Stadium,142,0,33,13,6,73
7940,1279,2022-07-23,Trujillo-Hood Stadium,86,25,171,6,3,44
7941,3780,2023-08-15,Harris Ltd Stadium,2,22,27,4,21,15
7942,1030,2022-12-29,"Pennington, Bates and Watkins Stadium",40,1,32,5,17,29
7943,4608,2021-01-20,Martinez-Moore Stadium,-1,8,9,0,12,59
7944,8963,2024-05-19,"Andersen, Wheeler and Harrison Stadium",-1,25,161,14,7,77
7945,5176,2020-07-09,Booth-Garcia Stadium,22,24,38,6,7,68
7946,8472,2024-12-09,Kirby-Jenkins Stadium,104,25,94,14,0,17
7947,8519,2024-01-17,"Miller, Vincent and Stewart Stadium",79,30,123,12,0,43
7948,2973,2021-05-16,"Harmon, Duke and Johnson Stadium",89,22,88,3,14,51
7949,7055,2025-04-10,Anderson PLC Stadium,88,4,163,15,14,35
7950,8095,2024-01-06,"Thomas, Coleman and Cook Stadium",103,27,15,14,14,63
7951,2946,2020-05-27,"Payne, Smith and Perez Stadium",69,2,32,4,6,6
7952,5472,2021-08-01,Campbell-Williams Stadium,86,3,168,7,14,54
7953,8756,2020-07-02,Gutierrez LLC Stadium,128,10,72,10,0,44
7954,2127,2020-02-19,Rodriguez-Mack Stadium,80,11,138,1,24,24
7955,9346,2023-05-14,"Harmon, Noble and Wilson Stadium",142,22,122,1,14,53
7956,4312,2022-11-19,"Hendrix, Williams and Campbell Stadium",20,20,5,15,24,46
7957,7966,2025-05-29,Nichols Group Stadium,134,28,35,11,18,46
7958,5028,2021-12-03,"Ramos, Fernandez and Young Stadium",103,29,178,8,28,14
7959,9435,2021-12-02,Rosales-Black Stadium,47,23,25,8,3,59
7960,5751,2020-03-12,Scott-Weiss Stadium,51,2,49,0,3,20
7961,9734,2023-11-25,Rodriguez-Bennett Stadium,148,5,23,12,6,52
7962,6493,2021-04-11,Lewis Ltd Stadium,127,12,96,8,3,60
7963,1432,2025-02-21,"Ward, Lewis and Turner Stadium",52,13,174,8,7,25
7964,9780,2023-08-25,"Hebert, Simon and Jones Stadium",11,22,113,9,18,38
7965,9134,2022-01-19,"Blair, Travis and Williams Stadium",81,10,154,2,17,79
7966,114,2021-02-09,Stokes LLC Stadium,126,15,19,1,17,62
7967,2918,2025-06-19,Reynolds-Espinoza Stadium,52,15,46,3,6,70
7968,9056,2023-07-16,White-Collins Stadium,98,8,196,3,7,39
7969,138,2021-07-20,Freeman PLC Stadium,35,6,54,7,18,3
7970,2788,2021-12-19,Wright-Parker Stadium,0,30,161,4,7,42
7971,722,2023-03-17,"Smith, Hopkins and Holt Stadium",1,14,1,10,3,28
7972,5894,2024-03-15,Moore-Davis Stadium,117,10,141,9,18,21
7973,5118,2021-07-20,Hill PLC Stadium,104,25,21,14,12,16
7974,6923,2023-08-25,Clark-Hendricks Stadium,137,20,90,0,18,1
7975,9090,2022-05-27,Richards-Moore Stadium,67,4,33,5,28,20
7976,3531,2023-04-17,Lam PLC Stadium,121,4,143,7,18,68
7977,6973,2023-03-04,Hughes Inc Stadium,19,22,153,8,24,75
7978,9935,2025-10-18,"Richardson, Romero and White Stadium",133,22,139,0,14,46
7979,5530,2022-07-30,"Williams, Thomas and Arellano Stadium",129,21,164,10,21,47
7980,4822,2023-08-03,"Gill, Smith and Miller Stadium",35,16,24,8,18,47
7981,82,2026-03-22,Young LLC Stadium,65,28,39,9,21,72
7982,7561,2023-08-22,Nunez LLC Stadium,104,12,181,13,3,12
7983,6978,2021-10-22,Jones-Riley Stadium,137,28,91,14,3,35
7984,5559,2021-04-10,Thompson-Russell Stadium,1,20,147,6,17,1
7985,8836,2021-09-08,Alvarez PLC Stadium,23,3,113,6,17,24
7986,3372,2023-01-08,Sherman-Martin Stadium,8,18,16,6,24,45
7987,4331,2024-06-21,Chapman and Sons Stadium,149,6,196,1,18,1
7988,8499,2021-12-24,Manning-Young Stadium,33,30,54,13,28,6
7989,1512,2024-10-16,"Boyd, Moran and Jackson Stadium",76,4,143,6,21,61
7990,8971,2022-05-07,"Williams, Bradley and Anderson Stadium",-4,3,70,4,18,59
7991,7197,2021-09-10,Mack-Barnes Stadium,137,28,140,11,6,17
7992,6055,2025-12-13,"Clark, Rowe and Christensen Stadium",150,24,102,3,0,67
7993,6768,2020-08-29,Willis-Terry Stadium,140,0,95,2,21,39
7994,6787,2021-01-20,"Hurst, Spencer and Weaver Stadium",147,21,87,14,17,5
7995,435,2024-11-10,"Anderson, Gates and Baker Stadium",115,26,89,12,6,14
7996,1042,2025-12-03,Ward-Olson Stadium,73,3,148,10,7,13
7997,685,2022-08-19,Berry-Gardner Stadium,133,13,163,10,6,57
7998,193,2021-06-21,Johns-Gonzalez Stadium,10,16,144,11,18,54
7999,2879,2022-05-13,Martin and Sons Stadium,91,26,27,1,6,44
8000,6030,2023-09-01,Garcia-Lowe Stadium,33,4,158,10,12,50
8001,138,2020-07-14,Thomas PLC Stadium,76,17,157,12,17,7
8002,9230,2020-07-24,Hoover-Baker Stadium,127,12,183,7,17,76
8003,1110,2022-03-19,Martin PLC Stadium,76,19,161,3,24,41
8004,1179,2025-02-11,Campbell Inc Stadium,48,13,69,6,18,57
8005,5796,2020-04-18,Adams Inc Stadium,148,13,131,13,6,62
8006,2652,2022-02-04,Lynch-Mcgee Stadium,112,1,147,13,7,57
8007,670,2022-06-16,"Garrison, Mata and Taylor Stadium",18,21,112,3,6,71
8008,1363,2023-10-05,Gibbs-Baldwin Stadium,146,0,78,4,28,42
8009,1286,2023-08-30,Taylor LLC Stadium,148,14,72,14,6,80
8010,8089,2020-11-09,"Brewer, Warren and Elliott Stadium",75,7,23,2,24,20
8011,2540,2023-09-11,"Randolph, Mckinney and Macdonald Stadium",51,23,187,6,6,31
8012,2264,2022-11-07,Ramirez Group Stadium,94,14,191,3,3,35
8013,1805,2025-12-21,Poole Inc Stadium,64,3,42,4,21,76
8014,7169,2024-04-23,Ward Inc Stadium,79,3,140,14,21,18
8015,7742,2023-11-06,Williams-Flores Stadium,83,3,58,14,14,18
8016,7965,2021-10-31,"Carey, Baker and Edwards Stadium",2,24,134,15,28,8
8017,6280,2023-03-26,"Barnes, Jones and Gilbert Stadium",78,19,160,8,7,14
8018,8337,2020-07-21,"Warren, Bradley and Jordan Stadium",11,12,8,4,14,28
8019,2931,2026-03-01,Acosta Group Stadium,106,14,197,2,14,23
8020,8966,2023-03-15,Skinner-Brown Stadium,144,16,119,9,6,35
8021,5756,2021-08-19,Jones PLC Stadium,50,15,138,9,21,75
8022,7668,2024-11-20,"Rodriguez, Munoz and Ochoa Stadium",126,29,146,10,7,75
8023,4177,2022-11-22,"Alvarado, Shepherd and Taylor Stadium",79,19,32,11,0,66
8024,1157,2025-06-03,Shelton PLC Stadium,132,8,5,9,0,1
8025,9739,2020-09-24,Wheeler Group Stadium,56,18,22,9,6,69
8026,8235,2024-05-19,Owens-Soto Stadium,110,8,115,5,17,30
8027,7719,2020-11-17,Dodson and Sons Stadium,32,27,184,0,28,2
8028,6060,2020-07-02,"Burch, Taylor and Wright Stadium",34,19,82,2,0,60
8029,2288,2025-06-22,Garcia and Sons Stadium,11,3,40,4,12,46
8030,5544,2025-08-31,Barnes Inc Stadium,91,22,144,11,14,61
8031,1119,2023-12-09,"Delacruz, Garcia and Mills Stadium",100,28,180,10,7,17
8032,2513,2022-05-08,"Fernandez, Pena and Mendoza Stadium",26,30,177,3,12,14
8033,6337,2022-05-31,Reyes-White Stadium,2,6,77,2,28,59
8034,4124,2021-10-28,Malone-Moore Stadium,-4,4,96,11,21,11
8035,5386,2020-11-07,Castro-Spencer Stadium,91,5,104,11,12,21
8036,2280,2023-10-22,Flores and Sons Stadium,127,21,114,5,14,72
8037,2649,2025-09-05,"Bradley, Hernandez and Cruz Stadium",107,12,71,14,21,47
8038,4699,2022-12-15,Murillo Group Stadium,68,21,27,10,17,13
8039,3276,2025-12-20,Mcdaniel Inc Stadium,55,18,129,15,24,79
8040,4693,2021-08-11,Campos-Harmon Stadium,40,8,114,5,18,32
8041,6150,2024-10-05,Blackburn-Jones Stadium,88,4,90,15,18,1
8042,2469,2020-02-19,Mccall-Gonzalez Stadium,87,23,73,8,18,2
8043,8706,2023-05-08,Lucero Inc Stadium,90,17,118,2,6,51
8044,856,2025-07-29,"Watson, Alexander and Reed Stadium",4,15,109,5,18,70
8045,5973,2020-01-26,Smith Group Stadium,7,3,34,10,7,7
8046,9234,2021-08-13,Fisher and Sons Stadium,77,2,169,4,18,22
8047,291,2022-09-26,Watts PLC Stadium,144,11,25,8,6,63
8048,3168,2023-06-23,Garcia PLC Stadium,30,27,88,2,7,80
8049,6216,2020-08-05,Fox PLC Stadium,52,22,28,6,18,10
8050,7787,2024-10-10,"Winters, Decker and Leonard Stadium",90,26,116,14,12,47
8051,6515,2020-02-11,Cox Group Stadium,138,25,108,1,18,39
8052,3315,2023-02-09,"Stewart, Hamilton and Reed Stadium",45,11,200,11,24,53
8053,9565,2022-12-05,Contreras-Waller Stadium,72,29,78,1,24,5
8054,1162,2024-02-28,Mendez-Jones Stadium,90,14,11,14,3,12
8055,3640,2023-06-07,"Dunn, Moreno and Davis Stadium",86,8,145,12,0,7
8056,913,2020-05-25,Campbell LLC Stadium,150,1,43,2,0,56
8057,7814,2025-02-12,Perry-Hanna Stadium,135,16,113,1,0,37
8058,319,2022-07-26,Hudson-Turner Stadium,9,20,44,3,24,12
8059,7684,2022-05-17,"Barnett, Dudley and Velazquez Stadium",142,5,110,5,21,7
8060,3754,2020-10-08,Ross Inc Stadium,105,17,35,4,21,62
8061,7084,2021-10-20,Oliver-Lutz Stadium,78,17,29,0,12,22
8062,4557,2025-11-09,Mitchell-Ryan Stadium,146,21,54,9,24,20
8063,1365,2020-06-30,"Barton, Lopez and Mills Stadium",110,15,105,1,17,44
8064,4249,2023-03-09,Robinson Ltd Stadium,28,17,129,0,6,64
8065,6462,2023-12-18,Dickson-Cantrell Stadium,23,6,54,3,17,69
8066,8606,2024-04-09,"Blackburn, Underwood and May Stadium",146,24,114,9,0,11
8067,6080,2021-12-27,Fowler LLC Stadium,89,21,134,5,14,44
8068,5375,2025-09-24,Glover-Robinson Stadium,88,5,176,11,21,78
8069,1372,2024-06-08,Jenkins-Mcdonald Stadium,105,3,160,2,21,25
8070,6157,2024-08-13,Savage Inc Stadium,36,18,43,2,14,67
8071,5766,2020-02-25,"Walker, Johns and Perez Stadium",0,27,77,10,3,64
8072,8131,2024-04-28,"Castro, Rivers and Cole Stadium",55,12,72,6,7,6
8073,6687,2020-10-19,Carter-Potts Stadium,97,15,14,9,12,72
8074,2206,2023-11-07,Hernandez Group Stadium,5,24,90,12,18,77
8075,2282,2020-10-17,Morgan PLC Stadium,38,21,105,12,7,42
8076,4401,2022-05-23,"Anthony, Ryan and Diaz Stadium",2,4,143,14,24,17
8077,1681,2024-04-06,"Payne, Nelson and Castro Stadium",46,29,78,11,17,80
8078,646,2024-10-30,Holland-Flynn Stadium,149,13,32,6,24,78
8079,705,2026-04-02,Mcdowell Group Stadium,13,24,84,15,24,8
8080,3557,2023-02-24,Reed-Rodriguez Stadium,25,17,137,6,7,70
8081,9991,2024-12-10,Ramirez-Hahn Stadium,18,6,9,0,7,38
8082,6784,2023-06-02,Clayton-Duncan Stadium,138,12,29,3,17,78
8083,8091,2020-11-04,Snyder and Sons Stadium,67,1,135,3,3,71
8084,5482,2020-07-13,"Myers, Coffey and Steele Stadium",104,10,52,1,6,77
8085,5176,2021-04-19,Powell Inc Stadium,111,14,18,13,12,30
8086,4737,2023-02-26,Humphrey-Ford Stadium,148,20,93,1,12,2
8087,4974,2022-12-22,Anderson-Garcia Stadium,62,14,66,2,3,58
8088,2009,2020-06-25,Hopkins Ltd Stadium,73,17,25,2,14,42
8089,8277,2025-04-16,Miller and Sons Stadium,4,3,144,4,14,66
8090,8603,2022-09-13,Cooley-Herrera Stadium,69,16,3,5,14,56
8091,1519,2022-02-10,Shaw-Olson Stadium,144,3,125,9,18,56
8092,4223,2023-04-28,Brady PLC Stadium,30,24,190,4,28,77
8093,6351,2025-05-24,Pierce LLC Stadium,7,17,67,11,7,20
8094,7816,2021-05-07,"Fernandez, Randall and Knox Stadium",18,7,198,0,6,68
8095,4744,2026-01-28,Nelson Group Stadium,87,17,75,15,14,15
8096,8997,2024-03-18,Long Inc Stadium,4,6,88,10,0,72
8097,2408,2026-01-14,Olson-David Stadium,141,25,34,9,14,22
8098,951,2020-10-11,"Smith, Harris and Pena Stadium",123,18,105,13,24,56
8099,3694,2023-11-28,Page PLC Stadium,97,10,101,4,0,55
8100,1428,2023-07-23,Bailey-Tucker Stadium,40,16,39,5,18,29
8101,6242,2021-09-20,"Lewis, Mcdonald and Davis Stadium",7,16,2,15,24,76
8102,5193,2022-11-26,"Murphy, Young and Carson Stadium",148,6,106,2,24,23
8103,254,2024-11-25,Robinson Group Stadium,114,22,127,15,14,67
8104,362,2024-10-26,Johnson-Mcneil Stadium,65,4,189,4,0,77
8105,8888,2023-03-05,Martinez and Sons Stadium,114,29,24,7,17,63
8106,4692,2026-03-17,Jackson-Frank Stadium,9,7,62,6,18,21
8107,6396,2022-04-11,"Garrison, Lewis and Vincent Stadium",79,13,18,12,14,53
8108,1953,2022-07-22,Holloway Group Stadium,76,22,147,9,18,67
8109,154,2022-10-27,"Norris, Williams and Kemp Stadium",113,22,65,3,3,6
8110,7301,2021-11-18,"Boyer, Johnson and Rodriguez Stadium",23,5,105,8,12,40
8111,8795,2024-10-03,"Aguilar, Wagner and Miller Stadium",97,25,112,1,14,66
8112,2684,2020-09-11,Owens Group Stadium,8,22,88,7,28,44
8113,4232,2024-12-06,Mcdowell-Lambert Stadium,32,20,186,2,12,8
8114,3441,2021-01-26,Harrison-Gray Stadium,21,7,135,4,12,44
8115,4728,2021-07-04,Fischer-Valdez Stadium,141,19,57,10,12,72
8116,3650,2021-05-09,"Martin, Castaneda and Holden Stadium",103,8,18,11,17,60
8117,6147,2021-06-02,Carter PLC Stadium,-2,21,62,1,3,59
8118,5001,2022-07-14,"Carroll, Palmer and Padilla Stadium",127,19,75,2,12,6
8119,3859,2024-11-29,"Hart, Brown and Simmons Stadium",75,27,19,10,6,23
8120,2720,2020-01-21,"Fuller, Taylor and Gentry Stadium",41,1,67,1,14,1
8121,8435,2024-03-30,Henson Ltd Stadium,77,20,59,1,3,6
8122,1644,2025-05-10,"Warren, Boyer and Hill Stadium",58,3,69,12,7,46
8123,6667,2020-08-30,Smith Ltd Stadium,77,2,162,4,24,1
8124,224,2024-09-12,"Lowery, Morris and Johnson Stadium",2,25,0,0,6,5
8125,6460,2023-08-28,"Fuentes, Little and Hernandez Stadium",68,24,58,12,18,79
8126,1327,2022-08-12,Davis and Sons Stadium,27,6,181,8,6,80
8127,7349,2023-11-21,"Turner, Garner and Allen Stadium",13,11,133,7,0,21
8128,6677,2026-02-28,"Lewis, Page and Pugh Stadium",70,7,123,10,6,7
8129,7491,2024-06-07,Blackwell Group Stadium,6,5,0,8,24,6
8130,8233,2024-07-24,Morton-Pittman Stadium,51,27,141,0,6,60
8131,1651,2024-03-03,Wilson-Martin Stadium,95,11,174,9,17,23
8132,1669,2023-01-05,"Hardy, Alvarez and Flores Stadium",133,3,165,13,0,73
8133,6524,2024-11-24,Hayes-Howell Stadium,145,7,187,1,6,24
8134,6537,2021-05-16,"Shelton, Wilson and Henderson Stadium",42,1,172,11,28,30
8135,3595,2025-05-07,Jones-Walker Stadium,92,17,70,15,21,76
8136,8709,2024-11-23,Jackson Group Stadium,89,26,75,10,28,13
8137,5452,2023-10-21,"Fry, Huynh and Oneal Stadium",105,18,107,5,0,35
8138,2803,2024-02-08,Garcia Ltd Stadium,102,2,167,14,12,50
8139,2769,2020-01-20,Proctor-Farrell Stadium,139,27,64,14,0,40
8140,1650,2024-02-04,Johnson and Sons Stadium,94,29,171,5,24,75
8141,4821,2025-02-14,"Horne, Green and Chapman Stadium",22,13,104,13,6,63
8142,4699,2025-10-03,Brown Group Stadium,125,10,117,9,17,19
8143,4941,2026-02-10,George-Chang Stadium,88,11,117,14,21,32
8144,2014,2025-02-07,"Bates, Smith and Floyd Stadium",82,11,173,0,0,3
8145,7878,2025-05-30,Morgan PLC Stadium,121,3,25,1,0,14
8146,9960,2020-02-18,Brown-Velez Stadium,43,5,137,15,21,76
8147,291,2020-02-24,"Lee, Golden and King Stadium",147,2,166,5,21,79
8148,2698,2023-06-09,Bush-Hernandez Stadium,-3,8,193,10,24,32
8149,2003,2025-04-19,"Berry, Dawson and Jordan Stadium",21,3,19,12,14,63
8150,8195,2024-10-12,Green-Crosby Stadium,19,25,119,9,28,67
8151,2969,2024-08-09,Rodriguez LLC Stadium,144,13,193,3,6,39
8152,1895,2021-05-18,Reynolds-Mitchell Stadium,74,30,193,3,21,6
8153,2295,2024-12-29,Morrison Inc Stadium,68,8,70,10,14,51
8154,1179,2022-06-23,Franco-Williams Stadium,76,5,93,4,18,39
8155,994,2020-10-21,Armstrong LLC Stadium,109,4,191,13,18,56
8156,2805,2022-02-14,"Jones, Adams and Jones Stadium",109,2,12,3,7,68
8157,8696,2025-06-17,"Nguyen, Patterson and Campos Stadium",35,3,152,4,12,68
8158,9168,2022-10-16,Smith-Wright Stadium,76,13,126,11,17,76
8159,2000,2024-10-17,Anderson-Butler Stadium,92,25,24,8,3,47
8160,3874,2020-05-31,"Warren, Myers and Evans Stadium",0,30,146,1,7,12
8161,7912,2024-12-05,"Proctor, Ray and Clark Stadium",18,7,34,15,6,40
8162,4980,2020-12-04,Fisher Inc Stadium,13,24,82,11,6,74
8163,7902,2022-10-12,Aguirre Inc Stadium,85,15,80,4,14,29
8164,3040,2022-03-06,Moore Group Stadium,44,6,111,7,24,3
8165,8070,2024-05-15,Ware-Wright Stadium,16,25,11,4,28,36
8166,3435,2026-01-11,"Marquez, Smith and Nelson Stadium",120,9,166,11,28,66
8167,2564,2023-02-25,"Medina, Edwards and Patton Stadium",37,18,170,3,7,4
8168,2986,2024-01-17,Hood Group Stadium,130,15,135,6,17,67
8169,9461,2024-11-25,Avery-Andrews Stadium,4,11,11,13,14,39
8170,4267,2021-06-27,Rivera-Robinson Stadium,64,24,33,6,3,52
8171,7027,2021-06-16,"Harrison, Patel and Rodriguez Stadium",122,26,18,5,21,77
8172,17,2021-12-11,Lee LLC Stadium,59,9,71,6,7,22
8173,1514,2023-02-25,Moon-Garcia Stadium,94,16,104,9,3,5
8174,4450,2021-02-23,Baird Ltd Stadium,46,24,70,13,3,79
8175,9034,2025-09-02,Huff Inc Stadium,108,21,70,11,12,64
8176,3769,2025-08-24,Smith-Hughes Stadium,-1,20,163,11,24,73
8177,9851,2025-06-30,Williams PLC Stadium,92,11,23,9,24,76
8178,4824,2022-12-01,Cantu PLC Stadium,24,6,170,0,6,30
8179,2887,2024-07-22,"Robertson, Jenkins and Rios Stadium",105,28,63,6,24,32
8180,2312,2024-12-05,"Alexander, Thornton and Schmidt Stadium",87,8,40,3,7,34
8181,2769,2022-10-14,"Armstrong, Hughes and Flynn Stadium",29,16,49,2,24,15
8182,7777,2021-04-19,Martinez and Sons Stadium,38,18,57,2,21,31
8183,6046,2021-12-07,"Allen, Reyes and Martin Stadium",103,22,71,2,7,22
8184,9881,2021-08-14,"Jones, Estrada and Jones Stadium",-3,5,126,14,28,74
8185,8796,2021-07-31,Gilbert-King Stadium,149,16,46,11,24,24
8186,3399,2022-11-21,Mcdonald Group Stadium,73,29,79,4,12,66
8187,3880,2021-09-20,Hanson-Vaughn Stadium,92,8,90,6,3,76
8188,6149,2022-05-15,"Graham, Hopkins and Curtis Stadium",86,26,54,13,18,68
8189,7510,2023-04-01,"Clark, King and Mcintyre Stadium",69,4,121,0,21,19
8190,7231,2023-09-16,Fernandez LLC Stadium,84,10,97,15,18,64
8191,8132,2024-07-31,"Smith, Alvarado and Parsons Stadium",39,17,47,12,18,4
8192,1855,2020-01-09,"Simmons, Rogers and Scott Stadium",75,3,149,1,12,23
8193,5409,2024-04-17,Gutierrez-Cunningham Stadium,39,20,9,15,7,31
8194,4102,2020-04-01,Sharp-Mercer Stadium,135,4,142,5,18,7
8195,2290,2022-06-19,"Brown, Barnett and Stewart Stadium",25,3,76,0,21,48
8196,7915,2020-03-23,Howell Group Stadium,113,1,142,1,12,58
8197,6631,2020-04-15,Atkinson-Pena Stadium,6,29,122,0,12,1
8198,8007,2025-02-06,Reeves-Morales Stadium,114,3,83,1,0,70
8199,2429,2024-03-22,Ramos-Bates Stadium,29,5,183,8,17,26
8200,9375,2023-09-18,"Erickson, Lee and Becker Stadium",83,13,27,0,6,66
8201,1154,2020-06-24,Weeks Ltd Stadium,119,17,166,4,24,44
8202,2485,2025-12-18,Norris Ltd Stadium,134,0,4,13,21,54
8203,6477,2020-09-29,Morgan Group Stadium,7,9,191,14,14,42
8204,8145,2024-03-20,Adkins-Welch Stadium,62,7,50,3,12,76
8205,201,2023-06-01,Clark-Mcconnell Stadium,53,20,5,15,24,1
8206,1280,2022-03-02,Moran Inc Stadium,140,26,177,6,17,74
8207,5725,2025-12-12,Baker-Lee Stadium,64,3,199,13,3,39
8208,926,2020-02-14,"Martin, Reeves and Cross Stadium",29,4,198,7,6,35
8209,4044,2025-06-16,Vasquez and Sons Stadium,69,14,177,10,18,6
8210,4972,2025-12-07,"Anderson, Gardner and Alvarado Stadium",35,23,135,13,28,44
8211,9782,2023-05-16,Robinson Inc Stadium,109,16,138,8,6,12
8212,1667,2025-06-05,"Benton, White and Valdez Stadium",82,29,135,5,3,2
8213,7815,2024-10-18,"Davis, Sosa and Nelson Stadium",1,27,32,4,3,66
8214,4211,2023-09-05,"Smith, Robinson and Simmons Stadium",60,10,14,7,28,79
8215,888,2022-09-03,Foley LLC Stadium,63,3,84,14,18,66
8216,4183,2021-10-09,Barnes-Roberts Stadium,143,5,195,7,18,71
8217,5672,2020-05-08,King-Russell Stadium,143,11,92,3,0,41
8218,4114,2021-10-17,"Whitaker, Patrick and Lewis Stadium",87,15,125,6,18,66
8219,4804,2020-11-23,Huff LLC Stadium,1,26,103,9,6,40
8220,2530,2025-11-17,"Robertson, Nichols and Santiago Stadium",123,24,23,6,6,77
8221,9490,2024-07-23,King-Dillon Stadium,118,9,189,6,6,50
8222,5685,2024-03-27,Salas-Gomez Stadium,-4,19,195,11,21,79
8223,8142,2024-01-19,Bernard-Hodges Stadium,14,12,47,1,24,48
8224,691,2024-03-11,"Marshall, Rodriguez and Martin Stadium",118,6,79,0,12,9
8225,8166,2022-05-12,"Vasquez, Walsh and Frank Stadium",9,6,0,2,24,21
8226,3579,2020-11-24,Johnson and Sons Stadium,28,12,1,13,24,37
8227,7827,2021-03-19,"Hill, Taylor and Riley Stadium",53,20,95,15,21,55
8228,6863,2022-05-09,Meyer-Graves Stadium,147,14,13,11,18,26
8229,8107,2025-05-28,"May, Duncan and Young Stadium",122,6,28,4,18,51
8230,3859,2021-05-13,Rodriguez Ltd Stadium,110,3,184,9,24,38
8231,9468,2023-11-15,Hale and Sons Stadium,71,11,11,13,3,29
8232,1194,2022-05-17,Parker LLC Stadium,41,4,70,4,12,54
8233,4748,2022-03-11,Lucas-Bautista Stadium,139,24,25,2,0,79
8234,5546,2026-01-20,Mccoy LLC Stadium,109,30,180,13,18,1
8235,1550,2022-08-07,Turner LLC Stadium,53,3,175,7,12,25
8236,7744,2023-08-24,Sawyer and Sons Stadium,81,28,58,5,7,3
8237,4745,2023-02-15,Reyes-Brennan Stadium,106,0,185,1,6,23
8238,3807,2021-02-05,"Davis, Thomas and Avery Stadium",40,22,61,1,7,51
8239,7918,2020-03-26,Benson-Gonzalez Stadium,149,17,137,7,21,57
8240,427,2023-09-22,Moore Group Stadium,50,18,22,0,24,35
8241,6126,2024-09-17,"Johnson, Black and Anderson Stadium",72,23,30,12,0,9
8242,628,2022-04-18,"Haas, Jordan and Long Stadium",49,7,116,15,14,43
8243,8921,2022-03-01,Taylor-Fleming Stadium,89,24,62,11,3,14
8244,5672,2025-07-28,"Armstrong, Romero and Mclean Stadium",-1,6,38,5,0,80
8245,5474,2022-01-28,Johnson-Hill Stadium,34,4,195,10,3,46
8246,1884,2022-03-01,Carter Group Stadium,31,30,102,10,18,17
8247,116,2024-01-26,"Williams, Anderson and Conley Stadium",80,30,187,13,0,57
8248,2435,2021-02-13,Mendoza PLC Stadium,144,14,82,1,28,50
8249,9094,2023-01-06,Hall Ltd Stadium,131,29,170,12,0,59
8250,6558,2025-12-02,Anderson and Sons Stadium,45,23,32,6,14,33
8251,6539,2024-03-11,"Rogers, Mann and Davis Stadium",126,3,125,9,18,44
8252,1758,2025-03-22,"Sullivan, Cox and Edwards Stadium",12,24,180,14,12,7
8253,3376,2021-05-08,Sanchez Group Stadium,135,22,175,1,17,41
8254,3455,2020-11-15,Byrd-Johns Stadium,98,27,76,3,21,9
8255,9132,2024-08-08,Rivers Ltd Stadium,62,7,13,13,14,80
8256,6384,2024-05-02,Harris-Garrett Stadium,18,14,114,3,0,2
8257,4065,2020-04-10,Valdez-Delacruz Stadium,25,17,54,9,24,47
8258,9006,2025-08-20,Lopez Ltd Stadium,47,14,89,10,24,32
8259,5115,2020-04-10,Johnson-Jacobs Stadium,67,17,136,4,12,34
8260,6855,2024-09-28,Hutchinson LLC Stadium,13,26,122,12,6,51
8261,6170,2024-12-27,Vazquez-Boyd Stadium,90,5,34,3,14,45
8262,1135,2021-06-03,"Kramer, Morton and Carter Stadium",25,9,153,10,12,31
8263,5707,2021-05-10,Thomas-Lowe Stadium,51,29,96,11,12,34
8264,2,2024-06-03,Villarreal-Li Stadium,68,2,94,6,12,64
8265,3335,2020-09-04,"White, Wright and Bowers Stadium",38,2,107,13,21,39
8266,3118,2022-12-01,"Woods, Rivers and Ryan Stadium",47,4,127,15,12,58
8267,5916,2024-12-06,Ayers-Palmer Stadium,62,11,17,12,12,9
8268,9726,2020-06-30,"Richardson, Smith and Campbell Stadium",124,11,178,14,3,70
8269,962,2020-03-24,"Schultz, Davis and Roberts Stadium",87,6,124,3,0,9
8270,308,2024-10-05,"Hines, Bell and Edwards Stadium",102,5,96,2,28,70
8271,7088,2023-03-28,"Jones, Valencia and Marsh Stadium",28,11,6,3,18,79
8272,774,2020-10-16,Reed-Tucker Stadium,136,25,173,6,3,38
8273,4205,2023-09-28,"Haney, Smith and Chapman Stadium",25,9,95,1,18,77
8274,7783,2020-02-05,Johnson-Deleon Stadium,121,5,184,1,14,39
8275,5741,2022-10-30,Sutton LLC Stadium,59,17,91,7,12,77
8276,3155,2023-05-03,Floyd LLC Stadium,123,5,131,7,3,39
8277,6124,2021-04-29,Flores and Sons Stadium,45,7,106,7,7,69
8278,6664,2023-03-01,"Porter, Bartlett and Woods Stadium",77,21,103,8,7,1
8279,8761,2022-10-06,Stafford Group Stadium,25,29,185,14,14,33
8280,9282,2021-11-30,Hubbard-Jones Stadium,118,26,29,14,17,34
8281,4831,2020-08-26,Allen-Mcgrath Stadium,130,23,82,5,14,2
8282,1644,2021-08-02,Diaz Ltd Stadium,95,26,182,14,21,32
8283,7099,2022-07-28,"Morrison, Conner and Ramos Stadium",63,11,3,7,24,12
8284,4048,2023-05-29,"Johnson, Mcdonald and Copeland Stadium",39,8,22,9,28,44
8285,4853,2022-02-14,Meyer PLC Stadium,99,27,129,15,28,69
8286,475,2022-02-04,Washington PLC Stadium,127,30,82,8,3,7
8287,8041,2025-05-21,Roberts LLC Stadium,19,9,7,2,18,54
8288,8017,2023-01-19,Richards Group Stadium,43,1,105,1,18,31
8289,2078,2024-06-26,"Barron, Diaz and Cameron Stadium",81,1,168,9,0,74
8290,1513,2025-06-04,"Sullivan, Barr and Miller Stadium",4,17,171,9,21,68
8291,6983,2020-05-09,Davenport Ltd Stadium,44,24,148,4,3,1
8292,3626,2022-04-19,Richard-Wilson Stadium,82,4,114,12,6,63
8293,1790,2024-11-03,Alvarez Group Stadium,76,8,158,9,18,45
8294,8327,2022-08-29,Lynch-Smith Stadium,43,1,117,1,7,37
8295,6058,2021-05-31,Bush-Harrison Stadium,89,15,163,8,21,1
8296,6208,2023-10-10,Chapman and Sons Stadium,105,19,13,4,24,52
8297,441,2023-12-28,Walsh LLC Stadium,6,10,172,9,3,78
8298,2268,2022-12-04,Sharp-Howard Stadium,50,6,82,11,12,54
8299,2458,2024-10-19,"Fisher, Shelton and Sanders Stadium",76,2,19,14,3,5
8300,1076,2020-09-30,"Jones, Martinez and Brooks Stadium",85,5,100,15,17,79
8301,8560,2026-01-10,Knapp-Baker Stadium,75,19,113,7,6,75
8302,8396,2020-09-23,"Anthony, Moore and Burgess Stadium",143,9,31,9,3,37
8303,7214,2020-07-31,"Savage, Moore and Cole Stadium",6,5,37,11,24,42
8304,6264,2021-05-29,Potter-Brown Stadium,26,12,51,13,17,77
8305,4591,2025-12-13,"Leach, Garcia and Rodriguez Stadium",8,19,53,11,3,34
8306,7128,2025-08-28,Garcia-Johnson Stadium,123,30,73,9,24,5
8307,1913,2024-07-13,"Rodriguez, Armstrong and Nelson Stadium",112,7,182,11,18,4
8308,142,2020-09-01,Lawson Group Stadium,65,19,135,14,3,37
8309,1696,2020-02-10,"Carpenter, Smith and Boyd Stadium",147,19,103,13,17,27
8310,238,2024-10-19,Patel-Martin Stadium,26,23,28,15,18,48
8311,1790,2025-09-19,Beck LLC Stadium,115,22,80,5,17,24
8312,9159,2021-02-15,Cunningham PLC Stadium,44,20,85,0,7,3
8313,5986,2024-04-19,Gomez Ltd Stadium,13,0,194,12,6,15
8314,5951,2021-08-27,Hardin PLC Stadium,108,19,167,11,18,40
8315,7900,2023-07-19,"Graham, Baker and Harvey Stadium",2,6,108,4,17,30
8316,2341,2024-10-20,"Myers, Hughes and Wilson Stadium",95,17,119,9,7,31
8317,1040,2026-04-14,Guzman-Hernandez Stadium,82,10,37,0,0,10
8318,8887,2025-11-15,"Smith, Chandler and Burns Stadium",80,29,108,12,18,34
8319,1128,2020-05-27,"Miranda, Wilson and Moore Stadium",-5,23,95,7,6,19
8320,5050,2020-03-08,"Smith, Mcintyre and Macias Stadium",106,22,36,15,3,57
8321,2462,2020-03-06,"Clark, Obrien and Curry Stadium",99,23,125,12,7,17
8322,2756,2025-12-09,Cox and Sons Stadium,4,15,19,14,28,46
8323,7824,2021-10-22,"Bowman, Thompson and Jones Stadium",98,26,68,3,12,5
8324,7791,2024-08-30,"Collins, Johnson and Gray Stadium",45,8,25,3,3,14
8325,7019,2024-12-25,Hunt-Todd Stadium,19,26,17,4,7,62
8326,6808,2025-01-29,"Myers, Murphy and Simpson Stadium",25,14,121,9,12,68
8327,1804,2025-02-04,Thompson-Savage Stadium,114,6,16,0,21,49
8328,1969,2024-06-09,Phillips LLC Stadium,28,26,165,1,24,79
8329,3380,2024-06-10,"Santiago, Conrad and Murphy Stadium",148,6,28,0,24,32
8330,7453,2020-06-20,Potter-Leblanc Stadium,19,24,92,10,24,54
8331,9458,2026-04-07,Wallace-Wood Stadium,94,10,90,3,28,65
8332,6366,2022-02-26,Schwartz LLC Stadium,150,5,43,14,14,57
8333,6807,2024-11-26,Jones-Miller Stadium,146,6,28,7,6,23
8334,8196,2022-07-12,"Hansen, Cruz and Richards Stadium",146,1,54,8,6,47
8335,171,2022-05-16,Cameron-Lopez Stadium,82,4,10,10,3,65
8336,2596,2024-12-07,"Lopez, Pineda and Rodriguez Stadium",41,29,122,2,18,61
8337,9169,2022-08-08,Sullivan and Sons Stadium,52,13,47,6,17,24
8338,7007,2025-04-30,Erickson-Clayton Stadium,42,27,157,3,7,31
8339,6986,2023-08-22,Cooper Inc Stadium,60,28,121,6,0,26
8340,2161,2023-09-01,"Baldwin, Bray and Powell Stadium",114,13,17,8,7,80
8341,4003,2024-06-11,"Mitchell, Greene and Jordan Stadium",62,14,16,4,21,66
8342,1315,2021-07-21,Cantrell LLC Stadium,96,11,133,9,12,5
8343,2571,2023-02-06,"Peters, Williams and Garcia Stadium",99,23,56,8,18,62
8344,8337,2024-08-27,Davenport PLC Stadium,9,14,168,9,24,56
8345,8536,2024-12-02,Fuller-Mcguire Stadium,125,21,139,11,12,50
8346,9276,2024-10-15,Ward-Dorsey Stadium,20,3,122,6,28,41
8347,5332,2023-10-14,"Porter, Morgan and Webb Stadium",59,29,137,3,17,47
8348,8117,2026-03-04,"Sanchez, Griffith and Miller Stadium",-2,0,1,11,28,5
8349,3556,2021-11-02,Holloway-Schwartz Stadium,85,0,55,15,14,75
8350,9938,2025-09-14,Brown-Villanueva Stadium,142,30,32,5,12,40
8351,5868,2021-06-29,Johnson Group Stadium,58,25,13,12,18,62
8352,1376,2024-08-17,Rivera-Harding Stadium,104,24,3,13,17,18
8353,7934,2020-05-15,"Barajas, Garcia and Short Stadium",50,17,23,1,18,73
8354,4147,2023-10-20,Lynch-Wells Stadium,39,29,150,14,6,23
8355,2886,2022-08-15,Gray Inc Stadium,138,18,1,6,17,29
8356,6505,2025-01-11,"Banks, Waller and Blankenship Stadium",74,25,131,1,18,56
8357,105,2024-05-28,Ritter Ltd Stadium,150,7,0,14,17,75
8358,818,2020-08-14,Marsh-Jones Stadium,51,19,188,7,28,73
8359,9006,2026-04-08,Erickson-Davis Stadium,145,14,94,13,12,77
8360,9944,2025-01-01,Day Inc Stadium,48,19,28,14,17,55
8361,2108,2022-03-24,"Orr, Rodriguez and Lewis Stadium",132,11,46,6,3,52
8362,3149,2021-05-17,Thompson Group Stadium,24,23,179,1,14,47
8363,7556,2021-01-08,"Newman, Byrd and Davila Stadium",79,8,17,6,7,29
8364,3632,2021-07-01,"Mitchell, Ellis and Hinton Stadium",49,1,184,14,3,12
8365,6111,2021-12-21,"Guerrero, Garza and Johnson Stadium",14,0,73,6,21,26
8366,3126,2020-10-15,"Owens, Delgado and Thompson Stadium",144,10,105,10,12,53
8367,1283,2023-01-20,Ramsey LLC Stadium,94,25,23,5,28,39
8368,7041,2020-05-19,Edwards PLC Stadium,50,10,135,0,17,59
8369,3451,2024-07-18,Marshall-Torres Stadium,-1,29,36,7,7,23
8370,766,2024-08-14,"Martin, Johnson and Bradford Stadium",128,14,121,0,3,26
8371,7498,2023-08-20,Townsend Group Stadium,90,16,10,3,18,44
8372,1474,2025-02-21,Carter-Bean Stadium,21,8,36,11,7,72
8373,4804,2023-10-30,"Rodriguez, Johnson and Ferguson Stadium",-3,19,110,11,6,52
8374,7225,2022-01-27,"Smith, Kent and Phillips Stadium",7,8,136,1,24,17
8375,4361,2020-05-21,"Fleming, Smith and Garcia Stadium",145,16,136,3,14,55
8376,5569,2023-02-18,White LLC Stadium,73,9,115,3,14,19
8377,9937,2024-01-21,"Davidson, Shaw and Bridges Stadium",63,1,80,10,21,16
8378,4425,2024-07-04,Bowers Ltd Stadium,101,3,85,6,21,80
8379,6310,2022-05-13,"Powers, Carroll and Mitchell Stadium",40,14,19,14,14,18
8380,353,2020-07-10,"Hernandez, Gonzalez and Schmidt Stadium",55,0,155,9,18,19
8381,9223,2025-04-07,Mcmillan Group Stadium,114,3,69,14,6,25
8382,2975,2022-04-20,"Ross, Delacruz and Reed Stadium",27,15,91,3,0,76
8383,8374,2023-01-02,"Gomez, Martin and Williams Stadium",67,30,56,4,28,5
8384,8168,2024-03-02,Johnson-Becker Stadium,141,20,11,12,18,38
8385,1902,2020-05-02,"Robinson, Jones and Davis Stadium",39,19,93,5,14,56
8386,1740,2025-06-22,Wolfe Ltd Stadium,74,6,151,3,24,45
8387,6283,2020-12-21,Richardson-Jones Stadium,-3,0,86,12,18,61
8388,5449,2025-09-12,Roberts Inc Stadium,86,4,198,7,6,59
8389,7777,2021-12-21,Mcdaniel and Sons Stadium,57,1,101,1,21,1
8390,5961,2025-11-15,Ellis-Santiago Stadium,147,20,22,6,28,12
8391,9394,2021-12-29,Williams-Smith Stadium,3,4,135,14,6,28
8392,1836,2025-01-27,Carroll Ltd Stadium,90,28,22,7,14,79
8393,4098,2024-05-28,"Walters, Washington and Jenkins Stadium",19,29,99,2,24,31
8394,6491,2023-12-28,"Martinez, Orozco and Thomas Stadium",138,7,181,12,18,80
8395,295,2023-02-24,"Doyle, Williams and Buchanan Stadium",127,29,58,9,24,42
8396,7664,2023-05-19,Bentley Ltd Stadium,12,26,71,15,3,68
8397,8417,2025-08-16,"Anderson, Bell and Fowler Stadium",111,23,39,15,18,74
8398,6499,2022-03-30,"Peters, Brown and Burton Stadium",13,22,103,3,0,71
8399,7608,2022-03-29,"Mann, Farley and Johnson Stadium",98,0,135,10,21,13
8400,1623,2024-12-05,Callahan-Simmons Stadium,11,25,128,7,7,20
8401,8659,2020-11-28,Snyder Inc Stadium,50,28,65,5,18,13
8402,3512,2020-05-06,"Wilson, Young and Bray Stadium",76,15,151,1,24,42
8403,9280,2025-04-24,Ibarra-Mckinney Stadium,87,15,178,11,14,6
8404,1419,2024-01-16,Turner and Sons Stadium,147,7,169,6,21,45
8405,6248,2025-07-09,"Bell, Myers and Bell Stadium",90,2,176,0,28,42
8406,2156,2020-04-14,"Walker, White and Beck Stadium",71,12,17,8,21,6
8407,1570,2022-06-13,Turner Ltd Stadium,149,17,180,4,7,80
8408,529,2022-06-20,"Patrick, Riley and Jacobs Stadium",117,30,133,9,0,44
8409,6985,2022-04-16,Erickson-Nguyen Stadium,16,19,145,8,24,73
8410,4972,2021-12-18,Davies-Sanchez Stadium,42,24,178,0,21,58
8411,9247,2022-05-25,Carpenter-Weber Stadium,57,28,169,2,18,80
8412,7952,2025-09-21,Perez Group Stadium,109,3,140,15,28,21
8413,632,2025-09-06,Estrada-Price Stadium,108,18,62,0,3,67
8414,4856,2022-08-26,King-Perez Stadium,76,21,139,8,3,33
8415,1518,2025-01-15,Daniels-Carter Stadium,114,12,101,6,24,45
8416,6627,2021-05-13,Freeman and Sons Stadium,91,8,23,3,7,18
8417,71,2021-12-23,"Rodriguez, Doyle and Shelton Stadium",144,3,89,12,24,13
8418,1224,2024-02-29,Smith-Dixon Stadium,-4,28,132,8,3,65
8419,7777,2024-12-04,Gonzales PLC Stadium,106,15,49,10,28,76
8420,8391,2025-03-05,Salas-Johnson Stadium,127,10,132,14,0,41
8421,1515,2024-09-18,Gonzalez and Sons Stadium,66,29,169,9,14,32
8422,6669,2024-02-09,Rodriguez-Turner Stadium,91,16,121,0,3,21
8423,5613,2022-06-10,Baker LLC Stadium,107,13,31,14,28,19
8424,8320,2022-06-19,"Thompson, Lynn and Johnson Stadium",28,18,46,13,28,59
8425,5205,2024-05-18,"Madden, Ruiz and Rosales Stadium",134,22,111,0,6,49
8426,8942,2023-02-23,Delgado LLC Stadium,86,0,161,10,17,42
8427,7325,2020-10-27,Hudson PLC Stadium,14,14,28,11,6,39
8428,7426,2024-05-15,Jones-Hall Stadium,112,22,37,9,24,10
8429,1559,2023-11-21,Jones and Sons Stadium,99,21,165,9,17,7
8430,2511,2025-05-05,"George, Burns and Butler Stadium",43,25,122,14,3,52
8431,3425,2025-08-09,Greene Inc Stadium,137,24,194,5,18,46
8432,2989,2021-02-14,Palmer and Sons Stadium,36,27,140,7,3,45
8433,7062,2020-03-30,"Boyd, Rivera and Ward Stadium",13,29,127,1,14,17
8434,9580,2021-06-25,"Mora, Nelson and Gregory Stadium",47,6,104,3,28,40
8435,3447,2021-11-06,Burns-Brooks Stadium,102,10,129,0,24,58
8436,3650,2022-03-01,Hoffman-Rodriguez Stadium,120,25,199,6,18,45
8437,6208,2021-03-10,Williams PLC Stadium,96,11,199,6,14,40
8438,4614,2024-07-08,Alvarado-Steele Stadium,146,19,132,2,12,60
8439,3358,2021-04-04,Sims-Berry Stadium,25,14,32,3,28,32
8440,481,2025-11-23,Williams-Lloyd Stadium,108,18,1,3,21,23
8441,5193,2025-06-28,Weber-Booth Stadium,144,27,117,8,7,51
8442,1029,2025-04-26,"Greer, Hernandez and Jackson Stadium",92,13,198,10,24,56
8443,9567,2025-02-23,"Martin, Watson and Williams Stadium",10,7,197,11,7,31
8444,6460,2024-06-11,"Cline, White and West Stadium",35,22,171,6,3,25
8445,7298,2020-09-10,Lam-Montgomery Stadium,61,3,154,5,17,28
8446,7458,2022-03-16,"Payne, Roth and White Stadium",135,2,195,10,0,45
8447,7665,2023-10-11,"Kramer, Johnson and Payne Stadium",91,28,137,13,3,30
8448,1736,2025-06-10,Schneider-Lewis Stadium,147,11,22,7,24,29
8449,5929,2023-09-04,Patton Group Stadium,44,1,191,13,0,59
8450,5996,2020-06-21,May-Watson Stadium,64,18,104,5,12,72
8451,246,2024-02-16,Edwards-Ramirez Stadium,80,14,142,3,17,75
8452,9677,2025-04-13,Keith Inc Stadium,31,27,120,1,18,62
8453,8611,2021-06-15,Greene-Nelson Stadium,82,9,148,6,0,14
8454,307,2025-06-03,Crane-King Stadium,115,7,121,0,6,62
8455,3002,2020-08-23,"Wolfe, Blackwell and Galloway Stadium",66,20,160,8,3,28
8456,6143,2025-07-07,Pratt-Stokes Stadium,30,29,33,3,6,7
8457,6405,2025-11-13,Green-Roberts Stadium,138,11,81,0,28,19
8458,871,2025-06-23,Barron-Goodwin Stadium,29,19,71,12,6,75
8459,2217,2021-10-03,"Nunez, Mueller and Jones Stadium",35,15,4,3,28,21
8460,700,2024-02-24,Francis PLC Stadium,23,11,3,0,17,66
8461,4608,2025-02-08,Henderson-Rojas Stadium,92,14,136,2,14,28
8462,453,2021-07-03,Higgins-Martinez Stadium,145,16,38,9,28,50
8463,5341,2020-12-07,Norton-Campbell Stadium,114,18,88,5,17,78
8464,3340,2025-10-11,Robbins-Paul Stadium,114,16,13,12,24,71
8465,3058,2021-03-12,Arroyo and Sons Stadium,125,25,129,11,0,56
8466,2648,2023-01-25,"Bishop, Porter and Sherman Stadium",84,24,163,10,24,80
8467,7487,2023-12-20,"Garcia, Williams and Holmes Stadium",89,18,175,15,21,10
8468,6679,2024-10-28,Ritter Group Stadium,14,10,141,7,7,62
8469,9674,2024-12-07,Hudson-Guerrero Stadium,55,21,64,13,21,9
8470,7213,2021-07-05,Mejia Inc Stadium,90,18,3,14,12,18
8471,1219,2023-08-28,Martin-Clark Stadium,8,21,70,8,3,38
8472,2800,2020-01-29,"Holt, James and Barnes Stadium",7,20,95,7,14,77
8473,9937,2025-06-16,Sanchez-Brown Stadium,8,13,50,8,21,59
8474,5829,2023-10-03,Cameron LLC Stadium,96,3,10,6,18,27
8475,2071,2021-02-08,Warren-Andersen Stadium,63,14,121,13,0,70
8476,5025,2021-11-08,Mcclain and Sons Stadium,150,0,136,11,21,16
8477,8515,2024-06-23,"Solis, Cruz and Armstrong Stadium",106,20,196,9,14,32
8478,5798,2024-09-30,"Thomas, Rice and Schaefer Stadium",5,27,64,4,17,13
8479,5412,2020-09-01,Jennings Inc Stadium,43,25,122,0,21,27
8480,6266,2021-05-10,Reyes Group Stadium,82,30,180,4,17,14
8481,535,2026-01-19,"Faulkner, Ortiz and Wilkinson Stadium",27,13,48,5,0,22
8482,3865,2022-12-17,Roberts PLC Stadium,33,6,165,5,3,6
8483,4501,2022-12-15,Jones-Cook Stadium,18,18,16,2,14,30
8484,9584,2021-12-22,Castillo-Cooper Stadium,112,5,93,9,24,78
8485,5028,2020-05-19,Calderon Ltd Stadium,47,15,80,1,7,51
8486,7579,2025-06-15,"Butler, Martin and Schwartz Stadium",78,22,127,2,7,66
8487,1416,2024-09-25,Flores-Brown Stadium,39,8,96,0,28,62
8488,5738,2023-05-08,Ware LLC Stadium,37,29,7,11,24,29
8489,7509,2020-05-26,Galvan and Sons Stadium,107,4,10,1,12,45
8490,8131,2026-04-20,Taylor Ltd Stadium,50,29,97,7,3,45
8491,2105,2023-10-02,Lin Ltd Stadium,136,29,50,3,24,28
8492,1936,2023-08-06,"Payne, Reed and Evans Stadium",61,7,75,10,14,4
8493,8544,2020-10-08,"Zimmerman, Roth and Guerrero Stadium",74,24,27,11,28,13
8494,2472,2025-05-12,"Warren, Kelley and Cunningham Stadium",18,29,173,8,17,58
8495,387,2021-05-03,"Rowe, Williams and Johnson Stadium",134,18,66,14,14,23
8496,1212,2022-04-06,Smith and Sons Stadium,43,14,82,14,28,62
8497,8812,2025-10-08,Salazar Ltd Stadium,27,25,64,1,12,69
8498,5660,2021-09-11,"Dunlap, Delgado and Gentry Stadium",17,12,179,3,3,11
8499,958,2020-10-18,Gallagher Inc Stadium,87,18,92,11,14,44
8500,4469,2024-02-21,"Maynard, Floyd and Walker Stadium",62,12,47,13,14,14
8501,8306,2024-07-23,"Franco, Velazquez and Fry Stadium",45,28,162,6,7,45
8502,1884,2024-12-23,"Conway, Thomas and Jacobs Stadium",11,30,26,4,3,62
8503,2626,2022-05-14,"Cunningham, Li and Olson Stadium",27,16,65,7,24,60
8504,1942,2024-10-30,"Smith, Jones and Hill Stadium",90,29,3,15,6,73
8505,5154,2026-02-21,Johnson-Scott Stadium,36,7,63,5,6,78
8506,9938,2020-12-27,Weber-Garcia Stadium,142,3,148,0,17,79
8507,2945,2020-06-25,"Callahan, Richmond and Malone Stadium",113,28,6,3,24,63
8508,8516,2026-03-29,Monroe LLC Stadium,149,18,47,12,21,63
8509,9958,2022-08-05,Calhoun-Snyder Stadium,54,30,26,7,24,51
8510,1073,2021-09-15,Sims Group Stadium,33,17,87,4,0,55
8511,6964,2020-10-04,Johnson-Munoz Stadium,25,20,26,12,21,67
8512,9013,2020-02-06,Berry Group Stadium,77,21,199,3,18,27
8513,5893,2022-01-27,"Lee, Moran and Smith Stadium",103,5,160,6,3,20
8514,4583,2020-10-27,"Smith, Perry and Nguyen Stadium",106,20,148,13,6,64
8515,7964,2022-10-28,Tucker-Holmes Stadium,68,24,66,15,21,68
8516,890,2023-02-28,Suarez PLC Stadium,48,30,69,8,17,62
8517,255,2023-12-21,"Fuller, Matthews and Gomez Stadium",99,6,87,4,12,57
8518,6554,2020-05-26,Baker-Shaw Stadium,117,14,11,15,0,26
8519,8036,2020-02-27,Evans-Byrd Stadium,0,14,102,0,3,40
8520,5538,2021-12-20,Smith PLC Stadium,111,1,97,6,3,20
8521,2327,2024-08-27,James-Ibarra Stadium,149,27,40,4,28,14
8522,6067,2025-06-15,Patterson-James Stadium,64,2,138,5,12,50
8523,3095,2020-11-06,Collins-Pittman Stadium,29,4,192,15,3,18
8524,234,2023-07-02,"Nelson, Gonzalez and Martin Stadium",-4,14,16,6,14,7
8525,436,2022-02-10,"Ramirez, Hart and Ramirez Stadium",126,6,124,7,28,43
8526,1891,2020-11-28,Kerr-Weaver Stadium,78,27,176,10,3,56
8527,2254,2020-10-19,Rodriguez and Sons Stadium,49,26,133,2,12,33
8528,2683,2025-05-14,"Acosta, Mendez and Holloway Stadium",127,29,172,2,3,2
8529,5775,2025-03-13,Herring Group Stadium,8,9,156,3,18,26
8530,7594,2020-10-18,Diaz Ltd Stadium,13,4,114,6,18,64
8531,4617,2021-12-07,Garcia-Greene Stadium,120,1,99,3,7,30
8532,2375,2022-10-12,Garcia-Booker Stadium,61,0,164,15,18,67
8533,7713,2021-09-10,"Velez, Burke and Mann Stadium",38,26,133,13,28,65
8534,1628,2023-12-08,Stone-Mclaughlin Stadium,142,7,131,6,14,13
8535,4908,2022-05-30,"Nguyen, Martinez and Johnson Stadium",135,14,166,5,17,52
8536,3758,2023-01-11,Evans and Sons Stadium,146,29,170,9,14,20
8537,5157,2023-02-18,Reynolds Group Stadium,52,7,182,4,24,65
8538,6599,2020-10-17,Davis-Dixon Stadium,114,24,107,0,7,36
8539,7618,2022-03-01,"Shah, Parsons and Thomas Stadium",109,16,35,15,0,52
8540,1440,2024-07-17,"Porter, Dyer and Mays Stadium",46,27,70,12,18,56
8541,8658,2023-10-31,Washington-Alexander Stadium,35,11,182,14,28,8
8542,2164,2021-12-02,Snyder-Newton Stadium,85,1,97,2,3,15
8543,6937,2020-02-07,Smith-Perry Stadium,16,7,66,15,14,35
8544,2217,2021-11-24,"Martin, Gray and Foster Stadium",106,3,1,4,17,26
8545,5913,2023-09-29,Murphy LLC Stadium,75,22,195,4,14,46
8546,4266,2023-10-16,"Novak, Poole and Meyers Stadium",80,23,82,9,12,22
8547,660,2025-05-12,Lee-Williams Stadium,-5,19,135,9,24,26
8548,1500,2025-02-08,Smith Group Stadium,33,5,91,12,14,27
8549,4796,2022-06-09,Hoover-Wilkinson Stadium,74,26,106,15,28,10
8550,499,2024-08-30,Warren Group Stadium,78,30,179,4,28,3
8551,7925,2021-10-23,Harrison-Hamilton Stadium,114,5,187,14,3,67
8552,826,2023-01-17,"Richardson, Perez and Cisneros Stadium",144,8,167,15,17,76
8553,9917,2025-12-29,Bailey-Cunningham Stadium,66,15,43,8,17,71
8554,8891,2023-07-07,Robinson-Ross Stadium,41,3,1,5,12,35
8555,2762,2021-09-13,"Garcia, Oconnor and Holder Stadium",72,5,74,6,17,53
8556,5850,2020-02-01,Thomas-Grant Stadium,87,25,67,0,28,40
8557,2124,2020-08-28,Reyes Group Stadium,16,3,7,14,12,53
8558,8910,2020-10-09,"Bell, Meyer and Hughes Stadium",147,8,133,5,0,6
8559,3659,2021-10-12,"Barnes, Duke and Steele Stadium",42,12,50,13,7,50
8560,3295,2021-06-22,Ramos Inc Stadium,102,18,46,15,14,36
8561,836,2025-12-14,Davis-Rodriguez Stadium,134,16,127,1,6,49
8562,5661,2021-12-05,"Calderon, Hardin and Wilson Stadium",113,30,15,13,12,24
8563,3773,2020-01-21,Alexander Ltd Stadium,104,3,99,8,14,22
8564,8866,2021-06-07,Myers-Clarke Stadium,126,25,155,4,6,77
8565,8613,2023-05-12,Hamilton LLC Stadium,10,11,193,6,24,56
8566,3026,2023-11-22,Martinez PLC Stadium,129,17,189,14,14,62
8567,1913,2023-12-02,Ford-Adams Stadium,128,16,119,6,28,10
8568,11,2022-03-03,Schroeder and Sons Stadium,7,9,28,6,14,44
8569,8199,2023-08-20,Lee and Sons Stadium,15,28,121,6,7,67
8570,555,2024-07-23,Brown Ltd Stadium,149,6,16,8,21,58
8571,9543,2026-02-26,"Thomas, Morgan and Valdez Stadium",1,29,193,13,7,72
8572,6061,2020-05-16,Gibson-Greer Stadium,31,21,134,10,17,8
8573,8418,2024-06-08,Nixon-Walker Stadium,90,23,10,13,6,22
8574,3230,2026-04-04,Duncan-Bowman Stadium,113,2,119,15,6,64
8575,1913,2022-04-07,Dixon PLC Stadium,55,19,149,6,3,64
8576,4561,2024-06-11,Simpson LLC Stadium,47,3,17,7,6,27
8577,9843,2023-06-09,"Bonilla, Davis and Jordan Stadium",54,14,187,13,14,1
8578,1144,2023-06-18,Martinez-Camacho Stadium,74,29,3,1,7,43
8579,1002,2023-11-28,Clark LLC Stadium,73,15,93,3,7,14
8580,923,2021-08-12,"Hernandez, Huang and Collins Stadium",22,9,189,12,7,68
8581,3837,2022-10-05,Aguirre-Whitney Stadium,2,20,111,4,12,76
8582,5507,2024-03-07,Allen-Hogan Stadium,150,4,1,14,6,70
8583,3188,2022-05-25,Watkins-Sanchez Stadium,50,15,27,3,3,28
8584,4228,2023-04-27,"Brewer, Eaton and Graham Stadium",74,14,131,2,18,38
8585,5181,2020-07-27,"Mcfarland, Chan and Simpson Stadium",123,23,9,7,12,17
8586,9662,2026-02-13,"Cruz, Powell and Rios Stadium",81,2,18,3,18,15
8587,3337,2021-09-26,Clark Ltd Stadium,10,24,93,4,7,34
8588,565,2024-08-28,Smith-Harris Stadium,53,0,185,6,12,8
8589,9205,2025-04-17,Luna PLC Stadium,73,1,69,1,21,58
8590,1532,2022-06-21,Alexander-Williams Stadium,131,0,191,10,12,73
8591,7905,2020-07-01,"Khan, Price and Martin Stadium",142,15,147,13,3,27
8592,2037,2023-07-27,Velasquez Group Stadium,49,26,105,15,14,34
8593,3992,2024-08-31,Baird-Morton Stadium,4,10,39,12,0,60
8594,84,2026-01-16,Mann-Stuart Stadium,117,4,43,8,3,41
8595,8818,2021-12-29,Graham LLC Stadium,138,30,59,5,6,35
8596,9755,2020-08-21,"Norman, Molina and Wood Stadium",136,27,71,1,24,63
8597,7376,2021-05-28,"Moran, Martin and Davis Stadium",112,19,99,15,6,43
8598,9501,2024-03-03,Ray-Ferguson Stadium,20,26,163,11,24,33
8599,1465,2024-09-18,"Smith, Rodriguez and Anderson Stadium",15,25,136,7,28,60
8600,2459,2022-08-24,Ramirez-Ball Stadium,34,23,110,11,24,68
8601,3601,2025-09-26,Gonzalez-Daniel Stadium,77,0,35,1,3,78
8602,8324,2023-12-14,Hughes-Campos Stadium,63,24,81,7,24,49
8603,5295,2024-11-10,Houston Inc Stadium,134,11,198,4,0,11
8604,3698,2023-05-02,"Douglas, Villa and Montgomery Stadium",22,5,126,15,0,28
8605,8217,2023-07-22,Vaughan-Evans Stadium,80,8,104,10,12,49
8606,8402,2023-04-28,Medina-Jones Stadium,94,13,159,2,14,69
8607,166,2025-06-08,Kemp-Day Stadium,77,4,11,4,6,64
8608,7597,2022-07-17,Hampton-Rhodes Stadium,134,9,27,4,0,8
8609,9894,2020-04-10,Bray Ltd Stadium,41,27,88,1,18,75
8610,4843,2023-04-03,Anderson-Jones Stadium,132,18,103,7,28,37
8611,7510,2022-07-22,"Salas, Carter and Davis Stadium",-1,28,155,6,12,35
8612,1401,2020-10-20,"Herman, Ortiz and Lynch Stadium",88,15,42,0,28,45
8613,9455,2023-10-01,Tate PLC Stadium,89,28,0,13,18,46
8614,8844,2023-09-27,Burns-Sloan Stadium,71,27,53,12,6,38
8615,3937,2022-12-04,"Lopez, Hughes and Morris Stadium",38,9,99,12,14,76
8616,9829,2020-09-11,Gutierrez and Sons Stadium,-1,29,155,2,28,1
8617,9979,2023-02-26,Hamilton Inc Stadium,121,19,193,8,18,54
8618,5329,2025-08-03,Santiago-Browning Stadium,136,27,179,12,6,80
8619,1231,2024-08-02,Osborne LLC Stadium,98,23,19,5,6,25
8620,3351,2024-08-27,"Wright, Gutierrez and Evans Stadium",88,29,75,0,3,25
8621,73,2024-08-23,Estrada Group Stadium,19,8,86,15,6,58
8622,659,2021-10-03,Smith-Strong Stadium,25,12,152,6,3,57
8623,9874,2022-09-15,Torres Group Stadium,-3,30,23,4,14,48
8624,2438,2020-11-09,"Haynes, Taylor and Burns Stadium",81,8,67,6,24,65
8625,4170,2023-02-26,Martin-Johnson Stadium,79,7,137,8,18,9
8626,2587,2024-07-13,Harris LLC Stadium,32,5,193,11,24,63
8627,1413,2021-07-04,"Perry, Kim and Irwin Stadium",44,16,65,3,14,69
8628,4592,2023-02-01,"Flores, Byrd and Robinson Stadium",75,5,37,4,3,3
8629,2934,2022-07-16,Ryan Inc Stadium,88,27,196,14,24,69
8630,3362,2021-02-04,"Phillips, Acosta and Stewart Stadium",122,15,106,10,28,45
8631,2448,2023-04-04,Morgan PLC Stadium,139,1,40,10,6,72
8632,8089,2020-06-05,Jordan-Ruiz Stadium,78,22,100,9,12,14
8633,5712,2026-02-12,Hall-White Stadium,117,5,166,7,14,55
8634,1974,2022-12-27,"Roberts, Snyder and Jones Stadium",58,22,61,4,7,31
8635,7369,2024-10-07,"Hart, Warner and Lewis Stadium",20,8,144,13,7,64
8636,9199,2020-03-20,Smith Inc Stadium,6,10,116,13,28,51
8637,8349,2021-06-05,Gilmore-Miller Stadium,93,13,124,13,14,6
8638,7612,2023-12-11,Howell-Davis Stadium,54,7,128,9,18,57
8639,55,2021-10-12,"Smith, Garner and Clark Stadium",137,21,7,11,14,41
8640,7480,2022-11-06,Copeland Group Stadium,76,7,29,3,6,74
8641,6048,2023-01-11,Stephens-Cunningham Stadium,112,18,117,12,28,11
8642,4878,2022-12-11,Elliott and Sons Stadium,22,5,43,0,6,47
8643,1664,2023-10-26,"Pena, Figueroa and Reynolds Stadium",67,27,152,10,3,58
8644,4173,2023-02-18,Mahoney-James Stadium,79,2,168,0,14,26
8645,2320,2021-12-22,"Foley, Brown and Glenn Stadium",68,3,140,10,24,39
8646,74,2022-05-12,Payne-Sullivan Stadium,116,14,66,11,7,60
8647,213,2022-10-25,Arnold and Sons Stadium,117,26,51,1,12,29
8648,5753,2026-02-22,Perez-Rodriguez Stadium,1,17,48,6,17,50
8649,3236,2024-05-30,Murphy-Lam Stadium,93,28,5,0,14,20
8650,4714,2024-01-14,"Williams, Oliver and Arellano Stadium",90,10,7,8,0,52
8651,3577,2021-11-19,Francis and Sons Stadium,100,24,50,11,3,26
8652,3793,2022-02-25,"Salas, Sullivan and Greer Stadium",35,6,113,2,24,42
8653,4934,2021-01-24,Randolph Group Stadium,97,13,77,1,18,2
8654,5694,2025-10-26,Wheeler Group Stadium,117,20,167,14,24,68
8655,8591,2021-01-03,"Ware, Wilson and Hines Stadium",86,24,54,13,7,41
8656,3240,2026-01-02,"Brewer, Hayes and Contreras Stadium",-5,20,128,6,24,45
8657,5620,2022-08-28,Baker-Leonard Stadium,37,19,73,12,18,53
8658,8440,2023-08-30,Dickson Group Stadium,150,16,183,6,0,66
8659,2737,2022-02-09,Ruiz PLC Stadium,69,30,160,8,0,39
8660,2646,2023-05-06,Newman PLC Stadium,109,9,73,11,21,57
8661,7249,2023-01-12,Malone PLC Stadium,136,12,75,2,14,9
8662,2827,2022-01-18,May-Neal Stadium,23,4,84,10,18,73
8663,7575,2021-03-23,Webb Group Stadium,136,13,60,13,3,3
8664,478,2021-01-17,"Garcia, Leon and Clark Stadium",-1,24,158,13,7,73
8665,8424,2020-03-09,Chase-Johnson Stadium,95,8,146,3,3,50
8666,6349,2025-05-23,"Gonzalez, Walls and Trevino Stadium",113,1,45,12,17,5
8667,6686,2020-02-26,Welch-Taylor Stadium,135,20,195,3,21,6
8668,1168,2026-02-18,"Davis, Sullivan and Beck Stadium",24,12,123,3,28,5
8669,71,2023-05-11,"Davis, Cole and Johnson Stadium",88,24,68,7,7,16
8670,671,2026-02-13,Poole-Williams Stadium,94,20,94,8,14,8
8671,4121,2025-04-26,"Benson, Frazier and Gonzalez Stadium",116,21,6,10,3,23
8672,860,2022-06-25,Fuentes PLC Stadium,19,11,59,2,12,30
8673,8092,2021-07-10,"Lucas, Wall and Phillips Stadium",23,2,85,14,3,71
8674,3317,2023-02-04,Garcia and Sons Stadium,86,19,68,7,21,38
8675,3309,2023-05-03,Johnson LLC Stadium,100,4,13,15,17,53
8676,9745,2020-10-29,King-Proctor Stadium,112,5,36,10,24,31
8677,9403,2026-01-19,Oliver and Sons Stadium,67,14,39,10,18,3
8678,7959,2021-10-13,"Reilly, Wilson and Holland Stadium",80,30,85,0,0,13
8679,9340,2021-10-27,"Fuentes, Baldwin and Williams Stadium",28,1,175,14,0,34
8680,5712,2022-01-01,"Fletcher, Vega and Molina Stadium",-2,28,88,13,0,48
8681,696,2024-09-23,Valdez-Anderson Stadium,57,12,152,6,18,25
8682,8734,2024-07-31,Giles Inc Stadium,74,16,129,14,7,32
8683,8726,2023-10-17,Bailey-Schneider Stadium,22,6,171,7,7,51
8684,5061,2022-09-07,Anderson Inc Stadium,-1,23,88,12,12,33
8685,6655,2020-03-31,"Thomas, Parker and Garza Stadium",100,16,50,4,0,53
8686,8516,2020-01-20,"Thomas, Hall and Booker Stadium",5,13,137,0,17,30
8687,5066,2023-12-10,Lindsey PLC Stadium,63,24,19,6,12,62
8688,3239,2020-07-17,Duncan-Griffin Stadium,54,24,130,13,24,1
8689,3332,2022-02-27,Phillips-Perez Stadium,48,28,197,10,7,66
8690,942,2022-07-12,Mccoy PLC Stadium,5,18,82,15,6,18
8691,8718,2020-03-02,Reed-Jackson Stadium,148,11,56,13,12,16
8692,528,2022-01-06,Jenkins Inc Stadium,111,7,160,10,3,79
8693,4527,2022-09-25,Lewis Ltd Stadium,11,18,54,12,0,1
8694,6627,2020-07-24,Snyder-Koch Stadium,141,0,60,10,6,3
8695,8500,2021-08-31,"Brown, Carter and Carlson Stadium",29,23,56,0,18,59
8696,9750,2024-03-03,"Watts, Smith and Price Stadium",106,16,144,9,18,62
8697,4985,2024-05-18,Taylor-Ellis Stadium,107,25,101,3,18,1
8698,8349,2026-04-04,Howell PLC Stadium,115,27,106,5,28,33
8699,8744,2024-02-20,Gould PLC Stadium,4,14,71,14,28,9
8700,8185,2021-07-12,"Perkins, Parsons and Williams Stadium",81,25,11,7,14,20
8701,7980,2026-01-31,"Roberts, Pope and White Stadium",141,9,24,2,7,75
8702,6294,2023-02-13,Lowe PLC Stadium,101,28,58,5,17,54
8703,7349,2023-12-26,Gutierrez-Cox Stadium,76,8,150,1,6,78
8704,6808,2022-12-01,Green-Norman Stadium,132,22,178,9,7,4
8705,1790,2020-09-27,"Oconnor, Ruiz and Burns Stadium",61,20,133,12,28,42
8706,3646,2023-01-13,Hernandez-Lopez Stadium,39,11,133,8,21,4
8707,8954,2026-01-06,Harper-Edwards Stadium,10,25,109,4,17,45
8708,335,2024-10-16,Fuller and Sons Stadium,68,14,182,3,3,39
8709,3685,2020-07-26,Grant Ltd Stadium,102,26,70,4,7,72
8710,3408,2021-07-26,Curtis Ltd Stadium,127,7,13,14,28,15
8711,6480,2024-10-10,"Sanchez, Allen and Peterson Stadium",69,6,55,11,18,39
8712,8329,2024-03-06,Christensen-Jones Stadium,90,22,57,10,17,30
8713,5128,2021-08-14,Rich Inc Stadium,32,6,123,13,3,39
8714,1262,2021-05-23,Smith Ltd Stadium,81,2,59,2,0,2
8715,3890,2024-06-13,Alvarez-Boyle Stadium,50,12,138,7,14,24
8716,9326,2023-06-14,"Harmon, Clark and Gonzalez Stadium",22,28,137,2,7,66
8717,4462,2023-12-20,Nichols-Duran Stadium,79,26,109,14,14,8
8718,2202,2023-08-03,Ramirez Group Stadium,40,28,10,12,24,79
8719,3249,2021-10-06,Thompson and Sons Stadium,65,15,117,8,28,60
8720,7646,2021-05-02,Webb Ltd Stadium,103,17,43,12,7,22
8721,7267,2020-04-23,Knight and Sons Stadium,37,14,23,14,28,47
8722,7419,2025-02-05,"Wright, Moon and Christian Stadium",139,6,167,0,12,15
8723,889,2022-06-16,Joseph Ltd Stadium,120,24,84,0,14,31
8724,617,2024-02-25,Thompson-Lawrence Stadium,131,1,64,1,12,49
8725,8389,2025-08-21,Adams LLC Stadium,53,30,3,8,18,50
8726,1047,2021-04-03,Smith-Lewis Stadium,86,5,22,10,17,8
8727,7749,2020-04-11,Fox Group Stadium,34,30,116,9,18,70
8728,4978,2020-12-14,Mueller Group Stadium,-2,5,9,1,17,22
8729,479,2024-04-29,Burke-Gutierrez Stadium,-4,21,130,3,14,24
8730,8381,2025-08-07,Stevens-Osborn Stadium,18,6,189,14,24,50
8731,6978,2025-01-22,Schmidt and Sons Stadium,22,6,24,4,6,67
8732,4449,2023-01-08,Hodges Group Stadium,20,3,142,2,17,59
8733,9256,2023-07-02,Wilkinson-Rogers Stadium,90,15,116,13,17,25
8734,8794,2026-03-11,Guerra Ltd Stadium,53,18,120,14,21,54
8735,810,2021-05-03,Miller-Hall Stadium,106,29,197,5,0,24
8736,9624,2022-01-08,Moore and Sons Stadium,127,22,142,6,7,40
8737,5006,2021-09-08,"Bryan, Knight and Hill Stadium",12,26,53,7,0,46
8738,2516,2020-11-08,Mcneil-Wilson Stadium,23,27,64,13,28,71
8739,8148,2022-06-08,Jacobson-Frost Stadium,71,3,64,8,0,73
8740,9167,2025-07-15,"Gibson, Brown and Watson Stadium",32,19,61,9,0,65
8741,7866,2024-09-29,"Lynch, Walters and Wheeler Stadium",96,2,101,2,0,44
8742,6589,2020-10-16,"Brown, Rivas and Baker Stadium",95,0,150,8,24,5
8743,2773,2020-04-21,Cummings-Rivera Stadium,0,16,30,10,14,61
8744,2202,2023-06-09,"White, Garcia and Young Stadium",105,20,159,12,3,51
8745,4654,2023-06-22,Johns Inc Stadium,66,20,5,7,21,58
8746,2178,2021-04-24,Clark-Miller Stadium,68,21,52,1,3,16
8747,5719,2020-09-15,"Oliver, Parker and Patrick Stadium",71,26,141,5,14,29
8748,2503,2020-01-14,Wood-Smith Stadium,105,15,124,15,6,70
8749,3260,2022-10-18,"Lewis, Tyler and Barrett Stadium",-4,17,42,0,18,46
8750,7242,2020-08-12,Petersen-Walter Stadium,38,18,0,0,28,56
8751,444,2025-11-06,Sutton-Miller Stadium,136,2,174,9,3,77
8752,4415,2022-11-05,Pugh-Hunter Stadium,53,1,94,1,3,74
8753,7938,2024-09-04,"Wood, Morrison and Parker Stadium",133,29,55,3,6,78
8754,9270,2020-03-27,"Simmons, Lee and Smith Stadium",29,14,64,7,12,3
8755,2810,2021-03-14,"Page, Jenkins and Romero Stadium",1,21,95,11,6,58
8756,5460,2020-04-27,Jones-Brandt Stadium,91,9,124,12,24,78
8757,5783,2025-02-14,Raymond-Baker Stadium,34,13,173,11,24,35
8758,2345,2022-06-22,Ellis Ltd Stadium,98,10,127,15,3,25
8759,5636,2021-08-14,"Clark, Knapp and Wong Stadium",14,11,189,3,12,10
8760,8533,2022-03-24,Owen-James Stadium,90,21,88,4,28,72
8761,8120,2023-11-24,Long Ltd Stadium,91,12,143,12,21,50
8762,616,2026-01-31,"Dyer, Reynolds and Moore Stadium",107,26,36,3,28,24
8763,4656,2020-11-16,"Rojas, Mcdonald and Lawrence Stadium",143,14,48,9,3,26
8764,7786,2022-08-25,"Sanchez, Smith and Jackson Stadium",-5,3,105,7,24,13
8765,8796,2023-04-30,"Garcia, Stone and Jackson Stadium",112,28,89,14,6,43
8766,7900,2024-05-08,Andrews-Villa Stadium,29,4,60,12,24,78
8767,9972,2022-07-27,Reed-Kelly Stadium,22,9,61,5,18,11
8768,3435,2023-05-21,Harris Inc Stadium,10,19,104,2,3,6
8769,5158,2022-05-14,"Collins, Walter and Cook Stadium",68,30,160,1,7,71
8770,1017,2022-01-13,"Jensen, White and Gentry Stadium",95,29,22,12,14,64
8771,3946,2026-02-01,Alvarez and Sons Stadium,118,11,172,8,12,3
8772,1276,2020-09-16,"Gilbert, Fowler and Randall Stadium",91,29,17,0,6,56
8773,4381,2021-05-14,Knight-Hall Stadium,-4,24,111,9,7,35
8774,4139,2025-08-26,Meyer-Perkins Stadium,94,12,93,12,7,10
8775,152,2025-11-12,Newman Group Stadium,14,17,59,12,14,4
8776,3809,2020-10-13,Perez Ltd Stadium,84,22,65,11,6,1
8777,2644,2026-02-23,Mills PLC Stadium,88,2,70,15,0,8
8778,1615,2024-09-27,Robinson-Gonzalez Stadium,133,12,105,7,21,45
8779,266,2026-01-23,Rubio-Mann Stadium,131,23,176,10,18,21
8780,1998,2024-06-19,Eaton Ltd Stadium,5,3,71,4,0,53
8781,5938,2021-01-15,"Warren, Crawford and Kelley Stadium",5,8,128,14,28,43
8782,2208,2023-12-06,Kim-Scott Stadium,110,6,198,14,6,5
8783,2477,2023-02-12,Leon PLC Stadium,122,17,162,5,0,34
8784,8605,2021-03-05,"Lin, Clark and Williams Stadium",98,29,22,12,12,25
8785,2183,2025-06-19,Atkins-Hall Stadium,79,26,200,10,28,57
8786,4683,2025-09-15,Clark-Blake Stadium,104,27,25,15,6,50
8787,5066,2023-02-27,Snyder-Gonzalez Stadium,18,29,168,15,12,67
8788,7739,2023-04-11,Williams-Gonzales Stadium,105,30,58,8,24,77
8789,5658,2021-08-17,Roberts-Holloway Stadium,72,9,55,11,28,31
8790,3694,2023-02-21,Neal-Martinez Stadium,41,11,179,4,3,60
8791,7535,2024-12-28,"Smith, Williams and Norton Stadium",96,12,0,0,21,29
8792,9434,2022-04-18,"Hill, Hernandez and Gibson Stadium",-5,8,123,15,3,34
8793,6557,2022-10-08,Bauer and Sons Stadium,106,8,35,6,12,22
8794,1952,2022-07-29,Smith and Sons Stadium,45,30,123,3,28,15
8795,6754,2022-04-12,Stephenson-Mitchell Stadium,36,17,128,12,7,29
8796,3164,2023-03-17,"Mcfarland, Conley and Murphy Stadium",43,28,92,9,14,41
8797,1790,2024-05-28,Peters PLC Stadium,55,13,149,2,6,54
8798,9721,2024-04-22,Ashley-Stephens Stadium,143,25,85,5,28,70
8799,3402,2021-06-27,Andrews-Herring Stadium,134,15,159,9,28,79
8800,4027,2024-01-31,Reyes-Kelly Stadium,95,4,132,6,18,43
8801,4858,2024-03-04,Nixon Inc Stadium,140,29,23,4,14,75
8802,6699,2025-11-01,"Byrd, Cross and Dyer Stadium",109,27,85,9,6,42
8803,6132,2025-05-08,Williams-Wilkinson Stadium,46,6,185,8,0,46
8804,5973,2024-09-15,"Miller, Williams and Love Stadium",136,30,41,13,12,6
8805,2647,2023-05-18,"Ford, Avila and Collins Stadium",75,26,168,5,14,41
8806,8062,2024-09-20,Price-Owens Stadium,63,1,102,3,3,6
8807,2875,2024-05-25,Acosta LLC Stadium,14,1,113,2,21,67
8808,958,2024-04-03,Moore-Pierce Stadium,136,0,68,0,3,11
8809,4860,2022-12-08,Reyes and Sons Stadium,24,0,52,7,28,23
8810,127,2026-02-01,Dunlap Inc Stadium,116,17,83,11,14,21
8811,5551,2021-08-01,Moore-Flores Stadium,94,25,177,15,0,47
8812,1727,2024-12-06,Kelly-Ryan Stadium,40,19,147,0,18,45
8813,9733,2020-09-19,Brewer PLC Stadium,102,4,162,5,28,76
8814,6247,2025-08-05,Cervantes-Rowland Stadium,12,30,147,13,21,78
8815,5274,2025-04-08,Warren-Garcia Stadium,135,11,55,12,7,39
8816,9873,2025-11-06,Rangel LLC Stadium,141,6,82,14,14,32
8817,4208,2024-05-22,"Green, Long and Greene Stadium",105,23,15,6,6,41
8818,8253,2021-04-01,Rosales Inc Stadium,117,24,178,13,14,24
8819,5456,2024-08-10,Johnson-Parker Stadium,125,28,176,1,24,23
8820,7502,2023-07-05,"Baker, Anderson and Roy Stadium",147,11,107,0,28,32
8821,3003,2023-01-25,Flores-Miller Stadium,95,10,17,0,28,50
8822,1075,2024-12-17,"Becker, Nunez and Benjamin Stadium",56,12,40,15,3,7
8823,283,2023-11-01,Silva PLC Stadium,82,22,188,1,14,47
8824,7169,2022-09-17,Nichols-Butler Stadium,31,16,138,7,17,64
8825,4526,2024-11-04,"Ray, Lamb and Newman Stadium",125,8,111,8,28,52
8826,6668,2022-04-29,"Mitchell, Fitzgerald and Daniels Stadium",53,29,153,12,17,30
8827,5338,2025-01-29,Miller-Francis Stadium,74,24,49,6,6,16
8828,3405,2024-05-06,Preston Group Stadium,76,12,151,12,17,31
8829,4625,2022-07-21,Davidson-Hawkins Stadium,44,10,180,4,12,56
8830,4431,2020-12-27,Ray-Benitez Stadium,99,24,87,0,28,62
8831,1431,2022-04-13,Arnold-Mcconnell Stadium,88,28,106,8,0,42
8832,9039,2022-05-17,"Campbell, Delacruz and James Stadium",93,28,56,11,17,26
8833,5530,2020-07-03,Li Group Stadium,131,3,52,13,12,15
8834,8416,2023-03-16,Hines-King Stadium,128,9,4,13,14,71
8835,3620,2025-06-12,"Mathis, Rivera and Johnson Stadium",51,7,53,12,7,72
8836,1697,2022-02-11,"Thompson, Reed and Santos Stadium",132,8,120,1,12,34
8837,8121,2021-02-01,Munoz-Hanson Stadium,113,28,120,15,24,42
8838,111,2022-05-12,"Patterson, Blair and Gordon Stadium",146,11,127,7,6,34
8839,5244,2022-04-19,Black LLC Stadium,34,11,196,7,24,31
8840,2792,2024-05-17,Gonzalez-Wilson Stadium,84,15,188,13,14,78
8841,3436,2021-05-07,Singh-Murillo Stadium,11,9,104,2,17,6
8842,740,2022-04-16,Hopkins PLC Stadium,0,28,45,0,6,57
8843,9801,2022-04-08,Hall Group Stadium,49,10,179,4,7,46
8844,7343,2022-01-23,Kerr LLC Stadium,122,24,142,2,6,29
8845,7546,2024-08-18,Pugh-Bautista Stadium,65,11,9,13,0,63
8846,7275,2025-11-18,"Coleman, Gray and Obrien Stadium",50,7,14,7,7,38
8847,7570,2025-09-04,"Hull, Lopez and Castaneda Stadium",54,30,176,10,3,11
8848,9383,2020-03-06,Romero LLC Stadium,1,0,78,2,0,4
8849,5880,2023-07-28,Rose PLC Stadium,96,29,187,2,3,28
8850,8533,2025-01-20,"Walls, Gould and Tate Stadium",113,5,188,5,28,28
8851,8603,2021-07-21,Crane Group Stadium,141,6,96,5,12,30
8852,8657,2020-02-17,Lucero-Martinez Stadium,33,13,115,14,28,20
8853,485,2023-11-25,Holmes-Santos Stadium,73,14,189,1,17,30
8854,755,2020-12-22,Harris Inc Stadium,138,19,39,9,3,75
8855,5480,2022-08-25,"Stephenson, Johnston and Baldwin Stadium",110,12,11,0,17,17
8856,3347,2025-06-25,"Chandler, Ellis and Martinez Stadium",88,2,58,2,21,54
8857,9141,2023-12-21,Jones and Sons Stadium,55,13,22,4,24,15
8858,1505,2023-05-15,"Carter, Richardson and Thompson Stadium",68,9,95,9,18,8
8859,5577,2021-12-20,Howard PLC Stadium,13,7,10,15,28,3
8860,3527,2022-10-23,Martinez Ltd Stadium,59,18,101,13,6,62
8861,9549,2023-06-28,Weaver and Sons Stadium,0,1,13,14,21,46
8862,8616,2023-07-21,Harris Inc Stadium,33,28,117,6,17,29
8863,7244,2021-10-26,Johnson Inc Stadium,62,3,159,0,28,49
8864,9242,2021-04-24,Hill Inc Stadium,147,21,33,14,3,73
8865,8068,2024-04-04,"Rivas, Anthony and Chan Stadium",108,24,140,2,7,33
8866,1675,2025-07-01,"Smith, Vaughn and Horn Stadium",32,27,36,10,12,61
8867,5826,2020-06-04,Santana-Mcconnell Stadium,60,0,180,15,17,71
8868,2685,2022-09-08,Morrison-Mcmahon Stadium,13,24,45,5,12,68
8869,4682,2020-08-31,"Roberts, Morrison and Hale Stadium",85,16,63,3,0,58
8870,189,2021-06-19,"Lee, Young and Singh Stadium",1,18,124,12,0,17
8871,3411,2023-08-15,"Hogan, Schultz and Strickland Stadium",16,27,18,0,18,37
8872,6656,2024-01-01,Avila Inc Stadium,111,25,111,5,12,40
8873,8647,2020-06-08,Hawkins Ltd Stadium,16,0,153,4,3,30
8874,2242,2021-01-19,Peterson and Sons Stadium,127,15,112,13,6,25
8875,9583,2022-05-18,"King, Wilson and Stevens Stadium",43,10,88,11,17,26
8876,5191,2020-08-12,"Johnson, Paul and Martin Stadium",47,24,121,14,21,57
8877,8513,2023-10-10,Baxter Ltd Stadium,48,14,86,15,0,31
8878,7277,2021-09-22,Martinez Inc Stadium,75,23,181,11,17,14
8879,7544,2021-08-19,Parker Inc Stadium,-4,6,161,9,7,33
8880,5295,2023-07-03,"Turner, Rich and Andrews Stadium",125,14,179,12,17,14
8881,668,2020-01-05,Johnson-Gonzalez Stadium,88,0,0,14,18,4
8882,2888,2020-08-18,"Ferguson, Ford and Thompson Stadium",149,22,74,11,18,2
8883,8075,2020-09-06,Haas Ltd Stadium,74,3,93,3,0,21
8884,7788,2023-12-15,Wilson and Sons Stadium,95,29,184,5,6,32
8885,5003,2024-12-13,Wade Inc Stadium,147,20,23,0,12,78
8886,9323,2023-11-07,Johnson LLC Stadium,127,0,184,11,6,3
8887,2504,2024-08-11,"Baker, Lewis and Rodriguez Stadium",27,17,141,5,12,43
8888,9400,2022-09-22,Wells-Whitehead Stadium,31,12,151,1,7,75
8889,5651,2021-02-27,Graves and Sons Stadium,40,30,87,1,3,25
8890,7511,2023-11-08,Hughes Inc Stadium,147,27,48,14,28,22
8891,7424,2023-12-12,Jones PLC Stadium,66,17,21,7,14,31
8892,2849,2020-09-18,"Ortiz, Sullivan and Rodriguez Stadium",55,12,171,14,3,53
8893,9445,2024-02-05,Collins LLC Stadium,69,24,142,5,0,1
8894,4113,2026-04-26,"Mccoy, Ortiz and Davenport Stadium",0,2,85,9,21,66
8895,4132,2024-05-17,"Brown, Myers and Cabrera Stadium",125,4,127,7,3,58
8896,1008,2023-08-26,Tran and Sons Stadium,125,8,124,11,0,80
8897,9493,2023-01-09,Cain-Davis Stadium,119,22,79,6,18,35
8898,2445,2022-08-20,Harris PLC Stadium,8,8,117,4,18,79
8899,589,2024-03-20,Daniels PLC Stadium,106,20,14,1,7,56
8900,3017,2024-04-29,Graves Inc Stadium,43,7,113,6,14,48
8901,8428,2025-08-14,"Rasmussen, Allison and Nichols Stadium",110,2,1,4,28,67
8902,5394,2020-07-23,Randolph-Stone Stadium,106,23,146,5,6,19
8903,1684,2025-03-01,Nelson-Jennings Stadium,64,10,87,11,28,44
8904,3308,2025-08-09,"Cross, Smith and Williams Stadium",58,16,102,5,3,76
8905,130,2021-07-25,Villa PLC Stadium,98,9,21,5,24,41
8906,6474,2021-01-27,Ross-Sanchez Stadium,45,9,198,10,14,18
8907,3335,2022-10-24,Shaw Inc Stadium,-2,28,8,12,18,44
8908,102,2023-03-22,Vargas Group Stadium,101,1,30,10,21,51
8909,7240,2020-12-14,Mcdonald-Ortiz Stadium,110,5,56,1,14,78
8910,3521,2023-07-05,"Dixon, Chan and Bradley Stadium",48,26,81,11,14,52
8911,5788,2023-05-06,"Ware, Morris and Santos Stadium",107,21,64,12,7,40
8912,4486,2024-01-25,"Reynolds, White and Thompson Stadium",68,21,6,1,0,79
8913,7624,2025-09-16,Anderson-Roman Stadium,132,18,152,5,18,65
8914,6375,2022-03-11,Frank and Sons Stadium,29,27,184,12,6,7
8915,9234,2026-03-08,"Vaughn, Sanchez and Jones Stadium",83,13,93,6,12,71
8916,830,2023-06-28,Morales PLC Stadium,110,22,22,6,14,7
8917,256,2025-08-10,Cook and Sons Stadium,130,19,89,2,21,18
8918,9248,2022-10-22,Wilkins and Sons Stadium,45,17,178,10,17,75
8919,3259,2020-04-30,"Blevins, Webb and Mahoney Stadium",123,29,47,6,7,64
8920,7731,2022-03-05,Harris-Robertson Stadium,150,6,34,14,3,16
8921,5609,2025-07-22,Calderon and Sons Stadium,9,16,2,15,14,49
8922,5516,2020-09-16,James-Hooper Stadium,-5,26,80,9,14,55
8923,3814,2025-03-25,Harmon-Johnson Stadium,56,17,19,6,14,66
8924,401,2020-12-13,Carrillo LLC Stadium,0,19,152,12,0,32
8925,2688,2020-02-28,Newton Inc Stadium,133,22,100,12,18,61
8926,4609,2020-05-05,"Franklin, Diaz and Webb Stadium",88,28,119,13,3,50
8927,586,2020-05-27,Lopez-Vargas Stadium,22,12,73,2,0,16
8928,4159,2021-01-21,"Little, Ford and Porter Stadium",115,9,55,5,3,14
8929,6420,2021-08-25,"Miller, Wright and Curtis Stadium",100,11,33,6,7,28
8930,3017,2024-05-29,Thompson-White Stadium,132,18,133,11,3,73
8931,5558,2025-04-28,"Elliott, Todd and Valdez Stadium",-1,16,120,15,14,40
8932,723,2025-10-08,"Garcia, Brown and Davis Stadium",6,15,142,15,21,51
8933,9581,2020-09-22,Barker Group Stadium,7,4,72,7,24,9
8934,5941,2024-07-03,"Miller, Garcia and Murphy Stadium",124,4,88,12,6,10
8935,2398,2022-06-09,Garcia-Ochoa Stadium,135,7,177,7,17,26
8936,7358,2023-08-30,Nash LLC Stadium,129,8,145,12,12,22
8937,3416,2021-06-07,Zuniga Inc Stadium,49,20,61,3,12,3
8938,2996,2024-01-09,"Baldwin, Castillo and Henderson Stadium",33,13,16,7,0,18
8939,6107,2026-04-17,"Clarke, Oneill and Ford Stadium",123,17,81,9,24,63
8940,5542,2026-04-13,Brown-Dennis Stadium,106,5,48,10,21,2
8941,1861,2023-09-05,Taylor and Sons Stadium,112,8,27,3,6,71
8942,3395,2024-08-12,Graham-Myers Stadium,133,10,14,13,0,72
8943,7797,2021-08-04,"Davis, Harris and Simmons Stadium",25,25,116,6,0,39
8944,5399,2022-08-01,Gallegos-Baker Stadium,88,9,143,0,17,38
8945,8471,2020-02-02,Bishop PLC Stadium,7,8,0,7,28,6
8946,2917,2024-05-23,Bailey Inc Stadium,105,3,83,4,28,65
8947,5895,2021-03-05,Miller-Thomas Stadium,33,3,12,6,28,73
8948,8338,2023-10-25,Leblanc LLC Stadium,77,24,47,5,7,51
8949,5728,2023-01-15,Mendoza-Duffy Stadium,142,4,91,10,28,15
8950,6124,2024-06-12,Kelley-Jones Stadium,95,8,151,2,24,50
8951,9238,2024-01-06,Juarez-Green Stadium,38,7,85,10,24,6
8952,1140,2021-03-26,Walker LLC Stadium,141,28,25,3,17,21
8953,9755,2025-02-05,Buckley Inc Stadium,132,12,27,10,17,65
8954,2055,2024-09-14,"Arias, Kennedy and Washington Stadium",60,30,188,1,21,53
8955,4953,2022-09-28,"Mitchell, Kane and Sanders Stadium",22,8,106,4,12,17
8956,638,2026-01-17,Jones Group Stadium,146,9,95,7,17,52
8957,2025,2022-08-26,Grant-White Stadium,83,0,126,7,14,30
8958,2487,2023-06-21,Reeves-Bender Stadium,69,13,131,5,18,1
8959,3330,2021-01-14,Alexander-Cherry Stadium,50,30,69,12,12,1
8960,8139,2025-04-11,"Medina, Buchanan and Molina Stadium",43,10,61,12,12,26
8961,8522,2025-03-27,Gomez-Murphy Stadium,34,24,167,5,12,30
8962,7106,2025-07-12,Jones PLC Stadium,134,14,37,8,24,16
8963,9820,2024-05-27,"Washington, White and Ball Stadium",125,10,76,2,28,8
8964,7873,2023-10-20,"Elliott, Simmons and Marshall Stadium",43,13,65,8,3,15
8965,185,2020-08-24,"Wright, Wagner and Mcdaniel Stadium",20,1,83,12,14,26
8966,8178,2021-03-06,Ramos Inc Stadium,104,21,200,2,24,30
8967,6443,2023-02-23,Montes-Black Stadium,103,25,179,4,21,60
8968,7795,2022-03-15,"Thompson, Jackson and Coleman Stadium",57,12,78,1,18,72
8969,8605,2022-02-01,Erickson Inc Stadium,122,17,93,5,17,78
8970,139,2024-06-09,Walsh-Gray Stadium,80,12,99,2,21,75
8971,3955,2022-05-13,White Ltd Stadium,94,17,45,6,12,15
8972,4647,2023-04-06,"Smith, Marsh and Murillo Stadium",107,14,34,1,24,59
8973,5277,2021-11-15,Nelson and Sons Stadium,95,15,179,9,21,20
8974,1271,2024-09-02,Bowers Ltd Stadium,70,2,61,11,7,7
8975,9032,2024-07-21,"Patel, Smith and Davis Stadium",22,4,120,13,18,59
8976,225,2023-10-12,"Thompson, Clark and Johnson Stadium",128,15,45,0,24,51
8977,91,2022-10-21,Jones Ltd Stadium,39,7,189,12,24,59
8978,2049,2024-01-29,Espinoza-Waller Stadium,25,1,122,4,0,10
8979,9842,2021-08-03,"Sims, Acosta and Short Stadium",85,17,120,2,17,42
8980,4389,2023-06-14,Dalton and Sons Stadium,-1,25,115,5,6,71
8981,2568,2025-09-28,Johnson-Peterson Stadium,36,22,84,14,14,13
8982,6434,2024-12-29,Riddle-Nguyen Stadium,141,0,12,9,0,50
8983,9465,2023-10-01,Jackson-Carpenter Stadium,52,6,4,6,14,65
8984,1410,2020-10-30,Deleon LLC Stadium,50,7,73,13,0,77
8985,3153,2025-05-07,"Morris, Bailey and Wright Stadium",54,15,32,4,18,40
8986,1214,2024-05-05,Wallace PLC Stadium,37,1,3,10,0,10
8987,515,2020-02-06,Melton Inc Stadium,0,21,197,14,28,50
8988,580,2021-02-28,Gomez-Harris Stadium,49,7,94,9,21,66
8989,6862,2024-09-12,Murphy LLC Stadium,144,28,85,15,24,59
8990,8611,2025-03-04,Keith Inc Stadium,24,3,84,9,24,80
8991,8814,2023-03-15,Wong-Palmer Stadium,104,13,14,8,6,54
8992,2730,2020-07-15,Anderson-Black Stadium,140,20,65,2,21,51
8993,1590,2025-06-28,Weaver Ltd Stadium,18,10,138,7,17,21
8994,9911,2021-12-14,"Sutton, Williams and Short Stadium",94,22,115,2,0,32
8995,5840,2023-10-01,Sims PLC Stadium,110,6,9,4,28,75
8996,3481,2020-08-04,Allison and Sons Stadium,101,0,74,2,3,51
8997,2954,2020-08-16,Shelton-Aguirre Stadium,16,7,57,0,28,46
8998,2219,2024-05-22,"Thompson, Moses and Mitchell Stadium",147,13,180,1,18,12
8999,8123,2024-03-14,Charles and Sons Stadium,77,5,100,3,17,62
9000,1282,2025-06-21,Contreras Group Stadium,122,23,182,13,17,35
9001,7203,2020-02-18,"Medina, Lutz and Reed Stadium",86,28,89,5,18,26
9002,6260,2025-12-28,"Robertson, Burton and Shannon Stadium",47,19,169,15,6,18
9003,5150,2024-09-13,"Williams, Wise and Bradley Stadium",33,20,4,3,21,24
9004,141,2023-04-26,"Nelson, Thomas and Hunt Stadium",111,8,25,8,0,79
9005,7881,2024-10-20,Jacobson-Rodriguez Stadium,81,28,24,7,12,20
9006,7231,2021-04-07,Griffin-Sullivan Stadium,-2,6,42,6,0,38
9007,4862,2024-04-26,"Johnson, Simmons and Burns Stadium",40,27,126,1,6,78
9008,7656,2021-04-16,"Bailey, Fischer and Cochran Stadium",4,6,192,13,7,30
9009,1330,2023-04-24,"Mcdowell, Riley and Barker Stadium",-2,5,100,5,21,44
9010,5932,2023-11-26,Sanchez Ltd Stadium,-4,19,167,7,24,60
9011,4041,2022-01-12,"Griffin, Owens and Castro Stadium",54,16,131,8,18,1
9012,6276,2025-05-01,"Silva, Adams and Miller Stadium",53,9,144,13,7,40
9013,1919,2021-07-17,Smith-Rhodes Stadium,86,13,147,7,6,32
9014,1633,2024-06-24,Kelly and Sons Stadium,44,4,173,10,24,27
9015,7815,2024-08-12,"Wise, Bowers and Klein Stadium",131,18,166,7,0,74
9016,5771,2022-04-10,Smith Ltd Stadium,118,23,114,4,24,47
9017,9609,2021-03-30,Bell LLC Stadium,38,9,80,15,14,37
9018,3909,2025-05-19,Finley-Brown Stadium,106,19,53,7,7,32
9019,937,2024-12-09,"Ellis, Morrow and Smith Stadium",60,23,10,14,6,73
9020,8791,2025-05-21,Rosales and Sons Stadium,148,15,79,4,17,26
9021,9779,2023-11-07,"Watson, Abbott and Turner Stadium",6,23,180,15,0,46
9022,50,2022-10-30,"Ross, Burgess and Wilson Stadium",30,17,73,2,28,71
9023,7337,2024-04-23,Lopez LLC Stadium,51,1,65,14,28,4
9024,4671,2020-08-31,"Shepherd, Terry and Vasquez Stadium",79,27,77,5,28,43
9025,7843,2023-10-03,Reed Group Stadium,141,23,170,3,7,55
9026,7253,2023-11-04,Dudley Ltd Stadium,83,15,18,1,7,42
9027,8651,2023-10-27,"Wang, Stokes and Duncan Stadium",117,1,168,8,24,49
9028,4079,2022-05-25,Powell LLC Stadium,128,21,30,5,6,28
9029,1248,2022-12-18,"Mitchell, Mendez and Trevino Stadium",147,9,9,3,6,12
9030,681,2020-06-04,Petersen PLC Stadium,22,15,78,10,6,25
9031,5998,2025-06-12,"Johnson, Garcia and Cruz Stadium",17,13,17,2,12,11
9032,293,2026-03-05,Nguyen-Matthews Stadium,8,7,90,7,17,59
9033,5555,2021-01-02,"Mercer, Adams and Chapman Stadium",101,22,193,5,12,64
9034,7410,2021-08-06,"Mccormick, Salas and Bryan Stadium",19,28,96,11,24,48
9035,8099,2021-04-24,"Roberts, Campbell and Brown Stadium",24,16,81,2,14,51
9036,4074,2022-08-12,"Clark, Carlson and Fisher Stadium",89,23,106,4,17,18
9037,7368,2025-09-30,Moreno Ltd Stadium,79,26,85,10,0,42
9038,2426,2023-11-28,Tapia PLC Stadium,25,11,74,12,14,75
9039,1073,2024-09-08,"Ryan, Thomas and Lee Stadium",66,3,79,11,7,69
9040,5072,2020-06-27,"Wilson, Castro and Williams Stadium",102,10,92,3,18,25
9041,8695,2020-10-23,"Hill, Clark and Phillips Stadium",106,24,57,13,3,26
9042,1101,2021-09-26,Tate and Sons Stadium,132,30,155,11,21,70
9043,7488,2023-05-17,"Harris, Moyer and Bell Stadium",78,8,2,12,28,77
9044,994,2023-06-23,Gilbert LLC Stadium,13,8,29,15,0,52
9045,685,2025-07-14,Garrison Inc Stadium,2,16,136,13,17,34
9046,834,2023-06-20,Davis PLC Stadium,86,1,52,13,3,15
9047,7825,2024-02-02,"Mcmillan, Frazier and Gonzalez Stadium",112,27,36,4,14,44
9048,5233,2024-10-16,"Harper, Floyd and Gibson Stadium",23,18,85,13,21,5
9049,2990,2024-12-04,Morrison LLC Stadium,69,4,59,14,24,50
9050,733,2020-07-26,Sharp-Goodman Stadium,26,18,75,3,17,22
9051,1944,2022-07-19,Savage and Sons Stadium,25,27,196,12,17,66
9052,6147,2025-10-08,Carroll-Sampson Stadium,106,18,177,1,21,23
9053,3094,2026-01-02,"Campbell, Hurst and Washington Stadium",148,9,45,1,14,37
9054,7538,2023-01-14,Shields-Peters Stadium,56,13,65,14,6,1
9055,6044,2022-02-02,Petersen Inc Stadium,19,7,92,8,3,9
9056,7983,2024-09-10,Whitney-Montoya Stadium,131,9,166,7,14,34
9057,4031,2020-09-28,Arnold-Reyes Stadium,31,5,138,11,24,79
9058,8121,2021-04-29,Lee PLC Stadium,106,13,23,4,28,9
9059,5577,2024-07-06,Webster-Torres Stadium,43,19,91,7,7,9
9060,1978,2025-01-07,Schmidt-Deleon Stadium,149,4,85,4,6,55
9061,9617,2023-05-25,"Cook, Lynch and Hawkins Stadium",17,29,33,10,7,29
9062,1433,2024-07-12,Hernandez-Ramirez Stadium,117,29,165,7,24,62
9063,2653,2021-05-05,"Bailey, Adams and Saunders Stadium",94,6,10,2,0,79
9064,2502,2023-01-10,Tate-Choi Stadium,2,12,29,13,14,53
9065,9527,2024-10-01,"Sullivan, Rodriguez and Shah Stadium",-5,20,93,2,12,60
9066,3141,2021-09-10,Hernandez and Sons Stadium,106,4,173,1,14,1
9067,4877,2023-02-23,Robertson Ltd Stadium,141,13,109,13,28,11
9068,6078,2026-02-10,Lowery-Richards Stadium,141,5,19,15,18,17
9069,4910,2022-12-27,Smith-Donaldson Stadium,1,3,17,1,21,62
9070,7679,2020-02-10,Brown LLC Stadium,120,1,190,10,14,79
9071,3548,2021-10-09,Patton Inc Stadium,7,23,198,9,24,43
9072,6823,2024-01-20,Miles and Sons Stadium,129,19,42,2,18,40
9073,5775,2023-08-02,Pittman-Ballard Stadium,24,3,35,10,6,26
9074,4675,2021-12-02,Lawson Ltd Stadium,84,5,149,1,28,22
9075,2362,2020-07-26,Harrison-Fitzgerald Stadium,34,25,119,0,12,32
9076,3984,2024-03-04,"Dorsey, Lopez and Hogan Stadium",14,11,123,0,18,75
9077,2187,2024-12-08,Mercado Inc Stadium,0,29,123,1,0,77
9078,9175,2025-09-05,"Osborn, Dillon and Schneider Stadium",22,0,109,9,7,79
9079,7561,2020-02-02,Green-Jones Stadium,120,15,100,1,7,53
9080,8658,2024-02-05,Williams-Watkins Stadium,28,18,11,2,14,37
9081,2228,2022-04-14,"Nguyen, Rodriguez and Larson Stadium",51,20,165,7,12,1
9082,8646,2025-10-18,"Alvarez, Dixon and Rodriguez Stadium",63,12,164,14,6,21
9083,9152,2023-09-17,Farley-Humphrey Stadium,38,29,114,14,3,60
9084,6540,2025-10-02,Thompson and Sons Stadium,13,5,67,13,24,43
9085,5690,2025-12-07,"Strickland, Khan and Navarro Stadium",21,0,80,12,14,69
9086,6742,2021-08-18,Ritter PLC Stadium,29,15,159,2,18,2
9087,7458,2023-08-25,Henderson Inc Stadium,128,8,42,7,24,78
9088,9548,2022-09-26,Calhoun Ltd Stadium,-2,1,60,10,28,36
9089,7471,2026-02-10,Harris Inc Stadium,48,26,101,11,17,25
9090,6959,2020-07-21,Moore-Johnson Stadium,121,9,127,13,6,60
9091,2207,2021-04-08,Wu-Henderson Stadium,38,5,82,3,7,72
9092,2123,2020-03-07,Flores Inc Stadium,112,1,195,10,28,28
9093,9876,2024-09-20,Hubbard Group Stadium,29,24,195,13,7,15
9094,2444,2022-10-27,"Hodge, Anderson and Johnson Stadium",113,1,6,5,21,49
9095,18,2022-07-21,Flowers LLC Stadium,87,24,105,0,28,37
9096,7156,2024-02-22,"Mullins, Nicholson and Young Stadium",45,16,95,14,3,44
9097,6848,2020-08-16,"Vazquez, Espinoza and Arnold Stadium",66,13,92,15,6,28
9098,7011,2021-02-13,"Wilson, Olsen and Mcdaniel Stadium",106,27,151,8,6,51
9099,1542,2020-10-30,"Sparks, Collins and Wood Stadium",117,1,14,1,28,79
9100,1704,2020-04-27,Cruz Group Stadium,49,5,118,8,3,24
9101,8082,2023-11-08,"Powell, Beltran and Diaz Stadium",34,22,2,2,21,65
9102,199,2025-07-15,"Morgan, Thomas and Roman Stadium",8,21,0,2,6,64
9103,7243,2022-12-28,Neal LLC Stadium,41,9,51,1,14,32
9104,2346,2024-12-06,Martin PLC Stadium,4,24,90,9,17,22
9105,5029,2023-06-15,Anderson-Blackwell Stadium,116,9,77,14,17,46
9106,9816,2020-12-23,Daugherty-Peters Stadium,74,27,60,10,3,62
9107,6963,2021-12-01,"Chambers, Carroll and Harris Stadium",126,22,189,7,12,12
9108,5141,2021-01-13,Andrews-Cook Stadium,131,23,126,9,0,77
9109,3757,2022-11-22,Gutierrez LLC Stadium,127,7,150,5,28,49
9110,8144,2021-11-22,Schroeder-Downs Stadium,90,11,119,14,21,54
9111,2289,2022-02-26,Nguyen and Sons Stadium,79,13,43,13,28,54
9112,5005,2021-10-26,Garcia-Welch Stadium,108,25,128,1,24,57
9113,7777,2025-09-05,Richardson-Mejia Stadium,16,26,11,3,21,73
9114,6267,2021-07-01,"Ward, Martinez and Lewis Stadium",5,19,90,7,7,28
9115,6426,2022-03-25,Sutton Ltd Stadium,67,7,104,14,14,21
9116,8171,2023-01-31,Garcia Ltd Stadium,53,0,61,8,14,74
9117,8228,2023-09-24,Little-Reed Stadium,75,19,35,13,12,9
9118,2946,2023-03-22,Blackburn-Mitchell Stadium,26,18,117,1,17,60
9119,8651,2025-05-25,"Patel, Harmon and Heath Stadium",103,7,117,0,0,27
9120,6904,2023-02-05,Fry-Mckenzie Stadium,51,30,187,11,6,49
9121,7360,2020-07-27,"Olsen, Coleman and Hartman Stadium",14,8,7,6,28,38
9122,385,2024-04-29,Buchanan-Miles Stadium,18,24,63,11,7,10
9123,3119,2023-07-01,Hall Inc Stadium,63,21,77,13,18,44
9124,4196,2024-04-07,"Benton, Sanders and Johnson Stadium",13,15,151,14,0,58
9125,9246,2025-06-30,"Lewis, Hughes and Dennis Stadium",119,21,3,0,12,7
9126,963,2026-02-24,Pace-Davis Stadium,87,23,89,8,0,44
9127,4775,2024-05-15,Pacheco LLC Stadium,115,30,104,9,12,26
9128,7718,2025-08-02,Lewis-Bradford Stadium,127,18,68,3,24,49
9129,3029,2020-03-28,Harris-Hudson Stadium,79,22,51,5,18,4
9130,7914,2024-03-01,Banks PLC Stadium,92,16,86,0,21,29
9131,2839,2021-02-23,Chen LLC Stadium,57,20,78,11,14,54
9132,844,2022-12-25,Bailey Group Stadium,149,19,140,8,18,20
9133,3334,2023-10-09,Melton-Roach Stadium,144,7,44,9,17,18
9134,2820,2023-09-27,Jones PLC Stadium,118,19,105,14,14,29
9135,7527,2020-08-25,Torres Group Stadium,95,27,133,11,17,68
9136,6798,2020-06-04,Lee-Long Stadium,75,3,29,0,0,35
9137,8667,2023-03-01,Elliott-Case Stadium,39,4,36,8,17,4
9138,3930,2020-07-21,Carson and Sons Stadium,9,8,197,7,6,64
9139,3383,2021-04-02,Trujillo and Sons Stadium,20,5,127,10,18,74
9140,3887,2023-12-21,"Fletcher, Mueller and Dennis Stadium",49,8,114,4,24,21
9141,2799,2024-01-09,Price PLC Stadium,28,24,38,14,21,70
9142,8239,2026-04-09,Richards-Zuniga Stadium,102,14,161,8,14,40
9143,8028,2021-01-23,Andrews and Sons Stadium,148,19,188,2,18,75
9144,5190,2024-03-14,"Turner, Johnson and Pollard Stadium",74,12,70,5,6,51
9145,2919,2022-12-29,"Roach, Rodriguez and Ford Stadium",107,12,148,2,3,75
9146,542,2021-05-15,Kim Group Stadium,5,10,88,14,3,39
9147,3222,2023-10-18,"Daugherty, Moon and Barker Stadium",40,19,103,0,12,6
9148,4566,2021-04-13,"Thomas, Smith and Copeland Stadium",145,29,117,10,0,56
9149,8858,2022-10-03,Wright-Bailey Stadium,76,15,126,11,18,8
9150,4516,2024-05-07,"Thompson, Garcia and Hawkins Stadium",46,0,31,10,24,9
9151,2982,2022-03-24,"Blake, Sheppard and Richardson Stadium",75,16,177,8,14,20
9152,1960,2022-07-15,"Irwin, Andrade and Barajas Stadium",139,24,18,15,18,30
9153,5218,2024-11-19,Salinas-Webster Stadium,107,22,78,13,7,62
9154,2178,2022-04-11,"Phillips, Nelson and Reid Stadium",72,27,72,9,14,78
9155,799,2024-04-09,"Kirby, Peters and Burgess Stadium",18,29,136,6,6,53
9156,3354,2021-12-19,White-Jefferson Stadium,94,12,42,6,17,31
9157,4905,2020-12-28,Alvarez-Saunders Stadium,44,12,159,14,21,62
9158,4596,2021-05-08,Robinson Ltd Stadium,46,15,135,10,21,71
9159,3053,2024-09-16,Russo-Graves Stadium,2,20,148,6,12,16
9160,8553,2025-03-30,Klein Inc Stadium,135,13,54,5,17,34
9161,2230,2022-10-13,Hughes LLC Stadium,118,14,198,3,28,78
9162,9926,2025-01-05,Pineda LLC Stadium,101,20,200,10,6,61
9163,7069,2020-06-09,Harrison and Sons Stadium,33,28,70,14,14,3
9164,3220,2025-11-22,Wright-Lewis Stadium,52,8,154,7,21,35
9165,3639,2025-11-05,Hill-Fuller Stadium,129,14,59,0,14,51
9166,123,2023-01-02,Campos-Mclean Stadium,116,16,19,1,24,13
9167,807,2025-01-29,Kim-Green Stadium,118,13,119,1,0,41
9168,1264,2025-12-19,"Cordova, Allen and Bradley Stadium",107,13,139,13,3,38
9169,8172,2025-08-21,Mccoy-Summers Stadium,123,25,167,3,24,43
9170,4106,2020-10-22,Cardenas PLC Stadium,129,2,98,13,3,12
9171,7820,2023-07-22,Anderson-Nichols Stadium,148,22,162,1,3,45
9172,8292,2023-08-23,"Washington, Lee and Fox Stadium",99,5,7,9,3,75
9173,5417,2026-04-21,"Acosta, Brown and Martin Stadium",39,4,78,15,18,70
9174,57,2026-04-19,Hicks LLC Stadium,13,27,131,4,17,3
9175,3590,2024-10-17,Fox-Donovan Stadium,103,5,70,10,17,76
9176,6437,2022-08-19,Barnes-Obrien Stadium,30,11,57,7,6,40
9177,2852,2023-06-27,Pope-Freeman Stadium,67,26,24,12,3,35
9178,3627,2020-05-03,Odonnell Ltd Stadium,72,13,100,15,21,18
9179,3237,2025-01-31,Brown Inc Stadium,71,16,6,11,17,74
9180,6399,2024-06-11,"Diaz, Walker and Hodge Stadium",40,1,148,3,0,3
9181,7702,2020-06-12,Watson Group Stadium,14,13,51,5,0,53
9182,2555,2021-11-19,Pratt Group Stadium,76,20,80,1,12,24
9183,8333,2026-03-23,Maxwell PLC Stadium,81,30,52,12,17,45
9184,9352,2022-01-01,"Espinoza, Galloway and Olson Stadium",139,6,197,7,18,45
9185,205,2024-01-07,Mccarthy-Stokes Stadium,15,0,116,13,0,28
9186,7151,2024-01-01,"Baker, Bautista and Evans Stadium",35,25,78,5,14,12
9187,5362,2023-12-06,Green-Griffin Stadium,147,19,58,9,21,31
9188,1308,2021-06-12,Jordan-Rocha Stadium,141,22,114,4,17,45
9189,9071,2024-02-21,Bryan-Brooks Stadium,102,1,74,2,24,43
9190,3408,2022-01-30,Bauer and Sons Stadium,0,18,177,12,12,26
9191,165,2024-03-06,Bailey-Browning Stadium,8,4,92,4,12,20
9192,1759,2024-03-15,Miller LLC Stadium,128,0,16,9,6,64
9193,650,2024-02-20,Bell Ltd Stadium,80,11,88,9,0,67
9194,5726,2024-02-05,Hoffman Ltd Stadium,0,5,132,10,28,65
9195,5605,2020-02-19,Johnson-Orozco Stadium,148,8,90,4,18,30
9196,6314,2020-11-28,"Myers, Mendoza and Smith Stadium",74,8,54,4,17,38
9197,7377,2024-12-19,Wade Group Stadium,136,21,124,7,6,10
9198,7263,2026-03-31,Wheeler PLC Stadium,144,3,170,7,28,55
9199,1790,2020-10-27,Cunningham-Sanders Stadium,75,12,112,15,0,2
9200,218,2021-09-06,Martin and Sons Stadium,140,22,131,11,12,61
9201,9286,2021-08-24,Martin Ltd Stadium,34,12,17,10,7,33
9202,5079,2022-08-21,Lowe Inc Stadium,122,22,168,8,0,29
9203,4661,2020-09-15,"Walls, Decker and Bolton Stadium",76,9,174,4,24,32
9204,3811,2025-08-22,"Hamilton, Fernandez and Wood Stadium",-1,14,34,5,3,77
9205,8390,2025-09-29,Ramirez-Jackson Stadium,66,26,0,9,12,16
9206,6150,2021-03-28,Morris and Sons Stadium,-2,26,153,13,24,24
9207,8262,2024-12-21,"Robinson, Palmer and Cunningham Stadium",78,13,35,12,21,7
9208,1803,2024-02-20,Mitchell Inc Stadium,17,14,12,9,17,52
9209,8204,2021-02-05,Cooper and Sons Stadium,89,26,171,0,18,64
9210,5574,2024-06-18,King-Santos Stadium,119,12,76,15,18,71
9211,679,2021-03-26,Mccall-Hayes Stadium,87,22,192,4,0,47
9212,5611,2023-05-30,Martinez-Roberts Stadium,-4,30,168,12,17,10
9213,3396,2021-03-09,Murray-Walker Stadium,98,5,140,3,12,54
9214,19,2025-04-30,"Miller, Solis and Johnson Stadium",54,21,18,12,6,50
9215,2179,2021-05-25,Davis-Kirk Stadium,50,17,61,11,28,66
9216,7383,2025-09-28,Lopez Inc Stadium,4,0,59,3,14,56
9217,506,2020-11-20,"Ballard, Wilson and King Stadium",19,29,30,14,0,76
9218,1626,2025-01-10,"Hamilton, Morgan and Nguyen Stadium",95,7,53,3,14,15
9219,677,2021-12-16,Ellis-Rogers Stadium,143,27,197,6,28,43
9220,6821,2020-04-09,Holmes LLC Stadium,95,8,134,9,0,13
9221,365,2023-03-26,Butler-Lang Stadium,5,19,37,13,0,77
9222,6601,2020-03-13,Taylor PLC Stadium,19,23,140,12,7,3
9223,6294,2023-11-20,Thomas and Sons Stadium,53,29,107,8,24,74
9224,5609,2025-11-09,"Carter, Sanders and Walker Stadium",19,20,122,9,14,35
9225,9593,2020-12-13,Price-Rios Stadium,14,16,105,15,28,26
9226,6108,2021-02-22,Wade-Hall Stadium,92,0,67,13,14,62
9227,2684,2026-01-31,Conner-Howard Stadium,4,29,96,14,3,12
9228,6855,2022-10-06,Lang Group Stadium,7,13,90,12,24,53
9229,9716,2025-11-19,"Garner, Graham and Bell Stadium",22,26,19,8,17,69
9230,3385,2024-07-29,"Clark, Burton and Torres Stadium",125,8,117,0,18,48
9231,4337,2023-03-29,Francis-Gill Stadium,3,7,198,9,21,70
9232,2208,2023-01-29,Gallegos-Ayala Stadium,66,5,69,8,18,54
9233,5287,2021-06-26,"Rowe, Green and Taylor Stadium",50,22,74,3,0,20
9234,1685,2022-09-01,Powell Group Stadium,150,1,107,12,14,31
9235,8590,2021-07-23,Martinez Group Stadium,99,24,123,13,24,62
9236,3701,2024-11-03,Harris-Smith Stadium,36,12,29,15,21,46
9237,930,2020-08-21,"Johnson, Zavala and Armstrong Stadium",13,14,114,9,12,64
9238,5366,2022-08-06,Shepard Ltd Stadium,129,2,182,1,7,73
9239,4731,2020-12-16,Leon Ltd Stadium,52,14,94,8,21,62
9240,4930,2022-01-04,"Griffin, Meyer and Webster Stadium",130,20,154,1,3,27
9241,371,2021-07-20,"Williams, Daniels and Martinez Stadium",67,24,188,8,18,15
9242,8300,2026-03-17,"Collins, Huffman and Dixon Stadium",49,23,112,15,3,48
9243,1543,2025-12-20,Dunn-Leonard Stadium,39,21,10,10,12,24
9244,7646,2021-12-16,"Velez, Jennings and Brown Stadium",5,8,29,11,24,58
9245,7884,2025-12-04,King-Castro Stadium,120,11,1,12,6,6
9246,395,2024-01-11,Lambert-Arnold Stadium,6,23,188,0,28,68
9247,5336,2023-06-15,White Inc Stadium,54,21,49,12,18,60
9248,119,2021-11-15,"Vaughan, Brown and Medina Stadium",116,2,27,1,6,57
9249,3089,2025-05-13,Cross-Logan Stadium,137,20,61,14,14,50
9250,8009,2026-02-26,"Welch, Richardson and Hensley Stadium",138,19,83,2,14,21
9251,7606,2024-03-08,Barnes-Jordan Stadium,12,1,56,14,0,13
9252,9069,2025-11-30,Taylor-Wolf Stadium,18,24,186,12,3,8
9253,8897,2023-12-01,Jenkins-Nixon Stadium,87,12,200,12,17,25
9254,1576,2025-04-19,Stone Inc Stadium,62,26,118,4,24,55
9255,408,2025-07-29,Garcia LLC Stadium,143,27,81,11,0,15
9256,4015,2024-04-02,"Phelps, Thompson and Jimenez Stadium",41,27,109,11,18,15
9257,3505,2022-06-03,Brown Inc Stadium,8,19,177,12,18,48
9258,5310,2026-01-17,Nunez PLC Stadium,89,1,26,0,18,43
9259,5923,2022-11-05,"Griffith, Mitchell and Dunlap Stadium",36,13,132,14,6,78
9260,1950,2024-05-06,Green and Sons Stadium,42,1,122,5,24,44
9261,4707,2020-11-07,Lee-Hudson Stadium,15,27,75,14,12,28
9262,6856,2024-09-13,Beard-Barnes Stadium,141,7,101,10,6,54
9263,6098,2025-03-15,Walsh Group Stadium,90,16,92,3,17,11
9264,1847,2023-10-02,Tate Ltd Stadium,91,11,163,10,21,19
9265,6223,2024-06-25,"Gregory, Ferguson and Klein Stadium",114,12,41,1,7,32
9266,2946,2021-03-22,Bailey-Fox Stadium,22,12,46,11,0,12
9267,4875,2020-06-15,"Alexander, Mcdaniel and Melton Stadium",38,11,28,6,17,28
9268,7876,2022-12-08,"Anderson, Fuller and Johnson Stadium",38,3,4,0,17,61
9269,7420,2025-12-01,Davenport Inc Stadium,149,10,98,13,3,70
9270,2458,2025-09-24,Martin-Flores Stadium,67,7,40,5,3,37
9271,2726,2023-12-05,"Holland, Torres and Hernandez Stadium",1,28,35,1,6,36
9272,4291,2022-06-05,Burke and Sons Stadium,128,21,107,8,14,16
9273,3395,2024-11-24,Moyer and Sons Stadium,114,17,160,14,28,37
9274,8290,2020-10-24,Smith Inc Stadium,3,25,135,8,18,49
9275,9069,2022-08-18,Roth-Davis Stadium,148,2,64,15,0,23
9276,2546,2023-06-16,Johnson-Cisneros Stadium,81,25,58,12,21,9
9277,3154,2024-11-27,Harris LLC Stadium,19,7,145,8,24,28
9278,3146,2023-03-29,"Anderson, Williams and Thomas Stadium",45,21,16,3,0,28
9279,4538,2022-10-28,"Lyons, Palmer and Neal Stadium",70,11,165,8,21,53
9280,4002,2023-11-21,"Gallagher, Choi and Preston Stadium",143,3,56,2,12,61
9281,9298,2022-05-29,Mclean Inc Stadium,73,21,136,0,24,41
9282,8591,2022-04-23,"Armstrong, Ryan and Campbell Stadium",2,25,162,2,6,38
9283,6719,2022-03-19,"Rogers, Michael and Flores Stadium",57,23,153,5,18,24
9284,3271,2025-04-04,Mack Inc Stadium,70,5,193,3,18,6
9285,7400,2020-12-19,"Bradshaw, Brown and Jenkins Stadium",54,9,185,8,3,34
9286,7297,2025-12-26,Taylor PLC Stadium,23,16,190,6,14,10
9287,5450,2021-03-05,Lane-Gonzalez Stadium,150,17,66,10,21,21
9288,2119,2021-11-29,Martinez Ltd Stadium,103,5,106,0,6,31
9289,8734,2025-05-27,"Hawkins, Bennett and Thompson Stadium",46,12,49,10,21,44
9290,9750,2025-01-11,"Abbott, Romero and Richardson Stadium",109,17,96,7,12,33
9291,7608,2025-09-07,Hughes PLC Stadium,69,6,91,12,18,4
9292,7154,2020-01-15,Johnson-Price Stadium,100,19,167,1,18,25
9293,6305,2020-07-09,Sandoval and Sons Stadium,82,17,124,6,24,78
9294,1700,2020-04-23,Owens Group Stadium,71,18,41,9,24,71
9295,3950,2023-10-25,"Williams, Rojas and Jenkins Stadium",8,13,198,0,6,10
9296,3940,2023-02-19,"Rodriguez, Schultz and Parks Stadium",46,5,184,6,3,46
9297,5796,2022-06-03,"Kidd, Washington and Martin Stadium",70,16,73,15,6,1
9298,484,2020-07-24,Black Inc Stadium,46,18,83,3,21,26
9299,6053,2025-11-22,Riley-Chavez Stadium,27,14,12,7,17,34
9300,8469,2024-07-06,Harper PLC Stadium,122,20,22,15,28,6
9301,5694,2022-06-14,Clements LLC Stadium,78,10,74,12,18,42
9302,388,2024-12-09,Robles and Sons Stadium,3,29,148,5,3,75
9303,2768,2025-05-16,"Zamora, Baker and Summers Stadium",4,5,113,15,3,66
9304,6894,2024-09-24,Rosales-Ford Stadium,98,6,107,11,18,49
9305,6358,2025-08-18,Hahn-Clements Stadium,91,6,68,14,17,61
9306,8244,2025-01-13,"Stewart, Young and Wright Stadium",46,1,133,4,21,34
9307,8923,2023-02-19,"Zuniga, Mcclain and Jenkins Stadium",18,18,22,5,0,6
9308,4524,2026-03-17,"Gonzalez, Waller and Moss Stadium",74,17,162,11,0,7
9309,2463,2025-04-03,"Kelley, White and Waters Stadium",139,27,71,2,0,75
9310,6957,2021-07-31,"Lewis, Harper and Brown Stadium",68,14,28,0,7,52
9311,1646,2023-12-11,Santiago and Sons Stadium,61,21,18,9,0,78
9312,8611,2024-03-11,Mccarty and Sons Stadium,49,10,66,15,17,15
9313,5478,2022-12-08,Moore-Williams Stadium,82,16,111,14,7,80
9314,7454,2020-01-05,Ortiz Ltd Stadium,56,29,31,15,21,20
9315,3755,2023-02-10,Frank Ltd Stadium,42,18,111,5,6,11
9316,7670,2020-05-08,Calderon-Small Stadium,63,13,117,15,28,42
9317,3723,2025-04-02,"Rogers, White and Reed Stadium",48,22,24,15,3,23
9318,9203,2021-10-26,"Sanders, Nelson and Harper Stadium",29,6,138,7,17,46
9319,2968,2025-01-01,Parks-Hardy Stadium,68,18,112,12,28,72
9320,3717,2024-05-09,Diaz LLC Stadium,124,28,60,11,12,26
9321,3207,2021-11-16,Sanders Ltd Stadium,100,28,157,1,6,13
9322,783,2023-06-22,Nixon-Ward Stadium,134,9,2,7,28,73
9323,95,2022-02-03,Jones-Cruz Stadium,29,4,42,9,17,4
9324,5081,2020-02-10,"Roberson, Wheeler and Williams Stadium",74,10,109,12,7,23
9325,6781,2025-06-26,Brown Inc Stadium,14,24,184,15,7,38
9326,9407,2023-07-08,Melton Inc Stadium,42,25,120,4,18,47
9327,8221,2023-11-20,"Pitts, Hampton and Smith Stadium",145,12,50,12,18,29
9328,242,2021-09-24,Wright-Callahan Stadium,90,23,110,0,28,15
9329,3480,2024-03-10,Davis-Allen Stadium,148,2,35,9,24,63
9330,8055,2024-09-26,Mccoy-Phelps Stadium,150,4,51,10,7,24
9331,9436,2021-07-19,"Castro, Smith and Delgado Stadium",123,21,131,11,17,50
9332,9643,2021-08-07,"Campbell, Chase and Merritt Stadium",27,15,45,3,28,63
9333,361,2024-12-16,"Shaw, Simmons and Massey Stadium",109,20,76,14,12,76
9334,6842,2020-05-27,Parrish Group Stadium,59,3,97,7,6,29
9335,2906,2022-03-07,Church LLC Stadium,60,1,139,5,14,37
9336,5394,2022-05-18,Rivera Inc Stadium,144,25,59,4,7,6
9337,5500,2025-10-24,Porter-Henderson Stadium,101,21,152,8,3,33
9338,8821,2022-10-04,Brown-King Stadium,28,16,22,6,21,49
9339,5357,2020-08-08,Solomon-Hobbs Stadium,33,30,170,9,7,70
9340,2120,2020-11-30,Morales PLC Stadium,4,8,74,1,14,38
9341,4037,2024-06-02,Cannon Ltd Stadium,-1,30,101,5,0,40
9342,5568,2024-05-10,Powell-Ford Stadium,75,24,48,11,0,30
9343,684,2026-04-27,Hughes-Myers Stadium,134,23,151,0,7,49
9344,9759,2024-10-07,"Clayton, Murphy and Perry Stadium",143,11,41,9,12,37
9345,3735,2021-11-28,"Burns, Baker and Berger Stadium",84,20,170,10,3,27
9346,1501,2022-06-14,Heath-Holder Stadium,9,28,176,8,3,33
9347,6987,2026-04-16,"Ramsey, Harvey and Owens Stadium",32,10,101,15,14,58
9348,2737,2025-02-26,Vega LLC Stadium,68,15,174,6,12,3
9349,3740,2023-12-31,"Tapia, Palmer and Hernandez Stadium",70,6,105,13,0,46
9350,4344,2020-02-11,Pruitt Inc Stadium,-1,19,55,6,14,32
9351,9677,2021-05-29,Knight-Hart Stadium,16,0,79,6,18,71
9352,9336,2023-02-24,"Gomez, Jacobson and Rivera Stadium",60,17,71,15,21,18
9353,5548,2025-07-30,Washington-Kelley Stadium,104,10,198,10,17,12
9354,4326,2025-05-20,Phillips Inc Stadium,132,3,92,9,18,39
9355,6170,2024-06-23,"Doyle, Castillo and Williams Stadium",70,26,136,15,28,13
9356,7107,2022-06-10,"Smith, Owen and Campbell Stadium",41,6,158,7,24,41
9357,9182,2021-01-29,"Cardenas, Hogan and Smith Stadium",22,10,94,12,21,28
9358,3195,2020-10-26,Martinez Ltd Stadium,111,26,121,2,24,6
9359,9620,2024-01-08,Holden PLC Stadium,124,23,103,8,18,1
9360,2372,2021-07-30,Davis-Morgan Stadium,102,29,54,9,18,1
9361,9293,2024-07-23,Chaney-Dennis Stadium,43,9,91,6,14,43
9362,4292,2025-06-09,"Foley, Novak and Hamilton Stadium",131,21,105,3,17,61
9363,6622,2026-03-22,Gonzalez-Pittman Stadium,54,12,51,7,0,12
9364,2455,2025-04-05,Fuller-Glenn Stadium,63,12,179,14,17,58
9365,542,2025-09-10,Young Group Stadium,126,9,98,7,14,51
9366,1090,2023-05-26,"Mccall, Kim and Pena Stadium",11,25,129,10,0,2
9367,258,2021-05-24,Gutierrez-Jackson Stadium,19,28,86,12,3,45
9368,5559,2024-04-26,Pruitt PLC Stadium,150,11,16,8,3,17
9369,3579,2025-03-03,"Brown, Webb and Willis Stadium",78,11,54,11,12,63
9370,8559,2025-06-25,"Cervantes, Johns and Washington Stadium",88,16,14,14,24,24
9371,3506,2025-02-01,"Hamilton, Tate and Hayes Stadium",27,15,17,14,18,72
9372,8533,2020-08-08,Hale-Hogan Stadium,35,28,82,2,21,60
9373,7107,2023-01-28,"Taylor, Johnson and Hughes Stadium",48,22,147,1,18,63
9374,1130,2022-01-23,Johnson and Sons Stadium,124,18,89,10,17,16
9375,7423,2021-08-02,"Greene, Jackson and Turner Stadium",79,20,15,3,6,3
9376,7915,2022-10-16,Schneider-Daniels Stadium,124,20,101,10,18,49
9377,7106,2025-10-14,Lawrence and Sons Stadium,88,26,174,11,3,58
9378,8792,2021-11-15,"Gordon, Thomas and Blevins Stadium",5,2,91,8,12,37
9379,6023,2022-02-16,"Martinez, Price and Baker Stadium",4,13,24,11,24,46
9380,3721,2025-08-04,Woods Ltd Stadium,41,14,22,3,3,9
9381,588,2025-09-07,"Jones, Wong and Gomez Stadium",94,11,124,6,7,61
9382,5821,2026-03-08,"Pace, Williams and Wood Stadium",130,13,13,8,18,69
9383,5284,2020-03-11,Ingram-Charles Stadium,65,0,109,2,12,48
9384,4711,2023-04-25,Bruce-Melton Stadium,85,20,130,9,24,52
9385,3789,2025-12-25,Lee-Hernandez Stadium,73,22,163,15,0,44
9386,8484,2020-05-26,Davis-Moore Stadium,-2,15,123,11,7,11
9387,1779,2025-11-10,"Hall, Levy and Lee Stadium",108,17,42,7,3,2
9388,6582,2021-04-04,Hernandez-Fisher Stadium,71,21,155,7,24,26
9389,8507,2020-01-08,Clark-Miller Stadium,46,6,152,8,21,17
9390,2657,2023-02-09,Koch Group Stadium,81,16,96,14,0,11
9391,3341,2025-02-17,Robinson-Smith Stadium,97,18,198,12,14,2
9392,5823,2022-05-24,"Haas, Johnston and Harris Stadium",92,7,155,11,14,76
9393,7645,2020-10-27,"Snow, Pena and Lopez Stadium",134,27,159,10,7,36
9394,1752,2025-02-24,Roach and Sons Stadium,47,15,40,15,6,27
9395,4703,2022-10-18,Murphy-Price Stadium,-1,29,128,14,21,33
9396,7107,2026-01-02,Jones PLC Stadium,20,0,134,4,24,44
9397,8533,2023-05-21,"Casey, Ray and Morris Stadium",113,24,71,15,3,33
9398,6396,2025-09-28,Powers Inc Stadium,49,24,146,1,3,55
9399,8614,2023-10-25,"Flowers, Gonzalez and Chen Stadium",65,14,120,5,3,59
9400,6749,2025-02-21,Jones-Miranda Stadium,107,20,83,9,6,34
9401,4588,2021-01-28,Peterson LLC Stadium,3,6,27,9,21,61
9402,5796,2022-07-01,"Sims, Brennan and Miller Stadium",-1,8,9,6,0,23
9403,5802,2025-05-04,"Thomas, Mitchell and Martin Stadium",134,20,12,0,7,64
9404,8900,2022-08-27,Smith and Sons Stadium,129,28,187,9,21,73
9405,4355,2025-02-23,Wilson and Sons Stadium,27,18,95,1,24,55
9406,8540,2021-09-11,"Wilson, Davis and Peterson Stadium",122,15,60,14,17,33
9407,6091,2024-02-24,Aguilar Group Stadium,123,27,38,7,14,70
9408,9108,2021-07-28,"Foster, Newman and Aguilar Stadium",80,15,13,8,6,46
9409,5468,2023-04-25,Martinez LLC Stadium,49,25,1,14,7,22
9410,2165,2026-01-21,"Taylor, Powers and Crawford Stadium",7,23,136,1,18,32
9411,6370,2024-11-06,Foster Ltd Stadium,14,12,120,9,21,24
9412,7825,2022-01-15,"Peterson, Moreno and Perez Stadium",112,20,52,8,24,19
9413,963,2020-08-21,Horn Ltd Stadium,133,19,122,11,17,30
9414,6129,2024-06-22,"Patel, Jackson and Clark Stadium",144,16,36,4,7,26
9415,4610,2020-07-03,"Juarez, Pearson and Lozano Stadium",-3,16,77,4,3,64
9416,107,2020-11-29,Torres LLC Stadium,36,10,23,11,3,33
9417,7062,2020-10-13,"Garcia, Allen and Jones Stadium",34,21,195,14,14,69
9418,4896,2022-02-13,"Walsh, Cunningham and Solomon Stadium",98,29,36,10,24,52
9419,1409,2026-03-25,Wilkerson and Sons Stadium,118,13,19,5,7,62
9420,4694,2025-01-07,"Jimenez, Murray and Barnes Stadium",4,14,199,0,0,48
9421,1217,2025-09-18,Freeman-Rogers Stadium,3,11,79,10,12,76
9422,7544,2022-11-13,Cook PLC Stadium,34,13,56,2,7,28
9423,5073,2025-03-27,Fernandez and Sons Stadium,57,12,146,1,28,59
9424,8243,2020-08-22,Meza Group Stadium,134,26,156,6,24,23
9425,5554,2022-07-07,Zimmerman-Shah Stadium,102,19,166,4,24,5
9426,2187,2023-05-09,Castillo-Jones Stadium,137,1,92,10,24,64
9427,2763,2021-07-11,Smith and Sons Stadium,52,28,60,8,6,52
9428,1428,2025-01-11,"Marquez, Thompson and Terrell Stadium",27,29,170,3,17,48
9429,6901,2025-07-21,Mitchell-Bradley Stadium,143,18,110,13,6,31
9430,2768,2021-10-01,May-Boyle Stadium,55,13,7,3,18,68
9431,7016,2023-03-26,Garrison-Gonzalez Stadium,55,23,102,5,12,60
9432,2531,2021-05-04,Jones-Snyder Stadium,107,7,31,8,28,37
9433,6777,2023-12-25,Holland-Moyer Stadium,-4,26,200,5,28,7
9434,8937,2020-06-06,Harvey LLC Stadium,95,15,98,8,18,63
9435,4160,2021-10-01,Smith-Smith Stadium,71,23,23,12,24,27
9436,5502,2020-12-06,Miller and Sons Stadium,64,21,122,6,14,69
9437,2032,2025-06-09,"Watkins, Jackson and Mayer Stadium",49,0,85,3,6,11
9438,5102,2023-09-29,"Watkins, James and Watson Stadium",8,26,100,7,12,68
9439,3736,2022-08-11,"Sanders, Quinn and Cunningham Stadium",38,25,196,8,24,45
9440,8427,2023-04-19,"Lee, Joseph and Taylor Stadium",112,30,179,2,17,31
9441,9439,2021-09-29,Brewer and Sons Stadium,145,23,74,14,17,45
9442,571,2025-12-22,Cole-Trevino Stadium,80,7,0,14,21,5
9443,8172,2024-12-09,"Foley, Brooks and Martinez Stadium",47,5,173,0,3,1
9444,5029,2022-04-05,"Weeks, Phillips and Nolan Stadium",138,28,60,7,6,24
9445,333,2020-11-07,Hernandez-Boyle Stadium,144,7,68,0,0,69
9446,6937,2025-12-01,Shah-Chambers Stadium,-3,2,128,3,0,13
9447,7937,2025-08-01,Arnold-Chen Stadium,13,0,43,7,18,65
9448,4705,2023-01-14,Green-Elliott Stadium,42,7,63,4,7,73
9449,1505,2020-03-01,Kim-Huang Stadium,102,7,104,5,17,15
9450,7524,2025-11-16,Booth PLC Stadium,21,6,80,4,18,25
9451,4589,2021-06-29,Guzman-Todd Stadium,10,18,42,11,7,29
9452,1626,2024-08-08,"Fernandez, Green and Jacobson Stadium",52,19,81,12,21,32
9453,2913,2024-09-29,Marquez-Maxwell Stadium,88,28,185,0,12,19
9454,8348,2021-02-08,Blackwell-Black Stadium,54,18,181,2,14,64
9455,8088,2024-07-31,Pena-Knapp Stadium,25,13,26,4,28,27
9456,6167,2025-08-27,"Cook, Nichols and Sanchez Stadium",93,26,96,0,24,34
9457,264,2025-01-31,"Stanley, Meyer and Reynolds Stadium",139,4,133,6,7,10
9458,4791,2026-03-21,Eaton-Gould Stadium,16,27,45,11,28,10
9459,5023,2023-05-06,Williams-Nelson Stadium,9,24,103,0,28,31
9460,2306,2025-07-12,Morton and Sons Stadium,38,4,195,1,0,11
9461,4848,2022-01-22,Freeman-Bennett Stadium,131,14,147,15,28,47
9462,2550,2025-11-11,Sanchez-Lucero Stadium,108,10,139,5,12,71
9463,9765,2023-11-20,Stone-Fisher Stadium,47,13,135,13,18,68
9464,3668,2022-12-07,Price Inc Stadium,121,21,1,5,18,79
9465,9288,2020-01-31,Greer Inc Stadium,3,2,155,10,7,63
9466,9341,2020-08-23,Stone Group Stadium,62,30,192,14,3,65
9467,7464,2021-01-15,Richardson-Alvarez Stadium,20,25,93,1,6,51
9468,8905,2020-06-08,Paul-Sanchez Stadium,11,16,67,12,7,15
9469,9192,2022-03-14,Pierce Group Stadium,97,22,111,6,21,73
9470,1794,2025-02-25,Booker-Rice Stadium,135,20,62,8,18,53
9471,823,2022-01-09,Bender-Calhoun Stadium,133,0,2,1,28,71
9472,6571,2022-10-26,"Levine, Marquez and Park Stadium",41,4,178,1,14,53
9473,1245,2022-12-02,"Taylor, Carter and Briggs Stadium",130,15,177,15,7,55
9474,6518,2026-01-12,Alexander-Brown Stadium,37,6,162,6,14,69
9475,9963,2024-06-17,Foster-Mann Stadium,32,24,27,10,6,68
9476,758,2023-03-24,Elliott-Rios Stadium,-1,18,18,1,17,74
9477,5668,2024-01-11,"Sullivan, Rich and Pena Stadium",76,0,185,1,12,73
9478,6521,2022-12-27,Ward and Sons Stadium,25,22,190,0,12,76
9479,987,2023-04-11,"Roach, Adams and Stuart Stadium",123,1,188,13,21,56
9480,7043,2020-12-20,Gray PLC Stadium,32,7,103,5,0,40
9481,8166,2023-10-04,"Maxwell, Murphy and Kennedy Stadium",98,10,77,4,7,54
9482,5806,2023-05-03,Hampton LLC Stadium,112,11,86,13,7,50
9483,4061,2024-11-02,"Leonard, Todd and Dunn Stadium",136,26,178,8,24,25
9484,3990,2022-07-15,"Joseph, Kemp and Mitchell Stadium",6,19,196,7,21,11
9485,9533,2024-08-09,Tran-Francis Stadium,146,24,192,12,24,67
9486,4043,2020-03-18,"Ramos, Clark and Castro Stadium",6,11,145,7,24,37
9487,9820,2024-04-19,"Kim, Brown and Ali Stadium",37,14,6,5,18,27
9488,4844,2021-03-14,"Washington, Miller and Gates Stadium",42,28,89,13,3,18
9489,4331,2020-11-01,Burns-Gray Stadium,81,15,76,0,12,44
9490,1566,2021-04-02,Hodge-Armstrong Stadium,77,30,72,7,18,4
9491,7988,2020-09-14,Davis Group Stadium,90,21,188,7,17,50
9492,3217,2023-09-17,Marshall-Thompson Stadium,34,3,35,14,12,38
9493,1371,2026-04-03,"Harris, Key and Wheeler Stadium",88,1,177,12,14,50
9494,5818,2024-05-09,Velasquez-Davidson Stadium,50,21,108,9,7,42
9495,2578,2025-06-05,"Carter, Howard and King Stadium",26,18,159,12,12,7
9496,1732,2022-07-29,Johnson-Hart Stadium,16,7,42,10,12,25
9497,2041,2025-08-27,"Kennedy, Cook and Guzman Stadium",24,22,47,0,7,7
9498,9088,2021-07-28,"Fernandez, Brock and Collins Stadium",46,2,94,15,0,29
9499,313,2025-07-16,"Stanley, White and Hartman Stadium",-5,21,50,9,17,7
9500,6238,2021-10-02,Pierce-Hall Stadium,129,0,158,7,0,60
9501,3640,2023-12-05,Reed-Wade Stadium,69,14,70,2,7,30
9502,2987,2023-04-08,"Diaz, Garcia and Smith Stadium",98,0,55,5,24,55
9503,1243,2022-10-14,"Hudson, Vasquez and Ortiz Stadium",100,21,139,14,24,68
9504,7728,2022-09-10,Brooks Group Stadium,126,14,163,4,12,64
9505,6581,2022-09-30,Wagner and Sons Stadium,40,11,57,8,14,79
9506,496,2021-01-08,"Yang, Sanders and Coleman Stadium",128,11,6,13,0,21
9507,4766,2025-07-14,Crane-Thomas Stadium,73,23,63,6,18,41
9508,7418,2021-09-15,Smith-Camacho Stadium,12,30,40,15,24,31
9509,2240,2021-06-21,Wood LLC Stadium,64,1,125,14,14,52
9510,5318,2023-01-22,"Bauer, Glass and Bryant Stadium",75,25,6,10,17,8
9511,1360,2021-07-29,Turner and Sons Stadium,112,25,27,11,12,34
9512,92,2020-12-11,"Wright, Brennan and Salas Stadium",126,27,91,5,21,79
9513,2659,2021-01-14,Sloan LLC Stadium,37,10,102,11,6,43
9514,3029,2020-03-01,"Hayes, Hernandez and Casey Stadium",118,9,29,5,3,53
9515,3553,2021-12-13,Shaw-Bates Stadium,58,26,113,0,24,1
9516,4793,2020-07-30,Peters Group Stadium,91,0,130,10,12,34
9517,695,2023-12-09,"Larsen, Grant and Rogers Stadium",38,25,142,14,24,74
9518,6301,2022-06-28,Young PLC Stadium,16,16,196,15,12,35
9519,6328,2020-03-05,"Parker, Davis and Sandoval Stadium",99,17,25,11,14,69
9520,4716,2023-08-28,Miller-Hall Stadium,82,13,38,7,0,77
9521,834,2021-12-19,Ford PLC Stadium,70,2,77,7,18,48
9522,4687,2024-07-16,Winters-Mcbride Stadium,94,11,9,14,6,51
9523,3232,2025-02-10,"Johnson, Richardson and Larsen Stadium",145,24,171,5,21,34
9524,6971,2020-06-09,Guzman-Knight Stadium,18,17,127,2,0,39
9525,4316,2023-07-09,"Hampton, Brown and Fox Stadium",31,16,38,15,24,67
9526,2132,2023-04-16,Navarro-Campbell Stadium,61,4,73,6,3,75
9527,5654,2021-09-17,Stewart-Castro Stadium,14,5,23,12,3,10
9528,2350,2020-09-12,"Diaz, Hahn and Sherman Stadium",40,20,34,13,0,45
9529,278,2023-01-24,Norris Group Stadium,13,4,19,15,12,13
9530,1027,2026-03-09,Fox PLC Stadium,22,10,66,2,14,33
9531,7735,2022-01-31,Shannon Inc Stadium,74,15,114,6,7,20
9532,8507,2020-03-02,Wells-Lucas Stadium,106,4,49,11,3,47
9533,5915,2025-11-25,Baker PLC Stadium,32,30,70,6,17,23
9534,8864,2022-08-10,"Leblanc, Obrien and Miller Stadium",120,25,58,11,3,53
9535,9807,2022-04-11,Baxter-Hall Stadium,101,21,143,3,28,5
9536,6648,2021-12-11,Davis-Garcia Stadium,46,30,166,5,28,48
9537,85,2022-08-09,Burns LLC Stadium,28,12,112,0,24,58
9538,9619,2020-07-21,Boone-Lewis Stadium,79,6,6,14,7,9
9539,4631,2022-08-19,Flores Group Stadium,61,3,157,4,12,78
9540,2401,2024-03-21,"Brooks, Garza and Brown Stadium",145,29,54,3,3,34
9541,6441,2020-03-21,Mcdonald LLC Stadium,98,15,53,7,0,55
9542,5867,2024-03-20,"Harris, Hardy and Pham Stadium",104,6,154,9,24,33
9543,650,2023-09-18,Molina and Sons Stadium,96,0,95,6,24,23
9544,7554,2024-10-02,Schmidt LLC Stadium,57,16,75,7,6,12
9545,8551,2025-08-19,"Cannon, Mcgrath and Mccoy Stadium",64,30,155,14,14,30
9546,220,2025-04-14,"Boone, May and Duarte Stadium",0,15,135,14,0,77
9547,3323,2023-05-10,Mills-Mayo Stadium,50,3,39,14,6,76
9548,3582,2020-04-27,Martin-Tanner Stadium,136,4,84,10,14,70
9549,9067,2024-08-10,Wilson-Perez Stadium,5,27,161,15,0,58
9550,4161,2022-12-12,Bryan-Cobb Stadium,121,11,83,4,14,33
9551,8191,2023-03-15,Martin-Lang Stadium,49,9,166,12,21,30
9552,8201,2022-02-17,"Hudson, Black and Porter Stadium",135,24,32,1,14,50
9553,8934,2020-02-28,"Hardy, Mahoney and Black Stadium",16,3,29,15,0,4
9554,6653,2024-03-05,Clark LLC Stadium,100,10,31,7,0,60
9555,6912,2020-05-03,Paul-Kim Stadium,24,2,72,3,24,11
9556,895,2021-12-08,Turner and Sons Stadium,146,30,91,8,7,14
9557,7365,2026-04-11,"Chapman, Williams and Savage Stadium",18,11,172,2,14,33
9558,4228,2025-10-09,Bell-Smith Stadium,48,17,132,2,24,18
9559,4225,2023-06-05,Padilla-Webb Stadium,50,18,188,3,7,57
9560,6943,2020-12-01,Shaw-Hartman Stadium,56,6,116,3,17,13
9561,9595,2024-01-25,Castro and Sons Stadium,59,27,190,3,24,43
9562,4067,2022-05-13,"Hutchinson, Brooks and Erickson Stadium",59,4,105,7,12,5
9563,2082,2022-09-13,Hall-Hogan Stadium,33,0,188,8,6,43
9564,9914,2022-01-21,"Thompson, Bell and Rodriguez Stadium",145,9,134,13,24,62
9565,570,2025-08-26,"White, Walker and Schaefer Stadium",97,21,166,15,12,80
9566,5608,2024-12-12,"Keith, Hamilton and Swanson Stadium",94,29,197,0,6,9
9567,759,2025-04-28,"Fuentes, Randolph and Lee Stadium",20,13,88,3,0,60
9568,2059,2021-07-26,Serrano-Brooks Stadium,76,9,160,2,24,39
9569,496,2022-07-30,"Dennis, Hardy and Johnson Stadium",45,18,78,13,6,1
9570,5879,2024-10-27,"Ward, Drake and Smith Stadium",109,7,148,11,18,28
9571,4493,2021-11-24,Mendez-Morales Stadium,16,17,4,5,3,74
9572,4441,2020-06-14,Yoder-Crawford Stadium,129,18,35,1,18,73
9573,6280,2024-04-19,Schultz-Stevenson Stadium,39,4,143,1,17,9
9574,5294,2024-09-06,"Hunter, Nguyen and Thomas Stadium",117,4,161,8,7,17
9575,8358,2020-07-05,"Lewis, Williams and Johnson Stadium",0,25,24,15,6,80
9576,5223,2024-08-07,"Moore, Morris and Freeman Stadium",50,1,12,6,18,31
9577,4394,2024-08-04,Howell-Salinas Stadium,34,22,154,4,12,38
9578,8053,2022-04-28,"Andrews, Ingram and Atkins Stadium",84,21,193,1,28,53
9579,9729,2020-01-23,"Perez, Kaufman and Manning Stadium",123,9,186,3,18,20
9580,7893,2024-07-28,Davis-Martinez Stadium,139,19,196,5,14,42
9581,4788,2023-08-13,"Russell, Shaw and White Stadium",68,10,74,8,17,70
9582,9713,2022-10-02,"Guerra, Wilson and Cox Stadium",143,5,175,1,12,68
9583,1745,2022-05-25,"Vang, Cooper and Leonard Stadium",118,22,152,13,3,23
9584,1256,2023-08-23,Reese and Sons Stadium,115,6,36,3,3,29
9585,2216,2020-09-20,Cole-Lopez Stadium,46,10,69,10,7,68
9586,2975,2021-08-20,Wilson-Page Stadium,92,13,18,8,17,30
9587,4444,2024-12-08,"James, Sullivan and Shepherd Stadium",55,27,197,1,18,62
9588,4638,2022-10-10,Barber Inc Stadium,111,26,35,5,14,10
9589,5051,2021-10-22,Mitchell-Martin Stadium,107,14,27,6,17,10
9590,4607,2021-07-16,Hardy Ltd Stadium,60,28,125,14,21,65
9591,971,2025-01-05,Murphy-Bridges Stadium,14,19,133,2,18,30
9592,3373,2022-05-11,"Smith, Smith and Rivera Stadium",99,16,188,14,28,46
9593,6866,2024-02-19,George-Taylor Stadium,132,25,124,8,14,76
9594,7055,2021-12-01,White-Wilson Stadium,88,26,39,4,17,39
9595,3091,2023-02-15,Johnson Ltd Stadium,129,1,193,10,24,24
9596,3915,2023-07-20,"Wilson, Sanders and Carter Stadium",98,29,136,13,12,73
9597,1322,2023-06-14,"Brown, Nguyen and Frost Stadium",134,7,163,1,17,43
9598,3613,2020-07-04,Bowman PLC Stadium,39,23,127,2,21,67
9599,5335,2021-05-10,Allen-Terry Stadium,146,14,128,0,18,19
9600,9496,2025-11-08,"Salazar, Coffey and Rasmussen Stadium",35,15,106,1,6,80
9601,5813,2020-03-21,Andrews-Scott Stadium,89,30,79,9,17,44
9602,8353,2023-09-11,"Williams, Martin and Harris Stadium",1,21,90,15,0,29
9603,9485,2024-12-20,"Jones, Acosta and Scott Stadium",-1,30,61,6,21,58
9604,4870,2024-09-16,"Evans, Gonzalez and Wright Stadium",41,9,169,6,3,21
9605,7761,2023-05-25,Murphy Inc Stadium,96,8,62,11,0,54
9606,3042,2020-05-11,Terrell PLC Stadium,115,3,122,0,12,30
9607,4408,2023-11-13,"Baker, Robinson and Carter Stadium",37,9,75,1,3,47
9608,6801,2024-07-20,"Gordon, Mcdaniel and Patel Stadium",3,19,25,1,17,73
9609,5620,2021-04-29,Little and Sons Stadium,145,19,87,14,21,28
9610,9874,2020-10-08,"Washington, Hansen and Turner Stadium",87,23,143,8,7,40
9611,4958,2021-01-02,Mendoza Ltd Stadium,36,28,155,14,14,60
9612,2445,2021-07-20,"Black, Lee and Hopkins Stadium",97,22,187,13,18,6
9613,9872,2022-10-30,Caldwell LLC Stadium,19,25,136,12,3,26
9614,784,2020-04-04,Smith PLC Stadium,2,1,145,3,14,8
9615,6499,2022-11-19,Bradford-Miller Stadium,36,30,32,0,7,80
9616,2225,2020-04-04,Smith-Hooper Stadium,54,25,50,0,28,18
9617,441,2021-02-15,Johnson Group Stadium,105,1,35,2,3,21
9618,7081,2023-08-08,Lawson-Bradley Stadium,150,18,70,5,12,51
9619,8051,2023-05-06,Harris Group Stadium,6,10,189,12,12,15
9620,9864,2025-06-02,"Ortega, Reyes and Brandt Stadium",-4,4,169,13,17,13
9621,687,2024-11-14,Ritter-Jones Stadium,31,8,181,3,12,68
9622,9401,2021-12-22,"Thompson, Rivers and Richard Stadium",23,1,184,11,0,33
9623,623,2024-02-06,"Smith, Rodriguez and Noble Stadium",42,5,183,10,12,36
9624,4124,2024-06-11,Cooper-Parker Stadium,48,1,111,15,14,70
9625,808,2024-08-03,Johnson-Torres Stadium,143,4,191,5,3,38
9626,8857,2020-12-02,"Peterson, Mosley and Foster Stadium",97,8,144,9,18,62
9627,7654,2020-12-02,"Wise, Lee and Beasley Stadium",65,6,20,5,3,34
9628,6896,2023-03-17,Gonzalez-Nelson Stadium,67,8,63,9,7,30
9629,2963,2024-07-03,Patel-Garcia Stadium,43,4,17,10,18,19
9630,3206,2026-03-19,Bailey-Greene Stadium,18,10,69,13,28,54
9631,3101,2026-02-05,"Lewis, Norris and Lamb Stadium",46,17,5,4,6,35
9632,7486,2026-02-11,Jackson-Jones Stadium,40,23,12,0,0,67
9633,7672,2023-02-08,Brown PLC Stadium,68,25,7,1,12,23
9634,2065,2024-05-10,"Hale, Hamilton and Rubio Stadium",108,3,128,4,21,42
9635,8254,2021-08-21,Mitchell-Perez Stadium,41,3,126,1,24,40
9636,5049,2025-11-04,Haley-Williams Stadium,148,17,90,11,14,36
9637,9580,2020-12-05,Barnes Group Stadium,101,27,115,1,28,64
9638,3219,2024-10-20,Stone Ltd Stadium,43,15,55,2,0,39
9639,4349,2022-09-01,Thomas Ltd Stadium,-4,9,6,13,21,63
9640,3091,2023-10-17,Hamilton-Gomez Stadium,88,11,32,7,28,23
9641,5796,2021-12-11,Williams and Sons Stadium,146,18,132,12,6,57
9642,8334,2021-02-18,Gonzales-Patterson Stadium,53,7,58,7,18,18
9643,2782,2025-09-09,Davis-Hicks Stadium,60,13,29,13,6,54
9644,8618,2021-02-26,"Brady, Lewis and White Stadium",65,26,192,9,3,32
9645,8764,2022-10-21,"Randolph, Maxwell and Payne Stadium",119,22,136,11,0,52
9646,4646,2025-12-30,Moore Ltd Stadium,67,21,169,2,24,67
9647,317,2020-09-14,"Nielsen, Sanchez and Powell Stadium",97,21,37,0,18,39
9648,665,2023-01-25,Wright-Reeves Stadium,84,13,73,4,17,74
9649,9807,2023-12-12,Tucker Group Stadium,49,14,84,3,6,32
9650,1985,2020-05-24,Martin-Bryant Stadium,49,29,125,8,21,71
9651,825,2022-08-17,"Mitchell, Herrera and Cobb Stadium",26,5,110,11,0,54
9652,9406,2024-02-19,Wright-Scott Stadium,122,20,128,2,3,49
9653,2394,2023-02-01,"Conley, Bennett and Parker Stadium",47,18,47,2,21,66
9654,6852,2024-07-22,"Thomas, Jefferson and Ford Stadium",133,29,52,11,12,53
9655,2827,2022-02-06,Ross-Rodriguez Stadium,113,18,74,15,14,12
9656,5536,2020-05-02,"Romero, Hunt and Robinson Stadium",57,28,180,10,6,8
9657,4130,2022-07-28,Maynard Ltd Stadium,71,5,37,6,12,64
9658,9117,2022-03-19,"Fritz, Rogers and Knight Stadium",22,22,102,11,6,42
9659,4998,2021-07-09,Woods-Mcbride Stadium,94,27,150,15,17,78
9660,9017,2024-06-05,Clark-Smith Stadium,147,22,3,11,7,60
9661,3209,2022-02-03,Gilbert LLC Stadium,126,24,120,13,21,57
9662,763,2021-02-22,Frank Inc Stadium,143,21,44,13,12,26
9663,3579,2021-06-02,Turner Group Stadium,89,16,173,9,21,67
9664,1679,2024-11-01,Sanders-Wilson Stadium,3,8,33,1,14,47
9665,8098,2023-09-07,Owen-Frazier Stadium,84,21,171,4,6,43
9666,3138,2022-03-05,Peterson-Martin Stadium,109,21,134,10,21,69
9667,73,2023-11-06,Sullivan PLC Stadium,69,12,78,7,0,58
9668,8320,2025-11-04,Thomas Inc Stadium,12,30,29,10,3,61
9669,9382,2025-03-16,Vaughn PLC Stadium,94,21,116,9,7,66
9670,6675,2023-07-26,Garcia-West Stadium,33,19,26,6,24,52
9671,9368,2024-05-16,"Rodriguez, Cruz and Schultz Stadium",1,1,44,0,18,2
9672,3080,2021-11-17,Ward-Perez Stadium,28,11,150,5,3,13
9673,4595,2023-05-01,"Sanford, Soto and Johnson Stadium",39,29,102,10,21,18
9674,6514,2020-05-07,"Gonzalez, King and Washington Stadium",75,6,147,0,0,64
9675,9250,2025-02-25,"Johnson, Miller and Santos Stadium",26,15,194,8,18,17
9676,86,2023-03-16,"Hunter, Richards and Walter Stadium",50,21,90,10,24,19
9677,2129,2026-03-31,"Summers, Garcia and Woods Stadium",64,21,97,11,24,27
9678,8574,2021-12-31,"Eaton, Reed and Martinez Stadium",78,15,63,13,21,16
9679,1959,2024-10-31,Hamilton-Collins Stadium,11,1,79,14,0,31
9680,6369,2025-06-29,"Adams, Marshall and Marsh Stadium",127,9,159,2,21,37
9681,7114,2021-01-20,"Washington, Mason and Barajas Stadium",91,6,37,7,6,24
9682,2446,2026-03-24,Price-Graham Stadium,0,10,147,8,14,46
9683,9991,2023-05-03,Phillips-Coleman Stadium,72,20,27,14,18,24
9684,3589,2024-03-10,"Thomas, Chapman and Ferguson Stadium",21,26,95,2,6,10
9685,5318,2023-10-03,Clark Ltd Stadium,58,16,177,5,28,60
9686,8065,2020-05-26,"Mcdaniel, Green and Hayden Stadium",110,5,44,4,28,67
9687,2977,2021-10-21,Taylor and Sons Stadium,23,7,75,11,7,25
9688,6755,2022-12-10,Vaughan LLC Stadium,35,12,50,12,6,10
9689,4923,2022-08-10,"Gonzalez, Stanley and Le Stadium",73,12,130,11,3,71
9690,9259,2021-07-01,Myers-Moore Stadium,82,27,139,14,0,33
9691,5491,2026-02-28,Becker-Smith Stadium,10,12,114,15,28,45
9692,3118,2020-07-20,"Pearson, Cowan and Smith Stadium",93,21,50,1,28,3
9693,5842,2025-01-13,Olsen-Obrien Stadium,135,30,6,0,17,62
9694,6879,2020-06-24,"Santiago, Leonard and Woods Stadium",125,28,115,7,3,49
9695,5037,2022-05-22,Burton and Sons Stadium,50,19,26,4,7,72
9696,6262,2022-01-08,Johnson PLC Stadium,104,1,55,10,24,61
9697,1850,2025-04-07,"Valentine, Daniels and Morris Stadium",7,29,8,5,0,40
9698,8446,2023-11-30,"Fields, Harper and Lopez Stadium",7,6,98,6,6,15
9699,9593,2024-11-19,Hartman-Hernandez Stadium,127,0,179,0,14,47
9700,6961,2023-07-03,Smith Group Stadium,17,3,110,10,14,14
9701,6909,2024-02-04,"Jenkins, Stephenson and Best Stadium",107,27,77,5,21,29
9702,6673,2024-07-18,Hicks LLC Stadium,12,13,3,8,7,22
9703,6046,2024-04-03,Miller-Price Stadium,101,3,26,13,18,24
9704,9052,2025-09-22,"Rosales, Gibson and Harrison Stadium",98,25,45,4,0,55
9705,2784,2020-06-22,Mccoy LLC Stadium,85,24,166,6,28,43
9706,329,2023-08-10,"Ruiz, Cooley and Murphy Stadium",13,24,88,9,18,26
9707,5261,2022-01-22,"Jimenez, Wallace and Serrano Stadium",116,8,72,7,18,29
9708,4525,2021-03-30,Meyer Ltd Stadium,124,23,68,6,6,72
9709,5699,2020-08-01,Wagner-Brown Stadium,44,22,3,10,28,38
9710,2303,2020-01-24,Johnson Inc Stadium,34,6,54,8,12,13
9711,7050,2022-12-25,Gibson Group Stadium,126,16,125,10,17,36
9712,6449,2024-01-02,"Owens, Bell and Nguyen Stadium",131,9,3,9,7,62
9713,5142,2021-05-05,Butler-Castro Stadium,130,30,109,4,18,33
9714,2326,2024-02-28,Smith and Sons Stadium,144,28,34,2,0,23
9715,8220,2025-09-25,"Harding, Mccormick and Alvarez Stadium",77,15,34,4,28,57
9716,1136,2022-06-15,Howell-Alvarado Stadium,48,14,0,13,17,47
9717,3912,2022-03-26,"Wilson, Alexander and Bryant Stadium",88,21,70,5,0,1
9718,1911,2022-04-21,Miller PLC Stadium,130,23,188,9,17,29
9719,656,2023-10-28,Holden-Jones Stadium,85,16,162,11,12,59
9720,2482,2025-11-20,"Gibson, Taylor and Evans Stadium",76,17,143,10,6,35
9721,713,2023-07-09,"Bryant, Melendez and Green Stadium",0,16,68,13,7,1
9722,7911,2021-08-06,Blackburn-Kelly Stadium,68,25,93,7,14,32
9723,1979,2021-10-04,Dominguez-Baker Stadium,19,3,0,14,0,35
9724,6247,2025-11-03,Collins Ltd Stadium,123,3,109,8,18,37
9725,81,2024-08-13,"Smith, Sweeney and Knight Stadium",92,20,103,13,17,8
9726,7349,2025-11-12,"Gonzalez, Craig and Mitchell Stadium",60,0,125,9,17,13
9727,2307,2023-02-01,"Russo, Foster and Gibson Stadium",124,1,190,14,6,78
9728,2307,2020-01-12,Allen Inc Stadium,46,14,27,14,24,60
9729,3811,2024-10-26,"Lopez, Harrington and Rodriguez Stadium",94,7,150,9,7,78
9730,2491,2022-06-16,Delgado LLC Stadium,73,27,99,1,21,34
9731,5419,2026-02-23,"Buck, Taylor and Parrish Stadium",134,18,192,15,14,67
9732,313,2022-11-16,Mcdonald-Jones Stadium,120,15,170,3,14,53
9733,722,2023-06-18,"Michael, Washington and Mcclain Stadium",120,16,21,9,17,42
9734,8342,2024-11-03,Boyd Group Stadium,44,28,134,6,0,20
9735,3790,2022-01-31,"Gonzalez, Fox and Lucas Stadium",37,0,198,14,24,5
9736,2148,2022-11-02,Jones Inc Stadium,74,3,165,8,18,56
9737,8844,2026-01-27,"Whitaker, Forbes and Bullock Stadium",52,30,13,13,12,30
9738,7022,2021-06-29,Stanley PLC Stadium,140,0,66,5,0,58
9739,624,2026-04-01,Gray-Brown Stadium,53,13,97,8,28,6
9740,9498,2025-04-28,Orr Ltd Stadium,113,4,134,3,21,11
9741,6601,2020-06-01,Barker PLC Stadium,119,18,67,4,18,78
9742,5450,2026-04-01,Miller-Wood Stadium,134,28,137,5,0,32
9743,119,2024-02-18,Craig-Tran Stadium,8,26,160,3,14,38
9744,4119,2025-10-08,"Mckenzie, Lopez and Howard Stadium",-5,28,141,4,6,61
9745,7986,2021-03-26,"Davis, Wells and Richards Stadium",62,19,22,2,18,11
9746,4125,2020-12-02,Young LLC Stadium,101,23,31,7,17,65
9747,4679,2022-04-19,"Lee, Parks and Lopez Stadium",104,26,91,13,28,11
9748,7141,2023-09-29,"Logan, Taylor and Coleman Stadium",61,20,103,2,24,50
9749,6434,2023-07-22,Barber-Young Stadium,68,24,80,11,3,42
9750,6103,2023-03-11,"Cruz, Rodgers and Carr Stadium",122,19,29,7,28,66
9751,8343,2022-07-04,"Hampton, Miller and Wallace Stadium",0,2,33,11,6,60
9752,5684,2025-05-19,Rogers Inc Stadium,34,0,185,12,18,59
9753,1933,2022-06-20,Reilly-Rodriguez Stadium,54,30,58,13,7,59
9754,8065,2020-07-23,Reed-Cohen Stadium,141,12,117,10,12,60
9755,4594,2020-07-03,Hooper LLC Stadium,121,8,92,9,28,52
9756,4509,2026-01-24,Ford Inc Stadium,41,0,192,9,0,16
9757,8719,2022-08-29,Singh-Perkins Stadium,48,11,12,8,28,20
9758,2535,2020-08-31,Alexander-Thompson Stadium,79,28,139,4,24,48
9759,7815,2023-08-06,Romero-Kennedy Stadium,9,12,4,10,14,40
9760,3339,2021-08-17,Johnson Group Stadium,129,15,57,1,7,66
9761,5934,2020-11-24,Medina Group Stadium,120,27,17,13,17,31
9762,2733,2025-12-15,Cunningham PLC Stadium,32,20,2,11,12,77
9763,155,2022-01-23,"Armstrong, Ramirez and Stevens Stadium",67,17,38,1,3,49
9764,6564,2023-12-02,Gonzalez-Morris Stadium,7,4,71,3,24,50
9765,6405,2026-02-19,Shaw Ltd Stadium,147,9,55,11,0,33
9766,485,2024-09-13,"Kennedy, Thomas and Taylor Stadium",107,17,20,10,24,17
9767,4755,2022-01-20,"Hernandez, Brown and Hooper Stadium",142,18,76,5,21,7
9768,6765,2022-05-28,Leon-Hanna Stadium,51,5,127,7,12,36
9769,5580,2023-03-23,Ellis Inc Stadium,52,15,111,5,18,51
9770,4385,2024-06-23,Sullivan-Jackson Stadium,58,28,43,14,7,50
9771,1077,2020-02-25,"Hendricks, Cisneros and Vaughan Stadium",49,25,125,3,28,30
9772,1260,2022-05-26,Schmidt and Sons Stadium,78,29,87,13,28,23
9773,2536,2024-11-17,Chavez Inc Stadium,135,1,36,11,14,5
9774,4398,2024-10-16,Lopez-Richardson Stadium,127,29,47,12,3,23
9775,3783,2023-02-25,Ingram-Mendoza Stadium,-1,3,53,6,3,4
9776,8517,2025-10-17,"Montes, White and Brewer Stadium",40,28,19,9,3,35
9777,8134,2024-05-18,"Robinson, Briggs and Barber Stadium",-5,4,162,14,0,46
9778,7371,2023-12-21,"Carlson, Burton and Johnson Stadium",117,6,117,2,6,58
9779,2746,2021-03-15,Mcdonald LLC Stadium,90,11,73,13,24,54
9780,1380,2020-03-22,Flores-Martinez Stadium,72,0,86,6,21,54
9781,8544,2022-05-06,Fuller-Williams Stadium,-2,24,66,8,18,71
9782,6001,2021-09-26,Miller-Gomez Stadium,37,7,85,11,6,73
9783,5181,2022-07-10,Perez-Rogers Stadium,146,6,193,8,3,74
9784,1594,2024-06-13,Duran-Robles Stadium,148,11,160,0,6,1
9785,6027,2022-05-27,Dillon Group Stadium,74,11,195,12,7,67
9786,1305,2022-07-16,Mitchell PLC Stadium,28,25,48,10,6,57
9787,5802,2020-09-25,Herman-Smith Stadium,79,29,116,7,21,21
9788,9015,2023-08-06,"Davis, Rojas and Bean Stadium",77,24,53,3,18,66
9789,5388,2023-10-08,Leonard-Hernandez Stadium,66,13,74,14,3,2
9790,7793,2020-09-20,Harris-Solomon Stadium,147,20,157,4,18,42
9791,7808,2021-04-10,Brown-Miles Stadium,122,30,125,10,24,2
9792,679,2023-07-07,Franklin-Martin Stadium,61,26,7,0,6,6
9793,9383,2025-08-10,Nelson Inc Stadium,61,29,104,10,17,59
9794,1140,2023-01-28,Williams Inc Stadium,3,25,79,12,6,75
9795,3137,2022-09-06,Turner-Garner Stadium,41,7,107,2,7,29
9796,5091,2023-02-28,"Cook, Bradley and Morgan Stadium",104,10,192,8,17,64
9797,1994,2020-04-09,Rojas-Norris Stadium,140,10,177,8,24,54
9798,2980,2020-01-21,Sparks-Ward Stadium,19,18,99,3,6,63
9799,3987,2022-09-30,Miller Group Stadium,133,29,175,14,7,67
9800,121,2025-03-06,"Wood, Barrett and Pacheco Stadium",71,29,46,12,28,13
9801,898,2020-01-31,Barton-Young Stadium,51,25,151,14,21,31
9802,9713,2021-11-09,Maxwell Ltd Stadium,93,24,38,6,14,72
9803,7302,2022-12-30,"Leon, Vazquez and Morgan Stadium",86,26,31,10,3,1
9804,4507,2025-05-16,Martinez-White Stadium,150,21,200,5,7,8
9805,3684,2025-10-11,Duke-Harvey Stadium,142,21,139,14,17,58
9806,772,2024-07-26,Smith and Sons Stadium,83,1,110,0,7,25
9807,9681,2026-04-02,"Howard, Ray and Barnes Stadium",19,9,138,2,18,70
9808,9631,2022-12-02,"Jackson, Haynes and Carr Stadium",75,11,131,12,3,35
9809,802,2026-02-10,Roman Inc Stadium,31,13,11,5,18,9
9810,5223,2023-10-02,Nelson-Robinson Stadium,105,17,170,12,7,55
9811,9290,2020-10-29,Leonard-Brown Stadium,76,13,148,13,24,42
9812,9851,2023-02-12,"Rivera, Thomas and Harmon Stadium",71,0,144,14,18,19
9813,4145,2024-06-07,Ruiz-Meza Stadium,57,4,118,11,24,74
9814,528,2020-11-09,Ryan PLC Stadium,105,30,12,0,6,15
9815,9199,2022-07-16,"Anderson, Turner and Moore Stadium",118,25,139,6,6,60
9816,3575,2026-03-24,Khan and Sons Stadium,132,3,161,14,7,27
9817,4069,2025-06-02,Davis PLC Stadium,61,30,162,15,24,14
9818,225,2023-04-27,"Gonzalez, Lee and Williams Stadium",103,0,156,8,7,14
9819,9425,2020-05-29,Petersen Ltd Stadium,71,15,6,9,14,4
9820,9281,2026-04-02,"Evans, Conway and Martinez Stadium",53,1,14,8,28,66
9821,8707,2023-08-04,Mckinney-Ball Stadium,137,4,8,10,3,65
9822,716,2024-12-21,Mitchell Group Stadium,85,22,85,0,17,47
9823,6850,2023-09-28,Dixon-Santiago Stadium,81,17,117,9,18,25
9824,4707,2022-11-06,Alexander Ltd Stadium,141,6,178,11,18,75
9825,9815,2024-05-14,"Johnson, Burns and Scott Stadium",113,14,29,12,28,30
9826,7361,2021-02-25,"Sanchez, Day and Bender Stadium",50,13,166,2,14,30
9827,7981,2022-03-11,Johnson-White Stadium,63,27,44,12,17,60
9828,3716,2022-02-28,Tucker-Carrillo Stadium,23,24,57,9,12,4
9829,4156,2023-03-22,"Ryan, Wilson and Graham Stadium",132,7,64,2,21,72
9830,3991,2024-06-04,"Nelson, Williams and Smith Stadium",112,30,147,8,3,72
9831,3813,2021-07-29,Williams-Thomas Stadium,42,0,56,3,6,38
9832,5184,2022-06-30,Johnson-Hart Stadium,130,16,166,13,24,61
9833,2673,2022-09-04,Winters-Smith Stadium,108,3,122,2,3,47
9834,3301,2025-07-24,Cuevas-Lopez Stadium,126,2,82,9,21,39
9835,2798,2024-11-05,"King, Donovan and Cunningham Stadium",122,20,193,15,6,79
9836,9308,2021-06-18,"Vasquez, Powers and Wise Stadium",28,19,198,3,17,18
9837,9837,2023-02-10,"Coleman, Heath and Campbell Stadium",121,3,87,12,12,28
9838,3613,2021-06-27,"Williamson, White and Sweeney Stadium",95,15,9,14,3,30
9839,388,2025-01-13,Ayers LLC Stadium,26,25,5,10,3,2
9840,7920,2025-07-12,"Carlson, Campbell and Porter Stadium",116,1,6,15,28,61
9841,8648,2021-09-18,Martinez-Maldonado Stadium,70,18,111,5,7,66
9842,7658,2020-02-10,"Cruz, Mills and Morales Stadium",25,27,172,13,28,13
9843,5008,2024-10-05,Dixon PLC Stadium,-3,1,111,11,14,62
9844,3559,2020-02-24,Saunders LLC Stadium,89,18,141,9,0,64
9845,4737,2024-04-26,Jimenez-Mcclure Stadium,22,24,163,5,7,10
9846,3145,2025-12-27,Morris PLC Stadium,92,26,36,14,21,28
9847,2936,2025-08-20,"Bentley, Newman and Orozco Stadium",87,10,29,7,18,10
9848,7403,2024-11-12,Edwards Inc Stadium,92,16,96,2,21,40
9849,8030,2024-12-09,Hobbs-Johnson Stadium,7,25,83,11,14,71
9850,5993,2024-03-10,Briggs-Smith Stadium,72,3,77,14,12,55
9851,2402,2025-12-05,"Franklin, Rowland and Fernandez Stadium",28,16,28,4,12,28
9852,2147,2022-01-24,"Kelly, Anderson and Barrett Stadium",149,13,49,8,3,39
9853,9749,2025-12-14,"Grant, Morales and Boone Stadium",23,20,12,14,18,57
9854,7086,2021-10-03,Johnson-Caldwell Stadium,-3,3,124,11,28,25
9855,416,2021-11-28,Hardy-Lin Stadium,18,30,113,15,21,16
9856,8427,2020-06-13,"Lang, Hubbard and Gibson Stadium",141,30,63,12,14,48
9857,6884,2022-01-24,"White, Briggs and Mack Stadium",117,6,167,7,21,41
9858,7400,2025-12-23,Perez Inc Stadium,27,3,145,15,28,64
9859,1828,2023-06-11,Miller and Sons Stadium,86,8,45,1,24,35
9860,7967,2022-01-28,Wells-Hebert Stadium,71,29,24,14,28,38
9861,1935,2021-11-10,Anderson-Bailey Stadium,79,2,200,11,24,23
9862,383,2022-05-11,Zuniga-Ward Stadium,74,1,80,10,24,14
9863,569,2025-01-22,Allen-Coffey Stadium,138,22,115,8,28,56
9864,9536,2024-08-27,"Jones, Wright and Weber Stadium",124,13,176,15,7,59
9865,4953,2023-12-14,Chase and Sons Stadium,19,20,171,1,18,16
9866,1016,2020-06-12,"Cowan, Stone and Scott Stadium",38,8,122,4,18,49
9867,3470,2021-08-29,Hayes LLC Stadium,21,24,76,2,14,40
9868,5809,2022-12-19,Johnson PLC Stadium,134,27,119,10,7,80
9869,7402,2023-09-07,Peterson-Johnson Stadium,43,6,144,11,7,13
9870,7201,2023-11-07,"Diaz, West and Roberts Stadium",27,4,146,10,18,34
9871,5053,2024-08-10,Foley-Stevens Stadium,126,26,48,13,24,31
9872,5102,2022-02-23,"Hoover, Flores and Smith Stadium",30,22,117,0,28,39
9873,9014,2025-12-13,"Jackson, Shields and Lawson Stadium",6,24,24,13,3,17
9874,5374,2023-02-16,"Rivera, Armstrong and Allen Stadium",3,23,42,3,0,75
9875,395,2022-06-05,Francis-Lin Stadium,56,12,129,4,6,50
9876,9123,2024-04-01,Hoffman Group Stadium,40,16,148,15,14,28
9877,670,2021-04-18,Peterson-Cervantes Stadium,46,0,40,15,14,57
9878,3620,2024-11-08,"Evans, Moody and Huffman Stadium",82,10,11,3,18,29
9879,5311,2024-05-20,"Lawrence, Anderson and Short Stadium",78,12,156,4,6,14
9880,8393,2022-10-26,"White, Ryan and Miller Stadium",113,8,40,5,21,1
9881,9766,2022-03-09,Mitchell-Cortez Stadium,36,29,89,5,24,80
9882,6637,2020-06-24,Parks Inc Stadium,31,9,85,15,18,28
9883,8262,2026-01-20,"Taylor, Simon and Nelson Stadium",109,4,78,7,14,60
9884,8970,2022-09-30,Peterson PLC Stadium,17,18,10,14,0,45
9885,4477,2023-12-30,Dixon-Cox Stadium,113,10,28,2,17,58
9886,4372,2020-05-02,Avila Ltd Stadium,87,19,15,8,24,7
9887,1569,2020-12-20,"Davidson, Day and Stephens Stadium",130,27,108,12,3,52
9888,9715,2022-08-18,"Young, Henderson and Wang Stadium",13,4,28,12,24,77
9889,1086,2023-10-11,Cohen Inc Stadium,26,22,88,10,12,64
9890,1265,2025-06-05,"Smith, Gaines and Black Stadium",139,15,32,12,18,72
9891,400,2021-08-06,Garcia Inc Stadium,80,29,193,10,6,6
9892,3335,2025-05-04,Vasquez-Griffin Stadium,147,27,45,5,14,57
9893,8944,2021-07-29,Gibson Group Stadium,62,21,66,0,21,3
9894,6350,2021-11-13,"Webster, Wilson and Todd Stadium",103,29,2,11,28,57
9895,6511,2022-07-14,Williams-Black Stadium,17,18,61,0,0,6
9896,2443,2023-10-17,Anderson-Powers Stadium,74,12,51,7,24,58
9897,8245,2024-03-17,Gray Group Stadium,79,27,105,5,18,68
9898,8294,2020-01-08,Delgado Inc Stadium,115,2,188,0,21,16
9899,3839,2022-05-20,Morrow-Miller Stadium,113,4,28,1,18,16
9900,3843,2021-12-16,"Allen, Martinez and Chang Stadium",94,30,154,4,6,25
9901,1632,2024-01-18,Nguyen-Hopkins Stadium,142,2,168,15,24,46
9902,3187,2021-10-09,King LLC Stadium,24,0,122,0,12,78
9903,3660,2023-07-19,Beard-Conner Stadium,15,14,170,8,3,69
9904,4617,2020-02-04,Mullins-Greer Stadium,67,6,12,15,0,22
9905,1227,2023-11-19,Alexander-Webb Stadium,9,29,66,1,24,71
9906,9464,2020-12-29,Brown-Wood Stadium,109,16,98,1,0,22
9907,1966,2024-12-02,"Melendez, Sexton and Gibbs Stadium",138,22,51,13,14,69
9908,1060,2023-01-18,Maynard Ltd Stadium,132,28,3,5,12,1
9909,5450,2020-02-03,Russell PLC Stadium,65,4,179,9,12,35
9910,7418,2022-03-02,"Rice, Stevenson and Green Stadium",-3,30,180,15,24,29
9911,7009,2021-04-22,Francis Group Stadium,72,5,116,15,6,29
9912,7878,2020-09-23,Waller Group Stadium,103,15,33,5,17,16
9913,7500,2020-08-27,"Peters, Richardson and Gilbert Stadium",143,10,135,4,28,2
9914,707,2021-04-18,Hodges LLC Stadium,144,12,163,8,3,68
9915,6968,2022-11-27,"Costa, Nelson and Lopez Stadium",147,1,193,11,17,68
9916,7042,2022-09-10,Johnson-Davis Stadium,136,21,8,7,3,40
9917,7706,2020-09-11,Taylor-Sims Stadium,14,6,158,0,18,69
9918,8419,2024-01-24,Miranda-Nicholson Stadium,-2,28,149,13,14,76
9919,6378,2024-12-17,Pitts PLC Stadium,111,6,171,3,14,23
9920,3319,2024-01-16,Moore-English Stadium,73,18,167,10,3,17
9921,7430,2024-07-23,"Thompson, Dorsey and Pollard Stadium",132,27,142,0,18,36
9922,2058,2021-09-30,Long-White Stadium,140,6,145,3,14,55
9923,3551,2023-04-23,Harrison-Young Stadium,14,14,181,5,24,13
9924,9387,2021-01-17,"Haynes, Campbell and Ross Stadium",69,24,92,12,12,3
9925,5037,2026-02-19,Carpenter-Vargas Stadium,105,9,184,6,7,4
9926,669,2025-08-31,Haynes-Lewis Stadium,96,28,0,13,17,35
9927,4646,2020-03-02,Wilson Inc Stadium,86,4,74,0,24,20
9928,3384,2022-03-29,Davenport-Marshall Stadium,14,29,82,2,17,64
9929,2405,2025-06-28,"Pineda, Waller and Proctor Stadium",143,14,9,12,7,52
9930,8441,2020-01-07,Kennedy PLC Stadium,54,15,75,6,6,28
9931,7073,2024-09-27,"Lawson, Berger and Lee Stadium",128,22,170,13,28,66
9932,3701,2022-09-01,Chavez-Paul Stadium,11,24,116,1,3,68
9933,8990,2020-01-19,Lee Inc Stadium,87,8,30,11,14,47
9934,4400,2023-06-22,Harris LLC Stadium,107,23,104,10,18,42
9935,2155,2023-12-25,Johnson-Patton Stadium,54,14,160,13,17,67
9936,2651,2024-08-27,Levy-Williams Stadium,31,14,112,14,12,40
9937,9934,2020-12-21,"Nguyen, Lee and Davis Stadium",31,11,75,10,3,38
9938,5209,2020-10-26,Oconnor Group Stadium,103,5,200,0,28,54
9939,9662,2025-01-20,Sullivan-Grimes Stadium,44,8,149,8,21,68
9940,5346,2023-01-12,"Skinner, Brown and Jackson Stadium",13,10,149,1,0,3
9941,4241,2023-11-18,Cabrera PLC Stadium,82,28,185,2,12,1
9942,2300,2023-09-06,"Davis, Jimenez and Hill Stadium",32,2,143,14,0,40
9943,8886,2024-01-30,Campbell Ltd Stadium,16,10,62,13,24,13
9944,4498,2021-08-19,"Pearson, Zamora and Edwards Stadium",1,25,37,14,3,65
9945,8806,2020-02-17,Ford-Hicks Stadium,29,23,183,12,6,15
9946,7202,2023-10-02,Lewis Group Stadium,38,6,90,3,6,42
9947,6491,2023-09-26,Bradford Group Stadium,88,20,120,2,14,23
9948,6221,2022-11-14,Lambert-Roberson Stadium,34,25,100,14,17,29
9949,9488,2024-05-24,Michael-Pittman Stadium,90,19,169,7,3,15
9950,8756,2023-05-21,"Krause, Moran and Kidd Stadium",122,21,4,6,7,30
9951,8210,2024-08-05,Freeman Ltd Stadium,127,27,117,0,0,54
9952,8856,2021-10-09,"Brown, Dunn and Barnett Stadium",105,22,46,1,21,26
9953,4922,2022-10-18,Allen Ltd Stadium,74,4,152,13,17,65
9954,8466,2023-01-27,"Smith, Davis and Richard Stadium",131,10,18,5,24,5
9955,792,2020-07-30,"Cobb, Nelson and Smith Stadium",139,14,44,2,6,50
9956,8611,2025-05-14,Fitzpatrick-Wilson Stadium,105,15,106,1,0,79
9957,3219,2022-11-18,Morse-Hunter Stadium,86,23,193,4,0,11
9958,27,2022-09-07,Benson-Mcpherson Stadium,102,4,0,14,14,56
9959,7919,2026-01-21,White Ltd Stadium,127,29,112,6,24,62
9960,4529,2020-12-08,"Montgomery, James and Edwards Stadium",38,3,141,11,6,72
9961,4769,2025-08-15,Thompson LLC Stadium,7,1,165,9,18,16
9962,6247,2023-09-06,Austin Ltd Stadium,20,4,40,5,3,46
9963,6730,2023-07-24,"Wilson, Barr and Adams Stadium",119,20,158,4,21,45
9964,7675,2022-08-31,Becker Ltd Stadium,73,1,101,1,6,1
9965,7893,2021-11-23,"Cowan, Mcdonald and Duncan Stadium",35,12,67,15,14,80
9966,4837,2025-06-29,Cortez Inc Stadium,25,10,121,13,28,53
9967,7940,2025-04-03,Salazar-Ferguson Stadium,61,26,81,12,21,10
9968,1511,2021-12-22,"Beck, Hall and Thompson Stadium",40,3,29,4,18,32
9969,3841,2025-02-10,Robertson-Adkins Stadium,62,1,17,11,3,39
9970,7953,2022-06-21,Mccullough-Monroe Stadium,100,28,166,12,14,54
9971,2177,2025-02-23,Payne Ltd Stadium,55,24,152,6,28,61
9972,8121,2021-05-04,"Contreras, Smith and Dominguez Stadium",121,27,72,4,28,67
9973,2259,2025-03-16,"Ramirez, Henderson and Myers Stadium",49,25,172,7,0,58
9974,2260,2024-12-11,"Owens, Wilson and Rowe Stadium",28,20,103,0,17,25
9975,7340,2022-04-03,"Nguyen, Clarke and Williamson Stadium",117,10,70,6,21,27
9976,664,2025-09-05,"Cobb, Howell and Patel Stadium",137,11,23,2,7,32
9977,5272,2022-08-18,"Combs, Blair and Mcclain Stadium",124,19,170,11,28,18
9978,2853,2020-03-11,"Baker, Gallegos and Choi Stadium",59,20,36,11,14,19
9979,9168,2021-11-11,"Macias, Mejia and Campos Stadium",15,8,25,5,0,19
9980,335,2024-04-21,Carr and Sons Stadium,149,1,57,1,24,28
9981,3315,2020-07-18,"Skinner, Fitzpatrick and Mcbride Stadium",7,25,100,7,3,62
9982,7691,2023-05-23,Miles PLC Stadium,2,24,131,1,24,45
9983,6541,2023-08-11,Clark-Wilson Stadium,29,18,158,0,21,19
9984,4835,2020-10-25,"Watts, Wilson and Harris Stadium",145,22,154,12,12,7
9985,7051,2024-10-18,"Hicks, Butler and Dickerson Stadium",135,21,30,1,7,29
9986,6826,2024-04-21,Lee Ltd Stadium,48,6,23,5,17,23
9987,3046,2023-09-16,Holmes LLC Stadium,82,7,150,15,7,43
9988,3135,2022-06-29,Carlson-Schmidt Stadium,126,14,69,7,14,36
9989,4294,2021-11-27,"Taylor, King and Lin Stadium",48,13,176,11,0,18
9990,6545,2025-02-23,Mitchell Inc Stadium,-4,7,54,11,21,61
9991,362,2025-04-02,"Underwood, Williams and Jones Stadium",102,14,6,1,6,46
9992,7527,2025-12-12,Simmons-Johnson Stadium,118,7,193,5,24,27
9993,301,2021-04-04,"Garcia, Kelly and Owens Stadium",137,2,192,9,7,11
9994,8468,2023-11-22,"Lester, Dickerson and Shah Stadium",113,21,190,0,28,33
9995,2402,2021-02-24,"Marshall, Nolan and Watson Stadium",28,5,56,2,24,28
9996,1448,2023-02-16,Parker and Sons Stadium,6,7,168,9,17,50
9997,3175,2020-10-20,Yang-Vargas Stadium,72,23,6,3,24,42
9998,7188,2024-06-22,Thomas Group Stadium,82,6,44,5,18,1
9999,3200,2023-04-06,"Dean, Pratt and Williams Stadium",74,29,99,5,14,49
10000,3861,2023-04-05,Santiago-Glover Stadium,73,13,151,4,14,73
