player_id,first_name,last_name,date_of_birth,hometown,state,position,height,weight,jersey_number
1,Robin,Franco,1988-11-15,Lake Kristina,OR,WR,73,298,99
2,Tiffany,Dean,1997-04-09,Parkerberg,KS,RB,72,191,15
3,Gary,Young,2007-08-10,Villaton,VI,QB,68,276,41
4,Rodney,Graham,2000-07-25,Williamton,MS,TE,76,247,88
5,Randall,Ellis,2005-06-01,Paulshire,NC,WR,77,264,32
6,Patricia,Morgan,2008-03-07,Nicholasbury,MA,WR,79,216,33
7,Theresa,Lopez,1994-03-27,Elijahview,IN,RB,74,187,54
8,Christina,Ellison,1988-05-13,Joseview,AZ,RB,68,282,67
9,Frank,Ramos,1995-02-14,West Robertbury,AL,QB,76,269,87
10,Christopher,Miller,1991-07-07,West Randallberg,VA,TE,71,278,60
11,Jason,Robertson,1992-07-03,Lake Johnhaven,DE,RB,70,271,56
12,Robert,Logan,2002-01-17,New Rebeccachester,MD,WR,72,160,37
13,John,Rice,1996-08-19,Rasmussenbury,SC,TE,69,153,82
14,Gina,Dominguez,1992-08-21,Tinastad,GU,QB,76,291,54
15,Susan,Maxwell,2007-01-29,South Lisa,WI,WR,74,173,91
16,Todd,Snyder,2006-02-22,Lake Amyview,FM,WR,71,284,99
17,Kathleen,Best,1991-09-11,East Kimberlyfort,IN,WR,80,300,3
18,Daniel,Lynch,1989-06-18,North Michaelfurt,NC,TE,73,284,71
19,Lisa,Richardson,2004-12-24,Michelleside,MS,TE,72,261,8
20,Kimberly,Jackson,2001-04-27,Robertland,AS,QB,80,227,82
21,Joseph,Simon,1986-05-19,Bairdmouth,AZ,TE,78,175,87
22,Lindsey,Silva,1996-07-05,Cassandrastad,RI,WR,77,195,59
23,Jessica,Dean,1999-12-22,North Angelashire,NE,RB,74,203,69
24,Manuel,Cole,2003-12-16,Tatefurt,NY,QB,77,294,79
25,James,Sanchez,2002-07-29,East Nicholas,AR,QB,78,240,24
26,Glenda,Petty,2003-11-06,Lake Yolanda,MT,WR,78,261,76
27,Brian,Fox,2000-05-03,New Holly,AR,QB,70,272,6
28,Julie,Johnson,1992-03-15,Padillamouth,NM,QB,78,216,71
29,Sydney,Pearson,1985-08-09,Lake Amanda,OK,TE,71,187,37
30,William,Sweeney,2002-09-08,Tamaraburgh,AZ,QB,73,295,86
31,Patricia,Johnson,1993-03-13,Thomasside,ND,WR,68,154,54
32,Amy,Allen,1997-02-24,Evansville,AS,RB,70,289,82
33,Stephanie,Rose,1987-07-24,Moranmouth,AK,QB,72,207,24
34,Devin,Jimenez,1994-07-13,Kylemouth,MN,QB,79,265,35
35,Natalie,Ballard,2003-06-14,Proctortown,PW,WR,73,289,92
36,Christopher,Bennett,1999-07-11,East Cathy,WY,QB,80,207,8
37,Vickie,Phillips,2000-05-27,Ronaldberg,AZ,QB,80,250,18
38,Andrew,Bates,2005-04-11,Georgeview,WY,TE,78,152,4
39,Ellen,Olsen,1999-01-28,North Frankhaven,PW,RB,71,201,72
40,Robert,Davis,2006-10-29,Kyliefurt,MN,QB,80,222,45
41,Lori,Mcmillan,1985-06-04,Lake Daltonfurt,PW,RB,73,225,82
42,Timothy,Gilmore,1989-11-26,Murraystad,NV,QB,68,261,26
43,Lisa,Rowe,2005-08-17,Jeffersonbury,MT,TE,76,297,2
44,Eddie,Dalton,2003-12-24,Rachelbury,MA,WR,71,295,66
45,Bryan,Holmes,1987-04-01,Gonzalezland,SD,WR,74,244,24
46,Carl,Nicholson,1993-10-18,Bretthaven,NY,QB,69,168,46
47,Steven,Torres,1992-03-03,West Zachary,VT,RB,80,274,17
48,Brian,Ochoa,2006-06-02,Hessview,VA,QB,71,223,27
49,Johnny,Snyder,2002-07-15,New Barry,FM,RB,71,237,57
50,Donna,Gay,1985-08-28,South Brianton,MS,RB,73,163,81
51,Megan,Swanson,1992-08-18,West Alicialand,MN,WR,80,267,95
52,Vernon,Howard,2002-02-20,Pollardside,AK,WR,75,199,32
53,Nicole,Sanchez,1987-04-24,Williamsview,MS,RB,68,272,74
54,Joy,Johnson,2000-04-13,East Eddie,NV,WR,75,177,29
55,Derrick,Davis,2001-01-08,Jillshire,HI,QB,71,213,74
56,Shannon,Nelson,1991-06-04,South Kevin,RI,RB,78,236,99
57,Scott,Wagner,1989-05-03,North Cynthiaville,MT,QB,71,169,78
58,Jennifer,Beard,1988-12-13,Jonesfurt,FM,RB,76,233,59
59,Dawn,Curry,1985-06-30,Brownburgh,ME,QB,74,233,64
60,Heather,Kerr,1990-02-08,East Gabriella,MP,RB,80,210,37
61,Teresa,Barnett,1987-12-29,New Victorville,IL,TE,75,288,39
62,Kristen,Herrera,2005-11-04,North Michael,VI,TE,77,274,39
63,Ashley,Garcia,1991-05-21,North Madeline,NY,TE,80,287,80
64,Marcus,Allen,1994-03-26,West Heather,AZ,WR,71,285,22
65,Matthew,Love,1995-06-30,West Robert,WA,TE,73,241,0
66,Scott,Nielsen,1994-03-02,Turnerborough,ME,QB,80,223,88
67,Pamela,Green,1989-10-26,Rangelmouth,MS,TE,80,276,6
68,Lori,Webb,2000-04-06,Marymouth,ME,QB,76,295,25
69,Tiffany,Thompson,1999-06-08,North Alan,KS,RB,73,193,95
70,Steven,Young,1994-04-19,Josephstad,WY,RB,77,158,88
71,Albert,Shannon,1998-01-08,Kendrastad,NM,TE,75,155,73
72,John,Davis,1999-05-26,West Michael,CT,WR,69,199,30
73,Jacob,Ball,2004-04-11,North Donaldberg,IA,WR,70,299,79
74,Sarah,Reed,2004-05-07,South Rebecca,NJ,TE,74,279,0
75,Daniel,Ingram,1997-04-13,New Samantha,VA,RB,78,242,18
76,Matthew,Daniels,1999-09-07,Port Peter,WV,TE,68,292,27
77,Tammy,Hall,1987-09-26,Thomaschester,GA,TE,78,281,19
78,Brian,Lopez,2001-07-16,South Rebeccaport,UT,QB,68,155,72
79,James,Goodwin,1991-03-16,West Josephmouth,CO,WR,77,169,42
80,Brittney,Swanson,1989-08-22,Susanmouth,SD,RB,73,203,3
81,Alyssa,Chang,1987-11-19,South Kimberlyfurt,AL,QB,68,247,36
82,Justin,Taylor,1990-03-06,New Nicole,WY,WR,68,285,30
83,Tiffany,Vazquez,1990-08-02,Kristinchester,RI,WR,70,182,40
84,Nicole,Lee,2000-11-14,North Jamie,VT,RB,76,288,44
85,Alexandria,Rogers,2001-07-12,East Thomas,ME,RB,75,288,72
86,Michael,Daniel,1999-10-16,West Clintonhaven,VT,QB,75,282,52
87,Gary,Ayala,1993-03-31,Sotoview,AR,WR,80,164,85
88,Raven,Hess,1996-03-18,East Erin,MH,WR,69,218,60
89,Andrew,Martin,1999-09-19,Curtisborough,KS,RB,69,272,86
90,Richard,Zimmerman,1991-03-03,Amandatown,VI,RB,70,221,81
91,Nathan,Moore,1997-03-01,Marybury,ID,RB,75,214,8
92,Kaitlyn,Hill,2005-05-23,Hannaland,IN,RB,71,261,35
93,Taylor,Bradley,1993-02-28,East Jerry,OR,RB,76,176,33
94,Deborah,Williams,1993-01-27,North Danielmouth,PR,WR,76,291,21
95,Curtis,Stephens,2002-06-23,North Kathy,TX,QB,71,294,72
96,Diana,Kelley,2006-07-02,Patriciaburgh,MI,QB,78,289,27
97,Patricia,Clarke,1988-05-13,Hammondtown,IL,TE,75,189,95
98,Brittney,Jackson,1991-10-15,West Danielfort,MS,WR,69,155,40
99,Sherry,Martinez,2008-01-29,Derekberg,VI,RB,80,175,66
100,Caleb,Rivera,1987-09-24,North Cherylport,TN,TE,69,216,0
101,Christina,Griffin,2007-05-18,Caseybury,ND,TE,78,277,98
102,Stephanie,Bright,1985-11-22,New Sandra,FL,WR,80,234,42
103,Edward,Wu,1996-04-29,Calvinville,SC,WR,72,220,14
104,Mike,Brown,1985-11-05,Port Kellyhaven,KY,TE,76,280,62
105,Chris,Howard,1999-10-09,Edwardfort,HI,WR,80,294,53
106,Jeffrey,Collins,1991-08-17,Stewartview,AZ,WR,72,279,16
107,Mary,Johns,1999-05-14,Lake Wesley,MI,QB,73,272,12
108,Rebecca,Allen,1992-03-30,Wolfstad,NY,RB,69,285,17
109,Lindsey,Wilson,1999-09-10,West Eric,FM,TE,78,160,92
110,Jennifer,Chan,1991-03-19,South Katieshire,FL,RB,77,292,40
111,Nicole,Edwards,1986-02-15,Amyburgh,GA,TE,74,179,13
112,Diane,Wood,2008-03-29,North Danielville,MD,RB,73,198,37
113,Alyssa,Roman,1991-12-16,Michaelmouth,AR,WR,77,193,62
114,Carla,Peters,2003-02-13,Sullivanton,DC,RB,73,159,87
115,Ruth,Wright,1985-07-26,North Stephanieborough,PR,RB,73,151,33
116,John,Hall,2006-12-09,Santiagoton,DE,WR,76,261,8
117,Jessica,Cox,1991-01-31,New Karen,ID,RB,76,297,94
118,Clinton,Arnold,1993-06-17,Johnsonton,AL,QB,73,257,22
119,Stacey,Nelson,1989-01-09,North Lauramouth,ID,RB,72,244,20
120,April,Tucker,1995-09-13,Bonnieview,CT,RB,79,219,30
121,Victoria,Franklin,2006-12-11,Evanschester,KS,WR,68,168,36
122,Felicia,Bryant,1992-03-31,Colonburgh,MD,RB,75,250,21
123,Alexis,Miller,2001-05-22,Cummingsburgh,MT,TE,70,218,96
124,Michelle,Vasquez,1999-04-09,North Carol,IN,RB,74,201,32
125,Brian,Reed,2006-02-04,West Erinberg,SD,WR,77,233,8
126,Kimberly,Beasley,1989-05-08,North Jessicaview,GU,TE,73,171,87
127,Christopher,Davis,2005-06-27,Lake Andrewbury,OK,TE,75,299,82
128,Anna,Brown,1986-10-31,Benjaminview,NH,RB,71,230,52
129,James,Gross,1997-02-23,West Ryantown,MD,TE,77,165,61
130,Jacob,Chavez,1995-07-23,West Ashleybury,NJ,TE,78,298,6
131,Edward,Jones,1993-07-13,Russomouth,MS,TE,71,168,82
132,Eric,Ortega,2003-01-04,Maxtown,DC,TE,74,292,84
133,Joseph,Miller,2007-02-01,Davisside,DE,QB,76,156,26
134,Kevin,Williams,1996-11-12,East Sylvia,WA,RB,80,268,34
135,Justin,Stone,2006-06-10,East Lindsey,WA,WR,77,182,45
136,Kayla,Daniels,2002-04-14,West Stephanieborough,WV,RB,79,287,0
137,John,Booth,2008-02-07,Port Joe,FM,TE,76,202,16
138,William,Garcia,1989-04-20,Ramirezmouth,TX,RB,78,272,40
139,Keith,Ford,1994-12-23,Kimberlystad,KY,QB,72,297,6
140,Tommy,Sims,1998-11-17,South Thomasview,MA,RB,69,283,45
141,Timothy,Marquez,2007-07-14,East Courtney,ME,QB,80,261,75
142,Alexandra,Thompson,1993-08-08,Shawmouth,AL,TE,71,200,87
143,Kayla,Woods,2002-09-01,Edwardside,PW,TE,71,239,69
144,Phillip,Phillips,2004-07-30,South Brianna,VI,TE,79,270,50
145,Michael,Clark,1997-12-30,South Laurenhaven,NJ,RB,72,164,25
146,Cheryl,Rodriguez,1996-02-08,Lake Keith,DC,QB,73,281,33
147,Aaron,Garcia,1993-04-28,Myersmouth,RI,RB,74,194,60
148,Carol,Vaughn,1992-11-07,Port David,FM,TE,71,176,50
149,Lisa,Key,1986-03-14,Port Aaron,SD,WR,71,296,27
150,Jessica,Rogers,1987-05-16,West Stephanie,TX,TE,72,262,59
151,Kaitlin,Lee,1986-01-31,Taylorfort,SD,WR,74,230,73
152,Breanna,Lopez,2002-07-22,Lake Leslie,MA,TE,74,184,98
153,George,Martin,1999-08-06,Stanleyport,AR,WR,72,233,54
154,Michael,Perez,1987-08-20,New Jessicabury,GU,TE,73,199,97
155,Jason,Wright,1993-07-31,Calebview,IN,TE,72,229,3
156,Kristina,Booker,2004-10-21,Rodriguezton,IA,WR,69,192,44
157,Margaret,Hernandez,2006-12-31,Walkerbury,OH,TE,73,199,23
158,Lisa,Cox,1985-07-16,Serranoton,WI,WR,80,253,76
159,Brian,Green,2004-08-23,Lake Leslie,ME,TE,71,239,27
160,James,Kelly,1992-03-02,Cunninghamshire,PA,RB,77,197,86
161,Sarah,Coleman,1997-04-05,Kevinburgh,DC,QB,71,192,10
162,Phillip,Rose,1993-08-23,New Luis,OK,TE,76,267,58
163,Mikayla,Harrington,2000-11-23,South Michaelton,NM,QB,76,162,8
164,Kristen,Hardy,2001-06-30,Jeffreymouth,OH,QB,78,216,71
165,Summer,Mitchell,1998-10-20,East Elizabeth,OH,WR,72,173,87
166,Alexandria,Robinson,1987-04-25,East Kristinton,DE,RB,75,281,76
167,Christopher,Thomas,2002-10-08,Wubury,OH,TE,70,224,95
168,Steven,Rhodes,1994-03-31,Wilsonview,MD,TE,77,271,49
169,Justin,Scott,1999-07-24,Matthewshire,KS,WR,78,193,6
170,Nicole,Moore,1985-12-16,East Lance,GA,QB,69,242,48
171,Courtney,Williams,1988-07-13,West Joshuashire,NV,TE,74,247,65
172,Eric,Baird,2000-12-30,Cordovaberg,TN,WR,69,263,46
173,Amy,Flores,1998-10-29,Jasontown,IA,TE,71,159,42
174,Jane,Owens,2000-08-12,Juliashire,NE,QB,74,278,37
175,Amy,Gross,1999-10-08,Donaldstad,DC,QB,79,225,36
176,Alexander,Wallace,1996-09-27,Mikaylaborough,VI,QB,75,182,36
177,Sandra,Webb,2001-08-05,Port Candicestad,AS,WR,76,261,69
178,Madison,Williams,2005-01-09,South Sara,IN,QB,76,155,74
179,Brittney,Miller,2000-10-21,Erinchester,VA,QB,78,253,92
180,Kenneth,Farrell,1998-06-02,Haneyberg,OR,QB,77,247,67
181,Robin,Dalton,1997-02-09,Mooreshire,VI,RB,73,225,14
182,Scott,Stephens,1996-05-03,North Heatherborough,MI,TE,73,290,14
183,Michelle,Smith,2006-09-30,Port Tiffany,ME,WR,73,186,12
184,Kevin,Wood,2005-05-22,West Taylorport,ID,QB,71,284,79
185,Raymond,Johnson,1989-11-11,North Jenniferburgh,OK,TE,74,187,71
186,Victoria,Parker,2006-06-08,Lake Wendyfort,MT,WR,74,289,80
187,Diana,Rasmussen,1990-01-02,Port Jennifermouth,MI,WR,75,154,42
188,Susan,Patterson,1993-10-28,Michelleborough,NM,QB,78,299,81
189,Shannon,Villanueva,1992-01-10,Deniseside,PR,RB,71,156,77
190,Kevin,Sanchez,2002-11-14,East Johnfurt,AZ,QB,74,252,46
191,Daniel,Davis,2004-03-15,South Michaelmouth,TN,WR,72,210,34
192,Courtney,Sims,1990-01-28,West Heather,AS,WR,74,203,47
193,Todd,Jones,1989-05-27,East Laura,MT,RB,79,238,19
194,Brianna,Maddox,1986-05-28,Lake Antonio,ND,RB,80,184,72
195,Jane,Romero,1996-07-23,Port Amandabury,GU,QB,73,281,75
196,Timothy,Anderson,1985-07-22,Robinsonside,MO,TE,77,242,28
197,Jill,Norman,2005-09-28,North Tonyachester,HI,WR,75,227,42
198,Anthony,Kim,2003-06-16,Malonebury,KS,TE,69,253,95
199,John,Chavez,2006-06-27,Port Kimberly,AZ,RB,77,229,52
200,Krystal,Curry,1992-10-05,Longland,DE,QB,74,285,9
201,Alex,Campbell,1997-08-07,Rhondafort,ME,WR,78,232,18
202,Ricky,Richardson,1985-11-18,New Sheilaburgh,RI,TE,80,205,78
203,Jessica,Campbell,1988-04-24,East Joshua,OR,WR,77,196,89
204,Javier,Griffin,1986-10-30,Haaston,NY,TE,70,218,68
205,Sara,Neal,1996-11-10,Lake Maryburgh,VA,QB,69,162,82
206,Tracy,Wolfe,2002-07-31,Mirandabury,NH,TE,72,202,13
207,Jesus,Smith,1985-11-14,Christineland,TN,WR,79,169,73
208,Anna,Gomez,1994-03-29,South Dawnhaven,VA,RB,74,283,20
209,Tina,Murphy,1998-03-18,Chapmanborough,PR,QB,70,268,27
210,Donald,Hopkins,1998-12-22,South Jonathan,NC,RB,73,219,37
211,Chelsea,Santos,2004-09-16,West Joshuaton,WI,RB,74,205,99
212,Richard,Fitzgerald,2006-05-14,North Christopherport,GU,QB,72,259,51
213,Erica,Torres,1993-03-08,Moraleshaven,MO,TE,77,183,10
214,Rodney,Murray,1986-07-09,Quinnborough,SC,QB,77,292,64
215,Andrea,Hunter,1990-10-11,North Regina,AZ,WR,75,152,44
216,Troy,Whitney,2003-11-08,Perryshire,MS,WR,75,182,93
217,Mary,Olsen,2006-09-13,Wrighttown,PW,WR,79,282,41
218,Sheri,Chavez,2006-12-20,Rivasville,RI,WR,70,295,73
219,Robin,Garcia,1995-08-21,Angelaland,VA,QB,73,171,25
220,Shaun,Ray,1990-12-23,Wilcoxburgh,IN,QB,76,244,39
221,Blake,Rodriguez,1998-03-03,Taylorside,UT,TE,76,234,85
222,William,Berry,1999-03-14,Henryton,NV,TE,69,175,13
223,Patricia,Mora,1992-02-18,Masonport,DC,TE,68,195,55
224,Alexander,Wiggins,2004-03-27,West Justin,IN,WR,69,265,83
225,Nicholas,Phillips,2005-04-24,Rhodesfort,MT,TE,74,189,74
226,Jerry,Davis,1999-12-22,Kyleland,RI,QB,68,191,9
227,Joshua,Baker,1986-10-14,Port Kimberly,NV,TE,76,243,60
228,Stephanie,Watkins,1989-05-31,East Mark,CA,RB,75,277,25
229,Adam,Rogers,1990-10-24,Amymouth,TX,RB,80,244,25
230,Joshua,Gonzales,2000-10-25,Taylorland,NV,WR,76,268,52
231,Melissa,Schultz,1988-02-05,Port Sheilaport,CT,WR,71,192,78
232,Heather,Jimenez,2004-10-30,Lake Manuel,IL,QB,77,290,85
233,Gregory,Robertson,2001-09-29,West Megan,CO,WR,73,258,30
234,Mandy,Owen,2006-12-04,South Joshua,NV,WR,72,218,8
235,Mark,Esparza,1992-09-17,Robbinsmouth,IL,TE,78,299,89
236,Hannah,Day,1997-12-25,Blackstad,GU,WR,77,204,32
237,Jessica,Hines,1994-10-10,Danielfort,FL,WR,76,165,37
238,Kathleen,Newton,1994-01-17,Port Kellystad,AS,RB,69,297,0
239,Donna,Walker,1993-06-21,Lake Kelly,WV,TE,73,227,15
240,Daniel,Caldwell,2004-05-10,South Nicole,IN,QB,79,293,81
241,Joy,Bryant,1992-12-12,New Thomas,PR,QB,80,237,76
242,Heather,Moore,1998-09-03,Jimmyview,HI,RB,74,254,38
243,Kimberly,Douglas,2005-07-05,Lindseyville,AS,QB,79,289,12
244,Anthony,Avila,1995-08-12,Timothytown,HI,RB,74,250,0
245,Christopher,Griffin,1998-04-09,Port Patriciaville,VT,WR,76,299,4
246,Aaron,Murphy,1994-08-13,Jenniferview,SC,WR,76,293,48
247,Jennifer,Lopez,2002-06-22,Vickiemouth,FL,WR,75,276,71
248,Amanda,Dominguez,2002-01-28,Port Normaland,PW,RB,71,237,16
249,Lauren,Morales,1985-06-29,Lake Markberg,TN,QB,70,282,88
250,Isabella,Smith,1991-01-09,Andersonview,MA,RB,73,283,10
251,Kelsey,Stewart,2007-06-13,Johnsonview,MD,TE,68,165,89
252,Mary,Moyer,1992-03-17,Davenportburgh,OH,WR,74,274,96
253,Brenda,Potter,2001-02-08,Lake Mark,GA,QB,79,294,49
254,Kellie,Moore,1987-08-28,Scottchester,FM,WR,79,160,18
255,Nancy,Raymond,1990-10-26,Scottport,OK,RB,74,188,70
256,Richard,Romero,2007-10-09,West Christopherstad,CT,QB,70,151,33
257,Amanda,King,2004-02-01,Brianville,FM,QB,73,188,1
258,Brenda,Li,1996-12-01,Brownmouth,KY,WR,75,204,41
259,Amy,White,1990-04-16,Lake Sheilaborough,WA,TE,79,275,58
260,Lori,Pierce,1986-07-28,South Jillfort,TN,TE,73,298,67
261,David,Turner,1998-09-20,Velezview,AZ,RB,80,298,30
262,Faith,Mann,1999-02-23,Michaelshire,SC,QB,74,151,55
263,Elizabeth,Wilson,2006-09-12,Luischester,AS,RB,73,152,22
264,Jeffrey,Payne,1996-08-10,West Joshua,VT,RB,79,297,26
265,Jessica,Nelson,2003-12-25,Wellschester,TN,QB,71,292,8
266,David,Bishop,2002-08-29,Natashatown,NC,QB,76,268,30
267,Christopher,Ellis,2001-05-02,Calvintown,AK,WR,74,274,85
268,Martin,Garcia,2003-08-26,West John,OR,TE,78,251,27
269,Teresa,Lee,1996-08-28,South Ryan,PA,QB,72,297,94
270,Rhonda,Mccann,1985-06-30,Port Deniseton,DE,WR,75,171,17
271,Jeffrey,Mckee,1991-08-09,Georgeview,CO,RB,73,233,12
272,Maria,Chavez,1990-03-29,Andersonstad,PA,RB,70,240,38
273,Michelle,Rush,2004-03-26,West Bradley,NE,QB,73,265,7
274,Cheryl,Johnson,1994-12-10,Angelabury,NH,TE,78,214,92
275,Katherine,Stewart,2004-06-30,South Alexanderburgh,IA,QB,72,176,50
276,Douglas,Key,1990-06-04,Middletonview,WA,RB,71,163,67
277,Cynthia,Adams,2006-10-20,Atkinsfort,AS,RB,79,201,26
278,Jordan,Davis,1992-03-22,West Jacobshire,AZ,TE,72,216,74
279,Samantha,Peters,1986-12-15,Davidland,KY,RB,72,185,43
280,William,Ortiz,2005-04-07,Joeberg,NM,TE,68,276,29
281,Anna,Kemp,1999-03-14,South James,NE,WR,69,210,59
282,Ethan,Martin,2007-06-01,Rothburgh,WY,WR,72,285,53
283,John,Goodman,1994-05-18,Williamstown,CA,TE,75,207,74
284,Mark,Bailey,1988-09-09,Walkerbury,KY,RB,72,191,46
285,James,Parker,1987-06-03,North Taraburgh,NE,WR,68,206,4
286,Daniel,Adams,2003-06-14,Andrewhaven,MT,QB,75,256,51
287,Anna,Miller,1990-04-29,New Lisatown,DC,RB,72,238,84
288,Kristy,Porter,2005-11-18,Lindseychester,NM,QB,75,269,16
289,Shannon,Moore,1989-07-26,Angelabury,AZ,WR,71,221,40
290,Laura,Smith,2003-06-23,South Doris,CT,QB,74,167,1
291,Joseph,Oliver,1989-06-09,Port Amber,MN,WR,68,150,16
292,Jeffrey,Brown,1997-06-23,Jonathanshire,MO,WR,79,185,97
293,Chelsea,Martinez,2007-06-01,Chelseabury,AS,TE,76,241,22
294,Matthew,Ferguson,1995-12-31,Lake Emily,NJ,TE,68,277,20
295,Jennifer,Cross,2007-05-30,Devinport,PA,QB,79,202,80
296,Jessica,Franklin,2004-10-26,Port Kiara,MD,WR,74,160,38
297,Sandra,Coleman,1995-08-20,Aaronmouth,PA,RB,80,282,96
298,Tammy,Singh,1985-07-11,West Timothyton,DE,TE,74,195,19
299,Philip,Reyes,1993-02-03,North Carlaberg,MP,WR,80,193,12
300,Tammy,Boone,1996-02-12,Port Jorgeberg,OH,QB,78,271,77
301,Matthew,Doyle,1991-08-18,West Nathaniel,MO,WR,75,176,65
302,Kendra,King,2008-04-14,Port Tamaratown,OH,RB,71,296,36
303,Kathryn,Green,1990-07-25,Christopherton,AL,WR,79,288,98
304,Scott,Carney,2005-10-24,New Karen,AL,TE,77,217,51
305,Steve,Morgan,2006-08-01,Port Katie,NM,RB,80,172,47
306,Amy,Woods,1999-02-14,New Benjaminberg,PA,QB,72,246,4
307,Robert,Good,1985-08-19,East Austin,GU,TE,69,217,45
308,Trevor,Wise,1997-10-03,Smithfurt,MA,RB,71,260,2
309,Marilyn,Davies,2006-02-20,Trevorside,UT,RB,78,161,52
310,Tyrone,Harper,1988-10-14,Christopherberg,MH,WR,74,292,89
311,Norman,Griffin,1993-09-06,Seanside,IL,RB,73,216,96
312,Crystal,Lewis,2000-05-13,Port Valeriemouth,TX,QB,72,286,23
313,Elizabeth,Mendez,2005-03-14,Johnsonbury,FL,WR,74,269,77
314,Jeffrey,Grant,1995-04-10,Reneefort,TX,QB,75,185,91
315,Jason,Morgan,1998-07-08,West Laurenton,MI,RB,73,254,18
316,Jacqueline,Gutierrez,2003-03-14,Mcknightville,LA,QB,73,172,10
317,Robert,Harper,2002-01-06,Armstronghaven,PR,WR,70,259,6
318,Kelly,Baker,2000-11-29,North Brianna,OH,RB,72,240,97
319,Lauren,Peterson,1989-10-26,Nicholasberg,ND,TE,69,207,0
320,Michael,Novak,1985-12-23,North Samuelville,AK,TE,72,294,97
321,Nathan,Myers,1993-12-03,West Jonathan,MP,TE,69,245,77
322,Mary,Good,2006-08-20,Lake Zachary,FM,RB,76,151,80
323,Philip,Berg,1990-02-06,Wilsonbury,MH,TE,76,291,25
324,Madison,Yates,1996-01-14,Nathanfort,NM,QB,77,223,44
325,Matthew,Grant,1997-03-24,West Chadberg,ME,TE,74,243,64
326,Andrew,Atkins,1996-01-19,New Lauren,IN,TE,69,202,88
327,Kevin,Rogers,1988-08-06,Lake Lindseyside,TX,WR,70,171,88
328,Jenna,Smith,1996-11-25,Port Justintown,VA,TE,73,298,38
329,Mike,Richards,1995-08-08,New Franciscoshire,MI,WR,80,189,69
330,Veronica,Johnson,1986-01-18,Hernandezburgh,VT,TE,80,219,34
331,Isaiah,Murphy,1989-02-10,West Phillip,UT,TE,71,250,30
332,Darren,Mcfarland,1997-05-03,Cruzport,IA,WR,78,258,55
333,Charlotte,Gonzales,1994-11-16,Allisonberg,CO,RB,73,219,93
334,Melissa,Doyle,1990-12-24,Maryville,FM,QB,72,197,11
335,Amanda,Ruiz,2004-06-19,New Jamie,ME,QB,80,231,54
336,Vincent,Jones,1994-02-18,West Susanhaven,AS,WR,74,214,44
337,Thomas,James,2001-03-09,Peterchester,MS,QB,74,150,76
338,Kevin,Mercado,1987-11-27,Wesleymouth,DC,QB,79,216,8
339,Michael,Gonzalez,2004-09-06,Port Jasonville,NM,QB,76,266,38
340,Michael,Garcia,2004-06-15,New Amy,RI,RB,79,158,61
341,Jacob,Harris,1985-10-03,Sellersfurt,LA,WR,69,227,64
342,Barbara,Butler,1992-06-18,Port Kevintown,IA,WR,73,258,10
343,Daniel,Frey,1992-04-30,North Waltertown,WV,QB,68,227,37
344,Denise,Duarte,1993-08-09,Amberburgh,AL,TE,72,292,96
345,Heidi,King,1994-10-14,Joshuatown,MH,WR,74,213,2
346,William,Nelson,1988-09-15,South Melindaville,TN,RB,68,217,50
347,Steve,Copeland,2001-12-01,Katherineborough,MP,QB,72,291,83
348,Robert,Clark,1996-04-01,Hessfort,NV,QB,77,185,37
349,Michael,Wright,2004-06-24,New Vanessa,NM,WR,73,237,92
350,Amanda,Keith,1988-07-06,West Rebeccamouth,WI,RB,78,209,35
351,Brian,Miller,1998-12-12,Susanchester,MP,TE,68,234,73
352,Zachary,Perez,1997-10-12,Schaeferfurt,LA,RB,70,192,98
353,Andrea,Owens,1991-01-15,Mariatown,MO,TE,79,175,71
354,Candace,Gonzalez,2000-02-25,Danielbury,OR,QB,76,177,57
355,Gregory,Saunders,1987-09-21,Lake Michael,AR,WR,77,237,47
356,Elizabeth,Delgado,2002-12-12,New Alicia,MI,RB,79,266,15
357,Anthony,Smith,1998-10-15,Huangborough,CA,WR,76,281,22
358,Philip,Hill,2007-12-05,Lake Dale,HI,WR,77,209,99
359,Lynn,Fernandez,1988-04-16,Port Emilyborough,NY,WR,72,277,33
360,Kristin,Thornton,1988-12-23,Carolview,WI,QB,70,186,26
361,Dana,Smith,1993-01-26,New Suzanneville,GA,TE,72,287,28
362,Vicki,Lewis,1994-01-23,New Jessicaview,WI,QB,70,250,68
363,Denise,Luna,1993-09-18,West Jenniferton,AK,RB,73,229,72
364,Timothy,Rogers,1993-04-06,Wilsonmouth,GA,TE,77,204,11
365,Jean,Black,1991-09-13,North James,MD,QB,70,170,5
366,Matthew,Lutz,1997-10-24,Bettyland,CA,QB,71,151,84
367,Christian,Leblanc,1991-04-03,Thomasberg,AK,QB,75,159,14
368,Sandra,Campbell,1990-12-06,New Leslie,FL,QB,73,294,5
369,Nicholas,Williams,1993-07-16,Gillfurt,NH,RB,79,265,52
370,Karen,Hayes,2001-03-22,Bryanfort,CA,TE,72,262,35
371,Scott,Leonard,1991-10-11,South Michaelstad,VT,WR,79,199,57
372,Dominic,Mitchell,1998-02-17,New Brian,LA,QB,79,150,29
373,Brian,Contreras,1988-11-21,Alexisborough,WI,RB,78,237,20
374,Kevin,Lewis,1987-07-26,Larsonport,MT,TE,74,175,94
375,Rhonda,Powell,1986-05-18,Jonesville,GA,WR,68,169,56
376,Richard,Wheeler,2004-06-10,Grayfurt,PA,QB,80,286,38
377,Kevin,Gutierrez,2000-11-08,Lake Melanieborough,IA,QB,74,212,1
378,Timothy,Davis,1996-12-14,Lynnmouth,OK,RB,68,238,41
379,Andrew,Edwards,2005-03-15,East Jessemouth,LA,TE,72,185,72
380,Benjamin,Campos,1990-01-13,Manuelview,VT,RB,75,209,6
381,Tracy,Green,1989-09-24,Williamsstad,NH,QB,73,252,98
382,Ralph,Mcgee,2003-07-10,West Mary,GA,WR,79,243,65
383,Jessica,Esparza,2003-03-08,Klineland,WI,QB,69,253,13
384,Shelby,Montes,2003-11-23,Christopherside,NV,RB,72,177,95
385,Amy,Stephens,1997-05-21,Calebtown,RI,QB,70,246,70
386,Bradley,Jones,2008-01-15,Campbellland,IL,RB,76,162,65
387,Erin,Bell,1990-04-23,North Gregory,LA,WR,79,277,13
388,Patrick,Reese,2007-11-14,West Dana,RI,WR,80,196,15
389,Robert,Kelly,2002-11-24,West Theodore,OK,QB,72,214,88
390,Kelly,Gibson,1999-10-31,Marshallfort,PW,WR,79,172,20
391,Susan,Glass,1988-02-14,Jenniferville,PR,TE,69,169,23
392,Nancy,Davis,2002-07-28,West Ashleymouth,VA,RB,79,283,43
393,Erica,Nolan,2006-11-18,South Carlos,KY,WR,80,236,29
394,Rhonda,Ferguson,2006-12-26,Nicoleville,WA,WR,68,155,71
395,Calvin,Morris,1992-08-19,West Kathleenmouth,SD,WR,73,285,78
396,David,Mcdonald,1987-02-19,West Sean,WI,QB,79,287,29
397,Brian,Smith,1993-05-05,Port Sharonmouth,NJ,RB,76,177,72
398,Timothy,Holmes,1992-12-20,Smithhaven,AK,WR,70,277,30
399,Jeffery,Nelson,2001-03-15,Tammyborough,AR,RB,73,194,3
400,Jay,Gardner,1988-08-16,Nancyview,MH,TE,77,194,96
401,Mark,Leach,1991-12-15,Leefort,GA,WR,69,185,76
402,Marilyn,Luna,1989-09-18,South Emilybury,DC,QB,71,187,51
403,Charles,Willis,1987-06-18,Port Brianville,ID,RB,78,292,28
404,Joyce,Guerra,1991-11-25,South Kurtville,IL,TE,77,150,99
405,Amber,Williamson,2004-10-13,Waynefort,AZ,RB,74,207,74
406,Stephanie,Garza,1993-12-09,East Tonyaport,PW,WR,70,244,75
407,Danielle,Clark,1993-07-27,Nataliefort,NE,TE,72,181,5
408,Carla,Evans,1994-01-08,Rebeccaview,MH,RB,70,282,55
409,Cheryl,Welch,1986-01-18,South Alyssa,NM,RB,71,203,40
410,Darius,Campbell,1988-05-08,Katiemouth,DC,TE,70,253,48
411,James,Brown,1996-12-22,Flynnchester,OH,RB,78,180,23
412,Heather,Webb,2001-02-26,Port Angelicastad,UT,TE,78,158,91
413,Peter,Kline,1993-12-13,East Trevor,VI,TE,76,278,41
414,Melanie,Duran,1996-11-06,Ryanburgh,AL,QB,73,184,78
415,Donald,Williams,2003-10-23,Larsonfort,MP,WR,74,242,66
416,Jesse,Kennedy,1999-02-26,Port John,NY,TE,76,240,48
417,Christopher,Stone,1990-12-08,South Lisachester,RI,TE,76,247,84
418,Christopher,Kim,2000-02-14,Lake Stacey,UT,QB,71,258,86
419,Antonio,Delacruz,1986-10-28,Ericksonmouth,PR,TE,77,200,78
420,Samuel,Brown,2007-04-01,Smithton,OH,QB,78,177,92
421,Edward,Brown,2001-07-16,New Philip,AL,QB,80,207,27
422,Ryan,Lawson,2003-05-11,Jamesport,PA,QB,78,234,18
423,Sean,Reyes,2004-01-15,Georgeside,MS,QB,78,270,5
424,Michelle,Jones,2008-02-10,Andrefort,NJ,QB,77,300,64
425,Taylor,Adams,1997-09-09,Roberttown,VI,TE,73,203,68
426,Raymond,Martin,1987-02-28,Port Sarahstad,TX,WR,68,277,88
427,Chad,Floyd,2001-02-16,Garciaview,OR,RB,77,295,23
428,William,Peterson,1993-05-26,Port Carmen,IL,TE,74,291,23
429,Douglas,Williams,2003-10-15,Robbinsfort,ID,TE,80,292,67
430,Justin,Hale,2003-05-27,New David,ND,TE,78,259,51
431,Brian,Drake,2004-05-12,Patelchester,DC,WR,80,265,41
432,Brent,Brown,2004-09-06,Anitatown,NE,WR,73,231,82
433,George,West,1992-03-09,Lake Scott,CT,TE,71,227,90
434,Jennifer,Chapman,2007-10-07,West Amber,OK,RB,80,273,27
435,Dennis,Luna,1985-09-19,Owensbury,AR,WR,68,296,21
436,Matthew,Mcclain,1997-12-13,Kristenview,AS,QB,78,170,33
437,Mary,Harvey,1997-02-05,Juliaberg,AL,RB,76,195,27
438,Luis,Reynolds,1996-09-12,East Alyssaside,PW,RB,73,236,93
439,Nathan,Best,1989-01-04,Rodriguezhaven,OK,TE,80,152,75
440,Brian,Johnson,2004-02-15,Lauratown,UT,RB,71,218,47
441,Robert,Hoover,2007-12-01,Williehaven,NM,WR,77,219,20
442,Brittany,Haas,1997-02-17,South Jamesfort,ND,QB,71,184,72
443,Melinda,Gutierrez,2005-03-23,Cohenbury,WI,RB,68,264,94
444,Stephanie,Spencer,1988-12-23,Port Alexanderfort,AL,RB,69,293,76
445,Carol,Howell,1986-11-14,Heathshire,VT,QB,78,291,42
446,Jonathan,Ballard,2001-07-31,Adriennemouth,NH,RB,68,219,87
447,Shannon,Barrett,1996-03-29,Jessicaton,MT,RB,73,189,28
448,Nathan,Matthews,2006-05-27,Ferrellland,HI,RB,77,252,15
449,Andrea,Powers,1996-04-27,Kimmouth,NJ,RB,73,258,16
450,Michelle,Dixon,1994-12-22,Melanietown,MD,QB,71,152,36
451,Patrick,Newman,2000-11-23,Lake Elizabethburgh,FL,TE,76,300,53
452,Vanessa,Cameron,1991-03-23,East Julieside,MO,RB,80,268,39
453,Nicole,Zamora,2002-08-18,East Cherylton,KS,RB,74,170,94
454,Micheal,Boyd,1993-12-01,West Devon,AL,WR,76,274,66
455,Laura,Barnes,1991-01-12,Kylestad,ID,RB,73,203,14
456,Scott,Wilkerson,1996-03-28,South Kathrynberg,KS,RB,71,210,16
457,Colleen,Palmer,1998-08-16,Krauseton,NV,WR,80,182,90
458,Michael,Mata,1985-10-07,Jameston,AZ,TE,74,194,81
459,Victor,Dawson,1985-12-16,East Michaelbury,IA,QB,72,160,93
460,Sandra,Rojas,2005-04-09,Suzanneborough,AL,QB,80,172,65
461,Jessica,Price,1992-12-17,South Tammyberg,CA,WR,73,251,75
462,Christopher,Cook,1987-05-20,Lesterbury,NV,WR,75,282,35
463,Peter,Owens,1990-04-12,Lake Dylan,IN,QB,75,245,61
464,Craig,Colon,1993-05-26,East Katelynhaven,ND,QB,69,171,14
465,Lisa,Torres,2003-07-27,East Kenneth,MD,TE,72,251,78
466,William,Flores,2006-10-26,Fowlerfort,IN,QB,80,165,54
467,Anthony,Galvan,1987-10-11,Whiteton,MH,QB,80,270,3
468,Christopher,Horn,2002-05-01,Lake Kylie,MA,QB,68,299,42
469,Elizabeth,Patterson,2003-01-02,North Markmouth,PA,WR,74,200,48
470,Brandi,Wagner,1992-10-12,Lake Rogerton,MA,TE,71,157,56
471,Jerry,Lopez,1994-07-11,Anthonyfort,TN,WR,78,186,27
472,Michael,Hess,1990-07-13,Ashleyshire,DE,WR,80,231,50
473,Ashley,Meyer,1998-11-21,South Michael,CT,TE,79,169,26
474,Jennifer,Dunn,1989-03-19,Marcusview,MO,TE,76,207,70
475,Whitney,Li,1993-04-25,Kimberlychester,GU,WR,77,158,62
476,Gabriel,Joseph,1988-06-18,Hodgeport,MS,TE,76,174,74
477,Melissa,Grant,1995-09-12,Bowenshire,AR,WR,73,161,18
478,Brandon,Matthews,2005-07-02,Port Paul,GA,RB,76,224,26
479,Jasmine,Crawford,2001-08-05,Port Robert,GU,RB,72,204,96
480,Brenda,Farrell,1998-06-06,Port Aaron,IA,TE,78,210,77
481,Kimberly,Holland,2000-10-23,Martinview,KY,RB,79,289,36
482,Megan,Mitchell,1990-10-12,Port Jenniferchester,MO,RB,71,300,46
483,Erin,Jackson,1993-09-09,East Paul,MH,QB,73,264,28
484,Kathryn,Flynn,1986-10-07,Samuelshire,FL,QB,73,297,89
485,Jeffrey,Barton,1995-06-27,Shannonville,AZ,QB,80,153,46
486,Stephen,Clarke,1991-08-17,North Sara,DC,TE,68,234,51
487,Samantha,Reed,1992-07-27,Robinsonshire,TN,WR,77,170,81
488,Vanessa,Thomas,2001-04-12,New Paula,NC,QB,72,194,77
489,Tara,Mills,1994-10-18,Alexanderfurt,RI,WR,73,194,89
490,Daniel,Morrison,2007-09-25,South Elizabethberg,OH,TE,77,237,94
491,Kevin,White,2005-05-06,East April,MH,TE,72,228,60
492,Amy,Wyatt,1999-04-10,North Kevin,WY,TE,69,279,77
493,Stephanie,Wells,1989-12-28,Barbaraton,NE,QB,74,296,3
494,Janet,Hood,2000-04-12,East Tyler,KS,WR,78,172,15
495,Wayne,Huff,1998-03-18,Lake Alexander,ME,TE,79,231,80
496,Chad,Pruitt,1985-05-18,Davisfort,NY,QB,74,166,4
497,Michael,White,2005-05-07,South Stephenbury,GU,QB,79,286,69
498,Kimberly,Bond,1987-04-11,Taylorport,PR,RB,73,230,3
499,Linda,Rose,1993-09-16,Port Brian,IA,WR,77,274,71
500,Jeffrey,Ibarra,1992-12-03,Jamesville,MI,WR,74,229,69
501,Morgan,Bolton,1989-10-02,North Justinberg,GU,RB,71,161,21
502,Christopher,Soto,1985-12-17,New Andrew,PR,RB,70,245,36
503,Melissa,Kirby,1992-12-21,Hartmanbury,GA,WR,77,173,61
504,John,Lawrence,1992-04-04,Carolynburgh,CO,WR,75,291,42
505,Jessica,Holden,1990-12-20,New Tristan,MI,RB,74,214,83
506,Lauren,Wagner,1994-02-05,East Karenmouth,FL,RB,78,273,64
507,Stephanie,Martin,1995-08-28,Latoyafurt,TX,RB,79,193,78
508,Michael,Rogers,1991-11-18,South Derekhaven,MS,WR,78,281,75
509,James,Gardner,2006-06-23,South Frankberg,MA,QB,69,252,22
510,Alvin,Kemp,2005-07-10,Bradfurt,MI,WR,75,233,55
511,Christine,Shaffer,2007-04-24,Greeneview,MO,WR,70,244,82
512,Jennifer,Gutierrez,1992-01-10,Lake Vincent,RI,QB,70,242,77
513,Ryan,Wade,2001-11-06,Johnsonburgh,AS,TE,69,200,55
514,Roger,Taylor,2002-08-19,Carterberg,AK,QB,78,236,41
515,Dawn,Grant,2000-03-04,Doughertyfurt,SC,RB,75,186,42
516,Jennifer,Johnson,2000-06-07,Port Dylan,AR,RB,77,173,71
517,Gregory,Jones,1986-11-22,Jimenezfort,VA,QB,69,262,38
518,Theresa,Webb,1995-01-31,North Morgan,NY,QB,75,274,64
519,Felicia,Jenkins,1988-11-06,North Michaelmouth,HI,WR,74,195,57
520,James,Sullivan,1996-03-30,New Elizabethport,HI,WR,75,213,66
521,Lisa,Smith,2005-02-24,North Scott,LA,TE,72,204,24
522,Tammy,Bailey,1987-04-18,Leehaven,MA,RB,71,204,93
523,Madison,Marshall,1991-09-27,North Juliestad,WV,RB,77,299,66
524,Heather,Moore,1989-10-25,North Juan,MD,QB,79,243,4
525,Mark,Brown,1995-03-29,Fernandezberg,AR,TE,68,233,54
526,Jill,David,2006-01-09,New Whitneyfurt,SC,RB,73,226,24
527,John,Thompson,1985-07-04,Jaclynchester,NE,RB,79,156,73
528,Susan,Clayton,1998-05-07,Lake Mark,MT,QB,80,202,93
529,Andrea,Lewis,2000-08-14,New Johnburgh,CO,RB,70,188,77
530,Danny,Golden,1996-10-13,Robertshire,MS,WR,71,254,93
531,Brett,Keller,1996-05-28,Ethanmouth,AK,QB,78,292,89
532,James,Fisher,2006-02-09,Maryview,GA,RB,78,223,18
533,Catherine,Carson,1986-05-04,Johnsonberg,AR,TE,72,163,38
534,Betty,Alexander,2002-04-13,Port Amanda,KS,QB,78,291,69
535,Johnny,Abbott,2005-08-04,Stevenville,AK,QB,75,277,48
536,Jonathan,Alexander,1986-03-01,East Jermaine,LA,TE,73,165,47
537,Joseph,Garcia,2000-07-06,West Tammyside,PW,WR,68,277,65
538,Patrick,Doyle,1987-05-03,Charlesland,VA,TE,80,279,65
539,Rachel,Matthews,1997-10-13,Olivermouth,FL,TE,80,281,40
540,Kenneth,Hunter,1992-06-09,Bobbyview,DC,TE,75,191,39
541,Kathleen,Williams,2002-05-12,North Madison,NM,QB,74,258,1
542,Wesley,Smith,1988-08-07,Catherineton,ND,RB,70,179,82
543,Alicia,Good,1996-01-13,South Jill,SC,WR,79,165,17
544,Caroline,Johnson,1991-12-09,Jessicafurt,MI,RB,77,151,92
545,Nicole,Crawford,1985-10-31,Toddville,GA,RB,70,282,23
546,Sherry,Farley,1996-01-11,East Andrew,LA,TE,75,180,65
547,Maria,Porter,1994-02-01,West Michelleborough,FM,TE,77,187,46
548,Sarah,Ortiz,1998-10-22,New Kevin,VA,WR,74,256,33
549,Dennis,Beck,1994-01-25,North Mark,FM,TE,77,178,70
550,James,Espinoza,1986-07-14,South Amanda,RI,RB,74,285,99
551,Jack,Robertson,2002-05-30,Lake Raymond,WA,WR,78,270,74
552,Patricia,Parker,1989-02-22,Port Markburgh,WY,QB,72,223,36
553,Kristen,Tucker,2000-02-26,West Sharon,DE,QB,71,212,77
554,Kelly,Hull,2004-08-23,Lake Ashley,MI,TE,79,189,44
555,Ernest,Sawyer,1993-05-12,Lambertshire,CO,WR,77,262,52
556,Ariel,Alvarez,1992-01-07,Port Michael,WV,QB,76,249,43
557,Matthew,Myers,1997-03-29,Elizabethport,PW,TE,73,216,4
558,Amanda,Smith,1996-02-21,Amandaberg,AK,QB,69,209,43
559,Ryan,Kelley,1995-03-21,Michaelfort,OR,WR,77,165,40
560,David,Burns,2006-01-21,Lake Mary,TN,QB,80,154,30
561,Courtney,Wright,1987-09-29,South Cynthiaberg,NH,RB,76,300,37
562,Tina,Wilson,1991-12-24,Port Cynthia,WV,QB,76,275,35
563,Douglas,Taylor,2004-09-08,East Matthew,SD,TE,69,152,94
564,Jennifer,Lewis,1996-06-29,Chelseafort,PA,TE,73,238,49
565,Mitchell,Hayes,1996-05-10,Garciaview,NM,QB,74,186,80
566,Rhonda,Perez,1999-04-29,West Barbarashire,PW,QB,69,179,92
567,Patricia,Hardy,2007-03-07,Danielstad,NE,TE,79,181,59
568,Daniel,Bowman,1987-11-14,Lake James,NM,QB,73,170,63
569,Angela,Hatfield,1996-03-12,Gabriellafort,AR,RB,74,259,35
570,Zachary,Brown,1992-02-20,South Davidborough,PW,QB,68,159,63
571,William,Rivera,2001-12-01,South Christina,KY,RB,79,246,35
572,Thomas,Thomas,2003-02-03,Lake Andrewbury,KS,WR,72,162,19
573,Michael,Holden,1991-08-24,Michaelmouth,AS,RB,76,180,75
574,Edward,Jimenez,1986-04-07,Tarachester,PA,WR,79,150,0
575,John,May,2005-03-25,South Jay,OR,TE,70,296,18
576,Austin,Freeman,1989-11-19,West Andrewview,WV,TE,78,220,74
577,Shane,Nelson,1999-01-16,Popeberg,IL,WR,76,152,51
578,Chelsea,Espinoza,2001-05-19,New Joyce,NV,TE,72,156,63
579,John,Parker,1998-03-04,East Ellen,OR,QB,68,272,79
580,Dylan,May,1997-07-31,Penaberg,SC,WR,68,169,23
581,Aaron,Williams,1995-05-01,Chandlershire,ND,TE,79,177,44
582,Jodi,Castillo,1991-12-09,Port Patricia,NM,TE,80,173,16
583,Timothy,Craig,1994-11-03,Port Thomasbury,ID,QB,76,264,0
584,Robert,Hale,2006-06-07,Jonview,ID,TE,71,228,54
585,Charles,Castillo,1993-04-30,Hollyberg,TX,WR,77,159,33
586,Hannah,Miller,1999-05-14,Gordonborough,NC,QB,69,240,95
587,Peter,Gibson,1999-01-13,Thomasfurt,DC,QB,80,263,25
588,John,Roberts,1988-03-29,Lake Seth,MN,RB,68,265,22
589,Hannah,Rodriguez,1997-06-25,North Corey,KS,WR,70,156,90
590,Gary,Berger,2003-09-15,Garyland,AZ,QB,74,244,21
591,Jill,Sosa,2005-12-28,Brianberg,GA,TE,79,202,28
592,Brent,Stephenson,1986-12-05,East Elizabethborough,MH,QB,71,287,33
593,Paul,Bauer,1997-01-17,Hallfort,AL,RB,79,168,67
594,Erica,Potter,1995-10-03,Lisastad,HI,RB,70,198,13
595,Tasha,Howard,1987-05-05,Weekston,MH,QB,71,264,91
596,Richard,Mills,1987-06-08,West Rachel,CT,QB,69,176,90
597,Edward,Arellano,1996-01-20,West Brenda,MD,RB,75,298,3
598,Vincent,Webb,1999-12-21,Port Richard,AL,WR,80,277,91
599,David,Mcdonald,1986-08-12,Stevenville,WI,TE,70,253,17
600,Wesley,Pacheco,1995-07-10,Randyville,MI,RB,74,249,86
601,Nancy,Hooper,1988-03-08,Lake Robinmouth,NV,RB,71,189,76
602,Jordan,Lopez,2004-06-05,Theresaville,PA,WR,77,266,41
603,Karen,Mitchell,1987-10-08,New Emilymouth,ND,RB,74,263,18
604,Karen,Morgan,1993-01-06,Thomasstad,WV,WR,78,184,41
605,Karla,Hampton,2000-01-26,Marquezborough,FL,QB,69,278,97
606,Catherine,Tucker,1995-05-05,West Erin,WV,TE,79,229,90
607,Susan,Harris,2004-12-24,Sheltonfort,PA,TE,76,290,22
608,Amy,Morgan,1995-07-21,Lake Dawnshire,AR,QB,80,267,29
609,Elizabeth,Huynh,1988-04-20,Lake Joan,GA,WR,71,247,20
610,Philip,Blackwell,2007-02-26,West Joshuafort,CO,RB,71,161,20
611,Emily,Guerrero,1988-11-19,Jensenport,NC,RB,68,197,88
612,Julie,Davis,1997-01-19,Murillofort,GA,RB,75,291,76
613,Harold,Snyder,2000-03-06,Gordonchester,CA,TE,79,258,6
614,Francisco,Middleton,2007-08-02,Josephhaven,NY,WR,68,247,18
615,Alexander,Mitchell,1990-03-02,Thomasshire,CA,TE,77,190,3
616,Paul,Martinez,1988-01-20,West Laurafort,IN,QB,80,157,56
617,Tammy,Rogers,2007-02-26,Davisshire,NJ,RB,79,193,34
618,Joan,Mills,1995-06-29,North Trevor,OH,WR,74,176,3
619,Bill,Ward,1997-06-29,Lake Michael,MI,WR,69,285,49
620,Veronica,Jones,1998-07-21,New Caseyshire,OH,TE,73,223,41
621,Joseph,Fields,1995-10-29,Annaborough,DC,TE,69,292,39
622,Jeffrey,Williams,2008-02-09,South Joelfurt,GA,QB,75,259,45
623,Michael,Lee,1994-05-20,Powellland,DE,WR,74,169,15
624,Kelly,Harrison,2002-05-12,Josephville,NH,TE,72,210,73
625,Carlos,James,2003-10-13,Griffinmouth,LA,WR,74,179,98
626,Pamela,Yoder,2008-04-19,Lynchville,NV,QB,73,188,91
627,Alexandra,Peterson,1994-07-27,Jasonstad,SD,QB,76,202,83
628,Patricia,Foster,2001-02-09,Stewartport,PA,TE,70,278,20
629,Lawrence,Best,1992-04-01,New Michael,WY,WR,78,222,29
630,Crystal,Harris,2001-07-06,Judyburgh,PA,RB,73,268,73
631,William,Johnson,2006-03-25,Lisaland,DE,RB,74,283,2
632,Joshua,Diaz,1985-11-04,Thomasshire,AS,RB,79,213,2
633,Julie,Mcdaniel,1999-02-18,North Jennifer,AS,QB,80,180,69
634,Matthew,Larson,2003-12-11,Lake Marc,OR,RB,74,153,90
635,Shannon,Shepherd,1998-09-11,South Tamara,NH,RB,72,176,69
636,Douglas,Holmes,1986-06-04,North Michelle,TX,TE,74,235,99
637,Maxwell,Jones,1989-10-17,Cohenfurt,NE,QB,73,267,5
638,Jimmy,Henderson,2002-01-17,West Stephenfurt,OH,WR,73,243,23
639,James,Clark,1993-07-12,West Ericmouth,UT,TE,78,251,4
640,Karina,Chan,1999-06-02,East Thomaston,WA,QB,68,293,78
641,Joseph,Ramirez,2000-02-18,Lake Jonathan,ME,TE,78,223,39
642,Michelle,Mejia,1995-01-25,Moraburgh,WI,WR,69,179,76
643,Chad,Hill,2006-11-11,New Rebecca,UT,QB,76,200,24
644,Grace,Chavez,1999-09-04,South Davidton,CT,TE,71,228,44
645,Nicole,Castillo,2003-06-06,West Saraville,RI,TE,80,215,36
646,Regina,Watson,1988-10-31,Pennyfurt,VI,RB,69,161,26
647,Michael,Hill,1993-02-17,Larsonside,WV,RB,73,189,13
648,Rebecca,Khan,1995-10-28,Patelmouth,WI,RB,77,186,53
649,Gina,Mccullough,1985-11-06,Terryside,PA,RB,79,234,85
650,Jessica,Hicks,1994-11-20,Sergiohaven,VT,TE,76,268,22
651,Catherine,Bean,2004-03-24,Cruzhaven,KS,RB,73,174,25
652,Roger,Russo,1997-08-07,East Angelicaburgh,AK,RB,76,299,19
653,Erik,Black,1985-11-24,Mahoneymouth,ME,TE,72,222,25
654,David,Lowe,2003-12-08,New Donald,WA,WR,72,283,77
655,Mariah,Wright,1998-07-15,New Crystalfurt,MT,WR,78,239,73
656,Michael,Welch,1996-12-26,West Elizabeth,ID,TE,77,204,13
657,Gail,Fields,2002-08-28,West Adam,WV,RB,80,236,0
658,Tony,Roth,2001-12-19,Lake Williamfurt,MN,WR,75,222,9
659,Traci,Reeves,1988-10-28,South Alexander,MO,TE,68,158,19
660,Stephanie,Mclean,2007-02-26,Jeremychester,GU,TE,79,265,32
661,Randy,Yu,1997-10-11,Mathewsshire,FM,RB,74,282,13
662,Michelle,Salas,2000-06-17,Port Richard,NE,TE,75,279,3
663,Holly,Howe,1992-11-30,North Angelica,OR,WR,68,207,16
664,Sarah,Munoz,2001-09-20,Maryfurt,MD,TE,75,220,73
665,Clifford,Perkins,2007-11-04,North Kristinville,ND,QB,70,192,93
666,Lisa,Stewart,1987-11-19,Jenniferside,FL,RB,73,276,56
667,Kenneth,Garcia,2002-09-20,Allisonmouth,TX,WR,73,217,12
668,Anna,Boyd,2004-11-20,East Margaretchester,KS,WR,80,174,31
669,Tiffany,Kerr,2003-06-26,North Michaelside,PR,RB,70,260,50
670,Anthony,Johnson,1995-09-27,Rodneyburgh,MD,RB,68,186,16
671,Scott,Holloway,1986-07-14,Pughview,CA,WR,79,252,31
672,Erika,Mason,2003-02-24,Mariestad,SC,WR,71,268,47
673,Emily,Ortiz,1986-11-29,Jenniferbury,PR,QB,69,204,97
674,Lisa,Morrow,2005-01-26,South Jamesberg,MD,WR,74,189,26
675,Adam,Cruz,2002-10-26,Lisaland,AL,WR,70,218,80
676,Jeffrey,Castro,1998-02-23,West Michael,AL,TE,69,181,29
677,Brandon,Perry,1990-10-09,Jonesshire,VI,WR,72,275,7
678,Frank,Roberts,2003-01-19,New Eric,PA,RB,73,232,97
679,Ruth,Johnson,1999-07-31,West James,KS,TE,77,164,16
680,Tyler,Davis,1990-09-14,Lake Gregory,ID,QB,70,155,10
681,Jeff,Harris,1985-05-08,North Gary,KS,TE,76,195,31
682,Misty,Crawford,2005-11-05,Annaville,NY,RB,77,269,17
683,Jessica,Jordan,1989-05-30,Russostad,FM,QB,72,245,37
684,Kathleen,Stephens,1997-11-16,Gonzalezstad,IA,QB,74,197,45
685,Jody,Phillips,1990-09-08,East Jessica,NM,WR,70,267,40
686,David,Potter,1999-12-08,Woodton,PA,WR,68,206,69
687,Jodi,Mitchell,2006-11-23,Lake Ricardo,AR,WR,72,174,55
688,Emily,Garcia,1989-05-24,South Deborahfurt,SD,WR,76,202,23
689,Stephanie,Anderson,1992-03-18,Billyshire,NV,TE,76,150,48
690,Laura,Contreras,1998-02-06,Andrewsside,WY,RB,76,265,16
691,Kathryn,Riley,1999-03-30,Campbellhaven,WV,WR,79,217,88
692,Alexis,Keith,1997-06-04,Emilystad,DE,TE,71,244,44
693,Anthony,Molina,1996-06-22,Robertside,AS,QB,71,173,22
694,Rebecca,Leach,1985-10-12,Christinaport,CO,WR,79,292,69
695,Cameron,Oneill,2007-12-07,South Douglasburgh,AR,QB,76,155,26
696,Debra,Chambers,2001-07-02,West Adrian,WY,RB,70,202,69
697,Daniel,Blanchard,1997-06-03,Stephaniebury,WV,WR,70,211,11
698,Elizabeth,Lindsey,1989-09-02,Hubbardberg,UT,RB,78,285,31
699,Richard,Phelps,2000-09-30,Amberfort,VA,QB,80,161,65
700,Laura,Graham,1993-07-15,South Danielle,MP,QB,68,280,34
701,Michelle,Walker,2002-02-08,Stewartbury,ND,WR,80,199,7
702,Christopher,Reyes,2003-05-06,East Jeffrey,KS,TE,69,229,47
703,Andrea,Howard,2001-11-06,Lake Ryanland,KY,RB,79,185,11
704,Carl,Haynes,1994-01-22,Port Gregside,MS,QB,70,285,94
705,Judith,Chavez,1985-12-29,Robinsonshire,AK,TE,69,224,15
706,Sandra,Guzman,2000-04-19,South Amy,WY,RB,70,259,7
707,Danny,Gomez,2002-03-29,Melissaville,HI,RB,74,155,93
708,Tiffany,Riley,1988-03-14,Andersonfort,DE,WR,68,230,70
709,Anna,White,1989-03-07,Riosborough,FM,TE,72,192,74
710,Jared,Meyer,2002-08-31,Pagetown,MO,WR,77,281,94
711,Justin,Cross,1985-05-05,West Jessica,CA,RB,78,154,38
712,Roger,Moore,1990-12-14,Cathyton,VA,TE,80,230,92
713,John,Delgado,2000-11-14,Brianhaven,IA,QB,68,233,89
714,Michaela,Hull,2005-08-30,Elizabethchester,WY,RB,78,270,59
715,Jessica,Brown,1991-11-27,Tatefort,MT,TE,79,261,30
716,Nathan,Hopkins,1989-01-10,West Dakota,ME,RB,69,157,32
717,Meghan,Martinez,2003-12-20,North Hayden,MO,TE,76,175,69
718,Wendy,Robertson,1991-03-10,Ramosport,MA,TE,77,167,1
719,Cynthia,Cline,1989-08-06,Lindatown,KS,WR,69,152,68
720,Christopher,Roberts,2007-05-05,North Anthony,MP,QB,70,179,55
721,Daniel,Diaz,1997-05-16,New Vanessaton,VI,WR,79,199,20
722,Dylan,Booth,1987-11-08,Port Amymouth,NC,QB,74,229,89
723,Rebecca,Joyce,1988-09-07,West Hannahfurt,PA,RB,71,176,71
724,Kevin,Lawson,1998-02-28,Port Lisaville,CO,TE,75,233,91
725,Melvin,Oneal,1993-11-17,New Daniel,DE,RB,68,242,9
726,Kimberly,Turner,1986-01-11,North Johnborough,MO,QB,72,158,93
727,Paula,Williams,1987-07-20,West Jeremyport,OH,QB,76,209,25
728,Denise,Steele,1989-02-05,Kevinfurt,NH,TE,74,290,83
729,Mitchell,Fields,1988-07-11,West Thomaschester,VI,WR,75,254,94
730,Jason,Bell,1990-03-09,Jamesborough,AR,RB,77,161,54
731,Mario,Frey,1997-11-05,Chadchester,NY,RB,77,261,59
732,Michael,Ortiz,1988-12-19,Juliemouth,ND,RB,78,267,82
733,Brandon,Cole,1995-08-26,New Desireeport,MP,WR,72,261,6
734,Regina,Wells,1992-02-03,South Donnaton,NY,QB,79,213,30
735,Chelsea,Jenkins,1993-01-15,Munozfort,TN,QB,72,261,98
736,Kevin,Anderson,2003-10-27,Lisaberg,AL,RB,74,185,72
737,Matthew,Rivers,1994-09-01,South Andre,IN,RB,74,300,57
738,Alan,Reilly,2007-03-25,Myersside,MN,WR,68,223,58
739,Sarah,James,1987-08-26,New Matthew,NH,WR,69,229,99
740,Bryan,Erickson,2000-12-20,Lake Dennismouth,MI,WR,68,162,47
741,Daniel,Rivera,1986-07-27,Alfredshire,FL,QB,69,231,69
742,Lauren,Johnson,1986-07-06,Debramouth,RI,TE,69,290,11
743,Andrea,Harrison,1993-02-10,Port Nancyburgh,WA,RB,73,171,15
744,Valerie,Davis,2006-11-22,West Jillianland,VT,RB,68,207,3
745,Jason,Morris,2008-04-16,New Richard,KS,RB,77,188,17
746,Michael,Jones,2005-12-14,Hayleytown,NY,QB,69,177,2
747,Joshua,Powell,1989-10-24,New Stevenchester,NV,WR,71,264,84
748,Austin,Wu,1996-07-19,Russellland,WV,TE,72,271,87
749,Luke,Oliver,1993-12-19,South Laurie,ME,TE,73,275,77
750,Anthony,Swanson,1989-03-06,Port Kimberlybury,AR,RB,78,204,34
751,Amanda,Smith,1992-11-22,New Biancamouth,NH,TE,74,284,33
752,Carlos,Newman,1990-01-16,Lake Robertberg,KY,TE,78,187,35
753,Michael,Mcintosh,2002-10-31,West Stephenshire,FM,TE,69,262,17
754,Jennifer,Phillips,1990-03-05,New Julieview,WI,TE,77,188,61
755,Caleb,Jones,2007-09-28,East Glenn,PR,TE,74,283,66
756,Keith,Ewing,1999-02-12,North Jacobside,PR,QB,70,226,36
757,Karen,Mcdowell,1993-06-01,Sarashire,MT,QB,69,241,64
758,Victor,Reyes,1995-03-30,Lake Lindaview,WY,RB,78,262,54
759,Rhonda,Baldwin,1985-10-28,East Aprilborough,NV,QB,74,208,79
760,Yvonne,Webb,2003-07-10,Christopherfurt,FM,QB,72,186,25
761,Derek,Vance,2005-11-15,Port Brandon,NE,TE,69,170,56
762,Cassandra,Taylor,1993-03-01,Lake Donaldmouth,FL,TE,68,231,93
763,Douglas,Henry,2001-01-26,East Robin,AK,RB,80,207,15
764,Jessica,Gallagher,1991-09-13,West Melissashire,ME,QB,79,271,9
765,Craig,Clark,1995-02-11,Lake Robert,SD,RB,78,173,20
766,Mary,Lewis,1989-05-05,Jesseborough,CO,RB,71,267,43
767,Anthony,Martinez,2004-09-28,New David,WV,WR,77,273,3
768,Robert,Cobb,1995-10-02,Jonesland,SD,RB,74,169,43
769,Megan,Johnson,2007-05-07,West Patrickville,VA,TE,74,214,40
770,David,Sullivan,1985-10-19,Andrebury,GU,RB,80,235,51
771,Robert,Hart,1988-06-04,Michaelberg,TN,TE,77,272,78
772,Reginald,Mccarthy,1987-04-05,West Brianport,ID,WR,70,238,90
773,Christopher,Wilson,2005-03-05,Port Aaronmouth,OH,RB,76,228,23
774,Susan,Thomas,1991-09-12,East Tanya,FL,TE,68,186,9
775,John,Rogers,2001-01-30,Port Ralphport,MD,RB,71,229,17
776,Kari,Ray,2000-12-03,West Stephaniefurt,CT,QB,80,283,15
777,Laura,Ramirez,1992-12-11,Lauramouth,PR,WR,75,217,48
778,Kristi,Johnson,2000-06-08,Williamsmouth,AL,RB,73,207,66
779,Cheryl,Guzman,2003-05-06,West Susanborough,SC,RB,69,209,34
780,Ryan,Moyer,2000-09-26,Andrewston,MP,RB,71,272,8
781,Laura,Bell,2000-06-03,Ethanchester,NY,QB,76,232,4
782,Laura,Leonard,1986-06-24,Nicholsonview,SC,TE,76,204,45
783,Amber,Morse,2004-06-24,Davidburgh,HI,RB,75,250,98
784,John,Lowe,1987-12-08,Patrickville,NJ,QB,78,205,51
785,Erica,Roach,1999-09-30,Johnbury,AL,QB,69,172,3
786,Barry,Singleton,1987-11-14,South Kennethfurt,GA,TE,77,184,30
787,John,Webster,1998-07-07,Andrewfort,SC,QB,68,300,96
788,Sarah,Stewart,2004-10-29,East Laceyhaven,MI,WR,72,220,66
789,Trevor,Mcmillan,1992-10-05,Ericbury,VA,WR,71,232,32
790,Sarah,Silva,2001-06-20,Cooleyside,VT,WR,73,229,71
791,David,Moore,2006-08-04,Elizabethstad,WA,QB,80,259,26
792,Jordan,Smith,1985-11-23,South Davidberg,WY,WR,80,277,8
793,Chase,Lopez,2003-09-19,Aliceburgh,AR,RB,73,159,58
794,Dana,Clark,1985-08-06,South James,MO,QB,79,276,85
795,Ian,Hamilton,1985-05-12,Lake Christytown,CA,TE,68,190,1
796,Alan,Russell,1998-02-10,Lake Shaneside,PR,WR,76,167,6
797,Steven,Smith,1995-10-02,North Sarah,CO,WR,79,261,99
798,Michelle,Lee,1989-08-27,East Cameron,VT,TE,78,163,63
799,David,Davis,2002-12-07,Vickieton,AR,RB,77,223,57
800,Jessica,Jones,1988-09-09,North Charlesside,NE,TE,68,194,59
801,Paul,Merritt,2001-03-16,West Janettown,OH,QB,80,224,38
802,Pamela,Larson,2000-07-27,North Scott,MT,RB,74,274,59
803,Thomas,Lawson,1989-08-20,Port Nicholasland,AZ,QB,78,248,86
804,Virginia,Best,2003-07-27,Frankton,PR,RB,70,179,17
805,Sarah,Moore,2002-01-18,West Scottmouth,DE,RB,72,181,0
806,Shannon,Barnes,2003-02-04,South Nicoleburgh,ND,RB,77,242,57
807,Stephanie,Baker,2003-03-14,Lake Pamelahaven,KY,TE,74,201,19
808,Sarah,Stevens,1998-08-27,North Andrew,AR,RB,68,201,59
809,Kevin,Farmer,1995-12-01,East Kelly,AL,WR,70,237,40
810,Andrew,Cooper,1998-03-14,Lake Miranda,WY,TE,72,292,2
811,Maria,Murphy,1994-04-05,Moralesshire,WA,WR,74,230,56
812,Jason,Dixon,2002-08-19,East Patricia,DC,RB,75,243,31
813,Aaron,Richard,1998-10-20,Amandachester,CO,WR,69,183,27
814,Christy,Johnson,2000-10-25,North Jonathan,FL,RB,72,273,70
815,Angelica,Smith,1996-03-16,Blakeside,MA,TE,77,195,26
816,Spencer,Schultz,2007-05-14,New Joseph,MO,RB,74,249,52
817,Megan,Love,1989-05-23,South Nancyhaven,GA,RB,79,230,44
818,Deborah,Hoffman,2007-08-03,North Williamview,ID,TE,77,197,62
819,Craig,Jacobs,2006-06-21,New Katie,ME,QB,69,183,5
820,Richard,Matthews,1985-09-21,Hodgesbury,IA,RB,79,213,34
821,Jennifer,Robinson,1999-04-11,West Dustinbury,NY,QB,74,250,87
822,Kristin,Williams,1995-04-16,Christineside,WI,QB,69,222,92
823,Monica,Davies,2000-06-01,North Destiny,DC,RB,72,290,31
824,Jessica,Bender,1989-08-06,Wilsonborough,WA,WR,69,268,47
825,Lisa,Holt,1987-12-08,Josephfurt,NM,RB,76,158,96
826,Andrea,Cannon,1999-07-03,New Theresa,WI,TE,77,241,47
827,Ricky,Watson,1986-03-11,West Suzanne,VI,RB,68,242,80
828,Bruce,Garner,1995-01-17,Cruzville,NJ,TE,73,150,35
829,Raymond,Nichols,2003-08-07,Port Kathleen,MP,WR,79,248,77
830,Teresa,Ibarra,1991-06-28,New Jeanberg,RI,QB,70,165,61
831,Lisa,Smith,1986-02-27,Port Ethan,VT,WR,80,272,24
832,Leslie,Sanchez,1987-07-30,North Joshua,AK,WR,78,286,52
833,Scott,Alvarez,1995-05-18,New Bonnieville,CT,WR,69,264,87
834,Jennifer,George,1986-01-05,Brianland,NE,WR,74,257,82
835,Charles,Taylor,1996-07-01,Carolynview,AS,TE,74,240,98
836,Megan,Little,1988-11-20,Melissafurt,UT,WR,79,226,40
837,Andrew,Brown,2000-08-05,Johnsonmouth,OK,TE,76,294,17
838,Ryan,Garrett,1990-04-16,North Betty,CT,WR,79,175,64
839,Steven,Cabrera,2005-02-27,East Christinaland,DE,TE,78,213,97
840,Gregory,Williams,1995-05-30,East Richardside,OH,RB,69,237,84
841,Benjamin,Black,1998-06-05,East Mary,MS,QB,72,243,64
842,Jerome,Jordan,1993-03-23,Lake Matthewberg,AR,WR,79,246,3
843,Laura,Dominguez,2003-08-07,West Tristanchester,KS,RB,77,298,85
844,Amy,Martin,2001-12-31,Jimenezland,ID,QB,76,234,9
845,Kaitlyn,Mccullough,1989-08-14,Josephport,FM,TE,73,188,35
846,Brenda,Casey,1998-09-11,Port Mark,IL,TE,78,236,6
847,Kimberly,Little,2005-02-28,Harveyfort,OR,QB,71,210,26
848,Nicholas,Bailey,2004-05-02,East Travishaven,CO,RB,80,161,58
849,Melissa,Green,1985-12-05,Port Kayla,CA,RB,70,265,94
850,Ralph,Warner,1998-08-09,North Christopher,VA,QB,71,222,70
851,Brian,Robinson,2003-06-11,Adamburgh,GU,WR,72,253,14
852,Barbara,Montoya,1997-10-17,North Katherineborough,FM,QB,70,266,91
853,Ana,Clark,2007-09-02,Barbarabury,MI,QB,77,281,75
854,Anthony,Frost,2007-02-15,East Tracyland,AL,WR,71,268,6
855,Anthony,Hall,2006-08-09,Hancockchester,GA,QB,68,299,77
856,Kimberly,Sanchez,1989-02-02,Ashleyshire,KS,WR,69,187,80
857,Brian,Mcdowell,1996-06-20,Thomasshire,CO,RB,69,236,32
858,Sydney,Wilkins,2003-09-22,East David,SC,RB,71,250,44
859,Maria,Hoover,2001-02-01,Freemanchester,UT,RB,68,172,57
860,Melissa,Ward,1997-09-23,South Thomashaven,MS,TE,76,234,11
861,Jason,Smith,1991-10-24,Mcdonaldland,NJ,WR,77,225,8
862,Eileen,Myers,1999-07-22,Allenfort,NH,WR,75,207,31
863,Manuel,Porter,1990-01-22,Port Waynefurt,WY,RB,69,199,17
864,Calvin,Rodriguez,1996-07-15,Michaelland,FM,QB,75,171,34
865,David,Green,1995-08-29,Dylanland,VT,QB,73,193,45
866,Kevin,Warren,1998-01-20,Diamondberg,MI,TE,69,205,38
867,Daniel,Jones,1988-06-20,Michaeltown,VT,RB,72,291,92
868,Jennifer,Johnson,2004-01-05,East Darrelltown,ME,TE,72,173,75
869,Rachel,Frank,1996-11-08,Laurenshire,GA,WR,80,294,73
870,Bradley,Joseph,1998-12-04,Brendahaven,MN,TE,74,226,33
871,Shawn,Cervantes,1996-02-05,Chapmanmouth,LA,RB,80,160,58
872,Ross,Conrad,2001-12-24,South Tiffanybury,GU,TE,77,153,77
873,Joseph,Henry,2000-04-04,Rodriguezview,NM,TE,77,198,35
874,William,Haynes,2005-08-20,Mariahland,VT,WR,70,260,93
875,Brandon,Hill,1990-10-27,Gonzalezville,PR,TE,72,281,76
876,Melissa,Hammond,1997-05-04,New Karentown,NC,TE,70,293,91
877,Peter,Flores,1987-02-23,Charlotteberg,NC,QB,73,262,10
878,Gary,Evans,1997-08-09,New Jennifer,WI,QB,78,223,89
879,Courtney,Miller,1985-11-19,Port Michelle,WY,WR,77,208,86
880,Gordon,Bryant,1990-10-13,South Laura,WV,RB,77,167,56
881,Gary,Walker,1986-09-19,Port Paul,KY,TE,68,269,92
882,Amanda,Walker,1985-07-01,Port Michaelbury,PR,RB,69,226,75
883,Jonathan,Patterson,2000-11-07,Kennethfurt,KS,RB,70,164,66
884,Wendy,Roach,2002-12-06,East Kevinhaven,TX,WR,68,224,53
885,Cynthia,Bowman,1987-04-10,South Carrie,NC,RB,79,223,35
886,Riley,Espinoza,2007-10-04,North Luis,SD,TE,74,165,96
887,Richard,Jacobs,2006-06-22,Mckenzieborough,TN,QB,75,235,29
888,Frank,Ortiz,1990-04-27,Port Lauramouth,NE,QB,78,298,57
889,Scott,Rivas,1999-05-06,New Cody,AL,WR,79,201,50
890,Susan,Schaefer,2001-04-12,Walterview,HI,QB,79,170,35
891,Kyle,Walker,1991-05-15,Cherylborough,WY,TE,68,221,0
892,Ethan,Beasley,1998-08-03,Amyborough,AS,RB,72,289,8
893,Robert,Armstrong,1985-08-16,Sherriland,ME,WR,70,157,61
894,Christopher,Brown,2007-03-31,Griffinport,FM,QB,70,176,94
895,Katherine,Graham,1990-02-02,West Bethany,VI,WR,75,211,35
896,Tyler,Spencer,2003-11-07,Michaelberg,CA,QB,80,204,25
897,Linda,Myers,2006-12-18,Port Margaret,AK,QB,68,292,11
898,Megan,Wright,1990-07-19,Delgadofort,LA,QB,74,279,56
899,Rachel,Madden,2005-08-03,Lake Bradleyborough,NH,RB,79,191,49
900,Robert,Jennings,1987-07-11,East Gregoryburgh,AL,TE,78,214,19
901,Robin,Brown,2000-04-11,Brianashire,ND,WR,69,210,26
902,Miguel,Bates,1986-11-26,New Stephaniemouth,KY,WR,78,287,89
903,Christopher,Herman,2005-02-26,Taylorton,CT,RB,68,191,49
904,James,Scott,2004-04-01,Blackburnmouth,VT,QB,68,204,81
905,Tiffany,Butler,2001-12-31,New Michael,WY,RB,75,180,49
906,Colin,Trujillo,2003-08-20,East Heather,AK,QB,73,252,25
907,Louis,Mitchell,1996-12-17,New Sharon,HI,QB,72,169,88
908,Cheryl,Edwards,1997-04-24,New David,LA,RB,74,193,93
909,Dylan,Pena,1997-05-31,Lukeberg,NE,WR,77,171,5
910,Carrie,Alvarez,2007-03-20,South Jacob,IL,RB,78,168,48
911,Katie,Williams,2000-11-19,Washingtonshire,MT,RB,80,203,44
912,Grant,Ramirez,1992-06-11,New Thomasside,FL,WR,73,243,81
913,Nicholas,King,1996-07-05,Walterstown,OR,RB,78,173,15
914,John,Harris,1998-07-10,West Michelleport,NV,RB,71,225,20
915,Javier,Chen,1987-10-31,Garrettbury,IA,QB,78,217,81
916,Jeremy,Cardenas,2004-11-24,Fisherton,NV,WR,74,271,28
917,Austin,Harris,2005-09-13,Lake Samanthaland,LA,QB,72,208,2
918,Jacqueline,Lewis,2002-03-30,Lake Julie,PW,TE,74,190,59
919,Patrick,Jones,1987-08-22,West Migueltown,ME,QB,73,297,72
920,Teresa,Sims,1995-12-30,Derrickfurt,CT,RB,73,269,17
921,James,Rhodes,2006-11-26,North Krystalside,MS,WR,78,219,20
922,Anthony,Gonzales,1991-12-23,Lindsayberg,NJ,RB,69,248,71
923,Shawn,Roberts,1990-03-14,Lake Michael,IN,TE,74,188,10
924,Julie,Shepard,2000-12-14,Rebeccabury,SC,TE,75,295,75
925,Debra,Morales,1995-07-17,East Christinachester,TX,TE,79,258,81
926,Daniel,Medina,2007-01-31,Brianview,DC,WR,72,193,90
927,Francisco,Savage,1997-08-31,North Michelleborough,AZ,TE,69,234,1
928,Christopher,Carter,1996-02-01,South Alexanderchester,MD,QB,72,261,92
929,Mandy,Owen,1991-01-01,New Wendymouth,PR,WR,78,219,25
930,Matthew,Santos,1997-11-10,Codyton,NM,QB,77,237,13
931,Matthew,Contreras,1994-04-15,New Teresaton,NV,TE,68,267,97
932,Valerie,Brown,2000-08-05,Fernandoburgh,CA,WR,69,298,3
933,Joseph,Escobar,1998-06-15,Isaacmouth,VT,WR,76,216,86
934,Steven,Jackson,1997-03-05,Gonzalezberg,PW,RB,68,232,17
935,Shawn,Jones,1999-04-21,South George,NY,RB,80,274,27
936,Tina,Brown,1991-01-04,Brandonhaven,CT,RB,77,210,2
937,Marisa,Hammond,1985-11-19,New Jamie,KS,WR,69,287,46
938,Dominique,Howard,1989-06-15,Suttonmouth,UT,WR,70,161,9
939,Jennifer,Schmidt,1992-02-08,Mitchellland,NC,QB,75,291,71
940,Tammy,Trujillo,2006-10-25,Ericabury,ND,QB,76,257,92
941,Nicole,Walker,1997-06-07,New Felicia,CO,TE,77,249,86
942,Tracy,Bush,2004-12-06,North Carlosmouth,GU,QB,80,190,31
943,Roger,Moore,2007-03-03,Lisaville,WI,QB,68,214,98
944,Ryan,Miranda,2007-05-03,South Diane,CO,RB,78,246,70
945,Eric,Rodriguez,1998-11-24,Sabrinafurt,NJ,QB,77,246,30
946,John,Carroll,1987-02-24,Raymondside,GU,TE,70,175,11
947,Edward,Silva,1991-10-28,South Lindsaymouth,MS,RB,78,186,56
948,Pamela,Thompson,1988-10-18,Tinabury,MH,TE,69,233,65
949,Patrick,Fry,1994-08-13,Mendezchester,MS,RB,72,283,20
950,Matthew,Lloyd,2002-09-06,Port James,PR,QB,79,264,10
951,Stacy,Medina,2008-03-11,Brandonburgh,VI,RB,71,168,32
952,Elizabeth,Green,1996-07-25,Hursthaven,KS,WR,74,290,88
953,Taylor,Rice,2004-04-19,Hurleyville,DE,WR,69,202,84
954,Linda,Zamora,2005-09-28,Keyburgh,NC,TE,79,227,95
955,Shannon,Campos,1995-11-11,Gardnerberg,ND,QB,75,179,2
956,Daniel,Novak,2002-09-04,Williambury,WI,QB,78,294,5
957,Laura,Mckee,2005-04-11,Thompsonville,NC,RB,76,167,16
958,Whitney,Valentine,1985-06-02,Port Jennifer,MI,QB,76,213,74
959,Ruth,Adams,1997-12-27,Kevinmouth,FM,TE,79,181,62
960,Jessica,Campbell,1994-09-24,Walterstad,CT,RB,79,261,90
961,Trevor,Campos,1995-10-14,Brownborough,MD,TE,78,207,52
962,Joseph,Jones,1989-05-09,Vickiside,OH,TE,78,227,32
963,Kathy,Levine,1992-02-21,South Timothyton,MS,QB,75,153,0
964,Amanda,Phillips,2000-07-31,Martinside,PR,QB,68,170,7
965,Paul,Hernandez,1993-09-12,Lake Janet,LA,WR,80,216,42
966,Brian,Campbell,1996-05-01,East Kevin,IA,RB,77,200,88
967,Hannah,Huynh,1993-03-05,Lake Feliciamouth,AL,WR,76,202,23
968,Erin,Williams,1988-03-13,Codyville,PW,WR,71,261,31
969,Anthony,Rodriguez,2008-02-27,East John,OR,TE,75,242,35
970,Tara,Price,1991-07-20,East Katherinemouth,ND,QB,80,164,38
971,Dylan,Baker,1993-12-21,Pearsonbury,MO,QB,80,266,65
972,Jessica,Moore,2000-05-10,Morafort,IA,QB,72,182,3
973,Paul,Jones,1985-09-06,Hollyshire,PA,WR,75,242,71
974,Jerry,Martinez,2000-02-04,South Karenchester,AS,RB,68,258,16
975,Andrew,Webb,2004-03-05,East Kathleenfort,KS,RB,77,172,29
976,Tina,Sanford,1987-10-28,North John,TN,TE,72,266,19
977,Kimberly,Cooper,2001-02-09,Donaldside,WY,WR,77,297,86
978,Katherine,Acevedo,1996-07-18,Markmouth,WI,WR,79,286,77
979,Brenda,Hicks,1999-06-27,Brittanyshire,FL,WR,78,178,29
980,Lisa,Hernandez,1990-09-09,Lake Caitlinview,NE,QB,69,224,30
981,Amy,Allen,1995-10-30,Perezbury,NE,RB,77,203,93
982,Joel,Ruiz,1985-11-03,Stacyfurt,LA,WR,78,296,4
983,Stephen,Morgan,1996-09-25,North Edgarville,FM,RB,78,273,61
984,Sandy,Silva,1999-11-18,Collinsside,MT,QB,78,231,91
985,Andrew,Carpenter,1989-04-22,South Samantha,NY,RB,74,294,74
986,Timothy,Sanchez,1986-05-21,West Anthonymouth,DC,WR,71,201,40
987,Melissa,Logan,1995-10-25,South Kevinhaven,PA,TE,78,172,15
988,Whitney,Rodgers,1994-10-23,Bryanview,UT,QB,80,278,70
989,Ethan,Ford,2006-06-12,Mariaport,PA,QB,79,278,74
990,Bruce,Simmons,2001-04-10,East Timothy,MP,TE,78,257,39
991,Susan,Garrett,2002-02-11,Port Brandonmouth,NJ,RB,80,236,36
992,Elizabeth,Rodriguez,2003-04-10,Cabrerabury,NY,RB,74,210,76
993,Ryan,Ashley,1988-05-21,Vargasmouth,NH,RB,75,262,96
994,Frank,Gonzalez,2003-04-29,West Anne,PW,RB,77,293,2
995,Jacob,Jones,1987-08-13,Bryanport,DE,WR,72,282,26
996,Heather,Martinez,1985-11-11,East Zachary,FL,RB,75,285,52
997,Kyle,Rodriguez,2007-10-25,North Jennifermouth,MT,QB,78,214,70
998,April,Henry,1998-03-19,East Aaron,KY,RB,74,262,71
999,Michael,Woodward,1993-04-13,West Richardview,MD,RB,68,200,13
1000,Darlene,Meyer,1998-12-12,Edwardsstad,LA,RB,79,257,91
1001,Frederick,Williamson,1999-02-03,New Peter,LA,QB,69,150,24
1002,Virginia,Stevenson,2000-08-01,Rachelland,GU,WR,79,232,30
1003,Kathryn,Wagner,2008-03-03,Coreychester,TX,TE,78,209,4
1004,Kristin,Stephens,1991-01-21,Scottbury,MH,RB,72,157,58
1005,Richard,Dodson,2000-08-04,Mooreborough,TX,QB,79,171,57
1006,Michael,Hill,1988-02-13,Luisberg,HI,RB,80,258,67
1007,Suzanne,Jackson,1997-05-07,Christopherland,DC,TE,71,180,48
1008,Erin,Vaughn,2005-07-13,South Sergio,AS,TE,79,263,85
1009,Natalie,Knight,1999-07-23,East Sharonbury,MP,RB,72,223,48
1010,David,Watson,1987-06-19,Griffinbury,NM,TE,80,291,55
1011,Tanya,Holmes,1987-09-20,Mayshire,SC,WR,74,210,75
1012,Gary,Johnson,2005-11-01,Lake Tammyside,WV,RB,68,227,10
1013,Frederick,Whitaker,1993-03-17,Chanburgh,LA,TE,73,232,70
1014,Karen,Wells,1997-09-21,Lake Jeffreymouth,NH,WR,74,230,72
1015,William,Zimmerman,1995-12-21,Taylorland,ND,QB,77,193,3
1016,Lauren,Richard,1987-05-26,Sullivanport,LA,WR,76,177,46
1017,Carolyn,Howard,2006-07-10,Jasminehaven,RI,WR,75,227,87
1018,Sarah,Orozco,1990-08-05,Lake Patriciaburgh,MI,WR,69,151,74
1019,Luis,Smith,1997-09-21,Dianetown,ID,RB,73,228,25
1020,Robin,Frederick,1995-05-27,North Stephanie,OK,WR,69,229,20
1021,Mary,Jones,1989-06-17,Mcguireborough,LA,RB,78,273,96
1022,Ann,Reed,1990-08-25,Alisonmouth,KS,WR,70,191,26
1023,Amy,Le,2000-05-10,Brockshire,WV,QB,73,227,99
1024,Michael,Castro,2000-02-29,Port Codybury,NH,RB,69,181,16
1025,Melissa,Price,1987-02-10,North Jeffrey,NJ,QB,79,157,33
1026,Pamela,Carlson,1997-04-19,Lake Donna,AL,RB,80,170,78
1027,Jennifer,Klein,1985-06-03,Higginshaven,CO,RB,77,167,70
1028,Don,Garcia,2006-07-06,Lake Dana,MP,RB,80,172,94
1029,Cody,Pittman,2007-09-21,South Kyle,MP,RB,74,269,35
1030,Paige,Robinson,1986-06-01,Port Morganmouth,NY,WR,79,273,84
1031,Michael,Moss,1994-05-05,Traciside,RI,TE,73,271,49
1032,Heather,Thomas,2002-05-31,East Sarah,MH,WR,69,154,84
1033,James,Brewer,1985-11-16,Lake Jenniferburgh,VA,TE,76,277,31
1034,Robert,Jenkins,1986-07-23,Port Mariatown,NV,TE,79,200,20
1035,Jacob,Webb,2001-01-18,East Dana,MD,WR,78,211,91
1036,Brandon,Reeves,2006-11-21,Kennedyhaven,AL,WR,76,237,41
1037,Janet,Brown,2004-11-06,New Ricardo,VI,TE,70,270,7
1038,Katherine,Andrade,1992-02-29,Jenningsside,MP,QB,77,284,68
1039,Morgan,Miller,1987-11-01,Mariahmouth,TX,TE,75,234,63
1040,Harold,Donovan,1992-07-25,New Sandraville,AK,QB,77,261,21
1041,Alyssa,Ross,2005-12-28,New Roymouth,DC,RB,68,187,45
1042,Christopher,Lewis,1989-10-12,Joshuaville,MN,TE,71,173,23
1043,Regina,Arias,2006-03-31,Mackenziemouth,SC,WR,77,253,9
1044,Alec,Snyder,1999-03-23,Andrefort,GU,TE,78,212,61
1045,Kevin,Ramirez,2003-01-16,Wilsonberg,NJ,WR,77,223,32
1046,Jessica,Wong,1994-06-02,Michaelburgh,MS,TE,74,168,89
1047,Carrie,Allen,1994-12-12,Lake Danielle,MS,RB,76,158,71
1048,Brent,Potts,2007-06-06,Martinezbury,NJ,RB,77,181,41
1049,Haley,Mcdowell,1988-05-05,Lake Linda,OR,WR,75,266,1
1050,Tara,Powell,1993-05-12,Christopherfurt,AZ,TE,68,280,83
1051,Jessica,Cox,1998-09-05,Hernandezmouth,RI,RB,79,155,50
1052,Brenda,Diaz,1995-01-18,Laurieside,DE,RB,68,296,53
1053,Andrea,Chapman,1999-09-02,Port Christopher,TN,WR,78,153,24
1054,Jason,Knight,1998-07-02,Daltonbury,MT,RB,80,223,49
1055,Jennifer,White,1998-07-13,Kingberg,SC,WR,73,243,10
1056,Amber,Cochran,1987-01-03,Kellyside,WA,TE,70,227,82
1057,Travis,Arroyo,2008-04-20,West Mark,MI,TE,69,182,42
1058,Yolanda,West,1993-06-30,New Adam,PR,QB,76,292,48
1059,Kelly,Williams,1996-11-20,Sawyermouth,NH,QB,80,281,96
1060,Joseph,Valenzuela,1996-03-23,Lewishaven,OK,QB,77,257,17
1061,Christine,Moore,1996-09-20,North Daniellehaven,MS,TE,70,164,77
1062,Matthew,Brown,1992-04-01,North Dustin,IL,WR,72,154,82
1063,Jo,Scott,1985-05-10,Beltranbury,WA,QB,72,255,50
1064,Theresa,Hicks,2003-08-05,Michelleberg,VI,RB,73,229,14
1065,Gregory,Skinner,2003-01-29,East Michaelmouth,AK,WR,77,152,90
1066,Whitney,Wright,2005-01-24,Johnsonland,NY,WR,72,249,58
1067,Randy,Nash,1992-05-21,Port Kevinview,IA,RB,77,266,3
1068,Jonathan,Miranda,1985-11-11,Mullinsstad,MD,WR,78,184,85
1069,Stephanie,Crawford,1987-10-15,South James,GU,TE,80,294,62
1070,James,Orozco,1996-08-06,South Jenny,ME,RB,80,206,26
1071,Dominic,Cannon,2002-10-20,Martinchester,MA,RB,72,154,46
1072,Evan,Franklin,2004-08-29,Joyceview,HI,QB,76,181,18
1073,Craig,Garcia,1993-11-24,New Steven,VT,RB,72,225,50
1074,Rodney,Hernandez,1988-09-02,Port Craigport,OR,TE,72,285,86
1075,Jessica,Montgomery,2005-08-14,Williammouth,CO,RB,70,228,95
1076,Craig,Foster,1996-08-07,Maymouth,NE,QB,70,217,95
1077,Amy,Mayer,2005-05-28,Richardchester,AZ,QB,76,174,90
1078,Joseph,Cox,1992-02-07,Beltranmouth,DC,WR,77,289,66
1079,Brittany,Hardy,2001-03-16,Port Ashlee,CT,WR,78,196,23
1080,Kathryn,Richardson,2001-01-19,East Natasha,MT,WR,73,163,17
1081,Margaret,Obrien,1987-06-02,West Christina,WI,TE,75,207,84
1082,David,Walton,1992-04-12,Jacksonport,GU,TE,74,164,35
1083,Amy,Gray,2002-06-21,Veronicamouth,MI,TE,73,245,82
1084,Leah,Williams,1989-03-19,New Thomas,MI,RB,78,180,33
1085,Jennifer,Lee,2006-05-18,Walkermouth,OR,TE,75,247,39
1086,Margaret,Burns,1994-12-03,East Meredithbury,NE,TE,73,283,39
1087,John,Morris,1995-02-22,North Glennmouth,SC,WR,80,214,89
1088,Alyssa,Boyd,2007-11-29,Natashaton,FL,QB,80,187,73
1089,Tracy,Roth,1987-06-12,West Joseph,KS,RB,70,256,43
1090,Kathleen,Fuller,1991-08-08,Katherineburgh,LA,RB,68,247,96
1091,Katrina,Moore,1993-12-10,Jacobside,WY,RB,69,203,29
1092,Nicholas,Owens,2001-06-28,Francisshire,KY,TE,71,230,9
1093,Laura,Wolfe,1998-06-16,West David,TX,WR,75,268,26
1094,Jacob,Lewis,1996-10-15,Jeremyfort,AS,TE,74,295,86
1095,Roy,George,2004-12-04,Lake Jason,ND,QB,77,167,71
1096,Jonathan,Haynes,1989-04-12,Cathyland,ND,QB,69,292,17
1097,Christian,Robinson,1992-09-11,Travisberg,DC,RB,76,274,53
1098,Candace,Sanders,1997-07-27,East Russellberg,MN,QB,75,273,1
1099,Victoria,Cummings,2003-12-30,West Steven,KY,QB,68,230,21
1100,Janice,Cochran,1998-08-18,New Bonnieview,ID,QB,72,151,42
1101,Patrick,Newman,2005-06-04,Johnsonmouth,LA,RB,78,158,26
1102,Robert,Neal,2000-09-10,Liuport,NC,WR,73,196,63
1103,Karen,Barton,2002-09-01,Kristiton,DE,WR,78,274,13
1104,Teresa,Shaffer,1996-01-29,East Larryside,PW,RB,79,238,97
1105,Mary,Johnson,2005-12-25,Davisberg,GU,TE,73,216,93
1106,Jared,Monroe,1988-06-27,Beckershire,MT,TE,78,229,54
1107,Crystal,Harrison,2002-12-27,Maciasview,MA,QB,80,239,11
1108,Joseph,Burton,1986-06-01,West Debramouth,AR,WR,70,251,70
1109,Michelle,White,2006-09-02,Cruztown,MS,QB,73,185,87
1110,Gregory,Alvarez,1993-09-14,East Sarah,FL,QB,74,214,88
1111,Ryan,Williams,1985-11-26,West Sharonmouth,VA,TE,73,252,15
1112,Katherine,Dennis,2003-06-27,Johnsonfurt,AL,TE,77,299,24
1113,Tammy,Perez,2000-05-23,Cynthiaport,IN,WR,69,277,35
1114,Paul,Little,1994-04-26,Hillland,PA,QB,71,200,29
1115,William,Davis,2003-04-16,Lake Tylerside,HI,TE,71,204,4
1116,Joseph,Miller,2007-03-07,Port Helen,CA,TE,70,166,59
1117,Michelle,Silva,2003-11-30,North Dawnside,ID,RB,80,184,47
1118,Devon,Green,1996-12-27,East Dylan,MI,QB,78,153,80
1119,Desiree,Smith,2001-02-14,South Rebecca,MA,QB,70,233,71
1120,Tiffany,Nelson,2000-07-23,Michelleside,FM,WR,76,214,81
1121,Donna,Simmons,1988-07-06,South Jermaineborough,MI,QB,69,250,94
1122,Marisa,Herrera,2000-05-31,Shahhaven,VT,WR,70,222,85
1123,Patrick,Ramirez,1999-01-14,South Jennifer,NV,QB,76,150,39
1124,Chad,Wood,1999-01-28,East Lynn,TN,QB,69,169,36
1125,Patrick,Hodges,2002-05-10,New Sherri,NM,RB,69,168,63
1126,Susan,Padilla,1999-11-14,Julieport,VA,TE,68,202,75
1127,Alice,Dunn,1996-07-18,South Maria,GU,RB,72,172,93
1128,Justin,Phillips,2006-05-11,Morrisonfort,MO,QB,69,217,27
1129,John,Sanders,1994-06-02,East Matthewland,NH,TE,72,226,2
1130,Pamela,Barber,2008-04-19,Rachelfort,IL,TE,68,206,88
1131,Denise,Patrick,2008-04-25,East Mary,OK,QB,77,213,78
1132,Connie,Rojas,2000-02-08,Kennethport,NV,TE,69,252,14
1133,Brenda,Pineda,1995-09-17,Smithland,KY,QB,77,217,54
1134,Shannon,Barnes,1995-09-23,Melaniemouth,OH,TE,73,299,67
1135,Anne,Wyatt,1986-11-12,North Michael,NM,RB,71,238,93
1136,Jason,Adams,1990-08-25,Welchmouth,IL,QB,80,194,91
1137,Daniel,Livingston,1999-09-28,Port Jackbury,SD,TE,80,162,10
1138,Eric,Howell,2001-11-26,Lake Andrewton,NV,QB,74,282,84
1139,William,Rice,1986-04-11,Brownside,MP,QB,79,215,56
1140,Bobby,Smith,2006-01-23,New Nicole,PW,QB,76,293,29
1141,Henry,Jensen,1991-09-30,Elizabethchester,IN,QB,71,186,53
1142,Ryan,Young,2000-10-10,Andrebury,NC,WR,72,262,78
1143,Anthony,Gordon,1998-01-03,Brightbury,NE,RB,68,163,94
1144,Lisa,Hunter,1997-01-21,Amandastad,WA,TE,80,274,22
1145,Amber,Rios,2005-10-28,Curtisburgh,NV,TE,72,283,57
1146,Joseph,Garcia,1997-10-17,New Sandra,AL,WR,68,273,62
1147,Paul,Hickman,1999-03-17,North Annehaven,NV,QB,79,166,54
1148,Kathryn,Martinez,1996-01-08,Camachoview,ND,WR,71,192,54
1149,Kylie,Higgins,1995-11-09,Caldwellmouth,CT,QB,71,150,92
1150,Theresa,Rodriguez,1992-08-08,Wallview,FM,RB,78,247,35
1151,Joseph,Mahoney,1998-02-01,South Jordan,OH,TE,73,219,99
1152,Nicholas,Snyder,1994-05-02,Tammyburgh,CA,RB,79,248,39
1153,Russell,Williams,1997-08-15,Joshuaport,WY,RB,78,295,74
1154,Richard,Landry,2005-02-21,New Roberta,NC,TE,74,221,35
1155,Jason,Lee,2000-11-27,West Jamesborough,TN,WR,79,196,3
1156,Raymond,Price,2003-03-14,Port Brian,CA,TE,69,297,63
1157,Stephanie,Moses,1999-03-16,Cliffordland,VA,WR,74,181,30
1158,Amanda,Hess,1992-09-11,Hoganport,VI,TE,77,238,64
1159,Christopher,Andersen,1999-02-27,North Laura,AS,RB,75,166,94
1160,Robert,Hurley,1985-07-23,North Matthew,NE,WR,73,294,74
1161,Jerry,Best,1987-10-22,North Amber,OH,TE,80,176,31
1162,Erik,Nelson,2002-05-24,Briantown,ID,TE,80,169,48
1163,Heather,Rice,1993-03-05,Bradybury,WI,RB,79,204,4
1164,Mark,Stark,1993-12-17,New James,WA,TE,77,290,66
1165,Kenneth,Ferrell,2000-03-21,New Katherineberg,ID,TE,69,244,9
1166,Joshua,Johnson,1999-10-03,Rodriguezstad,PA,QB,77,208,58
1167,Jeffrey,Scott,1985-05-24,Meganland,MA,QB,70,215,57
1168,Mary,Bell,2004-08-21,Zavalaville,VT,RB,78,258,55
1169,Christine,Diaz,2003-09-14,Loribury,WA,WR,69,225,38
1170,Valerie,Taylor,1990-01-19,Payneview,AS,TE,72,199,0
1171,Terri,Krause,1997-01-05,Judyland,PR,RB,80,271,94
1172,Jill,Stephenson,2006-11-02,Coryshire,MH,WR,68,159,83
1173,Mitchell,Silva,1987-12-03,Port Jeremy,PR,RB,78,285,81
1174,Jason,Lee,2003-10-17,Darrenton,SC,RB,78,286,14
1175,Brandon,Yoder,1997-01-10,Jillmouth,WA,RB,77,194,68
1176,Miranda,Evans,1993-02-03,Port Courtney,NY,RB,73,296,26
1177,Amanda,Graham,1990-04-22,Lake Ryan,MS,QB,73,153,5
1178,Tiffany,Thornton,1996-09-09,Frankbury,MD,TE,72,263,94
1179,Kimberly,Lowe,1992-01-03,Howardville,PA,WR,80,270,97
1180,Michael,Jenkins,2007-08-07,Lake Joseph,CA,WR,71,222,21
1181,Calvin,Owens,1996-03-15,New Jeffreyton,LA,QB,72,294,80
1182,Lauren,Martin,1999-04-22,New Samanthabury,NC,QB,75,160,44
1183,Nancy,Robertson,1992-03-27,Huntermouth,MS,WR,75,214,32
1184,Kathryn,Lozano,2005-12-27,Rodriguezmouth,GU,TE,76,174,52
1185,Maurice,Everett,1985-06-09,New Ashley,UT,RB,70,205,63
1186,Meagan,Snyder,1995-03-14,Ericaville,FM,WR,76,157,74
1187,Tonya,Henderson,1997-12-10,West Angela,IN,TE,68,192,35
1188,Donna,Marshall,1999-06-24,Kellyfort,ME,QB,74,246,64
1189,Brian,Bowman,1990-05-08,Davidborough,DE,WR,80,295,91
1190,Lisa,Ballard,1992-06-28,Carolineton,MS,RB,79,295,22
1191,Stephanie,Henson,1996-08-26,North Jenniferfort,GA,RB,69,194,50
1192,Ronald,Beck,2004-09-01,Hayeschester,NJ,QB,80,201,65
1193,Donna,Morales,2007-09-08,South Daniel,CA,TE,75,260,41
1194,Eddie,Price,2004-03-29,North Michael,MS,QB,79,183,72
1195,Nina,Reed,2000-05-24,Lake Amber,ME,QB,71,173,53
1196,Beth,Walker,1992-05-07,Cookport,CO,RB,68,228,57
1197,Jessica,Johnson,1986-02-12,New Stacey,MD,RB,74,211,69
1198,Ruben,Gould,1997-03-13,Lake Caleb,NV,QB,79,196,51
1199,Francisco,Kennedy,1998-01-16,North Michaeltown,DE,RB,78,182,6
1200,Monica,Rodriguez,1997-09-17,Rubenside,KS,QB,71,286,87
1201,Caroline,Berry,1985-11-24,Port Vincent,NY,TE,73,299,14
1202,Tammy,Hogan,1995-03-13,Carterville,GA,QB,75,289,27
1203,Brent,Johnson,2007-10-11,West Maryside,NY,RB,69,208,25
1204,Ashley,Garza,1990-09-27,South Patricia,MO,TE,70,151,45
1205,Brandi,Fisher,1987-03-18,Debraburgh,ND,WR,73,227,10
1206,Matthew,Martinez,1992-06-30,Stevenmouth,AL,WR,74,179,39
1207,Stephen,Armstrong,1997-06-18,South Claudia,VT,RB,80,160,65
1208,Hailey,Acevedo,2003-08-15,Mcgeeview,IN,TE,68,190,32
1209,Thomas,Miller,1997-12-30,Jenniferport,SD,RB,73,293,15
1210,Jose,Finley,1987-06-20,Moralesside,DE,TE,80,285,97
1211,Ryan,Rodriguez,2006-10-13,Christophertown,NY,TE,77,240,6
1212,Patricia,Casey,2007-01-19,Lake Danielmouth,MN,RB,80,215,45
1213,Antonio,Scott,2006-11-09,Amberberg,AZ,WR,78,259,67
1214,Benjamin,Carter,1992-12-15,Englishland,UT,QB,68,196,58
1215,Teresa,Bautista,2000-02-12,Kevinburgh,GU,QB,79,292,93
1216,Scott,Hill,1992-12-30,Bairdport,MH,TE,68,222,30
1217,Robin,Logan,1992-05-25,Liview,PR,TE,76,228,9
1218,Sandra,Mcintyre,1991-03-31,Markmouth,ID,RB,75,192,33
1219,Melissa,Hill,2004-03-29,Stephaniehaven,UT,TE,77,279,69
1220,Scott,Smith,2006-03-21,Kellytown,IL,WR,79,266,94
1221,James,Young,1990-04-24,Port Hannahtown,MA,WR,68,261,37
1222,Donna,Gibbs,2002-08-30,Port Joshuamouth,MA,RB,72,242,95
1223,Jennifer,Allen,1999-10-19,North Melissa,NJ,RB,77,204,72
1224,Gary,Jefferson,2002-03-04,Quinnfort,IA,RB,72,271,4
1225,Adam,Smith,1987-06-28,Jasonview,FL,TE,69,185,79
1226,Jennifer,Terry,2007-12-20,Lake Joseph,VT,WR,75,242,72
1227,Johnny,Gonzalez,1999-06-28,East Margaret,MH,WR,73,239,41
1228,Robert,Caldwell,1988-01-26,East Garyville,MT,TE,74,167,10
1229,Cody,Zavala,1993-10-17,Salinasview,VI,RB,73,230,25
1230,Michelle,Watkins,2004-01-17,Wileybury,WI,RB,76,291,99
1231,Matthew,Armstrong,1988-08-20,Jonathanhaven,AS,RB,73,300,11
1232,Kevin,Becker,2001-06-04,Patrickfurt,NE,QB,73,295,47
1233,Amanda,Watkins,2006-11-23,East Annetteburgh,VA,WR,69,300,50
1234,Charles,Steele,1988-11-27,Jonathanmouth,ME,QB,75,291,34
1235,Cindy,Hatfield,1988-08-30,Port Sherrichester,FL,RB,73,292,52
1236,Jacqueline,Morales,2001-12-26,Lake Martinmouth,MS,RB,76,238,65
1237,Charles,Mcdonald,1985-07-04,East Renee,AS,RB,79,209,93
1238,Katherine,Larsen,2001-01-07,Leebury,MD,QB,75,225,20
1239,Daniel,Bauer,1995-03-30,New Jeremiahton,ID,TE,78,236,63
1240,Henry,Manning,2007-03-30,Lindaside,VI,RB,71,209,46
1241,Nancy,Jones,1990-02-11,Jimenezport,NH,WR,74,170,39
1242,Jennifer,Carter,1994-02-19,Port Kevin,ID,QB,75,152,49
1243,Ashley,Fitzpatrick,1996-12-18,Robinsonport,NE,WR,74,191,41
1244,Rita,Edwards,2007-04-12,Salazarville,NV,QB,76,227,69
1245,Donald,Bernard,1986-07-22,Youngmouth,AZ,WR,71,180,86
1246,Jerry,Henderson,2002-07-14,Phillipsland,WA,RB,74,196,9
1247,Jared,Allen,2006-09-22,Mccoyland,DC,TE,79,268,75
1248,Damon,Jordan,2001-05-25,East Chadstad,ID,QB,76,294,2
1249,Timothy,Huff,1999-11-08,New Sean,VT,RB,75,228,55
1250,Susan,Thornton,2005-09-27,Port Margaretberg,WV,TE,73,245,51
1251,Rachel,Brown,1991-04-19,East James,MO,RB,75,280,40
1252,Raymond,Shaw,2005-07-19,Stephaniehaven,PR,QB,69,253,98
1253,Dale,Rios,1991-12-23,Kimstad,AS,RB,68,279,70
1254,Tammy,Ortiz,1991-05-23,Michaelchester,OK,WR,79,223,4
1255,Colleen,Potts,1996-03-06,South Kimberlyside,IA,TE,69,264,76
1256,Jessica,Garcia,1990-11-06,North Tinaside,VI,QB,72,268,99
1257,Geoffrey,Leblanc,1999-08-21,Port Julian,VI,RB,76,191,40
1258,Erin,Armstrong,1998-02-07,West Josephmouth,PR,WR,74,193,43
1259,Brandon,Lawson,1986-11-10,Port Leahville,DC,RB,75,227,88
1260,Emily,Oliver,1997-06-22,South Miranda,WY,QB,70,295,77
1261,Julie,Kramer,1988-07-07,Emmaport,CT,TE,77,290,45
1262,Ruth,Green,1999-10-28,North Samantha,SC,TE,72,176,6
1263,Stephanie,Wright,2000-12-11,Anthonyview,PR,TE,71,275,17
1264,Deborah,Gregory,1997-07-29,Hendricksport,KS,TE,79,277,27
1265,Jonathon,Fritz,1998-01-31,North Mark,LA,RB,72,166,77
1266,Chad,Fox,2007-10-01,New Jason,CO,QB,77,272,99
1267,David,Dyer,1997-02-17,Robertburgh,MN,RB,79,194,28
1268,Olivia,Martin,1996-11-29,East Amanda,WY,TE,71,215,97
1269,Bethany,Hernandez,1989-01-31,Jessicaview,ID,QB,75,199,56
1270,John,Johnson,1985-06-02,North Kimberly,VT,WR,74,238,93
1271,Caitlin,Jordan,2004-07-06,South Amyfort,AZ,TE,71,196,57
1272,Jacqueline,Hall,1989-01-31,West Cassandra,OR,WR,68,202,31
1273,Tracey,Hansen,1996-02-15,Port Amandamouth,MD,WR,74,215,36
1274,Tyler,Spencer,1993-02-17,Port Richard,CT,QB,76,207,41
1275,John,Smith,2007-02-19,Lake Sharonbury,VI,QB,69,239,61
1276,Cynthia,Beck,2001-11-03,Aaronport,AL,RB,76,169,83
1277,Ricardo,Reynolds,1991-03-23,Dennismouth,AR,RB,74,227,18
1278,Michael,Jones,2007-09-20,Mannhaven,AS,TE,70,293,97
1279,Amanda,Green,1991-05-18,Maldonadoside,MS,RB,78,172,14
1280,Christina,Henry,1991-08-09,Port Duane,VI,WR,71,229,4
1281,Cory,Cole,1997-01-30,Williamsview,NY,QB,79,257,14
1282,Amber,Garcia,2001-12-20,East Adam,MN,WR,69,207,33
1283,Anne,Ingram,1991-01-03,Ryanport,ID,QB,76,212,18
1284,Colleen,Duke,2007-01-06,Lake Lindsey,ID,TE,77,284,96
1285,Gary,Rodriguez,1993-01-26,Stephanietown,KY,RB,77,254,22
1286,Jonathan,Long,1996-08-09,East Kevinstad,AK,TE,76,299,92
1287,Seth,Davis,1992-10-08,Lake Christopherville,DE,WR,74,276,6
1288,Erica,Perez,2002-03-08,Francoshire,RI,WR,71,176,65
1289,Robert,James,1999-04-06,Saratown,AS,WR,75,157,97
1290,Phillip,Dougherty,1987-01-22,North Deborahside,FM,WR,73,297,67
1291,Jennifer,Davis,1992-01-07,North Katherineside,NJ,TE,80,218,57
1292,Dennis,Ortiz,1987-08-30,East Joshua,TX,QB,70,232,47
1293,Rhonda,Malone,1988-09-25,West Kevin,PR,WR,72,256,74
1294,Nancy,Sherman,2001-03-02,Lake Amberbury,PW,WR,77,239,58
1295,Brian,Dyer,1990-04-29,New Mark,NH,TE,75,289,15
1296,Mark,Jenkins,1996-08-23,Brandonton,NV,WR,80,170,81
1297,Matthew,Reese,1993-02-17,South Ronnie,SC,WR,73,231,41
1298,Carolyn,Dalton,2004-09-08,West Amberview,KY,WR,80,230,59
1299,Kimberly,Stewart,1993-08-17,North Cameron,MN,WR,69,170,93
1300,Kara,Petty,1991-07-14,Virginiashire,HI,RB,68,214,24
1301,Justin,Ramirez,2003-03-29,Port Ryanville,CO,RB,73,285,49
1302,Olivia,Lambert,2006-07-07,North Philipshire,AR,QB,69,300,52
1303,Lisa,Wilkerson,2005-12-16,East Paulastad,VA,WR,74,224,96
1304,Michele,Cherry,1987-02-27,South Daniel,TX,RB,76,177,87
1305,Chris,Little,1987-09-17,New Annberg,AZ,WR,68,188,74
1306,Jesus,Yu,1988-01-04,Zacharyhaven,NY,TE,76,241,50
1307,Matthew,Harrington,1993-03-08,Bowenmouth,NC,RB,75,281,10
1308,Alexis,Collins,2006-04-16,West Tammy,MP,RB,73,260,36
1309,Brett,Levine,1998-09-13,Lake Sylviamouth,WI,TE,74,250,31
1310,Paul,Rose,1986-11-14,Lake Laurastad,MD,QB,72,172,88
1311,Shannon,Miller,2008-03-26,Jacksonhaven,LA,WR,76,238,28
1312,Beth,Carter,1997-06-22,North Sandraland,NE,RB,80,228,50
1313,Mark,Holmes,1992-07-03,Davidborough,CA,WR,78,224,48
1314,Randy,Johnson,1985-12-11,West Jessica,IL,WR,73,203,28
1315,Carolyn,Medina,1986-02-22,Wattsstad,HI,WR,77,154,35
1316,Emily,Perez,2002-12-26,Murphyville,ME,RB,79,206,55
1317,Jessica,Baker,1991-03-08,Johnsonmouth,MS,QB,73,167,60
1318,Jamie,Davis,2004-02-07,Danielleport,CA,QB,80,154,40
1319,Angela,Alexander,1992-01-30,Douglasburgh,FL,RB,68,275,53
1320,Jessica,Jackson,1989-01-16,Port Michaelview,NJ,RB,78,204,98
1321,Maureen,King,2003-02-08,Port Josephport,PA,RB,69,281,23
1322,Gabriel,Chambers,1997-12-27,Jamesview,FL,QB,79,281,37
1323,John,Haas,2006-01-19,North Nathanielhaven,PA,QB,72,296,0
1324,Laura,Coleman,1997-04-29,Lopezhaven,NH,WR,75,194,0
1325,Austin,Flores,1986-02-03,East Kimberly,MD,QB,77,262,97
1326,Regina,Reed,2006-11-16,Pricechester,WA,RB,78,187,90
1327,Brandy,Richardson,2006-10-10,Lake Carriebury,FL,RB,76,207,63
1328,Daniel,Lopez,1996-12-31,West John,VA,RB,78,153,1
1329,Melissa,Williams,1991-02-16,Port Christopherstad,LA,WR,78,280,95
1330,Jacqueline,Brown,2003-12-06,Bakershire,NE,WR,80,206,10
1331,Kathryn,Walker,1985-11-02,South Justin,UT,QB,68,244,67
1332,Roger,Calhoun,2005-12-29,Christopherville,CO,TE,79,209,14
1333,Joe,Smith,1989-05-15,Brighttown,TN,WR,75,195,96
1334,Lori,Douglas,2004-06-15,Smithton,WI,QB,72,291,61
1335,Mary,Nelson,2006-08-02,Meyerstad,OH,RB,69,284,67
1336,Scott,Gay,1990-11-11,Lake John,NM,QB,75,227,24
1337,Emily,Hernandez,1989-10-26,North Judithview,GU,RB,73,291,26
1338,Kristin,Galloway,2000-04-16,Port Cynthia,PR,QB,75,282,64
1339,Sandra,Hunt,2005-02-28,Matthewfort,MA,RB,70,197,88
1340,Tamara,Winters,1987-09-23,Markhaven,MD,QB,70,234,3
1341,Rachel,Bennett,1988-10-22,Stanleyberg,AL,QB,71,226,60
1342,William,James,1994-03-30,Jamesborough,NY,QB,75,197,59
1343,Gina,May,1996-01-12,Richardtown,RI,TE,71,162,84
1344,Joseph,Moore,1997-12-03,Port Franciscohaven,WI,QB,74,290,72
1345,Joseph,Taylor,1989-12-25,Mendozatown,WI,TE,75,190,61
1346,Teresa,Rhodes,1993-08-19,South Lisa,WV,WR,76,277,69
1347,Courtney,Hess,1995-03-16,Parkerhaven,AL,RB,77,270,82
1348,Michael,Johnson,1996-08-03,Adriennemouth,RI,WR,73,247,61
1349,George,Greer,1993-06-16,Dariusside,PA,WR,80,202,45
1350,Heather,Griffin,2005-02-15,West Tammy,WA,TE,69,198,82
1351,Stacey,Acevedo,1993-03-07,Lake Kayla,PW,WR,70,203,20
1352,Benjamin,Holmes,1997-04-30,Harrisborough,DE,RB,72,194,77
1353,Eric,Washington,2003-11-04,Wilcoxville,PW,QB,73,231,93
1354,Juan,Hensley,1989-05-05,Vasquezview,WV,QB,68,268,93
1355,Kimberly,Bennett,1992-02-24,Joseberg,PW,TE,77,259,78
1356,Michael,Burton,1998-10-10,Larashire,IN,WR,79,270,15
1357,Joseph,Wilson,1996-10-03,Tylershire,FL,WR,70,293,87
1358,Sean,Mcgee,1989-02-21,Dudleytown,FL,TE,78,296,35
1359,Heather,Delgado,1991-03-19,Richardton,MO,WR,69,251,75
1360,Judy,Grant,1992-11-19,Collinsshire,SD,WR,71,163,22
1361,Adam,Meyer,2007-11-23,West Baileybury,AL,TE,74,287,2
1362,Carlos,Hicks,2002-10-09,South Meredithburgh,CA,TE,75,162,96
1363,Ana,Shaw,1987-05-27,Nguyenmouth,MH,WR,76,273,72
1364,Rita,Mathews,1997-04-02,Lake Javierland,MH,TE,73,237,58
1365,Kathleen,Hall,2000-02-04,New David,GA,QB,69,221,21
1366,Christopher,Marquez,1993-07-13,Stacytown,ME,TE,78,208,1
1367,Joseph,Barrett,1987-05-19,New Crystalmouth,ND,WR,76,231,98
1368,Jesse,Perry,1996-08-27,West Matthew,MP,QB,78,285,55
1369,Cassandra,Peterson,2005-03-05,East Jordanborough,DE,RB,71,168,95
1370,Tyler,Ward,1987-12-25,Lake Anne,UT,WR,69,233,65
1371,Diana,Le,2005-05-30,Tinastad,UT,TE,73,164,50
1372,Scott,Moore,2002-11-10,West Michelle,DE,QB,76,267,34
1373,Julia,Cannon,1996-09-16,Lake Ernestchester,AR,WR,70,206,19
1374,Angela,Sanchez,2000-08-08,New Todd,IN,RB,78,232,7
1375,Jonathan,Weber,2004-02-09,Cooperport,DE,RB,80,177,44
1376,Jennifer,Campbell,2002-05-31,Mcconnellbury,HI,RB,79,153,15
1377,Jeremy,Crawford,2004-11-17,Khanchester,FL,TE,78,209,11
1378,Brad,Santos,1991-06-01,North Jacobtown,WY,QB,69,198,19
1379,Robin,Romero,1998-04-10,Beardton,RI,TE,77,300,66
1380,Wendy,Hughes,1998-06-05,Rickborough,MD,RB,79,254,36
1381,Jason,Butler,2003-11-07,Garrettburgh,MS,WR,73,274,53
1382,Nicholas,Campbell,2003-04-29,East Richard,NJ,WR,79,186,41
1383,Tanya,Davis,1989-12-05,East Joshuabury,RI,TE,68,258,83
1384,Jennifer,Martinez,1990-10-24,Callahanbury,NJ,WR,78,269,88
1385,Debra,Moore,1994-01-01,North Nicolefort,GU,QB,74,150,72
1386,Timothy,Henry,2002-07-21,West Jacob,AZ,TE,77,269,78
1387,Haley,Bryant,1996-07-15,Lake Cynthia,TN,RB,75,232,26
1388,Haley,Pena,1993-02-01,Kimberlyburgh,TX,TE,71,199,44
1389,Richard,Crawford,2002-10-01,Blackland,DE,QB,69,256,56
1390,Alexandra,Bradford,1985-07-27,New Bryceland,IA,WR,68,166,93
1391,David,Weaver,1986-01-20,Lisaside,MO,QB,77,182,5
1392,Jason,Vaughn,1997-04-19,Kevinstad,PW,WR,69,275,29
1393,James,Cox,2002-06-28,Port Mark,WI,TE,73,236,42
1394,Ryan,Sanchez,1994-04-09,Wesleyborough,VA,TE,69,192,59
1395,Christopher,Welch,2001-06-05,Brianahaven,NV,QB,72,174,75
1396,David,Becker,2003-03-11,Port Courtneyburgh,HI,TE,79,271,29
1397,Thomas,Blair,2000-05-06,Matthewchester,KY,TE,79,257,77
1398,Kevin,Miller,2002-07-02,Cunninghammouth,NJ,RB,71,220,4
1399,Sarah,Cooper,1993-12-08,Myersville,NE,WR,74,166,63
1400,Russell,Jimenez,2006-03-18,Cannonmouth,WV,WR,76,286,96
1401,Brian,Johnson,1997-11-23,South Adrianberg,LA,RB,77,204,10
1402,Jessica,Cook,2001-02-16,Travistown,WA,RB,68,238,9
1403,Mark,Sosa,2008-03-17,East Lisaton,MA,RB,79,236,91
1404,William,Thomas,1985-11-24,West Michealtown,NJ,WR,68,155,86
1405,Max,Thompson,2001-08-30,Edwardston,AK,QB,74,249,1
1406,Charles,Campbell,1995-10-29,Mirandafurt,OR,QB,78,269,42
1407,Jeffrey,Sherman,1988-07-22,Kaylaberg,PA,QB,80,251,21
1408,Casey,Banks,1992-09-18,North Justin,IN,RB,71,180,20
1409,Deanna,Lee,2002-10-25,Port Megan,AL,TE,79,217,16
1410,Megan,Bell,1991-06-26,Robertsport,NC,RB,70,259,25
1411,Jamie,Spencer,1987-04-03,Terryshire,AZ,QB,68,269,12
1412,Nathan,James,1989-03-18,Tannerside,UT,TE,76,212,21
1413,William,Martinez,1990-05-16,South Margaretport,CT,RB,72,267,44
1414,Nicholas,Little,2003-10-04,Port Travistown,MI,WR,80,174,93
1415,Allen,Vaughn,2006-11-30,West Jasmine,PW,TE,76,171,77
1416,Maria,Myers,1992-08-20,West Kimberlymouth,TX,WR,72,229,60
1417,Sharon,Meyer,1999-01-24,Erinstad,WA,WR,68,269,21
1418,Jennifer,Rivera,1985-07-08,Port Justin,NC,WR,68,192,39
1419,Ethan,Kline,1996-01-26,Bradleymouth,AZ,WR,73,299,46
1420,Robert,Nguyen,2002-06-10,Lake Jimmyfort,NM,QB,68,222,5
1421,Sharon,Cantrell,2001-01-10,Marthaport,DE,RB,76,262,12
1422,Dawn,Harris,1997-07-21,New Adamborough,WA,TE,79,165,52
1423,Shelby,Brown,2000-02-25,North Michael,MS,RB,77,298,33
1424,Brandy,Diaz,1990-06-02,Barnesview,SD,RB,77,174,63
1425,Justin,Knapp,1987-02-28,Robertmouth,MT,TE,73,287,1
1426,Jacqueline,Vega,2007-11-18,Port Davidport,IN,RB,77,291,64
1427,Sandra,Hanson,1994-10-24,Wilsonton,MD,RB,73,190,70
1428,Bradley,Hill,2003-03-23,West Jamesport,NE,QB,76,202,51
1429,Kenneth,Hill,1995-03-20,Darrenport,NM,QB,69,297,67
1430,Susan,Henderson,2005-05-23,South Heiditown,ID,WR,79,159,4
1431,Angela,Chambers,2000-06-29,Eddieside,VA,TE,72,211,12
1432,Mikayla,Cordova,1993-01-08,Lewisfurt,AZ,WR,79,247,1
1433,Patrick,Parsons,1987-02-20,South Jeremy,MA,RB,73,185,69
1434,Chloe,Boyd,1985-07-22,Kristenton,ID,QB,68,250,18
1435,Timothy,Mcmahon,1988-10-25,North Timothy,VA,WR,80,153,11
1436,Beth,Mcdaniel,1991-11-13,Lake Deborahborough,MN,QB,73,208,42
1437,Vincent,Chen,1990-06-25,Stephaniestad,FL,TE,70,238,79
1438,Sara,Graves,1986-02-06,East Jaredton,MH,RB,79,273,25
1439,James,Collins,1985-11-25,Jessicastad,MI,WR,80,277,0
1440,Stephanie,Montoya,2005-06-02,West Ashleytown,NJ,QB,69,284,82
1441,Jennifer,Howell,1999-10-09,Robertside,IN,QB,68,221,48
1442,Patrick,Spencer,1997-02-04,Woodport,IL,RB,75,206,83
1443,Samantha,Zhang,2003-03-07,Joseshire,TN,RB,76,290,82
1444,Amy,Bauer,1991-11-13,South Courtney,IN,RB,78,186,59
1445,Bryan,Leon,2004-06-19,South Patrick,CA,RB,80,155,43
1446,Devin,Davis,2004-01-27,Port Miranda,CA,QB,77,195,76
1447,Lisa,Young,1997-01-23,East Lisa,VA,RB,79,266,38
1448,Kevin,Robinson,1998-10-20,Coxbury,ID,WR,68,167,40
1449,Robin,Burke,1996-04-02,West Daisytown,ND,QB,76,285,12
1450,Barbara,Adkins,1989-09-16,East Christineberg,OH,TE,75,241,70
1451,Julia,Townsend,1993-01-22,South Michelle,ND,TE,75,271,0
1452,Ricardo,Marquez,2006-11-03,Weberton,FL,RB,79,186,82
1453,Mary,Smith,2001-05-23,Poolestad,KS,TE,71,186,60
1454,Thomas,King,1990-02-15,Port Seanfort,DE,QB,72,235,80
1455,Barbara,Morrison,1993-12-13,East Shelley,WY,TE,70,204,50
1456,George,Flores,1997-12-28,Bryantberg,ID,TE,73,195,32
1457,Maurice,Hernandez,1988-05-10,West Kristina,RI,WR,77,274,40
1458,Christina,Stokes,1998-06-12,Cookburgh,LA,RB,74,165,27
1459,Wayne,Carrillo,1997-01-04,Simmonsfort,SD,RB,77,154,84
1460,Thomas,Anderson,1995-02-05,Karenchester,AZ,WR,77,237,57
1461,Michael,Harris,1989-04-18,North Luisbury,OH,WR,75,178,77
1462,Alan,Gomez,1987-02-24,Port Michael,NH,WR,68,181,52
1463,Brandon,Buchanan,2000-03-17,North Shelleytown,MI,TE,70,288,60
1464,Adam,Gentry,2007-10-28,West Matthewburgh,WA,TE,80,232,95
1465,Heather,Williams,1991-11-12,Allisonside,TX,TE,77,290,24
1466,Katrina,Campbell,1993-03-06,New Tiffany,OH,TE,72,195,26
1467,Stacy,Hall,1994-08-25,North Adriana,MN,QB,73,203,21
1468,Steven,Jackson,1987-08-11,Jameschester,UT,QB,74,257,42
1469,Matthew,Simpson,1997-02-08,Maryfort,MS,WR,68,238,58
1470,Shelia,Wolfe,1995-03-02,Port Phyllisbury,DE,QB,79,202,15
1471,Lisa,Morgan,2006-10-29,Walkerton,KS,QB,75,157,80
1472,Bonnie,White,1986-11-08,East Christopher,TX,TE,70,202,81
1473,Catherine,Benjamin,1995-09-06,North Gregoryshire,DE,TE,77,196,23
1474,Joshua,Ayers,2007-04-01,Matthewmouth,VA,RB,76,269,27
1475,Mark,Jimenez,2004-07-13,North William,TX,RB,70,160,95
1476,Jennifer,Franklin,1989-12-20,Cervantestown,NH,QB,72,248,69
1477,Roy,Farley,1991-12-01,East Kelly,AZ,WR,68,250,65
1478,Breanna,Johns,2006-12-29,Hansonside,HI,WR,79,267,91
1479,Natasha,Gates,2002-05-17,Joshuachester,AK,TE,76,252,42
1480,Kathy,Bush,2003-08-21,East Jamesbury,KS,TE,73,268,29
1481,Jackson,Hines,2005-02-08,Justinmouth,PR,QB,70,204,16
1482,Jennifer,Kelly,1987-06-10,Lake Kayleechester,PA,RB,71,165,19
1483,Frank,Smith,1995-08-03,East David,MD,TE,70,289,65
1484,Michael,Vaughan,2000-06-02,Lake Sarahtown,AL,WR,73,188,48
1485,Samantha,Smith,1997-06-03,Grayfort,SC,QB,80,203,59
1486,Jennifer,Harris,1993-10-06,Kevinbury,IA,TE,71,300,13
1487,Christina,Smith,1993-04-07,Edwardside,HI,QB,72,208,91
1488,Wesley,Miller,2007-09-09,West Anthony,SC,WR,80,178,49
1489,Sharon,Parker,1995-04-24,Frankhaven,IA,WR,68,171,62
1490,Olivia,Roberson,2000-02-08,Riverachester,DE,WR,76,179,19
1491,Jennifer,Garcia,2000-06-09,West Ann,MP,WR,73,240,73
1492,Michele,Franklin,2005-11-11,Mccallbury,WI,WR,68,228,70
1493,Zoe,Garner,1985-09-21,East Shelleyville,MH,QB,74,254,38
1494,Peter,Flores,2005-09-14,Bauerstad,CA,RB,80,219,4
1495,Parker,Osborne,1985-12-15,North Karenfurt,IA,WR,74,259,67
1496,Rhonda,Foster,1992-06-06,Armstrongview,CO,QB,74,188,54
1497,Mathew,Garcia,2007-11-24,East David,AS,RB,71,205,58
1498,James,Finley,2005-06-26,East Seth,PA,WR,74,195,92
1499,Laura,Torres,2004-08-01,Port William,DC,RB,73,232,65
1500,Jackie,Larson,1999-01-20,East Roger,PW,WR,70,257,55
1501,Angela,Hayden,1993-04-04,Ellisborough,OR,QB,72,260,29
1502,Todd,Griffith,1986-08-10,East Nancy,GA,WR,80,187,42
1503,Samuel,Thornton,2007-02-17,Zoeshire,GU,TE,68,226,76
1504,Henry,Reyes,1995-06-27,New Reneeburgh,GU,TE,74,166,58
1505,Sarah,Howard,2000-04-29,Phammouth,WI,QB,70,190,94
1506,Stephanie,Perry,1997-12-18,Port Anthonyland,DC,RB,80,161,16
1507,Joel,Dawson,1995-07-19,New Nicoleview,FL,RB,70,271,44
1508,Yolanda,Andrews,2002-07-23,Lake Gracefurt,SC,TE,76,196,74
1509,Danielle,Daniels,2001-01-10,Port Calebstad,VA,WR,76,258,91
1510,Angela,Burgess,1993-02-09,North Jaime,SC,RB,78,285,58
1511,Patrick,Mcgee,2005-09-28,Higginsland,UT,TE,76,240,75
1512,Jessica,Davis,1988-07-12,West Paul,NC,TE,69,198,71
1513,Catherine,Henderson,1986-03-13,South Barbaraside,AK,RB,69,212,15
1514,Robert,Adams,1998-05-11,Danaberg,KS,WR,78,265,57
1515,Jennifer,Rodriguez,1987-11-21,Arielton,MO,WR,79,185,46
1516,Shane,Ortiz,1989-12-30,North Debbieville,OR,RB,68,202,8
1517,Jonathan,Clark,1998-01-24,Jamesfurt,WI,WR,80,166,12
1518,Cassandra,Spears,2000-02-04,East Gabrielaland,PW,QB,78,212,92
1519,Stephanie,Burke,1991-04-18,Port Jamesbury,VT,WR,75,175,13
1520,Travis,Hunt,1987-05-16,Port Cynthiaview,NJ,TE,75,255,44
1521,Sarah,Lee,1995-09-17,Fosterton,KS,RB,70,247,67
1522,Jeffrey,Shaw,1997-11-09,Millerview,KY,TE,77,230,13
1523,Latasha,Davis,1998-09-18,South Vicki,FL,QB,77,178,70
1524,Lindsay,Jones,1987-11-30,Stephaniebury,VI,RB,76,224,87
1525,Allison,Conway,1996-01-27,New William,GU,QB,72,297,45
1526,Courtney,Thompson,1994-10-20,Sullivanbury,NV,QB,76,164,95
1527,Mark,Gibbs,2000-12-14,Lake Jessica,KS,QB,70,289,46
1528,Christina,Hernandez,1989-01-15,South Brooke,AL,WR,71,213,53
1529,Jodi,Morgan,1986-04-25,Lake Jennifermouth,PW,TE,78,198,34
1530,Elizabeth,Obrien,1985-09-19,Katherinebury,MA,TE,71,170,98
1531,Charles,Ramirez,1985-06-11,Garzaport,PA,TE,75,173,55
1532,Joseph,Lewis,1998-04-05,Chadfurt,WA,QB,75,227,40
1533,Christopher,Gilbert,1994-09-21,New John,CT,QB,73,218,84
1534,Christine,Price,1985-07-14,Port Rubenton,NC,TE,68,154,11
1535,Christine,Price,1986-02-21,Lake Sara,CO,WR,70,244,29
1536,Michelle,Meyers,2007-10-20,Johnland,ND,RB,71,199,21
1537,Crystal,Brewer,1989-11-28,East Melissa,CA,RB,68,229,99
1538,Paul,Sellers,1989-08-02,Lake Jameshaven,AZ,WR,79,231,15
1539,Omar,Johnson,2001-01-12,Zhangbury,GA,RB,79,211,84
1540,Elijah,Smith,2007-07-19,Mariaville,MS,QB,77,235,47
1541,Donna,Miller,1999-11-12,New Debra,ND,TE,76,261,85
1542,Scott,Horne,1990-08-26,West Felicia,WI,WR,75,172,7
1543,Kyle,Brown,1995-02-02,Gregoryfurt,MT,QB,74,279,27
1544,Pamela,Johnson,1987-05-29,North Kimberlymouth,HI,RB,76,154,71
1545,Robert,Chapman,2002-11-08,North Dawn,GU,TE,70,245,26
1546,Ryan,Lewis,2001-07-22,Donshire,CA,QB,68,227,72
1547,Susan,Graham,1999-09-12,Dyerchester,VI,TE,69,243,86
1548,Tammy,Riley,1996-01-01,West Gregory,GA,RB,74,296,9
1549,Catherine,Nash,1997-06-22,North Kimberly,CO,RB,68,225,2
1550,Robert,Smith,2005-07-20,New Peterville,MA,WR,77,294,88
1551,Aaron,Williams,2003-11-23,Lake Davidhaven,IL,TE,74,192,90
1552,Morgan,Keller,1988-05-25,South Cynthiachester,DE,TE,69,205,17
1553,Shawn,Henry,2006-05-12,Rothberg,NY,WR,69,260,19
1554,Lauren,Wilson,2001-09-13,Fordland,SD,RB,80,209,63
1555,Linda,Rodriguez,2002-09-05,South Laura,CA,WR,71,183,59
1556,Lindsey,Clark,2006-04-03,Lake Alisonmouth,DE,QB,73,165,79
1557,Brianna,Burgess,1986-08-17,East Rachelport,WA,RB,74,205,4
1558,Mary,Velazquez,1989-11-08,Monicaburgh,SC,WR,73,162,42
1559,David,Smith,2006-07-07,Amandaville,MP,TE,78,229,51
1560,Wayne,Johnson,1996-09-28,Davidfort,MN,TE,77,282,71
1561,Mark,Cobb,1996-08-23,East Kellyton,AK,QB,80,214,75
1562,Elizabeth,Osborn,2001-05-15,South Veronicastad,VI,WR,74,184,92
1563,Victor,Marshall,1990-09-24,Cynthiaborough,VA,TE,77,242,53
1564,Carlos,Parker,1998-01-30,Marialand,MI,WR,68,215,8
1565,Donna,Short,1992-05-07,Lucaston,NJ,RB,74,220,1
1566,Phillip,Hodges,1987-03-29,Michaelchester,MP,WR,78,187,63
1567,Ernest,Hamilton,1988-09-25,Vargasport,MH,RB,79,207,36
1568,Rachel,Powell,1990-06-10,Port Miranda,AZ,WR,76,228,64
1569,Tara,Gallagher,2003-08-08,East Nicholas,AZ,TE,80,239,36
1570,John,Hudson,1992-06-01,Jamesburgh,AR,QB,74,177,26
1571,Connie,Rojas,2000-05-29,South Cassandrafort,GA,QB,68,290,3
1572,Brian,Miller,2005-08-11,Gutierrezmouth,RI,TE,77,251,35
1573,Keith,Aguilar,1995-09-19,Port Derrick,SC,RB,70,227,72
1574,Hunter,Flores,1995-09-24,West Donna,OK,QB,77,254,58
1575,Cynthia,Williamson,2006-09-27,Shawnbury,CA,RB,76,257,98
1576,Timothy,Rogers,1987-09-25,Johnberg,UT,QB,79,171,8
1577,Megan,Gibson,2000-07-31,Greenland,IA,QB,71,198,30
1578,Cindy,Smith,1992-01-18,Garciabury,PA,WR,71,276,97
1579,Tina,Kaufman,1995-02-08,West Jasonshire,MI,QB,73,178,46
1580,Samuel,Edwards,1993-11-19,East Gabrielleport,MA,WR,76,168,32
1581,Christopher,Fox,1992-09-30,Port Barrymouth,VT,QB,71,284,73
1582,Jerry,Parks,1986-06-23,Harrisburgh,MN,WR,77,172,57
1583,Benjamin,Jones,1991-10-17,West Amandatown,DE,QB,80,295,53
1584,Scott,Andrade,1993-08-31,Donaldburgh,AL,RB,69,172,23
1585,Brendan,Rivera,2003-02-12,Port Stevenview,PA,WR,80,286,44
1586,James,Armstrong,1989-10-02,Markport,NJ,WR,76,229,40
1587,Erik,Sharp,1992-02-11,East Susanfurt,MO,RB,74,225,61
1588,Amanda,Collins,2006-10-11,Marcshire,DE,QB,79,233,91
1589,Jody,Rocha,1988-11-25,Brianburgh,RI,RB,73,173,18
1590,Charles,Pope,1998-08-01,East Jessicaside,ND,QB,73,223,66
1591,Richard,Murphy,1990-01-08,Lake Gregory,VI,RB,76,217,67
1592,Aaron,David,1994-04-20,Copelandmouth,AK,WR,80,242,3
1593,Darren,Johnson,1989-03-26,Hopkinshaven,ID,WR,74,266,91
1594,Crystal,Ramirez,2005-08-25,East Andrewmouth,OH,WR,77,263,6
1595,James,Robinson,1997-12-25,South Katelynbury,MD,WR,70,177,53
1596,Gary,Cooper,1989-03-02,Lake Ronaldland,DE,QB,77,159,62
1597,Ann,Smith,1986-01-31,Harrisonport,WI,QB,75,237,27
1598,Wesley,Lester,1989-06-08,Davidborough,MI,QB,77,180,36
1599,Brian,Small,2007-05-01,East Christopher,DC,TE,68,245,76
1600,Jason,Henderson,1990-09-06,Richardsonton,NY,WR,70,284,44
1601,David,Smith,1988-03-08,North Kristenbury,MI,WR,68,233,87
1602,Duane,Newman,2003-11-06,New Sarah,MP,TE,75,198,28
1603,Susan,Reed,2004-03-02,Kennethchester,VI,QB,68,186,94
1604,Patricia,Gilbert,1986-08-02,New Steven,RI,WR,76,187,31
1605,Teresa,Parker,1993-07-01,Angelafurt,FL,WR,73,219,9
1606,Ricky,Rivas,1999-07-06,Rickyton,GA,QB,77,272,40
1607,Pamela,Smith,1999-05-16,Ochoamouth,VI,TE,70,151,78
1608,Richard,Horton,1993-11-19,New Austin,MN,TE,74,292,49
1609,Adam,Rosales,2003-05-16,Port Taylorfurt,FL,QB,72,260,70
1610,Valerie,Brown,2001-04-20,Ericfurt,IL,TE,78,220,18
1611,Melissa,Jenkins,2005-12-21,Andrewton,KS,WR,76,150,21
1612,Jake,Hall,2000-12-21,Lake Melissaborough,NH,WR,76,224,26
1613,Cory,Richardson,2006-10-29,South Misty,PW,WR,71,159,51
1614,Carla,Gould,2006-09-08,Langtown,MS,QB,78,167,49
1615,Jennifer,Henderson,2001-06-11,Davismouth,DE,RB,80,171,23
1616,Rachel,Moore,2006-12-06,Lake Mark,AL,RB,78,201,69
1617,Ryan,Larson,1998-04-07,Courtneyton,LA,QB,70,286,79
1618,Karen,Adams,1986-11-18,South Hannahborough,MD,TE,79,162,53
1619,Lisa,Carrillo,2003-01-09,Karlafort,PR,TE,75,269,78
1620,Jacqueline,Holmes,1995-01-24,North Crystalshire,MS,TE,70,193,67
1621,Taylor,Martin,1997-05-11,South Deborah,MT,WR,78,179,51
1622,Charles,Herrera,2005-01-06,Richardside,SD,RB,73,155,72
1623,Chase,Elliott,1993-07-27,Lake Edward,NH,QB,79,199,38
1624,Tammie,Mayer,1987-11-27,West Jennifer,HI,RB,76,248,54
1625,Ronald,Freeman,1996-05-17,Port Alexistown,VA,WR,75,283,61
1626,Laura,Lynch,1985-05-13,New Joyshire,DC,TE,72,261,43
1627,Kimberly,Wallace,1985-05-25,South Amanda,SC,QB,80,152,27
1628,Nicholas,Mcclain,2003-02-28,Lake Daniellefort,NY,RB,80,213,15
1629,Christopher,Smith,1988-04-01,Sherryville,IA,WR,70,172,30
1630,Michelle,Moore,1990-02-07,Paulchester,AZ,TE,69,195,49
1631,Blake,Powell,1993-05-25,Lake Heidiside,NY,QB,79,220,95
1632,Lydia,Martinez,1995-03-10,Tracyville,SC,WR,78,228,31
1633,Carla,Macdonald,2005-12-07,East Judy,LA,WR,73,209,38
1634,Michael,Williams,2007-08-06,West Andrew,NH,TE,78,258,50
1635,Kenneth,Petersen,1988-04-08,Lake Lorimouth,TN,TE,69,297,9
1636,Rachael,Martin,1992-05-26,Lake Nathanstad,SC,WR,73,159,80
1637,David,Medina,2004-08-12,East Aprilchester,LA,TE,74,183,23
1638,Paul,Mccann,1989-09-07,West John,AS,QB,76,293,77
1639,Samantha,Howard,1997-01-29,East Steven,SC,QB,76,249,55
1640,Timothy,Hurley,2004-01-02,Wrightstad,MT,RB,68,289,20
1641,Crystal,Mccall,1999-11-18,Port Xavier,OK,RB,77,250,74
1642,James,Butler,1986-10-12,Port Christopher,MO,WR,73,224,1
1643,Alexander,Andersen,2003-04-01,Sweeneyville,AR,WR,78,254,96
1644,Olivia,Moran,2007-01-30,New Barbaraburgh,AK,QB,76,205,60
1645,Anthony,Johnson,1993-11-04,North Matthew,VI,WR,78,270,22
1646,Timothy,Smith,1996-11-07,Lake Kimtown,UT,WR,70,173,72
1647,Justin,Herman,1986-03-12,Martinezbury,AL,TE,77,228,60
1648,Tyler,Bailey,1991-02-25,North Sheriview,MI,QB,70,210,81
1649,Jared,Hernandez,1991-01-25,Davidtown,MI,QB,68,221,68
1650,Robert,Garcia,1989-12-09,Brookschester,RI,QB,73,243,85
1651,Deborah,Brooks,1994-02-01,Wilsonbury,NY,WR,72,270,35
1652,Kathryn,Wilson,1996-04-15,Hallland,DC,QB,78,166,64
1653,Ashley,Christensen,1987-11-18,Williamborough,AR,QB,70,237,81
1654,Michelle,Davis,1990-08-31,Curtistown,WV,TE,71,223,64
1655,Jason,Dorsey,2003-02-06,Davidstad,NE,RB,72,254,18
1656,Cheryl,Mcfarland,1999-07-20,Johnsonview,SD,QB,73,267,36
1657,Brandi,Wright,2005-01-26,Shelbyfurt,CT,WR,75,279,92
1658,Terry,Saunders,2002-04-21,Kingborough,ND,RB,75,291,93
1659,Sarah,Hensley,1994-02-21,South Thomasview,MT,TE,68,261,91
1660,Mark,Cooper,1991-10-13,West Laura,DE,TE,78,171,95
1661,Robert,Giles,1991-01-29,Kathleenberg,IA,TE,74,257,94
1662,Dawn,Martin,1987-10-07,Seanmouth,NE,WR,70,213,13
1663,Thomas,Flores,2003-01-20,West Heather,WA,WR,69,251,27
1664,Jessica,Smith,1991-10-04,West Dwayne,OH,TE,69,192,19
1665,Michael,Morris,1989-04-08,Howehaven,CO,TE,71,233,24
1666,Cody,Harris,1987-04-23,Roseport,CT,WR,73,238,80
1667,Julian,Wu,1987-05-17,Sarahshire,VA,WR,78,277,47
1668,Jeffrey,Reyes,2000-11-16,Jonesshire,OR,QB,80,213,75
1669,Theresa,Russo,1998-12-06,Nicholasberg,AS,WR,75,284,21
1670,Justin,Gentry,1995-06-06,East Matthew,WA,QB,76,256,13
1671,Claudia,Welch,1993-02-01,Jeffreyhaven,RI,RB,72,198,61
1672,Sonya,Brewer,1998-04-07,South Margaret,SC,RB,78,297,98
1673,Keith,Massey,1990-05-18,Rileyland,OH,RB,70,188,45
1674,Kenneth,Davis,1999-03-20,Lake Marytown,FL,RB,76,294,39
1675,Catherine,Evans,1987-11-10,East David,PA,WR,75,252,27
1676,Roy,Kelly,2005-06-08,Lake Franklin,FL,QB,77,191,43
1677,Antonio,Smith,1993-02-11,New Donaldside,NM,TE,76,239,33
1678,Angela,Ramirez,2001-06-04,Joneshaven,NH,TE,73,161,2
1679,Yvonne,Ellis,2005-01-14,New Samuelfurt,OR,WR,70,220,98
1680,Andrew,Moses,1996-01-15,Port Tommy,AR,WR,68,276,91
1681,Katherine,Glover,2000-05-31,Nicholasview,GA,RB,80,291,20
1682,Ruth,White,2001-12-26,North Rebekah,PW,RB,68,226,80
1683,Sherry,Chavez,2003-03-21,Travisview,VT,QB,78,196,59
1684,Michael,Hinton,1994-06-07,South Shellymouth,ND,TE,69,161,96
1685,Kathryn,Boyle,1996-05-03,Port Veronicaborough,ME,TE,78,262,0
1686,Michael,Ortega,1999-09-16,Lake Haileyville,TX,TE,73,174,91
1687,Crystal,Parks,2004-11-28,South Williamport,NY,QB,71,219,45
1688,Samuel,Holmes,2002-04-03,Lake Matthew,NH,WR,77,234,43
1689,Brooke,Graham,1992-09-18,Frederickside,OR,TE,74,250,40
1690,Jennifer,Farmer,2004-08-11,Millerside,ID,QB,69,194,43
1691,Matthew,Warner,2006-06-20,Port Sheila,NM,TE,80,198,15
1692,Krystal,Bush,2008-04-05,New Brianland,ND,QB,79,268,7
1693,Katrina,Ward,2005-03-29,Cowanside,MO,QB,76,153,96
1694,George,Carter,2008-02-04,Lake Jonberg,NY,TE,79,207,86
1695,Rodney,Thomas,2002-09-17,Boylechester,NC,WR,78,178,54
1696,Cassandra,Morales,1998-04-30,Emilybury,MN,RB,73,176,88
1697,Alexander,Ballard,2000-02-06,Lindsayton,NV,QB,74,251,34
1698,Joshua,Turner,2001-10-27,East Alicia,NH,QB,74,216,29
1699,Antonio,Lee,1993-01-21,North David,RI,TE,72,217,60
1700,Kimberly,Salinas,2007-05-29,Grossshire,CO,TE,79,158,47
1701,Brett,Valencia,2003-05-23,Ramirezshire,GU,RB,80,164,66
1702,Leslie,Jackson,2006-03-12,West Collinmouth,ME,RB,74,166,9
1703,Jimmy,Heath,1996-04-17,East Steven,AZ,QB,78,243,23
1704,Christopher,Espinoza,2002-03-05,South Cynthiafort,WA,TE,76,161,49
1705,Julie,Mcmillan,2003-05-06,Lake Jon,KY,QB,74,279,27
1706,Omar,Jones,2001-04-04,Lake Brianside,VI,RB,79,192,29
1707,Joel,Johnson,1985-06-27,New Amber,AS,QB,68,271,16
1708,Richard,Carlson,1993-09-16,East Juliebury,MT,WR,78,174,70
1709,Beth,Guzman,1991-12-26,New Nicoleborough,MA,RB,77,174,25
1710,Keith,Robinson,1989-04-01,Port Mason,CT,WR,77,227,43
1711,Evan,Merritt,1986-11-07,South Jacqueline,WY,WR,75,251,69
1712,Timothy,Ortiz,2005-11-12,Victorburgh,DC,WR,76,200,21
1713,Jay,Jones,2005-10-30,Joeland,RI,RB,80,236,53
1714,Elizabeth,Barajas,1988-09-02,Lake Debramouth,MD,QB,80,195,73
1715,Louis,Boone,1993-12-27,Judyhaven,SC,TE,72,155,55
1716,Brandon,Stevens,2000-11-30,East Brian,NH,RB,71,248,22
1717,Kaitlyn,Ortiz,1988-03-20,Philipburgh,VA,RB,74,184,65
1718,Dawn,Pruitt,1990-12-08,Justinside,HI,WR,70,186,64
1719,Nathaniel,Andrade,1994-05-06,Christensenland,TX,QB,80,262,72
1720,Gabriel,Garza,1999-11-21,West Lisaburgh,MA,RB,79,208,77
1721,Alexander,Huff,1986-02-22,Scottborough,TN,WR,78,260,37
1722,Tiffany,Mason,2003-12-14,North Chadville,MD,RB,77,271,37
1723,Emily,Lewis,1993-06-12,West Brian,OH,TE,80,213,57
1724,Christina,Arroyo,1989-04-27,Serranoton,WY,QB,70,227,77
1725,Jamie,Guzman,1995-11-18,Robinsonstad,SC,RB,68,186,72
1726,Ashley,Pope,1999-11-24,Lake Chelsea,NE,RB,76,237,15
1727,Ashley,Murphy,1994-02-18,South Bradyport,IA,TE,77,219,59
1728,Adam,Butler,2001-11-09,East Erik,GA,WR,77,210,28
1729,Megan,Harper,2002-04-12,Lake Stevenview,GU,TE,73,156,22
1730,Ellen,Miller,1996-04-03,Sandersland,VT,TE,78,228,20
1731,Edwin,Wallace,1999-08-11,New Paula,NV,TE,75,224,58
1732,Darryl,Mcknight,2000-11-23,Nicholasside,NJ,WR,76,296,52
1733,Steven,Roman,1992-11-21,Mooremouth,ID,RB,75,246,43
1734,Isaiah,Ellison,1987-12-01,Rosarioside,VI,WR,76,220,48
1735,Adam,Leblanc,1985-05-30,North Lauren,VT,WR,77,268,24
1736,Mackenzie,Wright,2004-09-05,West Chrisville,KY,TE,71,255,15
1737,Cody,Gomez,1991-06-05,Lake Marilynland,MI,TE,69,195,81
1738,Dennis,Parker,1989-08-16,Scotthaven,WI,TE,69,167,45
1739,Christian,Lowe,1986-04-08,Port Melissafurt,CO,QB,73,271,70
1740,Amber,Yang,1988-08-18,Lake Jerryland,DC,RB,77,167,12
1741,Teresa,Morris,1989-02-16,Andrehaven,OH,TE,75,249,12
1742,Richard,Lewis,1987-08-27,Ronaldview,IN,QB,79,262,43
1743,Tyler,James,2007-01-23,Rossborough,AK,QB,77,164,32
1744,David,Bryant,1998-11-15,Fraziermouth,ME,WR,78,213,57
1745,Dominique,Hayes,1985-11-15,New Kevinfurt,RI,QB,74,193,51
1746,Robert,Black,2006-05-30,Brettview,PR,WR,80,282,84
1747,Richard,Barrett,1989-12-10,Georgefurt,VT,WR,80,227,44
1748,Michael,Gates,1988-02-15,Acostaville,GU,WR,74,172,3
1749,Katherine,Williams,2002-09-12,New Danielle,VI,WR,70,282,5
1750,Virginia,Rodriguez,2004-10-18,Port Gailfort,WA,TE,76,250,86
1751,Evan,Sampson,2000-08-26,North Sandra,MN,QB,75,240,97
1752,Wesley,Blair,1986-03-07,New Johnfort,GA,TE,73,299,61
1753,Savannah,Torres,2002-08-13,East Reginaburgh,WV,TE,74,268,36
1754,Cynthia,Ellis,1987-08-27,South Robert,MI,TE,69,207,65
1755,Danny,Wells,2006-12-14,Chelseafurt,GA,TE,75,247,85
1756,William,Rodriguez,1990-12-15,North Andre,WI,QB,75,278,0
1757,Beverly,Diaz,1996-04-11,Jessestad,PW,TE,74,286,26
1758,Joseph,Gonzales,2008-03-18,Galvantown,IL,QB,80,170,15
1759,Jeffery,Edwards,1992-07-15,Lake Michaelmouth,PR,WR,75,275,67
1760,Brittany,Ramirez,2002-10-08,Jasonmouth,ME,WR,78,280,46
1761,Nicholas,Nelson,1991-04-20,Ericaview,DC,RB,76,163,87
1762,Ronald,Moore,2001-01-18,Shanehaven,CT,TE,70,180,86
1763,Anthony,Huang,1997-06-22,Lake Desiree,MN,WR,70,291,4
1764,Stephen,Burns,1998-08-13,Port Jamesmouth,FM,RB,68,174,28
1765,Jennifer,Harris,1989-06-21,West Christina,PW,TE,72,264,86
1766,Gregory,Pitts,2008-03-04,Port Heathershire,NC,RB,78,164,97
1767,Mark,Adkins,2005-10-02,Kennethbury,WV,RB,76,189,57
1768,Beth,Hanson,2005-03-24,West Danielstad,ME,RB,68,167,17
1769,Sheri,Becker,2001-08-22,North Stephanieburgh,AS,TE,69,167,93
1770,Sarah,Beard,2007-06-28,East Joseph,WV,WR,73,171,56
1771,Michelle,Ortiz,2006-12-06,East Bethshire,KY,RB,74,274,70
1772,Kristin,Baker,2000-07-18,Mcclureborough,DC,RB,78,202,24
1773,Jennifer,Johnson,1987-04-18,Port Thomas,MI,RB,69,203,13
1774,Bridget,White,1997-05-26,Jerryview,VI,TE,77,286,10
1775,Erin,Guerra,2000-08-28,Jordanhaven,SC,TE,77,265,92
1776,Michael,Delgado,2003-10-07,Port Donaldborough,LA,WR,72,249,42
1777,Elizabeth,Foley,1996-11-20,Joshualand,AS,RB,70,236,31
1778,Cassandra,Palmer,2004-05-10,East Sherrifurt,MA,WR,73,206,61
1779,Amanda,Terry,1991-02-22,Brittanyshire,GU,WR,79,274,0
1780,Kayla,Brown,1992-07-21,Raystad,WI,TE,79,202,76
1781,Alexis,Dawson,1991-01-29,Jonathanfort,VT,QB,72,230,96
1782,Diana,Fletcher,1996-02-06,Kochtown,VT,TE,74,250,93
1783,Cynthia,Moore,2000-05-30,Keithchester,KY,TE,80,161,2
1784,Mark,Lee,1995-07-22,New Jasonmouth,UT,WR,80,161,55
1785,Joshua,Ruiz,1996-11-12,Drewbury,TX,RB,78,158,33
1786,Michelle,Jones,1993-12-23,East Nicoleville,IA,RB,74,176,29
1787,Megan,Campos,1996-04-29,Coxbury,MS,RB,71,263,26
1788,Mary,Morris,1991-11-23,Murillofurt,ME,TE,80,225,34
1789,Sonya,Green,2007-09-27,Lake Daniel,SC,RB,80,292,59
1790,Alan,Casey,1989-11-13,New Brenda,PA,TE,73,174,25
1791,Justin,Reyes,1985-09-16,North David,MN,TE,73,222,84
1792,Gregory,Baker,1989-02-27,South Katherinemouth,AZ,TE,76,271,73
1793,Brendan,Cannon,1992-07-19,Port Jefferystad,DE,RB,74,236,34
1794,Juan,Mcdowell,1993-08-22,East Destinyhaven,CO,QB,77,192,89
1795,Carol,Arroyo,2004-06-18,Brownfurt,DE,WR,77,293,94
1796,Charles,Lawrence,1995-08-19,Lake Michael,IL,RB,77,294,97
1797,Shelley,Cooper,1987-06-09,East Sherryport,IL,WR,76,274,77
1798,Julie,Watkins,1987-12-16,New Gina,VT,TE,70,177,54
1799,Rhonda,Ross,2001-01-30,Jonathanport,MO,WR,75,239,54
1800,Diane,Kennedy,2005-03-01,Amberton,MS,WR,69,175,32
1801,Monique,Lee,1998-09-12,North Robertton,OH,TE,69,181,4
1802,Veronica,Anderson,1995-03-16,East Joannaland,WY,RB,72,228,49
1803,Matthew,Walls,2004-05-20,Terryview,RI,QB,79,226,40
1804,Jennifer,Pope,1993-09-17,Smithbury,MA,RB,73,162,19
1805,Kevin,Vance,2005-08-27,Lake Anthonyfurt,DE,RB,70,252,83
1806,Nathaniel,Mendoza,1997-11-25,Butlerbury,UT,QB,70,189,86
1807,John,Gibson,1988-11-26,South Isaiahport,NY,QB,73,195,80
1808,Sabrina,Perez,1993-07-06,East Theresachester,NE,WR,70,215,65
1809,Kimberly,Bean,1989-11-27,North Jessicaville,PW,TE,78,156,32
1810,Deanna,Collins,2007-07-22,New Tyler,TN,WR,73,293,68
1811,Christopher,Harrison,2003-02-15,New David,GU,RB,72,160,12
1812,Michael,Wyatt,2002-11-24,Lauraville,NY,RB,75,157,76
1813,Erin,Wise,2003-08-26,South Madisonview,OH,RB,77,198,79
1814,David,Rodgers,2007-11-13,Rodriguezland,MN,WR,78,249,48
1815,Lauren,Hill,1987-09-09,North Janetburgh,CT,RB,68,288,93
1816,Sarah,Wright,2004-12-23,Joannafurt,MD,WR,79,234,79
1817,Zachary,Mcneil,1997-01-08,Aaronhaven,MH,WR,71,275,89
1818,Theresa,Conley,1993-02-13,Port Dylanhaven,VI,WR,72,277,38
1819,David,Wolfe,1998-04-04,Wadeberg,NH,QB,69,274,23
1820,Ryan,Stark,1997-10-29,Lake Michaelburgh,VT,RB,77,209,16
1821,Richard,West,1997-06-22,Kyleville,WY,WR,77,259,37
1822,Heather,Cook,1996-05-23,East Matthewburgh,WA,WR,70,187,90
1823,Dawn,Mccoy,2002-03-19,South Deborah,NV,RB,76,285,84
1824,Colleen,Thomas,1986-06-05,Gibsonville,FM,RB,73,267,17
1825,Johnny,Burgess,2006-05-25,Port Prestonport,PW,TE,79,282,4
1826,Anne,Hernandez,1997-08-26,Jenningsshire,MA,QB,73,262,63
1827,Jacob,Guerrero,1995-12-23,North Keith,NC,RB,76,268,42
1828,David,Gomez,2000-04-08,Lunashire,OR,WR,72,189,81
1829,Lindsey,Peters,1991-07-30,Rodriguezburgh,DE,RB,70,239,0
1830,Marvin,Kelley,1993-02-13,Lake Julie,MT,WR,70,257,12
1831,Shannon,Stokes,2002-05-09,Jonesfort,WV,QB,72,288,31
1832,Samuel,Torres,1986-07-28,Kathleenfurt,AS,WR,74,237,28
1833,Todd,Yoder,1998-06-22,Jayside,WA,RB,69,163,53
1834,Elizabeth,Harris,2001-01-10,Anthonyton,HI,WR,72,281,27
1835,David,Smith,2001-01-28,Graveshaven,CO,QB,75,214,14
1836,Randy,Richardson,1987-05-10,North Matthewburgh,VA,QB,72,158,22
1837,Jennifer,Cruz,2000-10-15,East Christopherfort,ME,QB,74,240,98
1838,Melissa,Miller,2004-01-31,Patriciaborough,UT,TE,77,217,69
1839,Sarah,Bridges,2003-03-05,Port Lisaville,RI,TE,68,232,63
1840,Paul,Turner,1998-10-11,Davidmouth,IL,TE,79,276,47
1841,Jessica,Ray,1990-12-29,Lake Justinville,UT,WR,80,180,78
1842,Steven,Peters,2001-10-29,Hoffmanfurt,AS,QB,77,207,95
1843,Matthew,Henson,1990-10-13,Allenchester,TN,QB,69,206,77
1844,Christopher,Peterson,2001-08-27,Davidborough,TN,TE,69,238,73
1845,Christopher,Lewis,2004-02-16,Melissaport,MH,TE,68,243,99
1846,Seth,Vaughn,1986-05-13,Reyesberg,MT,TE,73,178,46
1847,Erica,Harris,2004-03-11,Jonesfurt,IN,TE,79,245,85
1848,Joseph,Butler,1994-01-17,West Brandyhaven,NY,WR,68,287,3
1849,Taylor,Mueller,1989-10-30,East Sandra,GA,QB,70,256,33
1850,David,Conway,2007-10-22,Lake Sabrina,SC,QB,77,232,58
1851,Catherine,Escobar,2007-10-15,South Lucas,ME,QB,69,295,90
1852,Hunter,Davis,1985-05-11,Justinburgh,MA,TE,72,152,40
1853,Rachel,Kim,1997-01-09,New Sharonburgh,ND,WR,68,211,90
1854,Maria,Dominguez,1991-04-25,North Marcus,VA,QB,72,231,79
1855,Marcus,Edwards,2007-05-21,Hendersonshire,IN,TE,74,298,75
1856,Holly,Vincent,1988-03-15,Sheltonburgh,TN,WR,78,212,86
1857,Joseph,Swanson,2004-09-20,North Beckybury,MS,TE,78,173,27
1858,Cynthia,Sutton,1995-10-03,Jasonside,MT,QB,68,155,51
1859,Cynthia,Mcneil,2006-10-29,Jamesstad,WA,WR,77,255,26
1860,Kara,Hayes,1987-09-30,Mirandaberg,VI,TE,77,204,39
1861,Rachel,Hunt,2002-09-05,Port Kellyfort,UT,TE,73,235,86
1862,Crystal,Perry,2002-04-12,South Cynthiaburgh,MT,QB,75,282,12
1863,Jennifer,Rowe,1998-03-20,Jonesmouth,HI,QB,79,175,99
1864,Robert,Jennings,1995-02-27,Ronaldton,CO,WR,78,236,97
1865,Eric,Cummings,2005-07-13,Brittanymouth,NH,RB,76,187,20
1866,Shelby,Curtis,2005-05-26,Edwardschester,PA,QB,80,223,8
1867,Caroline,Lee,1988-10-16,Lake Mariamouth,NY,QB,73,215,88
1868,Crystal,Reynolds,1996-06-26,Port Scott,MA,RB,76,223,43
1869,James,Mcdonald,1988-12-05,South Susanhaven,GU,WR,68,209,97
1870,Stacy,Kelly,1989-02-05,Blairland,GA,TE,74,162,65
1871,Taylor,Alexander,2002-10-13,South Darrellchester,AR,QB,78,184,26
1872,Karen,Kim,2001-06-01,Katrinaborough,VI,TE,70,238,91
1873,Christopher,James,1996-10-01,New Angela,GU,TE,80,191,89
1874,Barbara,Allen,2003-05-07,North Ryan,SD,WR,68,181,45
1875,Leslie,Torres,1999-04-20,Port Anthony,TN,RB,69,235,84
1876,Lance,Gilbert,1988-03-25,Stewartside,AK,WR,80,238,71
1877,Megan,Cole,1986-08-31,Port Ellenport,TN,RB,73,208,36
1878,Ryan,Burns,1989-02-07,Lake Samuel,SD,QB,75,168,59
1879,Joseph,Ramos,1991-06-13,New Jennifer,HI,RB,78,259,42
1880,Manuel,Aguirre,2003-06-12,New Nicolefurt,WY,QB,77,163,33
1881,Kelly,Wyatt,1988-10-18,South Kimberly,TN,TE,68,154,13
1882,Samantha,Hunt,2005-11-06,Tammyberg,IL,WR,75,257,25
1883,Allison,Reeves,1986-10-17,Spearshaven,AL,TE,68,161,47
1884,Brandon,Jimenez,1990-11-02,Robinsonfort,MT,WR,71,236,89
1885,Gail,Hooper,1985-08-21,New Anne,TX,RB,70,281,51
1886,Caitlin,Newton,1996-01-15,Jenniferhaven,PW,QB,75,281,39
1887,James,Henderson,1998-03-06,East Colinmouth,MH,WR,72,194,46
1888,Andre,Robinson,1992-06-07,Courtneyville,CT,WR,69,226,6
1889,Kimberly,Riley,2005-06-04,Hornborough,NE,WR,73,280,65
1890,Rebecca,Morgan,2001-05-13,South Bradleyview,NM,TE,80,160,33
1891,Patrick,Chaney,2004-09-24,Port Alexisview,OR,RB,71,200,4
1892,Michael,Harvey,2006-12-07,Henrychester,ME,TE,72,224,77
1893,Dwayne,Summers,1988-12-04,North Donald,DC,QB,76,180,38
1894,Kevin,Jones,2005-12-26,New Scottmouth,PW,RB,68,176,34
1895,Vanessa,Baker,1990-09-28,Port Kimberlymouth,DC,RB,72,172,67
1896,Karen,Savage,1993-09-08,Jenniferville,SD,RB,78,245,87
1897,Jenna,Love,1999-09-11,Melanieview,WY,RB,71,209,71
1898,April,Hardin,1995-08-28,Port Jessica,DC,RB,76,197,25
1899,Alexander,Mckenzie,1994-01-14,Pearsonburgh,ND,RB,70,211,19
1900,Brittany,Smith,2003-08-18,Juliastad,NV,WR,71,160,70
1901,Kayla,Young,1994-01-06,Edwardshaven,NH,QB,69,252,50
1902,Thomas,Harvey,2007-12-09,Brianchester,ID,RB,77,164,15
1903,Mary,Stephenson,2004-01-06,Alyssaborough,PA,QB,69,189,66
1904,Richard,Scott,1998-01-12,Walkerberg,MT,WR,79,243,31
1905,Jennifer,Long,1994-01-04,Williamsland,KS,RB,68,290,17
1906,Andrea,Rivera,1995-02-26,Jeromeberg,LA,WR,73,287,78
1907,Daniel,Paul,1993-02-18,West Nicholeside,AL,WR,79,229,72
1908,Paul,Bennett,2003-10-20,Danielton,OK,RB,68,273,25
1909,Jeremy,Morris,1991-10-30,North Kimberlychester,PW,WR,80,171,19
1910,Vicki,Velasquez,2007-11-08,Hullland,ID,WR,78,207,87
1911,Dennis,Smith,1997-12-03,North Timothybury,KY,TE,68,195,97
1912,Patricia,Brooks,2004-10-20,New David,NE,TE,76,160,84
1913,Marcia,Kim,2003-12-22,North Frank,CA,RB,72,199,47
1914,Evelyn,Miles,1997-09-05,Jackmouth,KY,TE,79,236,41
1915,James,Fisher,1986-07-24,Port Williamport,ND,RB,76,261,15
1916,Samantha,Roberts,2006-08-14,Susanhaven,TX,WR,72,175,18
1917,Andrew,Coleman,1995-10-12,North Michael,WY,TE,70,201,12
1918,Arthur,Mccormick,1997-10-31,Jessicachester,MD,WR,69,217,64
1919,Rachael,Bell,1998-08-27,Timborough,SC,QB,74,216,63
1920,Adam,Mcdonald,2000-03-12,Danielleberg,MA,WR,77,163,76
1921,Michelle,Montoya,2002-02-11,New Michael,CA,WR,68,286,32
1922,Jeffrey,Lee,2001-12-24,Wilsonfort,MP,WR,78,212,49
1923,Amy,Meyer,1991-11-07,Tarahaven,NV,RB,75,188,55
1924,Todd,Washington,1986-04-02,Melissastad,GU,TE,75,280,13
1925,Stephanie,George,1986-02-01,Hudsonside,NE,QB,77,298,65
1926,Margaret,Barnett,1995-03-07,Adamsstad,ND,QB,71,176,36
1927,Brianna,Sharp,1991-05-10,South Debra,MA,QB,74,161,58
1928,Michael,Turner,1993-08-03,Blairland,PA,RB,78,164,4
1929,Jennifer,Decker,2007-06-21,Lake Monica,AZ,TE,68,163,50
1930,Lauren,Freeman,2007-12-06,Lake Kennethmouth,NJ,TE,78,294,84
1931,Jaime,Moore,2007-05-18,Lake Erinchester,ID,WR,75,192,42
1932,Matthew,Lewis,1993-03-06,Lake Angelton,MO,QB,73,278,78
1933,Tabitha,Glover,2002-02-01,Danielfort,ID,TE,74,242,26
1934,Patrick,Aguilar,1999-10-06,East Nancy,MH,TE,76,203,36
1935,Tom,Serrano,1997-07-04,South Johnberg,VA,TE,80,254,60
1936,Nicole,Young,1987-06-14,Port Shaun,OH,TE,73,158,7
1937,Brandon,Taylor,2000-01-20,Davidhaven,FL,TE,78,268,5
1938,Nicholas,Chapman,2000-10-28,New Rachaelbury,NY,WR,69,165,22
1939,Sheila,Berry,2000-11-23,Port Elizabeth,DE,TE,70,198,18
1940,Christopher,Hines,1994-02-02,Bennettfort,VI,WR,72,288,67
1941,Michelle,Nelson,2006-06-22,North Jeremy,TX,WR,80,278,32
1942,Michael,Blevins,2006-05-23,Martinezshire,WI,WR,72,239,84
1943,Michael,Sanchez,2000-02-28,Johnsonfurt,HI,TE,70,242,35
1944,Daniel,Carter,1999-11-19,Rodneyberg,TN,TE,70,255,89
1945,Joseph,Jordan,1989-09-03,East Nicholasfurt,OH,TE,70,198,92
1946,Leslie,Juarez,2006-08-28,Port Timothyfort,DC,QB,68,174,6
1947,Carrie,Waller,2005-06-21,Lewiston,ME,TE,73,237,31
1948,Ashley,Rios,2007-09-01,Lake Paige,NC,RB,74,162,93
1949,Cassandra,Mcgee,2006-12-15,Moorebury,OK,WR,77,207,59
1950,John,Foley,2004-10-24,East Keith,CA,QB,77,180,79
1951,Lisa,Barron,1990-10-23,Rileyborough,KS,QB,73,175,55
1952,Kimberly,Leonard,2003-06-18,Skinnermouth,LA,WR,77,211,86
1953,Joanna,Gates,1998-11-12,Murphyshire,MS,QB,78,278,98
1954,Rebecca,Bradshaw,2007-05-20,Chapmanville,AK,TE,70,204,26
1955,Shaun,Stafford,2004-09-27,Jonesview,OK,QB,68,255,46
1956,Brian,Peters,1989-08-09,Darylbury,FM,TE,71,171,76
1957,Daniel,Wade,1995-06-10,East Javier,SD,QB,79,275,83
1958,Adrian,Russell,2007-07-18,Elliottbury,LA,WR,77,193,56
1959,Yesenia,White,1994-12-27,West Matthewfort,IN,TE,72,167,83
1960,Christopher,Romero,1993-03-20,Phillipston,PW,QB,68,200,91
1961,Kenneth,Moore,1989-01-05,Lake Cynthia,FL,TE,79,261,22
1962,Danny,Richardson,1987-09-28,South Crystalmouth,NY,TE,68,275,75
1963,Steven,Montgomery,1999-04-19,Markview,AL,RB,75,283,74
1964,Megan,Clarke,2007-12-01,Morrishaven,GU,QB,80,264,62
1965,Robert,Riley,1991-04-12,Patriciachester,VT,QB,70,205,94
1966,Matthew,Savage,1996-01-10,Longport,WA,RB,80,285,97
1967,Mary,Zavala,1988-03-22,Andrewstad,OK,RB,76,164,91
1968,Tracy,Allen,2001-08-07,East Antonio,OK,QB,77,289,90
1969,Charles,Duncan,1994-02-28,South Tyler,MI,TE,80,161,44
1970,Devin,Smith,2002-09-17,Smithton,SC,WR,73,162,30
1971,James,Miller,1989-05-13,Hillton,PW,RB,74,285,64
1972,Daniel,Brown,2005-04-15,Austinland,MS,QB,74,214,30
1973,Jeffrey,Willis,2001-02-25,Jenningsville,KS,QB,76,192,11
1974,Kimberly,Alexander,1989-07-13,East Jacob,CA,RB,77,291,92
1975,Katherine,Davenport,2008-01-18,Port Audreyborough,GU,WR,72,249,10
1976,Victor,Walker,1986-04-07,West Matthew,FL,RB,76,157,81
1977,Michael,Avery,1985-06-14,Robertsfort,FL,WR,76,180,30
1978,Joshua,Cardenas,1988-06-26,North Travis,NE,QB,76,232,91
1979,Denise,King,1994-06-22,East Lauren,HI,WR,69,295,94
1980,Maureen,Andrews,2001-04-27,East Breanna,FM,QB,68,298,98
1981,Teresa,Floyd,2000-05-15,Lindsayborough,MT,RB,77,228,44
1982,Lori,Richards,1985-08-13,Davidtown,AK,WR,80,248,11
1983,Keith,Flores,2005-08-05,East Katie,KS,TE,68,160,80
1984,Andrew,Pitts,1989-12-31,Millermouth,TX,TE,69,221,48
1985,Kaylee,Reynolds,1992-01-03,South Rebecca,CT,QB,80,174,93
1986,Maria,Brown,1997-06-17,Port Jeffrey,CA,WR,74,275,0
1987,Penny,Morrison,2000-11-21,Lake Travis,PR,QB,78,198,29
1988,Danielle,Vasquez,1987-11-29,Chloeton,NY,RB,71,218,64
1989,Christopher,Diaz,1997-04-19,New Diana,NJ,QB,70,180,12
1990,Laura,Nelson,2003-01-18,South William,DE,TE,79,217,45
1991,Amy,Williams,1988-07-03,Stevenshaven,NV,WR,80,188,48
1992,Christopher,Ashley,1992-03-05,Campbellton,AR,RB,70,259,97
1993,Stephanie,Green,1986-01-25,Lake Patriciamouth,SC,RB,75,165,34
1994,Brenda,Hall,1989-09-29,Bradleybury,GA,QB,72,230,52
1995,Rachel,Barton,1987-11-08,West Donna,KY,TE,68,202,10
1996,Karen,Reeves,2007-12-03,Lake Jason,NV,QB,78,207,84
1997,Nicole,Miller,1993-08-02,Lake Austinton,MI,WR,77,235,9
1998,George,Fritz,2000-10-09,East Judithville,NE,TE,70,171,78
1999,Lori,Solomon,2002-01-14,Reynoldschester,MH,WR,74,200,6
2000,Douglas,Jones,2000-07-29,East Danielshire,DE,WR,75,162,18
2001,Virginia,Taylor,1989-09-02,Port Bobby,NJ,RB,76,234,84
2002,Brittany,Phillips,1994-12-29,Phillipsburgh,NC,RB,68,201,95
2003,Felicia,Ramirez,2002-04-25,Oliviaberg,SD,WR,79,188,60
2004,Shaun,Guerra,1991-07-24,Port Amberville,KY,WR,79,197,91
2005,Tiffany,Herring,2004-11-12,West Teresa,SC,RB,75,183,22
2006,Angela,Sharp,2006-10-20,North Rachelburgh,VT,RB,77,294,59
2007,Jackson,Berry,1985-08-05,West Jennifer,NV,RB,77,282,96
2008,Martin,Meyers,1993-01-18,Port Williamtown,MO,TE,80,238,21
2009,Allen,Johnson,2001-10-18,South Jennifer,MA,RB,77,193,8
2010,Cheryl,Mann,2004-01-01,Lake Cynthiaburgh,ND,RB,69,180,79
2011,Aaron,Hopkins,1999-10-12,Gonzalezville,OR,TE,71,172,28
2012,Kathy,Harvey,1991-07-31,East Frances,AL,RB,77,265,81
2013,Victor,Wilson,2003-02-19,East Sarah,AK,RB,80,252,10
2014,Nicole,Krueger,2000-09-24,Riosview,NH,TE,77,152,89
2015,Bethany,Reynolds,1987-08-07,Lake Jennifershire,AZ,RB,75,215,55
2016,Robert,Hamilton,2001-11-01,Jordanshire,WV,QB,77,187,81
2017,Adam,Wheeler,1994-02-27,Jaimefurt,NE,TE,70,199,18
2018,Kim,Wilson,2002-08-10,New Tonyton,OH,WR,76,171,65
2019,Christina,Higgins,2005-09-24,Johnsonberg,OK,QB,80,234,36
2020,Alyssa,Cummings,1985-10-04,Lake Jennifer,SC,QB,77,170,52
2021,Maria,Fitzgerald,1990-06-07,Rayberg,RI,TE,73,221,49
2022,Martin,Barron,1996-10-06,Hernandezland,DE,RB,76,161,24
2023,Laura,Thompson,1991-09-15,Meganshire,SD,WR,76,213,9
2024,Eric,Hancock,1985-10-13,West Amber,AR,RB,76,170,79
2025,John,Lamb,1993-04-30,Lake Leslie,CO,RB,72,165,60
2026,William,Ross,1994-08-24,South Davidmouth,NJ,QB,79,230,70
2027,Katherine,Parker,1986-07-22,Port Nicholaston,MP,QB,68,206,40
2028,Christopher,Moore,1995-08-26,East Keithport,VI,TE,79,276,24
2029,Samuel,Carter,1990-05-26,Hunterstad,MD,QB,73,150,19
2030,Allison,Reynolds,1997-03-11,Paulaport,CO,WR,70,287,70
2031,Whitney,Carlson,1992-12-02,New Lauren,GA,WR,80,208,35
2032,Angela,Singleton,2002-07-28,Coxbury,PW,QB,74,232,87
2033,Troy,Hernandez,1997-05-22,Amandaside,CA,RB,76,223,10
2034,Sarah,Barnes,2003-06-29,North Katherineland,HI,RB,75,199,70
2035,Joe,Green,1995-01-23,Denisehaven,AR,RB,68,170,59
2036,Miranda,English,1991-06-29,Jeanetteport,PR,RB,70,257,14
2037,Cindy,Dougherty,1998-10-30,New Johnhaven,HI,WR,80,194,29
2038,Brittany,Wheeler,2005-02-25,Port Carmen,PA,QB,74,176,75
2039,Vanessa,Burns,2003-09-27,Jeffshire,KS,QB,68,288,57
2040,Tracy,Williams,2004-11-26,East Carolyn,IL,WR,69,299,75
2041,Jennifer,Ramirez,1988-01-31,Millerview,RI,TE,78,163,72
2042,Christopher,Savage,1996-12-04,Stephanieville,CA,RB,74,153,63
2043,Rebecca,Davis,1990-03-19,Michaelport,KY,QB,69,226,19
2044,Derek,Garcia,2007-04-15,Port Mistyburgh,WV,RB,76,212,26
2045,Drew,Rogers,2006-09-10,Barronland,NE,RB,72,160,88
2046,Renee,Fuller,1986-11-27,Lisaside,AZ,TE,73,252,35
2047,Alexander,Steele,1991-03-02,East Kellyland,PR,WR,71,230,77
2048,Jessica,Smith,2002-05-11,West Savannah,FL,RB,71,188,5
2049,Alicia,Horn,1999-09-03,East Christopher,UT,RB,74,228,14
2050,David,Velez,2003-01-30,South Alex,LA,TE,77,233,24
2051,Ashley,Hill,2002-03-19,Anneside,FL,QB,74,151,6
2052,David,Bell,1993-08-20,Garciafort,MI,RB,77,295,15
2053,Erika,Thompson,1985-11-18,South Robert,NC,RB,77,297,29
2054,Jonathon,Oconnor,2003-10-31,Evansberg,DC,RB,72,256,50
2055,Jennifer,Smith,1993-11-27,New Johnhaven,VI,RB,79,216,23
2056,Dana,Bell,1985-12-20,Murphyberg,NJ,TE,77,183,95
2057,William,Marquez,2003-01-25,South Katherineburgh,KY,WR,74,179,90
2058,Maria,Ellis,2007-01-22,Mathisburgh,NH,QB,76,214,73
2059,Micheal,Kelley,2001-10-09,Lynchchester,WV,QB,70,173,86
2060,Christine,Adkins,1996-07-30,North Dorothymouth,OK,WR,79,239,58
2061,Michelle,Johnson,1986-01-06,Perezfurt,MN,RB,74,205,86
2062,Michael,Harper,1990-07-05,Michaeltown,WV,QB,71,295,91
2063,Patty,Phillips,2005-10-26,Pierceton,MI,QB,80,175,89
2064,Zachary,Sosa,2006-03-22,West Donna,NH,RB,77,236,97
2065,Martha,Duncan,2001-08-18,Robertsontown,AR,WR,80,200,75
2066,Colleen,Gamble,1994-11-08,North Paul,AS,RB,80,234,59
2067,Erin,Cruz,2007-01-23,Elaineport,NJ,QB,74,280,53
2068,Christopher,Brown,2005-05-24,East Steventown,PW,TE,78,254,76
2069,Kenneth,Brown,1995-04-21,Mooremouth,RI,QB,72,265,34
2070,Angela,Roberts,2008-01-27,Wallacehaven,NM,RB,70,182,78
2071,Brett,Reid,2007-07-29,Port John,CA,QB,70,157,62
2072,Gina,Jackson,2006-12-05,Sylviashire,IL,QB,79,232,76
2073,George,Roberts,2004-08-21,Morrisburgh,PR,QB,75,249,45
2074,Edwin,Chavez,1994-03-22,Clarkmouth,RI,TE,78,270,48
2075,Victoria,Hall,1991-11-29,Lake Lisa,CT,WR,75,236,89
2076,Samantha,Hamilton,1996-04-04,North Brooke,NC,WR,73,295,40
2077,Mary,Knapp,2005-07-02,Hughesburgh,TX,WR,80,161,62
2078,Jessica,Doyle,2000-06-30,Barbaraside,WA,WR,69,278,29
2079,Vicki,Berry,1998-11-04,Burnsmouth,MO,TE,74,174,46
2080,Joseph,Padilla,2002-07-28,Smithhaven,CA,RB,76,199,42
2081,Michelle,Jones,1998-09-11,East Emily,MN,QB,70,262,88
2082,Katherine,Stokes,2003-11-21,East Feliciaview,NY,RB,72,220,89
2083,Nicholas,Martin,1995-09-07,Codyberg,MA,QB,78,223,49
2084,Cristina,Cardenas,2001-08-30,Port Scott,MO,TE,72,262,2
2085,Mike,Harper,1989-07-23,North Jamesfort,AS,QB,77,258,11
2086,Amanda,Navarro,1994-01-16,Keithmouth,ME,TE,78,225,62
2087,David,Jackson,1986-05-21,Lake Dana,WV,WR,68,232,66
2088,George,Solis,1996-10-05,Lauramouth,MH,TE,79,157,65
2089,Ashley,Walter,2004-08-28,Laurenside,IA,RB,70,268,36
2090,Jodi,Simmons,1985-09-18,South Kennethchester,NC,WR,74,172,4
2091,Joseph,Garcia,2005-02-25,Colonview,TN,RB,78,246,98
2092,Amy,Griffin,1989-02-06,New Katherine,VA,TE,70,292,85
2093,Timothy,Mcneil,2003-05-18,Smithshire,MO,WR,80,274,48
2094,Mark,Torres,1995-10-18,Kevinfurt,DE,TE,80,286,84
2095,Jessica,Johnson,1989-01-28,North Sonyaburgh,KY,QB,71,299,2
2096,Laura,Baker,1998-06-16,Bethmouth,MT,RB,73,288,3
2097,Alexandra,Bowen,1991-09-14,Murphychester,AL,TE,78,164,97
2098,Lydia,Perez,1987-04-15,Lake Lisatown,IN,RB,73,284,45
2099,Kaylee,Hart,1997-03-31,Jamesland,KY,TE,72,271,89
2100,Kenneth,Fernandez,2007-02-06,Davidtown,HI,TE,69,223,98
2101,Olivia,Bush,2004-05-31,Port Alexandria,NV,RB,74,290,83
2102,Sara,Smith,1995-09-06,Maryfurt,MD,WR,74,195,22
2103,Holly,Freeman,2000-03-01,Sellersberg,MP,QB,77,213,83
2104,Jill,Bennett,1990-12-06,Rebeccamouth,VA,TE,76,296,95
2105,Dennis,Carlson,1998-04-07,West Wendytown,AK,RB,80,176,36
2106,Carolyn,Robles,2007-10-17,Bishopport,NH,QB,68,253,78
2107,John,Johnson,1995-06-15,Walterfurt,WI,QB,75,188,17
2108,Jennifer,Griffin,2006-04-07,East Heathermouth,PR,WR,68,264,30
2109,John,Ford,1985-12-03,Brendachester,ND,RB,79,255,83
2110,Robert,Lucas,1990-07-02,Nicholasburgh,RI,RB,74,181,22
2111,Amanda,Rhodes,1986-12-16,Port Sarahhaven,VT,TE,74,226,25
2112,Jessica,Moore,2006-06-26,Port Curtis,KS,TE,75,271,0
2113,Richard,Koch,2001-09-01,Michaelchester,NM,WR,80,203,29
2114,Matthew,Dougherty,1998-06-23,South Debbieberg,MS,WR,78,190,35
2115,Jenna,Oneal,1992-09-23,South Tammyside,MH,RB,74,268,57
2116,Andrea,Harper,1991-09-02,Blackborough,WV,RB,77,195,17
2117,Jack,Jacobs,1996-03-12,New Angelaburgh,NM,RB,73,203,44
2118,Jacqueline,Johnson,1994-08-24,Lisastad,PW,RB,78,239,26
2119,Kevin,Phillips,1990-07-23,Hooverfurt,MN,QB,72,150,22
2120,Samantha,Franklin,1991-11-02,West Cindyton,MN,WR,78,169,98
2121,Emily,Villarreal,1991-07-30,Reesehaven,DE,TE,76,252,70
2122,Kathryn,Hines,2000-05-23,Maryville,SC,TE,79,235,96
2123,Lori,Fitzgerald,1997-07-17,West Michaelside,NH,QB,80,193,69
2124,Adam,Yang,2000-05-18,South Steven,SD,QB,74,217,11
2125,Anthony,Martin,1993-08-15,Lake Ashleyhaven,HI,QB,74,247,46
2126,Susan,Johnson,2004-10-24,Cynthiatown,NV,QB,71,200,83
2127,Linda,Charles,2001-04-14,South Steven,OR,RB,70,279,69
2128,Kevin,Moss,1999-05-04,Scottborough,UT,QB,69,262,16
2129,Kaylee,Richard,1994-12-22,Nathanburgh,MS,QB,77,272,95
2130,Briana,Jackson,1998-04-06,Lindsayport,AR,RB,74,257,4
2131,Robert,Harrell,2004-08-03,East Amanda,SD,QB,78,164,43
2132,Jermaine,Macias,2005-10-25,Micheleberg,WY,TE,69,231,7
2133,Amy,Knight,2006-09-21,Lake Lisaburgh,VI,QB,72,163,64
2134,Heather,Dixon,1995-12-03,Port Laurabury,VI,WR,76,193,22
2135,Caleb,Rose,1995-01-08,Stephenville,AK,RB,73,238,56
2136,Max,Schmidt,1986-08-04,Harrisborough,HI,WR,73,265,26
2137,James,Houston,2001-09-23,Calvinbury,KY,WR,73,157,32
2138,Laura,Sanchez,2007-10-17,Lake Jasmine,NV,WR,69,165,72
2139,Stephen,Reid,1995-04-15,North Dylan,HI,QB,73,179,6
2140,John,Rivera,1990-09-16,Brownburgh,OH,QB,69,240,56
2141,Neil,Rivas,1985-06-21,Bendermouth,MD,TE,80,192,30
2142,James,Woods,1994-04-09,North Tonyview,AL,QB,70,190,62
2143,Bryan,Hobbs,2004-12-05,New Lisaview,AS,QB,72,177,98
2144,Tiffany,Soto,1998-01-25,West Erinbury,FL,WR,73,184,3
2145,Steven,Walton,1986-10-07,Halehaven,NC,QB,78,300,19
2146,John,Barrett,1985-12-27,Ayalafort,AZ,RB,70,236,31
2147,Deborah,Clark,1994-06-18,Nathanborough,GA,WR,72,192,15
2148,Joshua,Galloway,2007-08-12,West Robert,ME,TE,70,168,11
2149,Paul,Martinez,1987-12-16,South Lindsey,ND,WR,79,182,36
2150,Patrick,Watson,2003-08-25,Lake Leslie,CA,RB,68,181,49
2151,Lisa,Robertson,2004-04-04,East Williamburgh,MT,QB,70,173,14
2152,Jeffery,Wilkinson,2000-09-27,Tracyton,TX,RB,79,265,77
2153,Anthony,Pugh,1989-09-30,Figueroabury,IL,QB,72,286,93
2154,Erin,Cole,1990-04-08,Jasonville,HI,RB,79,275,1
2155,William,Garza,1992-11-17,Joshuafurt,NJ,RB,79,268,35
2156,Timothy,Wilson,2007-03-06,Sanchezmouth,NH,QB,74,225,48
2157,Dalton,Harvey,1995-05-28,Richardbury,AK,RB,70,165,63
2158,Timothy,Vasquez,2002-09-18,Lake Markhaven,AZ,WR,70,244,79
2159,Steven,Wood,2003-05-28,Nguyenstad,GA,WR,79,216,38
2160,Angelica,Thomas,1999-10-08,Lake Ericland,AS,QB,71,193,85
2161,Jamie,Wright,1991-08-24,Gonzalezfurt,IN,TE,72,277,86
2162,Hannah,Hunter,2002-08-14,East Zachary,ND,WR,79,193,35
2163,Adrian,Burnett,1995-09-05,Victoriabury,SC,QB,80,169,54
2164,Erika,Morris,1995-09-06,Longmouth,NJ,WR,71,245,89
2165,Corey,Olson,1998-04-22,Port Sara,MT,QB,72,296,30
2166,Daniel,Thomas,2002-08-01,Lake Michaeltown,CT,RB,77,258,87
2167,Michael,Wang,1992-04-09,Port Priscilla,AS,RB,69,169,21
2168,Bethany,Nelson,2007-02-12,Port Kevin,MP,QB,72,269,23
2169,Terri,Washington,1990-01-29,New Linda,GA,QB,76,176,9
2170,Juan,Horton,1998-05-22,Evansstad,RI,QB,77,160,18
2171,Harold,Green,1991-08-11,Davidhaven,VI,RB,73,167,52
2172,Sandra,Moses,1996-04-09,Staceyport,FM,QB,68,192,11
2173,Angelica,Kim,2005-05-29,Mooretown,ID,TE,69,232,5
2174,Christine,Rodriguez,2003-12-12,West Stephaniebury,FL,WR,70,271,63
2175,Kristin,Trujillo,2001-06-20,Thomashaven,GU,RB,78,242,32
2176,Robert,Jackson,2004-10-27,Hughesmouth,NH,RB,70,275,21
2177,Janet,Morton,2007-06-14,West Daniel,ID,WR,74,215,85
2178,Sean,George,2006-11-11,East Mario,NJ,RB,68,180,57
2179,Nathaniel,Cervantes,1989-07-01,Chanfurt,MP,RB,75,186,43
2180,Stephen,Wilkerson,1989-05-02,Hernandezport,MA,TE,69,173,2
2181,Mary,Gomez,1989-07-14,Port Meganhaven,FL,RB,69,249,8
2182,Kristi,Jones,1993-05-22,Kellyshire,HI,RB,73,194,78
2183,Michael,Vaughn,1992-11-30,Shawmouth,FM,TE,68,275,11
2184,Jillian,Williams,1995-04-06,Port Gina,MO,TE,76,222,50
2185,Erin,King,1988-02-05,Michaelview,WV,QB,79,258,72
2186,Heidi,Warren,2007-09-28,Port Joseberg,GU,WR,75,167,44
2187,Bryan,Jones,1992-10-01,Jonesmouth,AK,TE,78,268,90
2188,Diane,Perry,1999-05-23,Davidview,NM,QB,73,281,90
2189,Andrew,Lyons,1997-03-12,South Miguel,SD,RB,80,175,68
2190,Ryan,Nelson,1985-06-29,Nicholashaven,PA,WR,79,252,53
2191,Michelle,Pierce,1991-11-22,East Brianberg,ID,QB,71,181,74
2192,Dawn,Moody,2007-09-11,Alexhaven,HI,QB,69,195,85
2193,Katrina,Green,1988-06-04,West Troy,TN,RB,76,275,94
2194,Maureen,Pena,1985-11-04,New Holly,LA,QB,72,267,7
2195,Nicholas,Lee,2000-05-12,Santiagostad,AZ,TE,68,168,85
2196,Leslie,Nguyen,2002-04-25,Schroederstad,DE,QB,73,258,17
2197,David,Khan,1992-01-17,Farrellside,PW,TE,71,263,82
2198,Melinda,Clarke,1993-06-09,Craigburgh,SD,TE,80,206,75
2199,Krystal,Smith,2007-05-25,West John,MO,TE,77,174,86
2200,Justin,Garcia,2001-08-10,East Jocelyn,GU,TE,80,233,30
2201,Thomas,Adams,2000-04-27,Wesleyport,WA,TE,76,179,34
2202,Aaron,Weeks,1997-08-13,Boyerfort,SD,WR,68,222,83
2203,David,Christensen,1997-10-14,Brianport,CO,WR,80,243,61
2204,Emma,Atkinson,2007-04-13,South Ryan,VA,RB,78,255,70
2205,Cheyenne,Miller,1997-06-13,Frankport,TN,WR,74,193,40
2206,Sarah,Gallagher,2002-10-28,West Stacey,NJ,WR,78,261,90
2207,Andrew,Parrish,2007-12-24,South Juliefort,VA,RB,78,236,25
2208,Ricardo,Cobb,2003-07-13,Garciaberg,FL,RB,70,247,94
2209,Jason,Boyd,1999-02-07,Port Sarahton,AK,RB,78,237,39
2210,Sarah,Santos,1996-09-30,Wendyhaven,MT,QB,77,171,2
2211,Kathryn,Golden,1985-05-04,Lake Billy,NJ,QB,76,223,9
2212,Mark,Gilbert,2002-04-14,East Melissa,MA,QB,75,252,92
2213,Nicole,Anderson,1995-02-04,Port Christieland,WY,TE,73,157,98
2214,Natalie,Faulkner,1997-02-23,West Frankville,OR,QB,78,274,69
2215,Richard,Flores,1994-01-08,Bushmouth,MI,RB,76,185,81
2216,Robert,White,2004-01-28,South Davidchester,IA,TE,68,212,33
2217,Raymond,Quinn,1994-04-02,Lake Dianefort,MS,WR,73,203,67
2218,Daniel,Ross,1994-05-17,Lake Lisafort,CA,QB,71,252,90
2219,Michael,Hudson,2003-03-04,Coltonville,WA,TE,76,244,13
2220,Tammy,Bell,1999-05-23,East Melissamouth,AZ,WR,73,298,68
2221,Heather,Taylor,1987-10-08,Chavezview,IA,RB,71,206,32
2222,Ashley,Shelton,1987-01-25,South Dawn,SC,QB,71,187,9
2223,William,Brown,1993-08-16,Wheelerville,RI,WR,79,282,25
2224,Susan,Vazquez,1991-08-27,New Patriciamouth,MS,RB,79,220,69
2225,Benjamin,Martinez,1991-04-28,New Hollystad,CO,WR,79,289,89
2226,Richard,Wade,2003-04-24,South Carlyview,IN,QB,74,259,34
2227,Michael,Wiggins,1987-08-29,Fordton,OR,TE,78,220,24
2228,Elizabeth,Nash,1997-12-19,Murphytown,CO,TE,71,289,75
2229,Benjamin,Leon,2001-12-05,Rhondahaven,ID,RB,78,208,96
2230,Sierra,Keller,1998-03-20,Port Rachelhaven,KY,RB,71,222,61
2231,Vanessa,Hardin,1989-07-25,Lake Emily,PR,RB,69,176,2
2232,Jessica,Pham,1994-05-24,Lake Joshua,FL,RB,68,253,27
2233,Melissa,Hall,1993-04-28,West Jasontown,CA,QB,69,188,97
2234,Stephen,Wallace,2007-01-31,North Davidfurt,IL,QB,73,183,24
2235,Kevin,Williamson,1990-06-24,Walterville,MA,WR,68,173,93
2236,Kristen,Atkins,2006-11-19,Valenzuelaburgh,GU,WR,76,291,62
2237,Jaime,Cook,2000-02-23,Conradmouth,FL,TE,74,279,49
2238,Ronald,Ferguson,1998-04-04,Lake Kristen,CT,QB,70,194,69
2239,David,Williams,1991-01-03,Barrettbury,AK,WR,75,176,77
2240,Sandra,Bruce,1995-02-22,Port Beckybury,AS,WR,79,217,43
2241,David,Huff,2003-05-18,West Paul,WV,RB,68,282,40
2242,Michael,Martinez,1987-09-23,Lake Michaelmouth,ID,QB,72,219,86
2243,Dawn,Martin,1988-01-14,North Markchester,SD,QB,68,181,93
2244,Dennis,Stanley,2004-05-31,East Zachary,PR,RB,71,284,72
2245,Jordan,Evans,1987-10-30,East Henrychester,SC,RB,79,209,48
2246,John,Johnson,1985-10-03,Matthewton,PA,WR,69,294,62
2247,Victoria,Ross,2000-11-14,Patelbury,IL,RB,78,156,72
2248,Jason,Davis,2000-06-03,North Paulborough,NV,RB,72,220,19
2249,Elizabeth,Lee,1997-12-19,South Michelle,UT,WR,70,231,21
2250,Susan,Cochran,1996-01-21,Buchananport,WA,QB,80,236,74
2251,Courtney,Rice,2005-05-15,Carterburgh,MN,RB,76,185,53
2252,Paul,Johnson,2007-02-01,South Tanya,FM,WR,71,198,89
2253,Sean,Cisneros,2007-03-07,Allisonborough,RI,RB,78,288,86
2254,Alyssa,Chavez,1992-09-14,Gibsonside,GA,TE,69,287,90
2255,Jeremy,Campbell,1995-03-24,Clineville,MT,QB,74,193,83
2256,Megan,Baker,1986-06-25,New Sarashire,MI,QB,70,268,56
2257,Austin,Smith,2004-04-27,Lake Ianbury,TN,RB,74,184,16
2258,Robert,Shaw,1996-11-12,New Jeffery,KY,RB,79,155,62
2259,Theresa,Diaz,2003-10-08,North Philipbury,NE,TE,70,270,60
2260,April,Walker,1989-09-13,Jamiemouth,WI,TE,74,180,69
2261,Kathleen,Carpenter,1999-11-30,South Brenda,IL,TE,80,205,70
2262,Christopher,Tran,1999-12-18,East Tammyhaven,NC,RB,77,165,33
2263,Briana,Martinez,2007-07-08,Heatherton,LA,WR,70,197,79
2264,Karen,Cox,1991-09-29,North Timothy,MO,TE,69,196,85
2265,Mary,Tyler,2006-12-04,West Roystad,NH,QB,79,182,35
2266,Jacob,Barnes,2000-07-28,Port Amyberg,MI,RB,74,162,61
2267,Amanda,Esparza,1993-10-10,East Pattychester,IL,TE,74,200,15
2268,Brianna,Baker,2007-09-03,Lake Donaldside,CT,QB,74,213,5
2269,Gregory,Velasquez,2000-06-22,Christopherfurt,MP,TE,68,181,80
2270,Jose,Allen,1989-05-29,Kevinside,AR,QB,76,192,11
2271,Kimberly,Holt,2001-02-18,South Jacquelineport,OK,RB,70,246,49
2272,Regina,Wilson,2001-06-25,Bennettshire,MH,QB,69,274,68
2273,Lawrence,Gonzalez,2005-12-27,Leachfurt,GA,RB,74,191,86
2274,Pamela,Bailey,1986-12-05,New Roberttown,WA,RB,68,212,48
2275,Gregory,Jenkins,1989-02-09,Gregoryfort,WI,WR,76,168,67
2276,Sara,Jones,2004-05-02,Carterchester,UT,RB,80,155,71
2277,Sarah,Jenkins,1998-12-31,Mayland,WA,RB,68,287,23
2278,Amanda,Curtis,1988-02-05,West Karenberg,AK,RB,75,241,48
2279,Tiffany,Stevens,1999-03-13,Spencermouth,IN,QB,70,249,22
2280,Kelly,Burke,1995-10-23,New Danielview,WV,TE,80,177,79
2281,Erin,Pratt,1997-07-22,Port Keith,OR,WR,76,221,19
2282,John,Smith,2001-11-28,Port Blake,PW,TE,76,207,35
2283,David,Ryan,1986-01-10,Millerland,MN,RB,70,151,14
2284,Danielle,Davis,1999-08-13,Wendyshire,PR,TE,80,210,21
2285,Anthony,Colon,1996-06-22,East Kendra,NM,TE,79,299,24
2286,Jennifer,Johnson,2007-03-01,East Savannahland,WA,WR,79,264,17
2287,Paul,Edwards,1989-02-10,Lovefurt,AL,QB,73,246,97
2288,Corey,Stevens,1987-04-30,Port Susan,WV,TE,75,269,17
2289,Nicole,Blackburn,2007-07-14,Lake Rebeccastad,MN,WR,79,264,82
2290,Nicholas,Contreras,2003-03-06,Lake Conniebury,DC,QB,73,258,55
2291,Russell,Parker,1990-04-19,Martinfort,TX,TE,71,217,70
2292,Ryan,Archer,1994-12-28,South Ashleeland,OH,RB,69,192,62
2293,Steven,Rosario,1987-08-28,Lake Todd,IA,TE,68,263,31
2294,Scott,Gallagher,1987-08-11,Coxborough,MS,WR,75,247,24
2295,Melissa,Wall,2001-01-04,South Katelynmouth,GA,RB,80,186,47
2296,Diane,Mullins,1991-06-11,Petersbury,CA,QB,69,229,91
2297,Jessica,Hall,1993-05-26,Yoderberg,IA,RB,73,168,64
2298,Todd,Mcbride,1988-07-09,Lake Gabriellemouth,VI,RB,75,160,39
2299,Bryan,Nichols,2002-04-09,West Ashleyborough,VT,RB,76,280,18
2300,Debra,Smith,2008-03-14,Kelseytown,GU,RB,68,162,52
2301,Scott,Foster,1996-03-24,Wilsonberg,FM,TE,77,182,92
2302,Julia,Phillips,2000-05-16,Santiagochester,SD,TE,73,266,12
2303,Robert,Moore,1992-08-09,Lake Brenda,IN,RB,79,188,37
2304,Jessica,Vincent,2002-02-28,North Melissa,RI,WR,68,224,32
2305,Anthony,Baker,1992-11-06,Josephberg,DC,WR,80,291,15
2306,Kimberly,Vazquez,1999-07-22,New Michelle,PW,QB,77,261,89
2307,Erin,Moore,2001-05-30,Brendatown,PA,TE,70,292,20
2308,Richard,Waters,1999-12-24,Donaldland,WY,TE,69,223,30
2309,Kenneth,Williams,1999-10-04,Bennettshire,KY,WR,74,226,20
2310,Sarah,Jones,2001-10-02,Jeremyside,OK,RB,71,209,87
2311,Joseph,Malone,1987-01-21,West Frankton,KS,WR,74,167,91
2312,David,Cooper,2002-11-13,Riveraland,NM,WR,68,198,81
2313,Michelle,Harrison,1987-11-05,North Robertville,AK,RB,71,184,87
2314,Mark,Blake,1989-06-09,East Jamie,TX,WR,75,224,3
2315,Jennifer,Holmes,1994-07-09,Mcdonaldchester,LA,RB,72,298,89
2316,Holly,Villa,2002-05-14,Port Amy,CO,QB,69,230,95
2317,Rodney,Navarro,2005-02-02,West Thomas,AK,WR,69,161,35
2318,Julie,Crawford,1994-02-27,New Catherineport,ND,QB,75,270,29
2319,Brenda,Bradley,1997-02-12,Dunnland,LA,TE,71,204,92
2320,James,Smith,2004-01-20,Katieton,CT,RB,70,289,53
2321,Jennifer,Barrett,2004-08-14,Ramirezshire,NH,TE,75,185,78
2322,Brandon,Graham,1989-06-07,North Ashleystad,VA,WR,79,252,77
2323,John,Moreno,2000-12-22,Jonesview,IL,WR,71,294,80
2324,Annette,Martinez,1986-04-11,Daviston,TX,RB,73,156,11
2325,Kristina,Mcdonald,2000-04-27,Port Dorothyshire,GA,TE,74,231,82
2326,Donna,Oliver,1997-07-19,East Amanda,RI,RB,79,154,86
2327,David,Evans,1985-08-03,Davenportton,OR,RB,73,229,10
2328,Katherine,Lee,2002-11-18,West Vanessafurt,WI,QB,73,234,51
2329,Kevin,Jones,1997-11-07,Jeffersonmouth,MD,QB,73,251,29
2330,Brian,Greer,1993-02-14,Robertland,CO,RB,78,271,25
2331,Thomas,Bradford,1994-01-13,Mcguireside,ME,QB,80,283,59
2332,Matthew,Sanchez,1989-02-28,Brownview,NY,WR,74,297,38
2333,Sandra,Ramirez,1987-08-11,Port Kimberlytown,OK,TE,80,281,76
2334,Danielle,Ross,2000-04-09,Port Bradleyborough,MH,WR,71,282,28
2335,Joshua,Cox,2003-08-30,New Cheryl,ME,WR,70,252,80
2336,Tim,Owens,1988-12-11,New Jesus,TX,QB,75,247,45
2337,Kenneth,Garcia,2006-11-28,North Joshua,IN,WR,75,300,79
2338,Olivia,Hines,1994-10-29,Laurenborough,MN,QB,73,187,6
2339,Angela,Olson,1990-01-13,Johnsonfort,TX,RB,76,211,28
2340,Laura,Wagner,2005-03-28,Wrightstad,FL,WR,72,162,53
2341,John,Reyes,1997-11-27,East Brittany,MT,WR,74,228,76
2342,Christopher,Smith,2000-12-08,Harveyhaven,MI,QB,75,161,97
2343,Shaun,Cervantes,2008-03-11,East Christopher,ME,WR,80,272,70
2344,Jessica,Ramirez,2007-05-23,Kennethland,GA,QB,74,170,22
2345,Joseph,Green,2001-05-14,Williamside,VA,RB,68,233,9
2346,Steven,Mcdowell,1989-08-07,North Andrea,MN,TE,70,159,59
2347,Kenneth,Dunn,1986-08-19,West Michael,CO,QB,70,157,77
2348,Laura,Jackson,1991-04-21,Meganland,MI,QB,79,283,8
2349,Chad,Brown,2002-01-30,Lake Heidishire,MT,TE,74,188,41
2350,Jose,Lee,1996-08-17,Lake Adrianshire,KS,WR,74,277,59
2351,Tara,Bray,2002-03-19,West Paige,MS,RB,69,163,7
2352,Catherine,Stokes,1986-12-22,West Sarah,KS,WR,78,257,20
2353,Brian,Flores,1999-09-18,East Rachel,WY,RB,74,185,9
2354,Amber,Wallace,1992-06-23,Lake Annaside,NE,QB,73,182,57
2355,Dylan,Raymond,2005-07-17,Port Karenport,VA,WR,75,158,50
2356,Thomas,Clark,1986-04-29,Ianville,MI,TE,68,229,86
2357,Curtis,Anderson,1986-10-12,South Pamelastad,NH,WR,77,258,22
2358,Karen,Lopez,1991-03-24,East Jill,CT,TE,69,184,25
2359,Jacqueline,Cook,2007-08-16,East Annhaven,KY,WR,78,155,72
2360,Katelyn,Davidson,1985-08-10,Lake Rebecca,TX,QB,77,247,64
2361,Lisa,Fletcher,1996-02-04,Dawsonport,NM,QB,79,161,76
2362,Anthony,Taylor,1996-12-16,Dwaynebury,AS,QB,80,262,99
2363,Luke,Hensley,1987-04-24,West Lisashire,DC,WR,68,195,24
2364,Rebecca,Singh,1998-03-10,South Jacqueline,RI,TE,80,266,32
2365,Nichole,Martin,2005-04-21,South Christinaborough,AS,TE,69,192,1
2366,Allen,Nielsen,1986-03-03,Susanborough,IL,TE,73,204,11
2367,Jasmine,Williams,2006-10-31,Coryton,NY,TE,73,217,19
2368,Jeff,Bates,2003-07-30,Farrellside,NY,RB,78,190,58
2369,Kristi,Meza,1998-10-03,Jeffreyside,DC,RB,80,287,92
2370,Ashley,Hughes,1989-06-17,New Crystalton,TN,QB,77,158,10
2371,Patricia,Boone,1992-03-02,North James,MD,TE,73,220,11
2372,Christina,Taylor,1997-10-06,Philipton,AZ,RB,76,152,96
2373,Joshua,Robinson,1999-09-27,East Christinaberg,AS,WR,77,294,87
2374,Nicholas,Bullock,1997-05-15,Lawrenceville,MO,WR,77,202,68
2375,Elizabeth,Gonzalez,2007-07-08,East Karitown,ID,WR,73,151,58
2376,Yvette,Brown,2006-05-06,Woodstown,HI,RB,73,248,89
2377,Casey,Byrd,2001-11-09,East Robert,PA,RB,72,282,35
2378,Leroy,Browning,1992-06-06,West Michael,NV,WR,77,280,74
2379,James,Maldonado,1996-06-11,Rebeccabury,CT,QB,76,201,69
2380,Stephanie,Gonzalez,2001-06-02,West Jeffrey,PW,TE,80,257,89
2381,Gregory,Johnson,1997-12-26,Colestad,MH,RB,77,190,65
2382,Michelle,Pittman,1994-08-23,Jamesport,PR,WR,70,226,65
2383,Carolyn,Hill,1987-05-20,Lake Anthonyfurt,NM,RB,76,171,49
2384,Jessica,Chen,1995-08-08,Hillstad,CA,TE,71,181,76
2385,Megan,Walter,2002-02-21,Laurachester,MH,QB,76,215,34
2386,Adam,Chung,2000-10-23,North Larry,WI,RB,69,157,62
2387,Theresa,Day,2000-03-09,Lake Michelle,CT,WR,71,268,91
2388,Shawn,Rogers,2001-10-22,New Jennifer,TN,QB,79,192,32
2389,Grace,Vega,1996-12-05,Greenland,TX,QB,79,298,72
2390,Angela,Riley,2000-04-19,Edwardsport,NH,QB,79,166,14
2391,Jennifer,Morris,2006-06-28,Lisaland,LA,QB,71,153,97
2392,Nicole,Johnson,2004-09-17,Floresbury,FL,QB,73,169,11
2393,Erika,Hodge,1988-04-17,Jeremiahside,AZ,WR,80,287,63
2394,Lisa,Mathis,2002-05-06,North Jonathonborough,PW,QB,77,227,12
2395,Mary,Morrison,1998-09-25,Burnsbury,AS,QB,73,200,71
2396,Travis,Thompson,1999-04-11,Port Lisa,CT,TE,69,213,53
2397,Christian,Hart,1998-02-03,Patriciaview,MS,RB,70,240,60
2398,Shelby,Marshall,2002-07-02,East Sarahside,TN,RB,76,186,88
2399,Joshua,Randall,1989-09-15,Rebeccastad,GU,RB,79,252,85
2400,Molly,Johnson,1990-08-15,Jonathanland,HI,RB,77,262,10
2401,Linda,Thomas,1994-04-27,Gilesside,LA,QB,74,242,93
2402,Chelsea,Turner,2006-08-05,New Maryhaven,FM,WR,70,198,80
2403,James,Young,2001-11-17,Lake Edward,ME,RB,77,241,97
2404,Michael,Gould,1985-10-07,South Jodytown,HI,TE,68,276,48
2405,Katherine,Harvey,2006-06-16,Joeltown,KY,TE,72,294,75
2406,Gina,Coleman,1988-07-03,West Scottfort,ID,TE,76,297,75
2407,Thomas,Lewis,2002-09-10,Smithburgh,MS,QB,74,251,13
2408,Ryan,Chambers,1998-12-15,South Kristy,NE,WR,72,224,52
2409,John,Brown,1995-05-01,Williamsonton,ME,WR,71,260,39
2410,Kenneth,Howe,1995-11-13,Wendystad,OR,RB,73,173,40
2411,Susan,Smith,1988-12-16,Port Angelview,CT,TE,75,276,22
2412,Denise,Avila,1990-12-14,North Jason,UT,TE,76,196,63
2413,Andrew,Phillips,1986-05-10,Port Sean,PW,QB,71,256,71
2414,Benjamin,Sanders,1990-08-17,Randallchester,MO,WR,69,150,50
2415,Edward,Burton,1992-07-09,West Arthur,MA,WR,69,293,57
2416,Richard,Garcia,1999-07-26,Port Brianfort,SC,TE,70,297,34
2417,Michael,Ramirez,1994-05-24,New Mandyfort,NV,WR,77,199,17
2418,Denise,Silva,1995-10-30,North Mariaville,IA,TE,79,270,68
2419,George,Turner,2004-02-17,Port Angela,AR,WR,75,228,40
2420,Michelle,Conley,2004-08-10,Mollyfurt,WY,WR,69,183,35
2421,Erik,Wilson,2006-12-26,Port Ambershire,OR,TE,80,260,88
2422,Steven,Scott,1985-08-23,Rhondamouth,NH,QB,68,202,42
2423,Daniel,Montes,1990-02-10,Nicholasland,NY,WR,79,295,45
2424,Pamela,West,1999-08-11,Hendricksfurt,CA,TE,69,239,86
2425,Emily,Pena,1985-11-25,Denisechester,KY,RB,71,196,19
2426,Kimberly,Martin,2004-03-18,Jacobsonstad,MO,QB,74,157,70
2427,Melissa,Hamilton,2002-12-04,Michellechester,NE,WR,77,188,45
2428,Kathleen,Weeks,1987-05-16,Lesterborough,DC,QB,73,246,85
2429,Jerry,Spence,1995-11-24,Michelletown,VI,RB,75,262,19
2430,Robin,Wright,1996-06-24,Michealmouth,WY,RB,76,202,47
2431,Sheryl,Jordan,1998-06-20,South Rayville,NE,WR,74,212,26
2432,Raymond,Ryan,2001-10-07,Butlerborough,WV,WR,76,299,82
2433,Rebecca,Boyle,2004-11-05,Lake Davidport,DE,RB,71,238,59
2434,Tammy,Nguyen,1988-03-10,Alexanderton,VI,WR,68,211,56
2435,Thomas,Fritz,1987-02-21,Scottbury,NM,QB,74,180,25
2436,John,Alexander,2006-12-23,Brennanview,NV,QB,73,152,59
2437,Kevin,Hamilton,1987-09-13,Wrightfurt,WA,RB,76,242,68
2438,Michael,Williams,1995-06-22,East John,DE,RB,77,202,20
2439,Justin,Reese,2000-08-21,North Marissafurt,ID,TE,74,175,91
2440,Veronica,Russell,1985-10-22,West Alyssa,NV,WR,80,183,46
2441,Ellen,Bryant,2001-11-03,Port Brianna,DC,RB,79,224,41
2442,Paul,Martin,2007-03-05,North Johnny,SD,WR,75,225,31
2443,Stacy,Clark,1989-09-05,South Mirandaview,OH,QB,74,265,2
2444,Leslie,Reese,1996-03-27,Erinstad,MD,RB,78,273,6
2445,Melissa,Cook,1989-07-16,Brittanyside,AR,QB,70,274,23
2446,Brendan,Smith,2002-07-28,Melissahaven,WA,QB,72,169,53
2447,Kenneth,Riley,2001-01-06,Christopherhaven,MP,TE,73,237,93
2448,Carrie,Scott,1989-05-18,Millerland,SC,QB,76,155,48
2449,Diane,Brown,2004-07-13,New Sonya,DC,RB,73,176,11
2450,William,Lane,1996-07-20,Pachecoborough,CA,WR,72,299,25
2451,Kylie,Frazier,2005-06-07,New Johnton,DC,TE,75,164,0
2452,Tiffany,Smith,1987-03-12,Lake Peter,NV,TE,68,253,61
2453,Cynthia,Craig,2004-09-12,Coxstad,MN,TE,74,163,81
2454,Ashley,Anderson,1986-11-12,North Davidview,VA,QB,70,212,76
2455,Hannah,Cobb,1992-01-30,East Jeanmouth,TX,TE,77,288,87
2456,Curtis,Moore,1999-05-26,Ashleychester,WA,RB,78,292,54
2457,Timothy,Dickson,1988-09-10,Tylerstad,UT,RB,77,298,55
2458,Gwendolyn,White,2007-06-17,New Craig,NH,WR,76,181,96
2459,Gary,Snyder,2000-01-03,Alexandramouth,PA,TE,72,200,36
2460,Glen,Kennedy,2006-02-21,Lisashire,CA,WR,68,162,23
2461,Erin,Watkins,2004-03-19,Davisbury,NM,WR,78,250,28
2462,James,Davis,2001-09-25,North Jacqueline,FM,WR,71,231,87
2463,Jason,Hayes,2001-01-07,Patrickport,AK,WR,79,152,18
2464,Crystal,Patel,2004-08-17,Audreyview,AZ,QB,79,208,43
2465,Julie,Cox,2003-08-04,West Brittanyhaven,NE,RB,77,293,63
2466,Kelsey,Diaz,1992-12-23,West Amandaville,AS,RB,75,286,51
2467,Jeffrey,Singh,2006-04-24,Shawchester,WY,QB,72,170,63
2468,Jared,Cook,1995-08-30,Port Philip,RI,TE,76,171,23
2469,Chris,Tanner,2007-04-02,New Rachelfurt,AS,RB,74,233,31
2470,Brian,Torres,2002-11-04,New Julie,HI,QB,74,232,11
2471,Diane,Trujillo,1992-02-21,South Jasontown,CA,WR,74,173,96
2472,Evan,Ruiz,2005-06-26,North Calvinborough,FL,RB,70,243,10
2473,Sara,Perez,1995-05-03,Lake Kennethtown,IN,TE,77,216,60
2474,Eric,Raymond,2001-12-06,Cheyennetown,PA,TE,77,213,47
2475,Erika,Rogers,1999-09-01,Port Shannon,SC,RB,78,287,75
2476,Sue,Perez,1991-05-09,Angelabury,CT,RB,69,287,18
2477,Michael,Pierce,1988-01-09,Crossmouth,AL,QB,68,162,49
2478,Shannon,Bailey,1996-12-03,Karentown,MH,RB,73,228,18
2479,David,Moore,2000-12-05,East Deborah,CO,RB,71,186,40
2480,Sara,Ward,2003-09-16,North Christopherborough,IL,RB,73,274,7
2481,Elizabeth,Murray,1988-06-04,New Maryberg,MI,WR,71,297,42
2482,Henry,Wise,2006-01-15,West Jack,MS,QB,78,294,6
2483,Latoya,Griffin,1988-12-23,North Anthonyshire,RI,RB,80,209,28
2484,Michele,Gonzalez,1986-01-25,North Deborahshire,TX,QB,80,204,13
2485,Michael,Donovan,2003-04-20,Port Kellimouth,KS,QB,69,259,26
2486,Joseph,Choi,1993-02-06,Yolandaville,GA,WR,70,219,51
2487,Amanda,Pena,1990-10-24,Bowenfurt,NY,QB,74,250,61
2488,Michael,Lopez,1992-03-26,Brownbury,KY,RB,74,209,20
2489,Jessica,Bryant,2003-11-04,West Angel,FL,WR,78,267,3
2490,James,George,2004-06-12,South Christine,WI,TE,68,274,18
2491,Adam,Davis,2003-05-23,Tammyton,OR,WR,68,195,55
2492,Nicholas,Gonzales,1992-09-11,South Gregory,GU,TE,76,153,87
2493,Kelly,Gonzalez,1987-12-14,Tommyside,RI,RB,75,291,71
2494,Benjamin,Harrison,1998-09-02,East Joshua,MO,WR,77,300,36
2495,Sandra,Perkins,2000-10-03,New Brandonstad,MN,TE,75,243,16
2496,Jacob,Walls,2001-10-21,Theresaview,ID,WR,73,300,62
2497,Donald,Lozano,1985-12-22,Port Darrenton,KY,WR,70,189,0
2498,Samuel,Young,2005-03-31,Mendezport,SC,RB,74,158,42
2499,Renee,Lawrence,1997-03-25,North Kevinstad,PW,QB,79,296,41
2500,Erin,Walker,2001-05-17,Jackburgh,OK,WR,76,197,28
2501,Pamela,Thornton,1989-06-03,Thomasland,AZ,RB,72,210,21
2502,Richard,Phillips,2005-09-09,West Markstad,TX,TE,71,276,44
2503,William,Barr,1993-01-17,East Troyview,VA,QB,72,244,93
2504,Carolyn,Torres,1998-06-19,East Tinaburgh,MA,TE,74,196,56
2505,Martha,West,1989-02-25,Port Judy,NJ,WR,73,154,70
2506,Christian,Collins,1990-03-09,Lake Matthew,NV,WR,80,293,30
2507,Jason,Rubio,1995-05-11,Housestad,KY,TE,78,219,76
2508,Edward,Johnston,1985-12-06,Spencefurt,WI,RB,73,261,62
2509,Nicholas,Dunn,1989-09-28,Smithmouth,NH,QB,77,202,19
2510,Marissa,Thomas,2008-01-28,Lake Jimmy,MS,TE,78,160,81
2511,Brandy,Gardner,1994-02-19,Lake Christine,MH,TE,80,238,58
2512,John,Garcia,1996-01-29,Perezfurt,NJ,WR,79,204,72
2513,Megan,Hampton,1985-11-28,Williamfurt,PR,QB,70,277,80
2514,Marie,Maldonado,1994-09-01,West Fernando,DE,TE,79,162,42
2515,James,Snyder,1988-04-01,Markmouth,DC,RB,68,169,65
2516,Jamie,Greene,1991-12-22,Petersborough,NC,RB,79,225,0
2517,Amanda,Thomas,1996-07-01,Jacobstad,MH,WR,80,254,18
2518,James,Alvarez,2004-08-12,East Brian,MH,RB,69,239,68
2519,Rick,Mata,1993-01-17,Annetteton,AR,RB,68,183,48
2520,Theresa,Frazier,2001-06-15,Joshuastad,RI,QB,78,198,40
2521,Cynthia,Crane,2007-04-26,Port Nicole,ND,RB,70,162,61
2522,Brian,Johnson,2000-09-15,Dennismouth,TN,RB,80,182,21
2523,Todd,Callahan,1990-08-23,Pennyville,MO,WR,74,212,50
2524,April,Lopez,1998-03-04,West Beckyside,OH,TE,70,263,19
2525,Mike,Vazquez,1990-07-03,Port Amymouth,MI,WR,68,300,80
2526,Christopher,Mays,1997-01-26,Hendersonfurt,MT,QB,69,222,89
2527,Amber,Carter,1996-10-02,Lake Davidshire,ND,TE,80,198,44
2528,Lauren,Bell,2007-03-14,Carolynburgh,NV,WR,78,259,76
2529,Grace,Carlson,1985-10-30,North Holly,GA,QB,68,173,27
2530,Jennifer,Duncan,1990-09-23,Connerside,PW,QB,77,262,94
2531,Charles,Carroll,1987-01-15,Whiteberg,MI,QB,80,198,90
2532,Robert,Combs,1996-05-17,Jacobhaven,CT,TE,79,239,57
2533,Jennifer,Eaton,2005-04-27,Smithside,AK,TE,74,247,90
2534,Amber,Avila,1993-07-26,Joneshaven,DC,TE,69,245,86
2535,Sarah,Campos,2002-01-31,South Diane,NE,QB,72,287,87
2536,Nicole,Perry,2001-06-27,Smithfurt,LA,WR,68,210,86
2537,Emily,Carpenter,1999-04-07,West Amandahaven,MT,QB,76,191,48
2538,George,Romero,2002-09-15,East Stevenstad,TN,TE,74,173,38
2539,Lisa,Gallegos,1999-03-26,New Gabrielastad,MT,WR,75,252,4
2540,Beth,Short,2000-02-18,New Autumnview,ME,RB,73,158,41
2541,Lauren,Case,1995-09-01,Ramosburgh,FL,QB,80,271,23
2542,Christopher,Rodriguez,1995-01-11,South Brandi,MT,RB,79,172,95
2543,Donald,Osborn,2005-05-12,North Tonya,WY,QB,69,170,64
2544,Austin,Evans,1986-01-07,North Devin,DE,RB,69,217,25
2545,Chad,Kim,1997-05-18,Port Larryburgh,IN,QB,75,289,34
2546,Jacqueline,Jackson,2005-07-07,West Michael,PR,QB,80,266,95
2547,Michael,Garner,2007-06-04,Georgemouth,NM,TE,79,179,25
2548,Sue,Stone,1990-12-20,Lake Christinehaven,MD,TE,71,248,32
2549,Megan,Jones,1998-07-07,New James,AR,RB,79,162,71
2550,David,Nguyen,1992-02-17,East Andreburgh,HI,RB,75,238,30
2551,Michelle,Wheeler,1989-11-23,Maryside,AS,RB,79,243,86
2552,Melinda,Dennis,2006-04-11,Kimchester,WV,RB,72,190,4
2553,Beth,Phillips,2006-10-12,Brianport,SD,WR,80,255,38
2554,Christopher,Odom,1995-08-26,East Stacybury,MH,WR,72,258,99
2555,Brandi,Mullen,1996-09-11,Christophertown,KY,TE,78,153,72
2556,Marcia,House,2005-08-07,Lake Melissa,DC,WR,79,252,48
2557,Virginia,Wyatt,2001-08-03,South Cynthia,IA,RB,79,286,88
2558,Edward,Oconnor,1986-05-05,South Tyler,SD,RB,72,150,71
2559,Tommy,Stout,2005-10-07,Tommychester,PA,QB,76,164,49
2560,Phillip,Bryan,1999-03-08,Huntmouth,IL,RB,79,292,23
2561,Michael,Bailey,1997-02-09,Port Michelle,KY,RB,73,171,72
2562,Ryan,Baker,1991-10-21,Josephbury,TN,RB,72,157,30
2563,Jessica,Powell,1989-01-31,East Davidville,WI,WR,74,181,37
2564,Brian,Gregory,1985-06-23,North Sherryport,VT,TE,75,226,76
2565,Jason,Frey,2003-08-23,Anthonyfurt,WA,TE,72,293,17
2566,Shannon,Roberts,1990-01-18,East Michael,IA,WR,72,166,68
2567,Robert,Smith,1990-09-05,Johnsonville,PR,TE,68,160,40
2568,Walter,Newman,1985-10-14,Lake Davidbury,AZ,TE,71,253,81
2569,Brenda,Perez,1997-08-20,Ellishaven,MH,TE,70,181,0
2570,Laura,Smith,1998-11-26,North Jermaineland,TX,TE,78,153,93
2571,Hannah,Johnston,1999-12-06,Collinsview,IN,TE,74,224,5
2572,Jennifer,Robinson,2001-04-03,Luceroville,VT,WR,72,253,17
2573,Jennifer,Lopez,1995-12-09,Lake Mandy,CT,QB,74,289,90
2574,Matthew,Gutierrez,1993-11-26,Port Johnfurt,CA,QB,71,155,41
2575,Erin,Wilson,2002-10-27,Lake Aliciahaven,OR,WR,72,271,33
2576,Cathy,Atkins,1985-05-06,Port Jessicastad,NM,WR,68,183,25
2577,Jose,Osborn,1993-12-01,Josephshire,CT,TE,79,216,82
2578,Maria,Lutz,1991-02-05,Hernandezport,WA,QB,72,211,80
2579,Stephen,Everett,2000-07-25,Simpsonbury,WA,WR,76,193,90
2580,David,Powell,1998-02-07,Shortport,NE,QB,70,236,68
2581,Charlene,Gomez,2002-02-14,West Tina,WA,QB,69,224,69
2582,Trevor,Guerrero,2006-06-28,Port Henry,UT,RB,73,287,47
2583,Lacey,Stephens,2000-08-05,Breannaborough,IL,WR,68,242,49
2584,Teresa,Hernandez,1989-12-28,Ericaside,WA,WR,69,260,40
2585,Kendra,Robinson,2004-09-20,Powellside,GU,QB,79,210,7
2586,Stephanie,Martinez,1999-03-21,Elizabethbury,ND,TE,79,177,32
2587,Teresa,Pratt,2001-09-13,Dawnfurt,UT,QB,73,229,71
2588,Jennifer,Kerr,1988-12-16,Davismouth,MP,QB,68,167,64
2589,Hannah,Davis,1988-08-03,South Christopher,FM,RB,70,210,61
2590,Cynthia,Patel,1994-08-10,Boydmouth,SC,QB,72,194,23
2591,Alexander,Carter,2001-08-07,Paulside,NE,WR,69,283,57
2592,Amanda,Perez,2006-02-12,West Edwardside,KY,RB,74,293,68
2593,Jessica,Mccann,1994-04-13,Lake Jacktown,PA,TE,72,204,53
2594,Sheila,Porter,1996-06-30,North Justinstad,IN,TE,79,247,97
2595,Laura,Osborne,2005-05-30,New Bradley,DE,QB,70,178,41
2596,Steve,Kramer,2002-12-23,Roblesland,MT,QB,74,158,46
2597,Cassie,Schroeder,1988-07-03,New Haley,ND,TE,75,296,62
2598,Robert,Brown,1997-12-22,West Donnaville,CT,QB,77,294,11
2599,Lisa,Jones,2002-05-08,Garciatown,TN,RB,68,181,80
2600,Logan,Walker,1997-11-24,South Kimberlyton,IL,RB,78,297,89
2601,Jose,Hernandez,2001-04-20,Wheelermouth,MO,RB,75,160,81
2602,Barbara,Edwards,2005-02-21,Rodriguezland,MP,QB,77,187,20
2603,Gary,Weaver,1986-04-19,Ramseyberg,NC,RB,71,163,0
2604,Danielle,Holden,1989-07-20,South Jesse,AS,RB,74,191,25
2605,Anthony,Beck,2003-12-29,West Lindaton,PW,RB,80,179,32
2606,Sara,Crawford,1999-12-17,West Richardchester,SC,QB,80,265,25
2607,Michelle,Hill,1993-08-06,Jenniferberg,FL,QB,75,239,81
2608,Jessica,Collins,2007-06-27,East Bryce,CO,TE,79,180,73
2609,Bruce,Tran,2005-06-10,New Scott,RI,TE,78,188,15
2610,Victoria,Garcia,2005-09-24,New Danielhaven,MD,WR,75,188,94
2611,Linda,Berry,1988-02-12,Stephenmouth,HI,RB,73,181,88
2612,Megan,Taylor,1997-09-16,New Timothystad,VI,TE,70,285,6
2613,Bruce,Schultz,1986-11-30,Amymouth,OH,RB,72,188,51
2614,Charles,Glover,2004-06-16,Orrbury,CT,RB,74,221,78
2615,Matthew,Thomas,2006-07-09,Warnerburgh,GU,QB,77,154,43
2616,Hunter,Cruz,1991-02-26,East John,SD,QB,79,292,37
2617,Andrea,Lopez,1994-12-28,North Mario,TX,TE,68,162,2
2618,Christopher,Lopez,1997-09-22,North Matthew,GA,QB,68,176,82
2619,Brandi,Howell,1998-03-22,Lake Biancabury,OH,WR,72,224,16
2620,Kimberly,Becker,2004-12-15,Lake Aaronland,VT,QB,74,168,98
2621,James,Santana,1994-01-12,North Jeffrey,WI,RB,72,268,61
2622,Tyler,Harris,2003-11-02,East Kevinbury,WY,TE,80,201,82
2623,John,Acosta,1989-08-11,Billyville,AS,TE,70,252,22
2624,Lance,Thomas,2006-12-09,Lake Scott,ID,RB,78,156,79
2625,Christopher,Oneal,2007-02-21,Ronaldtown,AK,WR,74,254,89
2626,Benjamin,Elliott,2005-11-11,New Thomas,HI,QB,68,281,13
2627,Stacey,Petty,1990-01-12,Harrisonmouth,NY,WR,71,255,45
2628,Richard,Smith,1995-10-04,Timothyside,DE,WR,80,179,26
2629,Martin,Carter,1996-10-22,Melissastad,MI,QB,75,205,52
2630,Gary,Brown,1992-10-24,Lake David,MP,TE,68,220,18
2631,Matthew,Hernandez,2007-03-25,South Melissa,ID,TE,71,219,77
2632,David,Santos,2007-09-23,North Stevenfurt,KY,RB,69,194,42
2633,Melissa,House,1991-09-18,North Laurie,MT,QB,80,280,64
2634,Daniel,Gonzales,1989-09-15,Popeland,MP,RB,78,208,91
2635,Christine,Gomez,2000-12-03,Port Glenfurt,AZ,WR,68,243,29
2636,Anna,Ayers,1995-09-27,Adamland,FM,WR,72,174,17
2637,Katherine,Lowery,2006-02-09,Susanville,VT,QB,72,275,25
2638,Charlotte,Rivera,1997-12-30,New Tiffanyborough,AR,QB,72,218,84
2639,Eric,Young,2000-11-12,East David,LA,WR,76,151,23
2640,Anne,Harris,2001-11-07,Jesuston,CT,WR,68,212,8
2641,Linda,Austin,2000-09-15,Millerburgh,MN,TE,78,158,62
2642,Robert,Smith,2003-12-07,Jeffreyton,MN,WR,71,158,21
2643,Jerome,Goodman,1995-08-28,Ronaldland,PR,TE,79,151,87
2644,Lynn,Lambert,2004-08-26,New Sherristad,SC,WR,78,264,83
2645,Andrea,Vargas,1991-12-22,Deanton,OK,WR,69,150,4
2646,Gina,Ellis,1993-12-20,Avilachester,NJ,TE,68,155,96
2647,Sherri,Mathis,2006-11-05,Stephenmouth,WA,RB,79,264,33
2648,Kathleen,Mcbride,2002-09-23,Lake Stanley,MS,WR,76,233,44
2649,Alexis,Duarte,2003-02-08,Davidsonmouth,MT,QB,69,247,42
2650,Sean,Nelson,1987-09-25,Zimmermanshire,TX,QB,72,183,3
2651,James,Arnold,2004-08-29,Michellebury,KS,QB,79,289,21
2652,Joseph,Sloan,1997-08-19,New William,VT,RB,69,157,3
2653,Jamie,Thompson,1990-04-17,Mcknightstad,NH,TE,75,237,17
2654,Michael,Cole,2003-11-27,Christensenchester,VI,TE,77,264,16
2655,Tyler,Webb,2000-06-29,North Jacqueline,NV,QB,74,160,47
2656,Dorothy,Lopez,2002-03-01,North Kenneth,NE,QB,69,243,7
2657,Sergio,Blevins,1992-07-30,West Valerie,MD,WR,74,217,39
2658,John,Ross,2005-07-17,Lake Amy,IN,QB,80,156,91
2659,Curtis,Solis,1986-07-22,South Michaelfurt,VT,TE,78,190,8
2660,Brandon,Thomas,1999-12-20,Nicolasborough,NJ,RB,71,171,54
2661,Stacey,Gomez,1999-12-21,West Steve,AK,TE,80,235,22
2662,David,Oliver,1990-07-22,Beckfort,IL,QB,74,256,29
2663,Steven,Owens,1994-02-24,Thomasstad,GU,QB,78,213,2
2664,Brandon,Ware,1989-11-02,Port Ravenside,NJ,TE,71,206,51
2665,Justin,Jackson,2004-08-26,Sullivanport,MN,RB,74,164,11
2666,Devin,Johnson,1996-11-02,Parkside,NY,RB,69,264,8
2667,Hannah,Ortiz,1993-12-19,Andrewside,UT,WR,69,198,16
2668,Anthony,Acevedo,2002-10-09,North Kristyland,FM,QB,72,154,8
2669,Carlos,Schneider,1988-05-17,Hamiltonside,UT,TE,69,199,19
2670,Natalie,Jennings,2003-12-07,Brandychester,MO,RB,70,219,10
2671,John,Zhang,1988-02-24,Jeffreybury,NM,WR,78,159,61
2672,Vincent,Johnson,2005-09-13,New Carlos,ND,TE,68,236,15
2673,Kimberly,Morgan,2000-06-08,Jeffreybury,UT,RB,79,242,31
2674,Christina,Reyes,1994-06-03,Lake Karamouth,ME,WR,75,184,98
2675,Charles,Burton,1998-08-15,Robinsonville,TN,RB,76,211,6
2676,John,Byrd,1993-12-29,Port Thomas,AR,QB,75,182,16
2677,Carrie,Robbins,1986-07-13,Hartburgh,SC,WR,75,259,31
2678,John,Jimenez,2008-03-14,Samanthafort,MN,QB,72,244,72
2679,Amanda,Williams,1986-10-07,New Jessicaberg,KS,TE,78,235,28
2680,Brandon,Anderson,1994-03-18,East Jacqueline,AL,QB,68,256,37
2681,Kimberly,Jones,2005-03-20,Port James,NE,QB,76,252,95
2682,Mary,Morris,1985-11-02,West Dianestad,DC,WR,74,239,90
2683,Nathan,Medina,1998-06-28,West Maryfort,AZ,RB,76,247,3
2684,Kevin,Cox,1988-10-08,East Robert,NJ,TE,74,198,64
2685,Rebecca,Taylor,2000-05-21,Morenostad,IL,QB,76,279,93
2686,Joe,Barajas,1990-11-28,East Alexanderstad,CO,WR,75,171,95
2687,Jessica,Willis,2004-04-08,Samanthaville,IA,WR,76,164,73
2688,Angelica,Taylor,1993-10-21,New Williamfort,CO,WR,78,239,37
2689,Eric,Ross,1998-04-02,Kimberlyburgh,MH,WR,76,270,96
2690,Jennifer,Evans,2007-12-11,Martinezland,MO,RB,80,184,85
2691,William,Crawford,1995-05-10,Lake Roberttown,SD,WR,69,204,57
2692,Jeremy,Hancock,1992-02-19,Port Davidland,ME,TE,75,224,15
2693,Kara,Cunningham,1998-12-01,Bowmanfort,VI,RB,71,184,2
2694,Fernando,Campos,1989-07-01,New David,CT,QB,77,275,80
2695,Anna,Coffey,1992-03-10,Michaelberg,MH,WR,77,157,15
2696,Heather,Davis,2001-12-17,Garrisonview,OR,RB,70,273,53
2697,Cynthia,Gonzales,2003-04-20,East Ashleyberg,WY,QB,71,254,96
2698,Bailey,Liu,2007-04-01,Port Linda,NV,QB,76,163,4
2699,Jose,Gordon,2007-11-27,South Bruce,PA,TE,78,188,1
2700,Heather,Kennedy,1987-02-10,South Joseph,NH,TE,74,253,62
2701,Jessica,Adams,2002-04-15,East Patriciachester,SC,QB,74,168,22
2702,Adam,Cruz,1993-09-02,Port Cody,NC,TE,79,230,20
2703,Brian,Jones,2003-04-19,North Katie,MO,QB,73,212,47
2704,Ariel,Hernandez,1991-08-11,Scottport,RI,RB,80,200,82
2705,Martha,Costa,1995-11-19,West Davidhaven,AZ,TE,68,281,60
2706,John,Shepherd,2007-12-18,Smithstad,SC,TE,69,237,74
2707,Kevin,Vargas,1998-11-09,Danaport,MO,RB,78,242,99
2708,William,Martin,1987-07-22,Jaclynmouth,MT,QB,72,251,96
2709,Theodore,Gates,2004-05-16,Daniellebury,NM,QB,72,228,26
2710,Renee,Campbell,1995-03-11,Brandyville,VI,RB,80,239,49
2711,Cody,Allen,2003-08-13,West Kelly,TX,QB,80,222,68
2712,Henry,Leblanc,1999-05-11,South Madisonhaven,PR,WR,73,270,82
2713,Haley,Cabrera,1989-02-10,North Nathantown,AZ,QB,77,229,93
2714,Abigail,Merritt,1994-11-18,Jessicafort,PW,QB,76,275,9
2715,Brittany,Munoz,1989-05-16,Michaelberg,OH,TE,75,217,88
2716,Joseph,Smith,1995-05-31,Barbaraland,WA,QB,74,169,31
2717,Michael,Torres,1990-04-28,New Barbara,OK,TE,80,184,71
2718,Denise,Hartman,1986-11-16,Cortezhaven,MD,RB,78,189,72
2719,Amanda,Mcguire,1990-12-07,Lake Amandastad,FM,RB,74,219,31
2720,Tammy,Perkins,1985-12-24,North Kristin,IA,RB,76,288,32
2721,Jerry,Shelton,1998-11-01,West Samuelchester,VI,WR,69,168,64
2722,Eugene,Melendez,1995-12-04,Morganton,IN,WR,73,238,29
2723,Terry,Brown,2007-06-11,Amberton,MN,QB,78,296,4
2724,Jessica,Lopez,1986-11-11,Lake Rebecca,CA,QB,80,267,51
2725,Nicole,Clay,2002-08-18,South Laurenville,IA,TE,80,265,79
2726,Carl,Rivas,1994-06-04,West Michaelport,NM,WR,79,225,15
2727,Lisa,Brown,1997-07-26,Leefurt,AL,RB,69,154,64
2728,Jessica,Reynolds,1999-10-13,Alexandraborough,PR,TE,70,205,78
2729,Kelly,Fields,1992-05-21,Larsentown,TN,WR,72,257,96
2730,Randall,Johnson,1993-11-11,Garciahaven,NM,QB,77,160,88
2731,Abigail,Chambers,1997-12-04,Mayerberg,VA,QB,72,174,56
2732,Jasmine,King,1992-09-16,Mcdowellton,NE,QB,70,246,98
2733,Stephen,Raymond,2002-12-29,Carolfurt,PW,TE,75,274,99
2734,Renee,Welch,1994-07-05,Smithside,ID,TE,74,279,11
2735,Jenny,Hart,1996-08-16,Hollyfort,NV,TE,71,227,34
2736,Denise,Stevenson,1991-03-28,East Angela,RI,RB,76,168,82
2737,Jessica,Thomas,1990-10-25,Lake Abigail,PR,WR,71,193,92
2738,Traci,Cook,1998-05-23,Warrenview,WY,QB,79,243,81
2739,Doris,Dunlap,1989-04-10,Lake Dorothy,NH,TE,76,260,88
2740,Samantha,Palmer,1990-02-15,Lorettaburgh,TN,QB,68,226,17
2741,Anthony,Gardner,1987-03-29,East Robert,ID,RB,68,162,36
2742,Kathy,Sanchez,1989-01-14,West Justinborough,NH,WR,76,164,85
2743,Caitlin,Brooks,1996-10-14,Hoffmantown,DE,RB,71,282,67
2744,Karen,Robinson,1989-03-07,Lake Marvinview,WY,TE,77,245,62
2745,Jesse,Hess,2004-11-23,Port Lori,SC,RB,75,285,41
2746,Melinda,Suarez,1985-12-26,Kellybury,MI,RB,75,173,53
2747,Michelle,Ewing,1993-11-03,Cherylburgh,CT,RB,73,266,48
2748,Krystal,Turner,1998-12-09,Gonzalezport,SC,TE,72,190,71
2749,Timothy,Ingram,1995-08-18,New Daniel,NE,QB,69,258,96
2750,Robin,Duran,2003-01-09,Watkinstown,RI,WR,69,258,3
2751,Kimberly,Riggs,2008-03-17,South Hayleyside,MO,RB,79,241,81
2752,Joseph,Garcia,1995-06-22,North Marcusmouth,PA,RB,68,243,90
2753,Mark,Crosby,1993-09-11,Sharonmouth,TX,WR,73,276,35
2754,Mark,Bennett,1990-12-26,Lisamouth,MT,WR,76,275,17
2755,Kayla,Wright,2007-07-10,Michaelton,NE,QB,76,281,26
2756,Lori,Higgins,1993-03-31,East Pennytown,IA,WR,79,231,49
2757,Karen,Williams,1986-09-01,West Phillip,AL,QB,80,190,85
2758,Bobby,Alvarado,1999-04-21,Sierraport,AS,QB,69,286,51
2759,Carla,Golden,2001-06-18,West Kevinfurt,ID,RB,68,225,63
2760,Angel,English,1986-01-11,North Darleneshire,AZ,QB,69,208,55
2761,Zachary,Fisher,1997-09-20,Riverashire,SD,TE,79,248,76
2762,Veronica,Thompson,1991-05-18,Micheleville,DC,TE,70,177,24
2763,Mark,Lindsey,2006-09-27,Bradleyport,NH,RB,74,186,65
2764,Benjamin,Gonzalez,1985-11-28,East Patricia,ME,RB,68,228,99
2765,Samuel,Henry,1996-11-17,East Jason,TN,RB,78,202,13
2766,Trevor,Cohen,1992-11-26,Port Kelseyton,PW,RB,68,209,50
2767,Pamela,Johnson,2005-09-20,Andrewport,WI,QB,79,218,82
2768,Cristina,Mitchell,2000-02-11,Lake Julian,MA,WR,68,186,7
2769,Robert,Johnson,1996-01-31,West Tammyhaven,CA,QB,68,217,89
2770,Pamela,Lee,1991-11-27,North Amber,DC,TE,77,183,44
2771,Daniel,Henderson,2005-01-28,Floresport,FL,RB,74,251,97
2772,Paul,Hopkins,1989-06-14,Lake Alexandermouth,IN,WR,77,282,43
2773,Martin,Weaver,1996-11-11,New Anthonymouth,NY,TE,80,287,64
2774,Christina,Parks,2007-09-21,Johnchester,DC,WR,69,182,45
2775,Ashley,Coleman,1990-04-19,East Bethanyton,MP,RB,75,177,1
2776,Daniel,Ramirez,1995-01-16,Kelliton,ND,TE,77,180,54
2777,Amy,Larson,1998-07-09,Jonesstad,OK,WR,71,183,13
2778,Christina,Pena,1989-10-16,Allenfort,KY,QB,72,187,31
2779,Kenneth,Golden,1991-09-22,Josephview,GU,TE,70,217,23
2780,Ashley,Johnson,2007-10-08,Tonimouth,WY,RB,78,263,45
2781,Taylor,Small,1996-12-29,South Andrew,AZ,RB,68,190,29
2782,Justin,Franklin,2004-12-26,Matthewhaven,ND,RB,71,178,48
2783,Erika,Sweeney,1986-08-08,Aaronberg,WV,TE,73,223,22
2784,Monique,Phillips,1992-12-04,Chadfurt,DC,RB,76,187,80
2785,Phillip,Wilson,2004-11-16,Port Barry,FL,TE,80,292,19
2786,Vanessa,Smith,1990-12-03,North Robert,IA,RB,71,172,67
2787,Patrick,Williams,2003-07-18,Rossbury,CT,QB,79,232,42
2788,Christopher,Hall,2004-04-01,Lake Ryan,AZ,RB,68,155,39
2789,Sandra,Hines,1993-07-28,North Lauramouth,AR,QB,74,215,98
2790,Kimberly,Love,1990-08-15,Mitchellmouth,TN,WR,68,205,72
2791,Harold,Garcia,1998-05-09,Lake Brandyberg,NH,TE,73,269,44
2792,Sean,Davis,1986-05-25,Katherineview,KY,RB,72,152,97
2793,Kathryn,Rios,2003-09-26,Branchton,IA,QB,72,256,39
2794,Brittany,Harrison,1999-11-15,Hernandezborough,OH,WR,69,256,5
2795,Austin,Flynn,1999-01-30,South Andrew,FM,TE,75,262,64
2796,Sarah,Foster,2000-03-23,South Stevenfort,OH,RB,74,256,41
2797,Ryan,Cook,1990-05-15,Penashire,WV,WR,69,153,79
2798,Leslie,Hudson,2000-08-21,South Robertton,IN,QB,80,269,80
2799,Gabrielle,Hall,1995-06-30,West Christopherton,VT,RB,73,244,43
2800,Joshua,Gonzalez,1991-09-11,New Bradleychester,ID,QB,69,265,49
2801,David,Pierce,1987-05-18,North Kimberlyville,NH,QB,78,200,92
2802,Laura,Reyes,1993-04-14,Birdtown,NH,QB,75,211,7
2803,Larry,Wiggins,2002-04-29,Port Cindy,WA,WR,76,291,56
2804,Kristy,Simmons,1990-04-30,Kellyberg,CT,RB,72,271,53
2805,Sherri,Anderson,1987-10-02,Ashleyview,PA,WR,70,252,20
2806,Carrie,Wolfe,1998-03-08,New John,GA,QB,75,195,35
2807,Christopher,Hernandez,1994-01-27,Port Tonya,KY,RB,74,213,16
2808,Kevin,Garcia,1989-07-13,Port Erica,SC,RB,73,286,70
2809,Tanya,Odom,1988-01-11,Dianehaven,MT,TE,74,290,1
2810,Gabriel,Nelson,1999-03-08,Christopherfurt,KY,RB,71,282,96
2811,Ana,Spencer,1986-10-08,Huertaberg,CO,TE,78,268,55
2812,Chase,Sherman,1999-10-01,Gilesfort,GA,RB,71,260,92
2813,Janet,Peterson,2006-01-02,Port Sabrina,SD,WR,77,289,5
2814,Erika,Wilson,1994-01-02,Williammouth,DE,QB,73,222,78
2815,Stephen,Bryant,1993-05-23,Stephenstown,MT,WR,72,197,13
2816,David,Clay,2004-07-23,Lake Devin,KY,RB,80,159,28
2817,Austin,Rose,1993-09-01,Lake Jose,LA,QB,74,254,31
2818,Theresa,Ferrell,2003-02-16,Dianaport,ME,QB,71,225,45
2819,April,Mclaughlin,2003-05-06,Briannamouth,NH,QB,79,272,68
2820,Thomas,Thompson,1998-08-05,Sethberg,NC,RB,76,179,91
2821,Lawrence,Curtis,1999-08-04,Robertsonview,VA,RB,79,151,87
2822,Stephanie,Graham,1990-11-01,Lake Jamie,LA,QB,70,198,55
2823,Melissa,Adams,1992-05-09,Bowmanport,NY,TE,74,286,64
2824,Kyle,Mcgee,1988-11-26,Connorside,AK,QB,80,162,50
2825,Julie,Henson,2001-09-01,West Daniel,VA,RB,72,274,40
2826,Elizabeth,Jones,1989-01-14,Lake Michael,AL,RB,68,159,67
2827,Jacqueline,Richardson,1994-12-29,Port Cameronhaven,OK,TE,72,183,45
2828,Lori,Whitehead,1987-03-27,Jeromefort,ID,WR,71,162,83
2829,Dwayne,Gomez,1987-12-10,Samanthaton,MA,WR,80,267,11
2830,Richard,Smith,1999-11-13,Vangview,WY,QB,75,243,59
2831,Tara,Thompson,1998-10-18,North Scottshire,SC,RB,75,188,52
2832,Robert,Neal,1992-08-09,Nathanieltown,RI,TE,74,275,15
2833,Judy,Thomas,2001-03-21,Kaiserstad,ND,TE,71,264,81
2834,William,Lee,1991-04-26,Johnsonfurt,MT,WR,75,267,93
2835,Kelly,Craig,1990-02-13,South Matthew,NV,WR,72,181,97
2836,Donald,Murphy,1989-01-14,New Joseph,MT,WR,79,179,2
2837,Alison,Cooper,1989-07-18,Davidsonfort,HI,RB,68,240,89
2838,Donald,Maxwell,2004-10-28,Oliviatown,MH,TE,74,243,78
2839,Kimberly,Myers,2000-11-23,New Kristenshire,WI,RB,79,172,15
2840,Alice,Casey,2005-03-29,Josephport,NH,WR,69,298,60
2841,Aimee,Gonzalez,1999-02-03,West Heatherborough,PR,TE,72,177,68
2842,Jamie,Brown,2002-12-10,Ryanside,NM,RB,69,152,40
2843,Michelle,Morales,1995-09-08,New Thomas,AS,QB,69,162,53
2844,Ashley,Benson,2003-04-06,Jillmouth,DE,QB,76,202,91
2845,Melissa,Mendoza,2002-03-08,New Lisaland,LA,QB,77,181,85
2846,James,Mcguire,1996-11-18,North Dannymouth,OK,RB,75,212,6
2847,Jennifer,Tran,1993-09-29,South Nichole,CT,TE,75,252,70
2848,Christina,Jones,2002-01-30,New Mary,FM,QB,74,221,93
2849,Sarah,Meza,1992-04-26,East Amanda,MS,RB,70,245,40
2850,Jesse,Foster,2003-12-31,West Christophershire,IL,TE,72,298,78
2851,Diana,Gutierrez,1997-03-09,West Jonathanland,ND,TE,73,188,20
2852,Jennifer,Logan,1989-04-08,Lake Thomas,NH,QB,71,210,29
2853,David,Meyer,1999-07-23,New Tammy,WI,RB,72,243,34
2854,Alexis,Daniels,2008-04-22,Smithstad,MH,TE,70,202,47
2855,Victoria,Velasquez,1989-11-06,Sarahberg,VT,TE,79,286,5
2856,Randall,Curtis,2003-10-27,Rogersshire,NY,QB,80,236,99
2857,Kara,Bender,1992-09-19,North Christina,SD,WR,69,274,76
2858,Kevin,Rogers,2003-03-31,Hollyside,ID,TE,69,260,4
2859,Brandi,Riley,2005-11-13,North Melanieside,MH,WR,72,280,76
2860,Kelsey,Bullock,1987-12-06,Marioton,NY,TE,79,256,50
2861,Christopher,Estrada,1996-02-19,Floydside,PA,RB,75,194,48
2862,Sierra,Cherry,2003-09-21,Antonioland,TN,RB,71,201,73
2863,Gregory,Lawson,1998-03-24,New Denisetown,PA,WR,77,158,23
2864,Michael,Hernandez,1995-08-24,West Cynthiabury,MO,WR,72,163,47
2865,Gregory,Powell,2000-11-04,Douglasfort,IN,RB,71,203,60
2866,Ryan,Johnson,2003-02-19,Bryanville,WY,RB,75,261,3
2867,Ashley,Baker,1992-04-29,Hickshaven,PR,WR,73,272,18
2868,Susan,Neal,1991-01-19,Fernandeztown,NM,WR,71,244,87
2869,Sean,Taylor,2006-05-18,South Jessicamouth,MI,RB,70,198,33
2870,Amy,Medina,1995-06-25,Richardsbury,FM,WR,73,262,85
2871,Fred,White,1988-08-23,Fosterville,PW,WR,72,283,95
2872,Bryan,Austin,1989-07-21,Lake Brian,NE,RB,79,161,56
2873,Anthony,Stevens,1986-07-26,Davisside,ND,RB,71,220,96
2874,Connie,Fernandez,2000-05-10,Maryville,WA,QB,74,290,11
2875,Riley,Reynolds,1989-10-20,Lisamouth,ND,QB,69,262,74
2876,Stephen,Fletcher,2000-01-13,Rojasberg,DC,WR,74,266,40
2877,Douglas,Peters,1998-04-19,Stacyfort,DC,WR,75,152,65
2878,Jerome,Larson,2004-05-25,Lake Stacey,FM,WR,80,255,70
2879,Lee,Dougherty,2000-03-09,Hammondstad,MI,TE,76,203,5
2880,Stephanie,Cruz,1998-12-11,Thomasberg,DE,WR,71,165,7
2881,Nancy,Espinoza,2003-11-08,East Martinfurt,NM,TE,69,156,55
2882,Jonathan,Greene,1993-09-16,Gibbsmouth,OH,RB,79,159,3
2883,Elizabeth,Young,1992-01-23,West Jose,AS,WR,74,264,79
2884,Brandy,Obrien,2006-05-28,Moyerport,OH,TE,73,229,12
2885,Todd,Thompson,1997-03-31,New John,ME,WR,71,220,75
2886,Brandon,Johnson,1988-08-29,New Latoyastad,LA,RB,68,193,13
2887,Joseph,Boyd,1992-04-18,New David,OR,TE,72,195,10
2888,Antonio,Liu,2006-02-25,West David,TN,WR,73,178,25
2889,Clifford,Perez,1993-12-27,Gabrielside,AZ,QB,70,246,46
2890,Christopher,Wilkins,2004-07-28,Nathanielville,IA,TE,75,280,5
2891,Kevin,Rhodes,1996-03-28,Smithchester,GA,QB,77,279,25
2892,Melissa,Johnson,2005-02-01,Dunlapmouth,AK,RB,79,187,43
2893,James,Neal,2001-04-23,North Amyborough,MH,WR,74,248,54
2894,Kara,Harper,2000-10-03,West Jon,RI,QB,68,244,92
2895,Tammy,Terry,1991-06-21,Port Dalton,ME,QB,74,232,38
2896,Martin,Gibson,2001-08-26,Michaeltown,TN,WR,68,188,46
2897,Jessica,Conner,2006-07-29,Roberthaven,UT,TE,78,152,74
2898,Diane,Hartman,1999-04-26,Butlerland,DC,WR,71,209,14
2899,John,Atkinson,2004-06-29,Zavalastad,MT,RB,75,192,47
2900,Douglas,Navarro,2000-05-18,East Paul,WI,RB,77,226,48
2901,Shannon,Davis,2003-12-26,Carlamouth,LA,TE,74,193,4
2902,Christine,Mosley,2006-08-09,New Maryhaven,GU,RB,70,298,71
2903,Kathleen,Underwood,1987-06-26,Alexland,FL,QB,72,169,5
2904,Jason,Zamora,1992-01-19,Joshuaton,LA,WR,73,264,3
2905,Kristin,Rodriguez,2008-04-11,Mullinston,WV,TE,71,226,75
2906,Jennifer,Gonzales,2007-02-07,Lake Melissaborough,SD,WR,76,202,55
2907,Jason,Meyer,1990-03-07,North Aaronside,MN,WR,70,186,49
2908,Kevin,Barajas,2005-03-29,Williamsfurt,ID,WR,76,292,14
2909,Julie,Williams,1986-04-07,Justinville,AK,TE,78,291,51
2910,Christina,George,1995-05-25,Juanview,FL,RB,72,272,46
2911,Cindy,Zavala,2006-08-24,North Gabrielhaven,FM,TE,69,300,94
2912,Vincent,Moore,2003-08-03,Manuelside,UT,RB,76,172,93
2913,Kyle,Shaw,1991-12-21,East Christophermouth,CO,QB,78,288,76
2914,James,Miller,1996-09-01,West Jimmyville,NJ,QB,77,203,73
2915,Taylor,Pitts,2007-05-23,Brianton,KY,QB,73,170,38
2916,Jeffrey,Gardner,2005-04-14,Lake Robintown,AZ,QB,72,205,69
2917,Andrea,Murray,1994-09-02,East Ryanfort,IL,WR,69,237,62
2918,Carlos,Austin,2007-01-25,New Dana,AK,WR,75,245,87
2919,Samantha,Harrison,2007-11-09,Sarahville,DE,RB,70,296,19
2920,Kristina,Long,2005-01-11,Jonesburgh,FL,RB,74,173,12
2921,Kevin,Edwards,1998-10-09,North Wendy,MH,QB,69,293,64
2922,Stephanie,Griffith,2004-02-19,North Drew,MN,WR,76,155,15
2923,Ruth,Perez,1994-01-23,Bethton,VI,RB,77,151,26
2924,Ashley,Howard,2006-03-26,South Gregory,AZ,QB,77,208,53
2925,Richard,Hall,1996-06-23,Lake Angela,AZ,TE,74,164,25
2926,Jasmine,Olson,1999-11-14,West Claire,ID,QB,73,176,91
2927,Derek,Castillo,1998-12-06,Port Danielton,CA,TE,75,174,81
2928,Deborah,Murphy,1998-10-04,Mayland,CT,WR,78,166,24
2929,Sara,Rivera,1998-11-23,Racheltown,PR,RB,78,284,93
2930,Charles,Sandoval,2001-02-07,Lake Heatherfurt,IN,QB,73,185,17
2931,Melissa,Brady,1997-01-30,South Patricia,IN,TE,74,174,39
2932,Andrew,Martin,2001-06-06,Port Brian,DC,RB,71,205,72
2933,Michael,Williams,2005-12-25,Gouldville,UT,QB,71,232,89
2934,James,Miller,1985-11-05,Loweberg,CA,QB,71,258,81
2935,Brooke,Middleton,2008-02-11,East Amanda,SD,TE,70,259,54
2936,Daniel,Banks,1999-11-25,East Ericshire,PA,RB,75,294,56
2937,Cristina,Mosley,1990-02-04,Stephaniechester,AS,RB,75,198,26
2938,Jamie,Adams,2001-09-04,North Davidmouth,DC,RB,75,290,44
2939,Gregory,Gregory,2007-06-13,North Jennifer,WA,TE,77,264,27
2940,Charles,Hampton,1999-02-27,Bucktown,AK,WR,72,248,59
2941,David,Douglas,1997-07-15,New George,WV,WR,79,284,61
2942,James,Howard,1992-08-31,Taylorland,WI,TE,69,233,80
2943,Joshua,Moore,2005-01-06,Rayland,ID,QB,79,263,94
2944,Kimberly,Velazquez,2004-09-05,Lake Erinland,DE,QB,79,242,98
2945,Jacob,Schroeder,1989-12-06,Kingberg,TN,WR,75,263,23
2946,Annette,Gomez,1985-07-30,Hernandezshire,WA,WR,79,204,46
2947,Audrey,Morrison,1997-07-23,Suzanneberg,KY,QB,68,285,19
2948,Barry,Mckee,2001-07-28,West Kaylafort,MO,TE,79,190,18
2949,Erin,Wilson,1991-08-07,South Austinmouth,TX,TE,80,153,0
2950,Maria,Green,2006-11-14,Lake Douglas,AL,QB,74,195,41
2951,Kristen,Humphrey,1987-01-21,Bryanton,KS,RB,76,165,65
2952,Sara,Becker,1999-04-24,Dominiquetown,VT,WR,71,247,87
2953,Stephanie,Jackson,1989-02-23,Lake Jasmine,ME,TE,70,299,29
2954,Adam,Evans,1995-04-29,Smallborough,PR,WR,72,206,60
2955,Travis,Russell,2008-02-09,Freemanmouth,NE,WR,77,286,47
2956,Cameron,Huerta,2001-03-28,Duncanberg,FM,TE,80,170,29
2957,Roger,Gomez,1988-12-24,Sullivanmouth,OH,WR,71,258,27
2958,Andrea,Buchanan,1987-03-04,Lewisstad,MP,QB,73,153,98
2959,Joseph,Price,2008-03-10,Port John,SD,RB,75,173,71
2960,Christopher,Castaneda,1998-05-22,Debramouth,OR,TE,75,194,17
2961,Brian,Brooks,1994-08-09,Adamsfort,ID,QB,73,271,1
2962,Zachary,Lane,1996-03-02,Danielfort,NC,RB,73,272,78
2963,Catherine,Davies,1997-07-22,North Norma,NE,RB,69,152,67
2964,Alejandra,Wilson,1987-06-25,Rachelville,NH,RB,73,263,71
2965,Robert,Myers,2004-05-12,East Stephenstad,PW,TE,80,169,85
2966,Robin,Crawford,2008-02-11,Duaneshire,CT,WR,77,185,6
2967,Matthew,Peters,1987-09-12,East Christinefort,AK,WR,77,232,87
2968,Paul,Gonzales,1997-02-27,New Lee,GU,WR,73,183,61
2969,Paige,Manning,1986-01-29,East Johnfort,AZ,RB,76,297,28
2970,Kristopher,Armstrong,2003-06-07,East Alyssatown,WY,RB,78,219,65
2971,Christopher,Taylor,2003-09-25,Kristenbury,MO,QB,78,153,80
2972,Tim,Jacobs,2005-05-27,Lake Robertview,VI,WR,72,178,0
2973,Anna,Henry,2004-10-21,East Timothy,ID,QB,78,253,8
2974,Robert,Baird,1989-05-11,Lewismouth,KS,RB,72,273,84
2975,Timothy,May,1998-12-29,Ryanton,OK,RB,73,287,29
2976,Mark,Thompson,2003-11-09,Davidchester,MA,QB,68,219,26
2977,Abigail,Myers,1986-07-28,Lake Michaelhaven,PW,QB,74,177,43
2978,Amy,Dudley,2006-05-02,East Kimberlybury,IN,WR,68,212,38
2979,James,Lane,2004-01-19,Latoyatown,GU,QB,72,160,81
2980,Alison,Hughes,1990-11-28,East Tamara,WV,QB,79,172,27
2981,Christopher,Moss,1986-11-26,Alishahaven,NC,RB,79,251,26
2982,Timothy,Pacheco,1997-05-08,East Louis,CO,QB,69,213,97
2983,Shannon,Orozco,2003-11-14,West Michael,OH,TE,73,215,51
2984,Amy,Harrington,1997-01-11,South Jasonside,MD,WR,69,210,13
2985,Daniel,Moreno,1990-07-31,Robertland,NY,RB,73,254,77
2986,Angela,Harper,1998-03-17,Shelbyshire,MS,RB,76,205,45
2987,Andrew,Rivera,1997-07-06,Conradmouth,AL,QB,70,221,88
2988,Johnathan,Lewis,1996-06-10,Nguyenport,MP,QB,72,292,48
2989,Tracy,Anderson,1994-08-19,Lake Christopher,OH,RB,72,278,15
2990,Katherine,Gray,1995-01-16,North Ryanport,VI,WR,68,155,20
2991,Brandy,Watson,1990-07-06,West Audrey,HI,WR,73,161,42
2992,Malik,Davila,2000-11-21,Juliaton,MD,RB,78,204,51
2993,Jocelyn,Turner,1993-11-23,Port Stuartstad,CT,QB,70,286,71
2994,Ryan,Everett,2005-09-20,Justinport,PR,WR,71,152,9
2995,Laurie,Villegas,2001-08-01,Calderonstad,MI,QB,78,195,74
2996,Amy,Mathews,1993-01-07,North Marco,AR,WR,71,153,15
2997,Jaclyn,Brown,1988-10-06,Garybury,MN,WR,70,150,38
2998,Lisa,Smith,2003-12-25,Hawkinsside,PR,TE,77,170,91
2999,Lori,Marsh,1999-10-24,Donnaburgh,VA,QB,80,210,97
3000,Cristina,Carroll,1990-09-24,Amandaborough,MD,WR,69,201,46
3001,Jennifer,Brown,1998-07-20,Wilsonstad,MD,QB,79,297,44
3002,Katelyn,Davenport,1986-03-28,Lake Eric,CT,WR,72,279,52
3003,Jesse,Charles,1986-02-18,North Manuel,AR,RB,80,285,48
3004,Travis,Love,1993-10-29,Daleburgh,MH,RB,71,297,55
3005,Gregory,Smith,2007-05-14,Port Davidton,IA,WR,69,192,92
3006,Michael,Rogers,1999-01-29,West Paulborough,AK,QB,71,216,83
3007,Joseph,Crawford,2007-08-08,South Melanie,WA,QB,77,297,91
3008,Anne,Small,2000-02-05,East Trevor,NY,TE,75,218,61
3009,Rose,Simmons,2002-04-05,Nancyhaven,WV,WR,76,198,85
3010,Sarah,Wilson,1991-01-31,Johnsonberg,LA,TE,75,285,33
3011,Sheila,Smith,2003-06-11,New Sarah,AZ,TE,75,231,58
3012,Anthony,Foley,2004-04-29,Alexanderville,PR,RB,71,222,82
3013,Aaron,Reed,2006-10-17,Moniquefort,CA,QB,73,289,40
3014,Tonya,Mitchell,1989-09-29,East Sean,OR,WR,74,220,86
3015,Melissa,Smith,2007-12-14,Lynchview,ME,QB,80,259,27
3016,Christopher,Hubbard,1995-05-19,South Shellyview,PA,TE,75,284,82
3017,Eric,Brown,1994-09-27,Johnland,NH,RB,75,275,28
3018,Brenda,Martin,2003-12-25,Rodriguezton,MO,WR,69,239,69
3019,James,Green,2007-06-22,East Stevenborough,ME,QB,68,178,57
3020,Mario,Mccann,2007-07-27,New Matthewfurt,IA,RB,68,244,8
3021,Julie,Jordan,1992-01-08,Priceside,LA,TE,80,230,4
3022,Mike,Kelly,1998-03-24,East Zachary,CT,TE,72,239,92
3023,Christina,Copeland,1992-01-12,South Nicolemouth,UT,TE,75,201,63
3024,William,Williams,1993-05-15,Jonesside,MS,TE,68,169,90
3025,Michael,Huber,1991-07-18,Antonioside,OR,TE,74,172,28
3026,Shannon,Carter,1999-03-03,Brownton,SD,TE,80,188,64
3027,Sara,Taylor,2005-01-24,Christopherbury,AZ,TE,76,250,95
3028,Michelle,Gomez,2003-07-07,Michaelside,ND,TE,79,289,20
3029,Brenda,Austin,1990-08-05,South Theresafort,PW,QB,68,278,40
3030,Jeffrey,Martin,1987-01-29,West Jeffrey,MD,TE,70,155,91
3031,Fernando,Graham,2001-05-02,Jasonstad,WA,TE,75,193,66
3032,Kayla,Richardson,2000-08-09,North Robertland,IL,RB,74,209,12
3033,Steven,Powell,2003-08-06,Roberttown,SD,RB,73,289,18
3034,Karen,Hernandez,1993-02-23,Brownport,ME,TE,69,241,41
3035,James,Garcia,1991-11-09,West Brian,OR,QB,71,255,57
3036,Spencer,Smith,1995-03-09,Millerhaven,TN,TE,70,252,64
3037,Alan,Garrison,2000-11-24,Ashleymouth,MT,WR,76,271,84
3038,Dakota,Wallace,2006-10-25,West Linda,FL,RB,76,209,46
3039,Henry,Carlson,1986-01-20,Jonathanbury,SD,TE,70,230,42
3040,Ricky,Frederick,1998-09-22,Jameston,UT,WR,70,181,83
3041,Seth,Payne,1989-02-01,Lake Robert,WA,WR,71,260,9
3042,Daniel,Holmes,1996-07-08,Danielsfort,MH,TE,75,215,77
3043,Julia,Myers,1987-10-05,West Jenniferstad,MA,RB,76,244,52
3044,Colin,Reynolds,1994-10-14,Port Christinamouth,IL,QB,71,270,92
3045,Jose,Delgado,1993-03-23,Gonzalezchester,ND,WR,74,167,2
3046,Steven,Soto,1995-01-27,Lake Jacob,MO,QB,69,200,60
3047,Ryan,Lloyd,1992-02-12,Port Stephen,AZ,RB,78,270,0
3048,Ryan,Barnett,1988-06-26,Lake Ryanland,VT,WR,76,244,27
3049,Trevor,Hill,1994-07-06,Port Barbara,MN,RB,75,155,3
3050,James,Austin,2002-04-17,North Jeremyport,NJ,TE,77,158,21
3051,Andrea,Williams,1986-11-04,Lake Ashleyhaven,PR,QB,77,293,23
3052,Jennifer,Obrien,1998-10-11,Jacquelineland,TX,WR,76,277,54
3053,Dawn,Hoffman,1998-05-29,West Brittneytown,IA,WR,73,154,14
3054,Edward,Monroe,2007-11-11,Scottville,AK,RB,79,282,3
3055,Marcus,Smith,2003-07-20,North Michaelshire,MT,WR,70,190,14
3056,Natasha,Merritt,1994-09-13,Fitzgeraldside,AL,RB,76,260,35
3057,Chris,Lee,1991-06-30,North Michaelton,IA,WR,79,197,87
3058,William,Chavez,2002-01-01,South Jamestown,GA,QB,70,280,24
3059,William,Krueger,2003-07-17,East Todd,PA,RB,73,219,92
3060,Erik,Matthews,1999-05-10,Lake Davidshire,FL,TE,76,173,10
3061,Stacy,Rodriguez,1992-09-09,Bradshawborough,LA,QB,80,218,41
3062,Christopher,Mathis,1989-10-18,Spencerside,NY,TE,69,180,60
3063,Deanna,Wagner,2004-11-06,Fullerland,SD,TE,72,222,23
3064,Lori,Mcdaniel,1990-12-25,North Angelashire,NE,TE,76,243,19
3065,Gina,Huffman,1990-05-07,Biancaport,PA,TE,74,258,22
3066,Elizabeth,Cherry,1996-02-20,Lake Edwin,GU,TE,73,253,63
3067,Nicholas,Graves,2001-12-03,South Davidborough,KY,QB,77,152,90
3068,Jonathan,Daniel,1986-01-02,Portertown,NV,QB,76,169,19
3069,Melissa,Smith,1995-11-10,Deleonstad,ME,RB,79,208,90
3070,Jeffrey,Moss,1989-11-23,South Michelleview,GA,WR,77,276,85
3071,Grace,Gonzalez,1986-08-10,New Brandonhaven,FL,WR,73,221,82
3072,Shannon,Reyes,2007-10-25,Darrenbury,CA,TE,72,237,37
3073,Alex,Dominguez,1986-12-27,Richardfort,LA,RB,70,165,19
3074,Joseph,Mcdonald,2001-05-12,New Chad,ID,QB,69,292,58
3075,Brian,Scott,2004-05-21,Cynthiaport,HI,RB,76,235,69
3076,Vanessa,Johnson,1996-12-25,East Kim,CT,QB,77,170,51
3077,David,Mccall,2000-01-08,Johnstad,AZ,QB,68,278,15
3078,Michael,Tucker,2007-05-27,West Kaitlin,MO,WR,77,183,50
3079,Michael,Sanchez,2006-04-12,Wagnerhaven,GA,QB,75,194,85
3080,Melody,Cameron,1991-02-14,Meganside,IN,TE,68,242,72
3081,John,Fletcher,1996-03-23,Andrechester,OK,WR,73,166,97
3082,Connie,Raymond,1999-01-12,Hernandezmouth,TN,QB,73,218,50
3083,Madison,Soto,1993-05-12,New Austinton,KS,QB,79,254,56
3084,Joseph,Cox,1998-05-18,Nguyenborough,NC,QB,80,180,31
3085,Ronald,Horton,1991-08-18,Sanchezburgh,RI,RB,75,172,53
3086,Claudia,Jenkins,1988-04-25,West Robert,MT,WR,77,171,46
3087,Brandon,Ramos,2004-09-27,Allenton,NM,WR,68,220,69
3088,Jonathan,Wood,1994-01-07,Cantrellhaven,AR,RB,72,247,87
3089,Daniel,Green,1993-12-01,Charlesville,GA,RB,72,278,11
3090,Steven,Henry,1993-12-02,New Larry,IA,RB,78,151,86
3091,Shawn,Harris,1986-01-23,South Danielletown,CT,WR,72,288,4
3092,Katrina,Welch,1993-04-06,Jacquelinetown,OK,TE,71,226,27
3093,Justin,Fuller,1998-06-17,Smithborough,WV,TE,68,229,65
3094,Robert,Turner,2007-06-08,Richardmouth,ID,RB,75,254,93
3095,Judy,Khan,2003-06-27,Schultzborough,NM,WR,76,177,39
3096,Claudia,Bolton,1996-04-30,Rodriguezbury,AK,QB,70,250,35
3097,Daniel,Nelson,2007-03-03,North Erin,PA,TE,69,264,32
3098,Nathan,Miller,1997-01-12,Port Elizabethborough,NJ,WR,72,189,35
3099,Isabella,Monroe,1999-06-07,Belindaside,GA,QB,68,192,75
3100,Savannah,Brown,1987-04-22,Lake Samuelfurt,UT,QB,72,226,0
3101,Jessica,Carlson,1998-04-30,Perryland,OR,RB,80,209,77
3102,Holly,Joseph,1988-07-21,Christopherstad,IL,WR,71,282,5
3103,Shannon,Turner,2006-01-27,Ortegaview,OH,QB,71,250,43
3104,Mark,Benson,1988-02-07,Johnfort,CA,WR,72,156,58
3105,Brooke,Bartlett,2000-08-17,East Sarah,WV,RB,68,198,41
3106,Jamie,Lewis,2000-03-29,New Jessica,MD,RB,70,244,98
3107,David,Adams,1991-12-01,Williamton,MO,WR,79,274,53
3108,Michael,Jones,1999-10-31,Lake Allen,MH,QB,80,272,35
3109,Michelle,Massey,1998-12-27,Emmamouth,WA,TE,78,221,68
3110,Joan,Gutierrez,1988-09-23,North Jennatown,NC,WR,73,282,39
3111,Eddie,Hernandez,2001-12-26,East Johnfort,TN,TE,80,279,69
3112,Jeffrey,Farrell,1994-09-27,Mcgeefort,MP,RB,72,195,8
3113,Eric,Pace,2004-02-01,Jasminefort,AZ,TE,80,193,54
3114,Leonard,Rogers,2007-06-07,Arroyoland,RI,WR,68,293,3
3115,Alicia,Alexander,1988-03-29,Port Erin,OR,TE,72,171,13
3116,Danielle,Medina,1995-09-20,New Josephport,WY,RB,76,150,72
3117,Robert,Lee,2005-09-25,Lake Mackenzie,WV,WR,72,259,76
3118,Jade,Mckenzie,1998-08-28,Elizabethtown,AS,WR,73,265,77
3119,Jessica,Sanders,1989-05-29,Port Michael,OH,WR,70,169,44
3120,April,White,1988-05-12,South Tinaton,MO,QB,72,198,22
3121,Peter,Reed,2006-04-10,Cainmouth,ME,RB,68,198,65
3122,Brandon,Diaz,2003-01-30,Port Heatherstad,FL,TE,77,176,95
3123,Randy,White,2006-01-22,Lake Morgan,TX,QB,73,258,8
3124,Kevin,Dixon,2003-12-29,West Ericberg,PA,QB,70,263,17
3125,Dawn,Douglas,2001-12-10,Lake Melissaburgh,DE,RB,70,171,95
3126,Frank,Blackwell,1998-10-02,Alexandermouth,NC,RB,77,185,70
3127,Robert,Vega,2004-09-10,West Christopher,TX,QB,71,217,98
3128,Eric,Wilkinson,2005-06-29,Danielshire,PA,QB,77,288,11
3129,Nicole,Warren,1990-03-13,West Johnland,NH,QB,76,214,8
3130,Dakota,Kemp,1996-01-06,Sheppardburgh,FL,WR,77,188,7
3131,Jaime,Mccormick,1985-08-13,Cochranport,WI,WR,73,171,60
3132,Madison,Hudson,2007-07-15,West Shaneside,PW,RB,72,203,51
3133,Sara,Anderson,1989-01-06,Port Jonathanberg,MP,WR,76,233,35
3134,Gregory,Brown,1986-02-24,West Ronald,GU,TE,80,286,4
3135,Crystal,Adams,1999-08-16,New John,NE,QB,80,272,99
3136,Sarah,Coleman,1992-05-06,Port Brandy,ME,WR,70,168,6
3137,Dana,Smith,1999-02-27,New Donald,WY,RB,74,264,92
3138,Matthew,Ali,2004-11-09,Jamesfurt,OR,RB,76,278,33
3139,Bonnie,Maynard,1991-10-14,West Christineborough,NY,RB,79,231,75
3140,Aaron,Sullivan,2007-11-08,East Jesus,NC,TE,75,177,17
3141,Jennifer,Hall,1994-10-21,Lake Matthew,MS,WR,69,187,31
3142,Melissa,Hahn,1985-12-30,Rubioside,PA,WR,70,269,99
3143,Joseph,Shea,1999-11-03,South Ann,MH,QB,76,297,18
3144,Angelica,Gomez,1993-06-21,Michelefurt,AZ,QB,73,271,72
3145,Ronald,Martinez,2006-06-24,Shannonland,IL,QB,69,248,46
3146,Katherine,Spencer,1994-01-28,East Rebekah,CA,WR,75,246,65
3147,Andre,Bell,1987-05-14,West William,GU,QB,71,194,96
3148,Heather,Valenzuela,1991-02-05,North Jasmineburgh,NV,QB,74,295,85
3149,Stephen,Mullins,2003-06-05,Nguyenfort,TN,QB,70,197,90
3150,Nicole,Nelson,2007-03-19,West Rebeccaberg,UT,RB,80,199,70
3151,James,Nelson,2006-10-17,New Angelabury,DE,TE,73,239,77
3152,Tina,West,1999-05-29,Newtonhaven,WY,WR,78,155,38
3153,Brent,Contreras,1985-12-18,Port Timothy,PW,TE,74,298,49
3154,Jason,Austin,1999-05-29,Murrayshire,DC,RB,69,192,36
3155,Gregory,Williams,1998-02-20,East Michaelchester,TN,RB,72,274,13
3156,Steven,Flowers,1999-09-18,Johnshire,NH,TE,71,223,86
3157,Hannah,Barber,1996-02-15,Christopherport,UT,TE,76,252,52
3158,Sara,Miller,2005-06-06,Aimeebury,DE,TE,69,293,1
3159,Ruth,Newman,2002-08-25,North Lisamouth,LA,WR,73,200,39
3160,Joy,Poole,1992-08-23,Grayshire,DC,RB,72,203,95
3161,Aaron,Walker,1993-05-31,Nixonview,AS,TE,73,288,25
3162,Erika,Chavez,1997-01-27,Wellsville,GA,TE,68,176,65
3163,Bruce,Hutchinson,1992-06-29,West Jose,KS,TE,69,266,22
3164,Mark,Morgan,1997-10-30,Brownhaven,ID,WR,80,195,68
3165,Kenneth,Weaver,1993-05-01,Matthewberg,MI,QB,73,254,47
3166,Johnathan,Greer,1994-04-20,Benjaminland,AZ,QB,77,166,0
3167,Cynthia,Roberts,1996-07-20,Adamfurt,WI,WR,80,187,33
3168,Danielle,Walters,1990-12-13,North Carlstad,CO,TE,70,255,63
3169,Timothy,Jackson,1990-12-10,East Peter,MD,QB,74,161,73
3170,James,Mccullough,1987-01-11,Lake Coryburgh,MP,RB,73,155,3
3171,Zachary,Terry,1985-06-27,Scottmouth,KY,RB,78,203,64
3172,William,Shepherd,1999-05-18,Jordanborough,ME,WR,78,235,61
3173,Susan,Willis,1994-09-30,Russellmouth,MH,TE,71,289,39
3174,Lisa,Olson,2007-06-01,Warefort,DE,WR,77,236,78
3175,Whitney,Thomas,2005-10-10,Donnamouth,OH,WR,76,151,39
3176,Ricky,Santana,1996-09-07,Sandraland,MS,QB,80,153,56
3177,Sabrina,Anderson,1999-05-17,Nicoleberg,VA,RB,70,171,68
3178,Kelly,Williamson,1996-02-09,Robertstad,GA,QB,70,293,21
3179,Douglas,Quinn,1985-07-09,Allenside,VT,RB,72,264,84
3180,Kathleen,Bell,2007-10-11,Perkinsshire,VI,QB,75,192,20
3181,William,Phillips,1992-01-28,Weisstown,AS,QB,79,266,22
3182,Paul,Alexander,1994-03-10,Lake Patrick,WA,QB,70,278,80
3183,Daniel,Green,1991-06-01,North Marcusshire,OK,WR,68,156,57
3184,Travis,Moreno,1992-08-25,Port Betty,NY,TE,74,156,97
3185,Bethany,Petty,2005-01-17,New Tinaborough,DE,QB,77,294,60
3186,Danielle,Mills,1999-01-25,Beckburgh,OK,QB,74,172,97
3187,Alexander,Adams,1985-05-23,Charlesport,NV,QB,69,188,26
3188,Katie,Jones,2002-09-09,Masseyshire,WV,QB,74,215,27
3189,Elizabeth,Allen,1994-07-11,Antoniochester,IA,RB,77,159,1
3190,Jeremy,Marshall,2004-12-08,Taylorfurt,VT,QB,75,244,81
3191,James,May,1990-01-03,North Christopher,MH,WR,75,195,16
3192,James,Martinez,1993-03-17,North Paulshire,OR,RB,70,208,87
3193,Kelly,Walls,2002-11-11,Reeveshaven,NC,TE,77,202,0
3194,Jonathan,Marshall,2001-04-08,Port Jeffrey,NC,TE,76,289,33
3195,Ann,Johnson,2008-03-23,East Michael,SD,WR,71,218,96
3196,Keith,Castillo,1987-09-19,Masseyside,VI,QB,76,179,81
3197,Jason,Alvarez,2005-06-15,Janetside,VI,QB,75,231,99
3198,Alicia,Wu,2005-10-11,Adamston,KS,RB,68,153,36
3199,Deborah,Long,1990-10-27,Lake Erica,MD,QB,73,290,10
3200,Kaitlyn,Yoder,1989-04-18,New Douglas,GA,WR,78,190,0
3201,Jacob,Atkins,1986-06-25,Kimberlyton,WY,WR,73,236,94
3202,Darryl,Oliver,1986-11-10,Port Jenniferfort,GA,WR,77,271,45
3203,Cheryl,Anderson,1992-04-10,East Brandon,WA,RB,70,271,48
3204,Janet,Cervantes,1991-06-06,South Ashley,PW,RB,80,161,78
3205,Dorothy,Myers,1990-07-10,Jacksonborough,AZ,QB,79,261,18
3206,Sarah,Ayers,1988-01-01,North Stephanie,VA,TE,68,219,44
3207,Michael,Clark,2004-08-04,New Martin,DC,QB,74,263,66
3208,Ronald,Simpson,1985-08-17,East Ericaport,MO,QB,68,212,83
3209,James,Johnson,1997-05-29,North Theresa,TX,TE,78,290,37
3210,Wendy,Farmer,2003-04-03,East Jamesview,HI,WR,74,190,95
3211,David,Cobb,2006-06-08,North Reneeside,NC,WR,70,226,68
3212,George,Johnson,1990-11-24,Thomasport,DE,WR,80,244,7
3213,Christina,Adkins,1990-11-12,Jonesmouth,TX,TE,75,196,73
3214,Randall,Gonzalez,1991-06-30,New Nicoleland,IL,RB,77,170,44
3215,Brittany,Wagner,2002-03-25,Claudiabury,LA,RB,70,193,22
3216,Donald,Tate,2005-01-22,Williambury,WY,RB,71,221,51
3217,Ethan,Jenkins,2002-08-27,North Steven,MT,RB,73,190,72
3218,John,Diaz,2006-08-14,North Tara,OR,TE,79,295,48
3219,Tyler,Boyer,1995-08-19,East Kathy,LA,TE,73,269,6
3220,Ana,Mullins,1987-09-25,West Ericland,IL,QB,68,230,70
3221,Julia,Vang,1998-03-26,Jonesport,RI,QB,72,235,38
3222,Nathan,Turner,1990-07-03,South Amy,MI,RB,69,226,99
3223,Erin,Johnson,1994-01-31,West Jasonmouth,NV,TE,74,239,69
3224,Larry,Johnson,2001-04-27,South Anthony,GU,QB,68,252,58
3225,Tracy,Taylor,1997-10-26,East Kristina,CO,RB,72,255,9
3226,Thomas,Mcintyre,2005-04-23,New Thomas,PW,TE,79,288,76
3227,Timothy,Moore,1986-02-16,South Christophermouth,IN,WR,68,170,50
3228,Patricia,Golden,2004-01-10,Cunninghamchester,MP,TE,78,209,88
3229,Nicole,Kelley,2001-02-19,East Eric,OK,RB,76,282,57
3230,Kelly,Vargas,1995-01-21,North Kimberly,VI,WR,73,156,1
3231,Daniel,Moore,1994-12-20,Chandlerfort,WA,WR,78,298,48
3232,Heather,Garcia,1990-06-03,North Emilybury,VI,QB,79,288,87
3233,Christopher,Gonzalez,2001-02-05,Lake Craig,CO,TE,79,186,2
3234,Justin,Stanley,1991-04-15,Lake Katherineland,IA,WR,79,295,74
3235,Anthony,White,1996-02-15,South Gina,CT,RB,74,151,52
3236,Jenny,Cook,1987-10-25,Gomezland,MP,WR,75,172,24
3237,Crystal,Francis,1991-02-04,Youngtown,SC,WR,72,178,49
3238,Paul,Morales,2006-04-01,Anthonyburgh,MI,RB,76,253,81
3239,Alicia,Richardson,1991-09-11,East Ashley,AZ,TE,72,202,25
3240,Patricia,Rubio,2007-08-14,East Megan,VA,TE,68,186,55
3241,Daniel,Shepard,1999-04-30,West Michaelport,AR,WR,68,173,88
3242,Brian,Owens,2007-06-02,South Anthonyshire,IA,WR,74,297,47
3243,Gerald,Thompson,1994-01-30,Nelsonstad,RI,RB,68,182,6
3244,Sara,Phillips,1999-02-02,Lake Monica,MO,TE,76,294,24
3245,Matthew,Hernandez,1987-08-27,New Teresaview,TX,TE,77,267,86
3246,Tyler,Powell,2002-10-05,North Nathanielchester,KS,QB,69,259,26
3247,Jeanette,Mcmillan,1988-10-16,Barnettport,PR,WR,79,225,47
3248,David,White,1994-11-26,North Lori,ID,WR,78,229,83
3249,Mark,Nguyen,2006-06-11,Tinafurt,SD,TE,78,226,15
3250,Joe,Robinson,2001-04-06,Kellyberg,SD,RB,79,254,65
3251,Kerri,Ochoa,1997-12-04,Port Janet,NY,WR,76,298,3
3252,Vanessa,Smith,2003-03-01,East Brian,MT,RB,74,272,83
3253,Shelley,Thomas,1985-08-17,West Tyler,AR,RB,71,244,76
3254,Jessica,Burgess,2004-10-27,North Michaelview,MH,WR,74,215,64
3255,Jacqueline,Thompson,1986-09-24,North Vanessastad,MI,RB,79,229,65
3256,Duane,Dennis,1986-06-01,Morrisonton,VI,TE,78,264,65
3257,Samantha,Arnold,2005-05-01,Lake Johntown,DC,RB,71,173,63
3258,Tiffany,Brewer,2003-10-04,Ashleyland,NM,WR,78,154,79
3259,Nancy,Nelson,1990-11-18,South Mark,DC,TE,74,217,84
3260,Jessica,Chavez,1989-09-19,Cherylchester,PW,RB,72,187,18
3261,Kristy,Tran,1991-03-29,New Vanessaton,ND,RB,72,172,32
3262,John,Clarke,2006-10-06,South Kellymouth,TN,WR,70,261,57
3263,Patricia,Kerr,1999-03-23,West Andrea,CT,QB,78,185,15
3264,Michelle,Foster,1988-04-03,Valeriefort,IN,RB,78,239,96
3265,Angela,Collins,1989-01-19,East Stephanie,MH,WR,68,270,29
3266,Michele,Waller,1996-09-23,North Anthonystad,NJ,TE,68,298,25
3267,Christopher,Rodriguez,1988-01-11,Garciaburgh,UT,RB,76,213,95
3268,Emily,Smith,1999-07-09,Andersonborough,ID,TE,70,261,54
3269,Rebecca,Bates,2003-08-31,Coxport,MO,TE,71,254,70
3270,Danny,Cochran,1989-11-20,Smithport,VT,RB,71,295,10
3271,Tammy,Smith,1990-09-15,Robertston,GA,RB,71,232,32
3272,Dustin,Obrien,1998-12-08,East Jasmineborough,NY,WR,75,255,78
3273,Judith,Brown,2000-09-15,Lake Matthew,AZ,QB,75,243,54
3274,Elizabeth,Clark,1990-03-24,Cruzfort,PR,TE,75,227,28
3275,Eric,Williams,1998-09-17,South Tracy,GU,QB,68,228,50
3276,Robert,Greene,2003-11-02,Port Jasmine,AL,WR,70,248,9
3277,Susan,Chung,1999-04-20,Port Ginamouth,HI,QB,77,201,14
3278,Carolyn,Francis,2002-10-06,Williamsfort,SC,WR,76,241,13
3279,Michele,Miller,2004-12-15,Roberthaven,OR,TE,72,207,64
3280,Deborah,Smith,1989-09-24,Lake Anthonyville,UT,RB,79,253,45
3281,Robert,Mullen,2006-07-19,Amyfurt,HI,TE,77,248,29
3282,Ashley,Goodman,1985-07-14,New Caitlynhaven,ME,QB,72,234,33
3283,Bobby,Tucker,1993-12-12,Kellybury,GA,TE,79,287,97
3284,Teresa,Reynolds,1990-02-12,Port Jenniferfurt,DC,RB,77,223,85
3285,Fernando,Hernandez,2000-09-30,Port Lauraport,AZ,WR,80,276,1
3286,Dana,Jones,2000-03-28,South Brett,IN,TE,77,276,38
3287,Leslie,Mcintyre,1992-05-24,West Alexandratown,ME,WR,71,273,21
3288,Peggy,Mccormick,2002-05-25,Gonzalezburgh,SD,RB,72,180,87
3289,Jessica,Stafford,2006-04-14,Jacobborough,WA,TE,72,223,27
3290,Stephen,Green,2002-05-10,South Brittany,VA,TE,75,224,58
3291,Donald,Atkins,1986-11-18,Bryantmouth,PR,RB,75,175,25
3292,Jack,Deleon,1999-08-26,Jamesport,GU,WR,75,216,49
3293,Brian,Davis,1986-11-10,East Sabrinafort,MN,WR,69,192,92
3294,Brittany,Lopez,1996-01-23,Martinborough,VI,RB,75,265,28
3295,Jennifer,Smith,2002-06-25,Kimberlyfurt,AK,WR,68,172,45
3296,Lorraine,Morgan,2006-06-22,Port Tim,NM,RB,77,294,1
3297,Lindsay,Mcmahon,2000-06-27,West Johnton,WA,TE,69,199,7
3298,Michael,Hutchinson,1988-06-09,North Williamshire,MI,WR,69,201,85
3299,Dakota,Owens,2006-02-03,East Markside,WV,RB,69,151,88
3300,Sharon,Stewart,1995-12-17,Lake Sean,VT,RB,73,239,85
3301,Robert,Thompson,2002-07-14,Port Ashley,VT,WR,75,232,87
3302,Evan,Jones,1993-10-05,Charlotteshire,LA,QB,76,298,44
3303,Samantha,Watson,2001-08-14,Austinland,VA,TE,79,213,85
3304,Lisa,Rodriguez,1990-06-25,North Nicoleborough,SC,WR,79,205,23
3305,Lauren,Reyes,1986-04-30,New Kim,LA,RB,79,231,49
3306,Heather,Buck,2007-03-05,Lake Samantha,MH,RB,73,270,83
3307,Robert,Warner,2000-02-08,Lake Duane,VA,TE,73,206,96
3308,Timothy,Mendez,2001-01-19,New Billy,OR,TE,71,250,52
3309,Jennifer,Hall,1999-02-28,New Devonmouth,WA,RB,75,206,41
3310,Terri,York,1986-01-05,West Austin,AL,QB,69,183,1
3311,Rebecca,Herrera,2002-10-24,West Traceyland,DC,QB,68,281,16
3312,Nathan,Kramer,1993-08-13,Kirkmouth,NM,QB,74,209,60
3313,Natalie,Diaz,1988-01-17,Youngside,WA,QB,69,152,97
3314,Benjamin,Davis,1989-04-20,West Douglas,OH,WR,70,179,8
3315,James,Castillo,1988-09-10,Markstad,ME,RB,69,258,17
3316,Sara,Larson,1997-11-19,South Michelle,VA,TE,75,193,65
3317,Nathan,Lara,2003-08-01,Lake Destinyland,VI,WR,79,249,36
3318,Robert,Jacobs,2001-01-16,Gregoryhaven,MN,TE,80,153,24
3319,Eric,Lewis,1996-11-18,Coxmouth,UT,WR,77,300,49
3320,Heather,Taylor,1993-08-09,Port Jasonland,WY,TE,75,162,22
3321,Tristan,Fernandez,2001-10-23,Kyleshire,AR,QB,69,271,57
3322,Jeremy,Bennett,1987-08-28,East Kristenview,VI,RB,79,183,78
3323,Michelle,Adams,2001-06-27,Leviland,MH,TE,79,234,13
3324,Mark,Anderson,1992-07-06,Port Joseph,IN,RB,68,278,86
3325,Jennifer,Gray,1993-08-22,West Douglas,NH,TE,70,279,57
3326,James,Gonzalez,1999-09-08,West Michelle,AS,WR,74,241,48
3327,Diane,Kane,2005-03-05,Smithshire,WA,WR,72,216,42
3328,Mark,Sanchez,1988-07-24,East Allison,RI,WR,74,278,43
3329,Emily,Hill,1995-08-15,Port Alanland,MA,WR,78,228,85
3330,Brian,Barker,1988-07-04,Port Christineland,MN,TE,71,230,37
3331,Charles,Wallace,1991-02-26,Autumnfort,AK,TE,77,242,1
3332,Justin,Lee,1993-10-15,Conleyport,NM,WR,71,220,58
3333,Amanda,Clark,1994-05-18,Jacksonstad,NE,WR,75,244,37
3334,Benjamin,Murray,2004-06-03,Whiteland,WV,QB,75,286,4
3335,Joanna,Morse,1988-11-05,Nancyshire,AR,RB,72,256,0
3336,Alice,Mccullough,1994-11-17,Lake Gabrielview,MN,TE,77,266,32
3337,Michelle,Garner,2002-07-04,Lake Jeffrey,OH,WR,78,259,85
3338,Michael,Moody,2001-07-16,Lake Vincent,VI,QB,80,286,98
3339,Mark,Davis,2007-07-11,Gregorymouth,MP,RB,68,244,1
3340,Kathy,Barajas,2004-10-01,Taylorborough,GU,TE,80,229,91
3341,James,Campbell,2002-09-24,Port Raymondton,LA,QB,74,290,27
3342,Meredith,Morgan,1987-04-27,East Lisa,HI,TE,80,167,59
3343,Tyler,Harris,1989-05-26,West Lisa,MT,WR,69,170,16
3344,Brooke,Hayes,2001-03-04,Pittmanberg,GU,RB,78,276,33
3345,Tina,Mitchell,2001-09-15,Port Kathleen,WA,TE,79,214,92
3346,Katelyn,Davis,2002-06-15,South Janet,MI,TE,73,178,61
3347,Antonio,Scott,2006-01-02,New Angela,OK,RB,69,270,30
3348,Brian,Williams,1993-04-09,Rebeccamouth,KS,RB,77,189,65
3349,Michael,Strong,1999-07-14,Lake Denisefort,FL,QB,71,217,58
3350,Melissa,Lopez,1990-03-16,Wrightberg,CO,RB,74,182,48
3351,Sarah,Edwards,2002-11-30,Morrisonside,IL,QB,74,170,65
3352,Robert,Edwards,2008-04-15,West Ronald,WV,QB,79,296,92
3353,Scott,Martinez,1994-07-19,West Kevinton,UT,WR,68,203,15
3354,Kristin,Wilson,1991-04-19,South Leebury,NH,WR,76,203,32
3355,Justin,Banks,1993-07-01,New Samantha,MD,QB,73,229,87
3356,Jose,Hinton,2006-08-02,Rodriguezberg,WY,WR,78,262,46
3357,William,Smith,2006-05-29,New Summerview,IL,QB,80,185,70
3358,Aaron,Smith,2003-08-22,Howeborough,OH,RB,70,187,70
3359,Charles,Carter,1996-09-14,West Jamie,AR,TE,68,205,54
3360,Matthew,Brown,1989-03-23,Tannerstad,PA,TE,74,205,37
3361,Aaron,Rogers,1998-04-03,Rogersside,IL,RB,75,208,87
3362,Breanna,Martin,1988-11-08,Evansmouth,ID,QB,72,155,25
3363,Scott,Sawyer,1999-01-04,North David,CT,TE,77,181,87
3364,Ashley,Smith,1997-08-25,Port Patty,RI,TE,72,215,31
3365,Jennifer,Moyer,2006-10-27,East Rickyfort,NE,WR,69,188,67
3366,Matthew,Holmes,1996-09-24,West Holly,ID,QB,77,158,9
3367,Rachel,Flynn,1995-06-11,South Patricialand,MD,TE,68,167,43
3368,Erica,Rose,2005-03-12,Christinafort,CO,QB,69,264,83
3369,Jesse,Goodman,2001-11-25,Cervantesville,NC,QB,75,263,45
3370,Tiffany,Robertson,1986-01-19,West Anitaton,NC,TE,68,225,92
3371,James,Fleming,1997-03-05,Walkerhaven,TN,WR,68,177,58
3372,Rachel,Burgess,1992-07-26,North Johnview,PR,TE,69,182,30
3373,Felicia,Clark,1998-01-31,Stephenchester,OK,TE,77,173,83
3374,Charles,Rowe,1988-08-05,Tylerside,PA,TE,74,223,16
3375,Hector,Edwards,1990-10-12,Westmouth,MA,WR,70,289,19
3376,Crystal,Brown,2001-04-25,Debbiehaven,OR,WR,72,192,77
3377,Robin,Greer,1994-03-26,West Johnton,KY,RB,80,152,55
3378,Ruth,Gilbert,2005-09-10,South Katherine,ID,RB,70,218,73
3379,Michelle,Terrell,1996-08-01,Lake Markland,CO,TE,78,162,0
3380,James,Smith,1987-03-28,Lake Jaredview,TN,TE,72,167,95
3381,Nathan,Hutchinson,1994-10-04,Lake Janice,NH,WR,80,240,29
3382,Joanne,Rose,1995-11-24,East Brittanyshire,MO,QB,74,224,80
3383,Savannah,Kramer,1999-02-03,North Robert,DE,WR,76,189,87
3384,Austin,Lutz,1987-08-18,East Steventown,PW,RB,77,184,76
3385,Jessica,Rice,1998-01-17,Jeffreychester,HI,TE,77,235,12
3386,Lori,Turner,2005-03-14,Gallegosborough,VT,QB,71,161,85
3387,Michael,Lawson,2006-02-12,Ayersberg,SD,RB,77,230,2
3388,Jeremy,Oneill,2001-06-03,West Patrick,MA,WR,80,208,50
3389,Joseph,Walker,1996-12-15,North Christina,CO,RB,71,213,24
3390,Melinda,Smith,1998-12-24,Richardville,MH,TE,75,195,60
3391,David,Davies,1992-02-10,North Jamesport,NY,QB,70,259,92
3392,Laura,Rush,1995-11-13,Lake Pamela,OH,WR,75,167,14
3393,Jeffrey,Hanson,2006-11-17,West Kristinaton,NJ,TE,75,275,55
3394,Christopher,Thomas,1986-07-09,North Jenniferbury,TX,QB,68,182,76
3395,Angel,Jones,1993-05-10,Colemanmouth,MD,QB,68,276,63
3396,Jose,Lee,1994-05-08,Lake Kenneth,CA,TE,71,219,6
3397,Sheila,Mitchell,1987-10-21,Allisonton,IL,WR,73,165,71
3398,Ashley,Thomas,2003-04-03,New Paulaview,ND,WR,80,284,13
3399,Jeremiah,Powell,1999-07-02,Ashleyton,WV,TE,73,231,50
3400,Maurice,Carter,2007-08-27,Chrisfort,WI,TE,74,257,67
3401,Kristin,Brown,2005-11-19,Wrightmouth,SD,WR,79,155,53
3402,Paul,Medina,1992-01-27,Bergerhaven,MO,QB,79,202,15
3403,Kathleen,Jenkins,1991-07-11,Michaelhaven,AR,TE,76,293,50
3404,Erica,Sullivan,1999-11-12,East Craig,MO,QB,73,279,40
3405,Amber,Hughes,1991-10-16,North Benjamin,MN,WR,79,267,68
3406,Joseph,Gomez,2000-04-21,Thomaston,GU,TE,73,250,0
3407,Matthew,Taylor,1998-09-20,Suarezbury,NH,TE,70,240,53
3408,Jennifer,Daniels,2004-10-24,Patriciafurt,SC,RB,75,254,75
3409,Terri,Carpenter,1987-01-24,West Joshua,OR,RB,75,161,57
3410,Kimberly,Perry,1992-10-20,South Alisonton,NV,TE,80,236,78
3411,Monica,Jacobs,2002-05-01,North Melissamouth,IA,WR,75,242,86
3412,Frederick,Garcia,2007-02-20,East Lynn,MO,TE,78,228,8
3413,Brandon,Murphy,1987-12-21,Wilkersonport,NY,WR,70,170,83
3414,Marvin,Mullins,1988-04-20,Lake Lauren,ID,RB,69,255,93
3415,Jennifer,Chen,1995-01-29,Potterbury,AS,RB,79,270,39
3416,Raymond,Gonzalez,1993-06-05,Robertborough,AL,TE,80,227,46
3417,Justin,Ferguson,2003-01-31,Andrewsville,AZ,TE,75,205,62
3418,Sarah,Lewis,2006-04-01,East Sarahbury,ID,QB,71,296,17
3419,Elizabeth,Herrera,2005-05-22,Clarkmouth,WY,QB,68,282,8
3420,Kyle,Maldonado,2007-05-21,Johnside,WI,WR,78,242,89
3421,Angela,Morrison,2000-08-04,West Patricia,KS,TE,70,180,2
3422,Cindy,Turner,2007-05-15,Lake Anthony,IN,QB,72,268,48
3423,Edward,Oconnell,1996-10-07,East Andrew,KY,WR,79,163,73
3424,Joseph,Carpenter,2000-12-25,South Williamport,NJ,RB,71,265,32
3425,Jacob,Henderson,1991-11-28,West Reneemouth,AK,WR,69,261,40
3426,Nicholas,Ewing,1998-07-01,South Jeremy,NC,QB,70,159,43
3427,Susan,Smith,2003-03-28,West Tinaview,NC,TE,75,300,33
3428,James,Pugh,2001-02-01,Tiffanyberg,MD,QB,69,280,33
3429,Ashley,Taylor,1989-01-07,South Marcusville,OK,RB,78,278,54
3430,Ruth,White,1994-10-28,Port Jessica,VI,RB,79,266,27
3431,Brandon,Morrow,2000-10-26,West Michael,DE,WR,77,199,65
3432,Christine,Foley,1987-04-23,Amberfurt,OR,WR,69,165,82
3433,Angela,Hart,1992-01-17,Port Craigmouth,NC,TE,76,210,5
3434,Blake,Wong,1990-01-23,Brandonberg,WV,RB,69,214,55
3435,Cynthia,King,1997-06-25,Lake Kristieville,AL,RB,68,210,97
3436,Elizabeth,Simon,1990-06-30,Cantrellmouth,LA,QB,69,169,81
3437,Joshua,Fisher,1995-11-14,Anthonyberg,MI,QB,77,300,65
3438,Michael,Olsen,1988-02-27,South Michael,MN,WR,77,253,16
3439,Michael,Walker,1988-05-08,Cameronville,FL,TE,73,287,75
3440,Regina,Lewis,1994-09-09,Kimberlyland,MO,TE,69,188,90
3441,Diane,George,1998-07-04,Whiteshire,TN,WR,74,159,98
3442,Katherine,Williams,1989-12-28,East Joseph,GA,TE,79,221,96
3443,Kelly,Mayer,2006-06-17,South Travisborough,MI,TE,74,259,11
3444,Brooke,Howard,1988-12-28,Lake Wesleyhaven,NV,TE,80,278,91
3445,Shannon,Carson,2006-12-15,Port Richard,GA,WR,70,253,38
3446,Veronica,Graves,1987-07-18,West Harryview,NJ,RB,71,168,62
3447,Tracy,Mcgrath,1985-09-17,Codyfort,IN,QB,73,197,32
3448,David,Marks,1988-04-17,West Kristy,IL,QB,79,168,43
3449,Jimmy,Turner,1999-07-20,New Alyssaton,ID,QB,73,257,73
3450,Michael,Kim,1995-03-26,Port Cheryl,MN,TE,74,284,44
3451,Diane,Clark,1990-07-31,Johnstonburgh,WA,WR,69,212,23
3452,Erica,Green,1991-07-04,Colefort,WI,QB,74,239,48
3453,Anthony,Collins,2002-03-21,North Jamesview,VI,QB,78,184,70
3454,Lance,Garcia,1996-02-16,Mccormickland,AL,TE,76,150,23
3455,April,Mcdonald,1997-01-13,West Joseph,IL,RB,75,220,59
3456,Dawn,Anderson,1998-12-07,Kylebury,PA,QB,73,269,79
3457,Sean,Davis,1986-05-15,Dannyville,TX,QB,73,156,97
3458,Kristina,Bradley,1995-07-25,South Melissaborough,NC,WR,74,165,96
3459,Cory,Shannon,1985-06-29,New Amanda,HI,WR,79,232,12
3460,Joel,Lee,2005-11-18,Davisfurt,AS,QB,80,240,5
3461,Joseph,Clayton,2001-04-18,Floreschester,NE,RB,72,182,11
3462,Sheila,Lewis,1997-06-06,North Ericview,AZ,TE,80,237,1
3463,Janice,Whitaker,1989-05-21,West Andrewmouth,VT,TE,69,150,57
3464,Michael,Peterson,1996-09-19,North Samuelchester,MN,TE,78,187,49
3465,Jennifer,Patterson,1996-11-30,Julieside,OR,TE,76,260,42
3466,Sara,Allen,1991-09-30,Wendytown,WV,TE,69,179,81
3467,Benjamin,Williams,1997-07-16,Lake Shawn,AL,TE,77,192,89
3468,Sabrina,Morgan,2000-04-30,Carriehaven,RI,WR,68,270,11
3469,Victoria,Stanton,2006-03-22,Monicaland,VT,WR,80,297,66
3470,Brandy,Burgess,1995-02-11,Jesusbury,DE,TE,78,278,5
3471,Brian,Ortiz,1994-08-23,Hinesmouth,UT,RB,74,265,19
3472,Kenneth,Ross,2007-11-20,Josephmouth,CO,TE,71,260,8
3473,Timothy,Hernandez,1996-05-23,Nguyenbury,ID,WR,79,273,98
3474,Robert,Davis,1994-04-13,West Matthew,IN,QB,78,243,44
3475,Scott,Huerta,1991-02-14,South Richardton,CT,QB,69,173,18
3476,Tina,Jordan,1994-03-28,Dariusside,NM,RB,68,170,12
3477,Terry,Wilson,1987-04-06,Michaelmouth,ID,QB,78,154,50
3478,Kevin,Green,1996-01-27,New Jennifer,ID,QB,79,285,67
3479,Jeremiah,Powell,2003-07-25,Ryantown,AZ,RB,78,285,55
3480,Tammy,Roberson,2008-04-26,Zamoraborough,VA,QB,74,154,58
3481,Aaron,Moon,2006-07-19,North Martha,MT,RB,73,296,85
3482,Ashlee,Hogan,2000-10-25,New Cheryl,IN,RB,80,258,43
3483,Nancy,Thompson,1997-03-19,Priceburgh,NC,QB,75,204,54
3484,Jessica,Daniel,1994-09-20,Port Melissabury,DC,QB,80,242,26
3485,James,Rogers,2005-07-26,Brucechester,FL,TE,72,279,21
3486,Andrew,Diaz,1988-06-09,Lake Jamesview,IL,TE,69,201,75
3487,Alan,Rodgers,2001-05-11,New Jonmouth,MN,TE,77,154,31
3488,Christopher,Holmes,1999-04-20,Rogersfort,UT,RB,73,201,36
3489,Laura,Kirby,2007-02-09,Port Steven,MP,QB,68,193,5
3490,John,Jackson,1994-10-11,Harriston,AK,QB,69,199,29
3491,Kyle,Rodriguez,1994-03-16,Millerburgh,OH,QB,74,177,94
3492,Erica,York,2007-02-13,South Brian,AR,RB,79,179,79
3493,Jose,Wilson,1995-09-02,East Michaelshire,WI,WR,75,191,59
3494,Ashley,Morrison,1999-02-06,South Willie,AS,TE,78,294,19
3495,Danielle,Rhodes,2008-04-24,South Joshua,GU,TE,72,174,78
3496,Amy,Walters,1992-05-30,Lake Wayne,TX,RB,80,155,6
3497,Stephanie,Peters,1998-11-02,West Jerry,AR,RB,77,270,78
3498,James,Elliott,2001-01-22,Jamestown,SC,RB,71,267,63
3499,Terri,Wood,2005-11-17,New Meganberg,IL,WR,73,165,79
3500,Jesse,Reed,2006-11-30,Port Nicole,WY,QB,80,188,7
3501,Samuel,Turner,1991-06-12,Walterside,MS,WR,80,297,12
3502,Melinda,Collins,1996-07-17,New Cynthiahaven,IN,WR,70,240,53
3503,Eric,Chung,1992-12-12,New Alisha,MP,TE,73,181,23
3504,Susan,Palmer,1992-03-24,Markville,OR,QB,79,154,70
3505,James,Horne,1995-08-28,Briannafurt,TX,RB,70,232,98
3506,Michelle,Carter,1992-02-07,North Josephshire,SC,RB,68,196,63
3507,Kim,Jones,1998-05-20,Harrisside,FM,QB,77,259,24
3508,Benjamin,Carter,1992-05-04,Jacksonstad,SC,WR,80,222,12
3509,Lori,Clark,1992-12-23,South Eric,CA,TE,75,221,15
3510,Adam,Campbell,2003-04-07,West Michaelfurt,PR,WR,78,256,83
3511,Jimmy,Lewis,2004-10-11,Ramireztown,GA,RB,74,269,62
3512,Matthew,Thomas,1992-06-02,Wilsonberg,ID,RB,77,218,59
3513,Casey,David,1998-05-07,North Keithport,UT,RB,80,247,36
3514,Donald,Garza,1989-11-22,Lake Patrick,NC,TE,76,150,76
3515,Sarah,Guzman,1995-05-06,Lake Shelbyland,WA,QB,68,274,57
3516,Nicholas,Austin,1993-03-27,Susanstad,VA,WR,80,225,13
3517,Marcus,Bonilla,1992-01-11,New Ashley,PW,QB,74,260,84
3518,Michael,Black,2004-12-20,East Joshuafurt,NM,RB,74,269,70
3519,Melissa,Mcpherson,1995-03-02,Austinport,DE,WR,70,166,69
3520,Michelle,Atkinson,1991-12-18,West Kimberlyside,VA,TE,80,284,49
3521,Lauren,Manning,1989-01-11,South David,MD,WR,77,271,82
3522,Belinda,Price,1998-06-08,Thomasside,VT,RB,74,293,24
3523,Vanessa,Silva,2002-10-13,Serranoborough,IL,RB,73,273,98
3524,Zachary,Bennett,1997-04-10,New Bonniefort,VI,TE,80,230,5
3525,Ryan,Ramirez,1996-07-09,New Danielmouth,DE,QB,75,259,58
3526,Lisa,Gardner,2001-08-17,East Evan,TN,QB,75,222,8
3527,Christine,Roth,1986-05-15,Port Brooke,OK,WR,80,289,83
3528,Tina,Hall,2003-06-28,North Karentown,WY,TE,75,289,96
3529,David,Velasquez,2002-04-28,Port Christopher,AK,RB,68,159,52
3530,Rachel,Griffith,1994-07-19,Roberthaven,PA,RB,80,173,36
3531,Aaron,Stanton,2004-02-01,Josephberg,VT,WR,77,180,28
3532,Mark,Stephens,2000-09-28,Dennisfurt,MN,WR,78,244,73
3533,John,Taylor,1986-07-20,Port Allison,MI,TE,79,253,13
3534,Anthony,Bowman,1995-12-13,Buckville,AS,WR,74,234,95
3535,Joshua,Frank,1988-08-07,Xavierchester,ND,RB,71,228,40
3536,Brandy,Vazquez,2004-02-15,Wrightstad,MH,TE,76,221,24
3537,Megan,Nielsen,2004-04-08,Caseymouth,WA,WR,69,238,62
3538,Adam,Cardenas,2005-09-01,New William,AR,QB,77,249,6
3539,Amy,Townsend,2003-05-21,Lake Alyssa,MI,WR,78,214,8
3540,Mary,Jenkins,2003-07-18,Monicafort,WY,TE,77,197,97
3541,Dennis,Peck,2005-04-25,South Taylor,OK,QB,76,259,69
3542,Marissa,Butler,1989-02-28,Frenchhaven,PW,WR,74,155,22
3543,Charles,Mueller,1990-09-26,Chavezberg,DC,TE,80,229,69
3544,Jeffrey,Gray,2005-08-24,Frazierton,NE,QB,79,183,2
3545,Christopher,Moore,1994-12-30,Jonathanfort,NJ,TE,74,219,54
3546,Anthony,Scott,1989-06-08,Edwardburgh,NC,TE,75,197,8
3547,Parker,Williams,1991-04-06,East Kenneth,OK,WR,75,225,56
3548,Amber,Burke,1993-12-07,Brentville,SD,TE,72,199,58
3549,Alexis,Smith,1990-04-23,South Denise,MN,RB,71,189,35
3550,Caroline,Hayes,2000-07-12,Johnsonmouth,MT,QB,69,212,78
3551,Desiree,Brooks,2005-06-29,South Anthonyfort,MD,WR,70,179,6
3552,William,Callahan,1989-05-18,Port Mary,MO,WR,78,253,26
3553,Mary,Pierce,1990-07-14,Alexanderland,MA,RB,76,164,78
3554,Amanda,Myers,1997-05-26,New Ernest,GU,WR,69,250,73
3555,Michael,Perez,1989-08-26,Joseborough,MI,QB,70,189,83
3556,Mark,Rowland,1997-09-13,West Donna,WV,TE,80,212,61
3557,Mary,King,2001-11-15,East Kelly,NV,QB,72,243,59
3558,Nancy,Berry,2005-11-26,Ericksonhaven,MT,TE,79,150,70
3559,Megan,Hampton,1996-04-20,North Gabriel,UT,RB,78,282,26
3560,Valerie,Marsh,1990-11-08,Masseyberg,WY,QB,69,292,6
3561,Bryan,Richardson,1990-12-07,Frazierchester,AS,QB,71,210,78
3562,Larry,Hill,1997-08-20,Franklinfurt,GU,RB,73,183,51
3563,Desiree,Davila,1991-09-24,Lake Thomasstad,AL,QB,71,234,70
3564,Richard,Murphy,1990-12-27,Joside,AZ,QB,76,196,4
3565,Danielle,Clark,1992-10-15,Oliverbury,NE,QB,68,218,24
3566,Michael,Rojas,1985-09-10,West Rachelville,NJ,RB,69,285,96
3567,Priscilla,Lowery,2003-11-03,Edwardsmouth,PW,QB,79,223,62
3568,Natasha,Smith,2001-05-16,Schmidtfurt,MT,WR,71,294,46
3569,Rebecca,White,1998-07-22,West Robertberg,MO,WR,72,176,10
3570,Nathan,Conrad,1998-05-25,East Carlosside,IN,TE,80,168,13
3571,Michelle,Robinson,1987-07-30,Lake Melissastad,CA,RB,69,195,20
3572,Roberto,Carroll,1991-04-30,Mcgrathton,OK,TE,79,258,12
3573,Teresa,Lewis,2000-12-01,Robertport,IN,WR,73,220,24
3574,Matthew,Lopez,2007-04-19,Mooreland,AR,RB,76,254,20
3575,Michele,Phillips,1994-03-12,Doyleport,SC,RB,80,239,90
3576,Robert,Jimenez,1995-11-08,Martinfurt,DE,RB,74,195,97
3577,Zachary,Moore,1989-04-11,Lake Donaldland,WV,TE,75,182,15
3578,Nathan,Owens,1991-01-30,Port Heatherside,NJ,QB,79,215,62
3579,Tammie,Thomas,1990-06-14,Paulfort,NE,WR,70,251,25
3580,Antonio,Bowers,1986-01-04,Jamesside,AL,WR,78,217,60
3581,Kristin,Kane,2001-01-20,West Angelberg,SC,WR,68,195,14
3582,Bryan,Carrillo,1999-04-02,Port Richard,SC,RB,76,237,12
3583,Rachel,Raymond,1991-01-07,North Donnaport,OK,WR,78,245,23
3584,Karen,Maddox,1985-07-15,North Stephenfort,ND,TE,74,249,16
3585,Norma,Schwartz,1988-12-20,Larrychester,MD,WR,80,209,10
3586,Brittney,Miller,2007-08-24,Glennmouth,AR,TE,72,175,2
3587,Michael,Hurst,2007-03-06,Lake Angelaside,FL,WR,74,251,83
3588,Peter,Nguyen,1990-05-27,Hopkinshaven,WA,QB,71,190,73
3589,Donna,Clark,1993-01-11,West Christina,GU,RB,70,181,54
3590,Michelle,Bennett,1989-06-25,West Dylan,GU,QB,76,172,68
3591,Phillip,Ward,1985-06-17,Russellfort,VT,WR,76,231,13
3592,Douglas,Robertson,1987-04-28,Michaelview,SD,WR,79,241,37
3593,Brady,Buckley,2000-10-09,Christopherbury,AL,QB,68,219,71
3594,Jonathan,Wells,1990-02-03,Alexanderfurt,VT,TE,72,210,43
3595,Melinda,Garza,2004-10-24,New Megan,CO,WR,78,188,56
3596,Michelle,Green,1993-10-07,North Anne,GA,QB,78,246,44
3597,Samuel,Thomas,1991-12-21,Marquezberg,NC,WR,78,218,36
3598,Richard,Campbell,1992-05-01,Cassandramouth,ME,RB,73,166,27
3599,Kevin,Taylor,1993-12-18,Port Katherine,NH,RB,68,285,16
3600,Tracey,Navarro,1998-08-14,North Rickyberg,MI,WR,75,264,12
3601,Timothy,Watson,2001-02-22,Montgomeryburgh,TN,TE,80,255,91
3602,Virginia,Barton,1997-04-09,South Michael,NY,TE,79,152,74
3603,Samantha,Ward,2003-03-26,Castroberg,MS,WR,76,218,1
3604,Daniel,Humphrey,1998-05-29,Michaelport,MS,RB,75,196,50
3605,Lisa,Johnson,2003-02-15,East Ryan,AK,WR,71,195,71
3606,Kyle,Reyes,1999-10-13,Lake Scotttown,WA,QB,70,234,90
3607,Isabel,Davis,2000-06-18,Blackbury,IL,RB,79,231,15
3608,Connie,Patterson,1985-11-10,North Jeffreyburgh,KS,TE,69,276,27
3609,Amanda,Snyder,1990-12-02,Port Gary,AK,WR,71,257,85
3610,Stephanie,Delgado,1998-12-23,West Mark,AK,WR,68,159,92
3611,Matthew,Wilson,1993-06-22,Kimberlyburgh,NV,QB,78,172,39
3612,Gabriella,Martinez,2003-01-23,North Matthewburgh,AZ,RB,80,297,92
3613,Laurie,Wilson,1997-03-19,Ryanborough,CT,WR,80,231,59
3614,Timothy,Thomas,2003-09-07,Breannaview,MI,RB,68,164,17
3615,Tina,Mclaughlin,1999-11-26,West Tammy,SC,WR,76,198,25
3616,Sean,Gonzalez,1987-11-12,Joshuatown,WI,TE,77,254,78
3617,Katherine,Mendoza,2007-01-24,Port Williammouth,MN,TE,68,168,56
3618,Elizabeth,Hughes,1986-04-02,Farmerside,MP,QB,74,175,31
3619,Jessica,Fox,1995-11-25,Frankburgh,AR,TE,77,228,79
3620,Daniel,Thompson,2007-11-27,Lopezton,KS,TE,68,285,85
3621,Katie,Carter,2005-08-05,Smithfort,FM,WR,72,180,90
3622,Donna,Hall,2005-06-01,East Codyberg,AR,TE,77,236,50
3623,Sheila,Lopez,1999-09-21,Harrisonfurt,ND,QB,71,199,22
3624,Jasmine,Cohen,1987-08-18,West Eileenbury,FM,QB,71,167,1
3625,Sandra,Anderson,1992-05-17,Andersonland,AL,RB,73,160,62
3626,Fernando,Contreras,1991-03-21,Lake Brendaborough,VT,QB,78,156,53
3627,Jeffrey,Hoffman,1999-06-02,New David,DC,RB,72,267,41
3628,Rebecca,Collins,2006-03-01,Lake Jameshaven,CT,TE,78,271,4
3629,Lauren,Evans,1996-08-20,North Jenniferfort,PW,RB,71,181,92
3630,Regina,Anderson,1986-01-15,North Jennifer,AK,RB,75,208,77
3631,Shannon,Vargas,1988-11-09,Scottview,OR,QB,72,256,39
3632,Ryan,Quinn,1988-11-14,North Holly,WI,TE,73,177,15
3633,Joseph,Foster,1989-01-16,West Ericshire,DC,TE,80,208,99
3634,Todd,Day,1987-04-25,Coreyside,NE,RB,79,192,11
3635,Troy,Powell,1992-03-15,Thomaschester,DE,WR,74,158,36
3636,Tyler,Warren,2007-05-24,Guzmanhaven,VA,RB,74,222,17
3637,Trevor,Gonzalez,2003-07-18,Tracitown,NJ,TE,69,229,48
3638,Shelby,Castro,1989-12-18,Brookeberg,MI,RB,76,163,84
3639,Mark,Watts,1998-10-23,Nobleton,MO,QB,75,236,85
3640,Edward,Santiago,1997-10-28,West Robert,ME,QB,71,214,14
3641,Kevin,Lane,2004-07-26,East Hector,SC,QB,70,157,26
3642,Rebecca,Whitehead,1989-07-13,Port Mark,MP,QB,70,186,41
3643,Paul,Hartman,2005-11-27,Lake Bryanport,RI,TE,80,295,58
3644,Joel,King,2006-08-11,New Christianborough,DE,WR,73,278,32
3645,David,Brown,2000-11-27,Wilsonbury,OK,RB,71,175,79
3646,Julie,Barton,1992-10-02,Lake Sheilaburgh,PA,TE,76,280,20
3647,Paul,Gutierrez,1994-05-08,Frankshire,OK,RB,74,156,59
3648,Lisa,Moore,1997-01-30,Ericside,VA,QB,75,297,50
3649,Laurie,Smith,2000-11-23,Lake Michael,CT,RB,79,189,80
3650,Carlos,Tucker,1985-06-18,Ericport,MP,TE,69,217,10
3651,Alexis,Flores,2006-02-19,Campbellfort,FL,QB,77,158,48
3652,Gwendolyn,Welch,1996-10-03,Lake Emily,WV,TE,74,163,55
3653,Molly,Cook,1986-05-06,Diazstad,GU,TE,80,159,67
3654,Erin,Newman,1987-09-13,Jeremyton,CA,TE,79,244,85
3655,Ashley,Hardy,1998-12-06,Yatesview,UT,TE,77,293,37
3656,James,Wells,1997-05-08,Ericfort,CO,RB,74,237,13
3657,Kimberly,Cervantes,1992-07-13,Jenniferville,PR,RB,76,249,54
3658,Katherine,Melendez,1985-07-22,Oscarhaven,LA,RB,79,261,92
3659,Kara,Campbell,1985-10-10,North Erinville,SD,TE,70,172,31
3660,Samantha,Marshall,1988-03-16,Lake Haroldmouth,VA,WR,80,248,33
3661,Mark,Pena,1988-05-08,West Daniel,NH,WR,68,260,72
3662,Timothy,Holland,2007-09-23,Cookborough,WY,RB,69,278,92
3663,Lauren,Jordan,2004-11-10,South Johnstad,WV,QB,69,249,18
3664,Melissa,Hayes,1992-02-19,Port David,NE,RB,77,238,97
3665,Peter,Scott,1989-11-17,Clarkville,LA,QB,77,196,27
3666,Laura,Lawrence,1993-11-19,Thomasbury,MD,TE,73,227,81
3667,Patricia,Jones,1997-05-07,North Maryburgh,MD,TE,74,168,37
3668,Jason,Reynolds,1998-05-06,Wilkinsmouth,ID,RB,76,221,56
3669,Cindy,Mendez,1985-08-23,Perezberg,AL,QB,76,215,11
3670,Erica,Murray,2001-12-05,Boydshire,RI,RB,72,235,60
3671,Joseph,Carpenter,1986-01-11,West Claudia,IN,QB,77,217,47
3672,Dawn,Chavez,1992-12-10,South Joshuaton,CO,WR,71,222,47
3673,Vanessa,Meyer,2000-07-31,North Tylerstad,NE,TE,76,240,34
3674,Kari,Cruz,1990-12-12,East Allison,MT,QB,71,243,30
3675,James,Underwood,1986-09-29,North Laura,WV,QB,75,284,99
3676,Jennifer,Hodge,1995-04-12,New Latoya,ID,QB,76,183,37
3677,Rhonda,Cunningham,2003-12-09,Martinside,DC,WR,73,274,13
3678,Anthony,Duffy,1993-08-17,Kristiland,ND,WR,70,164,59
3679,Andrew,Duncan,1985-08-18,Melanieland,TX,TE,69,279,30
3680,Jeffrey,Brooks,1996-08-17,North Robert,CO,RB,72,193,75
3681,Jeremy,Foley,1994-04-02,South Kaitlynview,CO,TE,79,208,89
3682,Victoria,King,1992-09-02,Lake Katherineborough,SD,QB,79,253,0
3683,Julie,Barnett,1997-02-13,Lake Williambury,MO,WR,70,219,42
3684,Randy,Richardson,1996-01-24,Murphyside,PA,WR,79,215,68
3685,Amber,Cruz,1994-01-18,Laurafurt,FL,TE,69,225,98
3686,Jason,Brown,2001-09-23,Smithland,ID,WR,73,268,23
3687,Justin,Ortiz,1990-06-25,South Scott,AZ,RB,76,162,59
3688,Rose,Myers,2002-03-15,Danielville,OH,QB,78,225,34
3689,Maria,Fisher,2008-04-24,Cruzshire,NM,WR,74,230,66
3690,Tyler,Martinez,2003-05-29,North Alicebury,DE,QB,72,163,44
3691,Kathy,Myers,1989-10-20,East Alec,MO,RB,75,257,95
3692,Vickie,Taylor,2008-04-08,West Ethanfurt,NM,QB,74,240,88
3693,Timothy,Mueller,1993-01-10,Watsonstad,MD,RB,77,186,40
3694,Anthony,Ponce,2006-09-21,Parsonsville,NV,WR,69,235,95
3695,Jessica,Rodriguez,2008-01-03,East Anthonychester,DE,QB,79,180,3
3696,Kristin,Anderson,1997-07-07,Gravesview,TN,RB,78,290,11
3697,Susan,Craig,1987-01-21,East Chelseaview,NJ,RB,70,169,13
3698,Christina,Curtis,1999-07-12,Davidport,ND,QB,79,269,27
3699,Sarah,Brown,1996-10-18,Jamesland,MP,WR,75,285,0
3700,Janet,Mullen,1991-09-04,North Darlene,DE,QB,74,165,0
3701,Kathleen,Jimenez,1988-04-17,East Steven,TN,TE,72,265,46
3702,Erin,Ramos,1986-09-04,New Brandon,AR,QB,74,181,82
3703,Jesus,Steele,1996-09-05,Port Amberside,ME,TE,77,286,23
3704,Ashley,Henderson,2008-04-11,South Lawrence,KS,WR,72,204,87
3705,Bernard,Kennedy,1994-07-11,East Barbaraville,SC,WR,72,274,39
3706,Justin,Hicks,1992-09-29,Perezshire,NM,WR,73,233,13
3707,Jessica,Boyd,1996-08-26,Lorimouth,NY,WR,80,233,29
3708,Micheal,Campbell,2007-05-14,North Laurastad,CT,TE,71,203,41
3709,Ryan,Jacobson,2002-11-17,Mariaburgh,NM,RB,68,232,57
3710,Louis,Martinez,2004-06-24,Hartmouth,NE,TE,76,187,1
3711,Christine,Schneider,1998-12-01,Austinborough,VA,QB,74,229,72
3712,Melody,Nolan,2000-06-24,South Andreaside,TN,RB,79,294,39
3713,Benjamin,Willis,1999-05-05,North Robin,WI,WR,69,251,65
3714,Daniel,Dunn,2003-09-18,Johntown,TX,WR,75,176,18
3715,Michael,Arnold,1986-10-23,Debraside,WI,QB,77,197,70
3716,Jennifer,Taylor,1989-09-24,East Danny,GA,TE,77,172,80
3717,Kristy,Monroe,1985-11-23,Annatown,OK,RB,75,168,4
3718,Susan,Kim,2002-11-05,Taylorfort,AK,WR,70,194,61
3719,Tammy,Johnson,1988-12-24,West Jillian,CO,RB,70,274,60
3720,Stacie,Flores,1989-11-15,Lake Kevinmouth,FL,QB,78,271,78
3721,Ashley,Mitchell,1991-03-18,Waltertown,IA,WR,69,244,1
3722,Richard,Garcia,1995-03-04,New Lindaside,AZ,WR,70,222,53
3723,Alec,Jacobs,1995-03-03,Port Tammyton,VT,TE,79,268,77
3724,Tammy,Larson,1991-02-08,Boonemouth,MO,RB,69,151,10
3725,Ryan,Johnson,1993-10-04,South Diana,VI,RB,69,248,72
3726,Rachel,Monroe,2004-04-16,Michaelmouth,IA,RB,68,240,96
3727,Joseph,Small,1995-05-26,South Christyshire,NV,TE,77,298,49
3728,Carol,Collins,1991-06-26,New Larryhaven,DC,WR,75,155,23
3729,Curtis,Gonzalez,2005-07-13,Chelseymouth,SC,QB,75,213,37
3730,Stephen,Sanders,2002-04-06,Osborneborough,MI,QB,72,254,87
3731,Michael,Rogers,2002-09-16,Tranmouth,WA,WR,79,267,6
3732,Jason,Hill,1990-08-15,Lawrencemouth,AS,TE,72,270,3
3733,Lisa,Frost,1994-11-07,North David,KS,RB,71,163,32
3734,Tracy,Sampson,1995-04-29,Robertmouth,FM,TE,71,270,52
3735,Jacob,Johnson,1999-10-15,West Jamieside,VT,RB,71,173,66
3736,Anthony,Lopez,1989-12-04,Sarahland,ID,RB,72,169,32
3737,David,Strickland,1989-12-01,East Dorothy,IN,TE,72,164,0
3738,Henry,Alexander,2002-02-11,Sheltonstad,TX,RB,76,240,71
3739,Jeffrey,Giles,1994-04-28,West Timothy,NE,QB,74,224,92
3740,Linda,Valencia,1995-12-08,Port Antonio,GA,TE,74,278,80
3741,Shawn,Robinson,2005-04-08,New Gina,MA,RB,70,252,33
3742,Gregory,Moreno,1987-12-23,Rothmouth,KY,QB,68,151,45
3743,Robert,Burns,2008-03-02,Port Isaac,MN,QB,76,168,67
3744,Brian,Martinez,1997-05-20,Karenshire,UT,QB,75,193,85
3745,Jacob,Rice,2002-07-06,Williamsonburgh,CA,RB,77,276,46
3746,Catherine,Stevens,1998-07-01,Hunterberg,CO,TE,74,224,73
3747,Omar,Barrett,1999-10-11,Cardenasburgh,MS,TE,77,151,7
3748,Christie,Barrett,2003-03-30,Timothyville,KY,QB,76,238,52
3749,Kara,Cooper,2001-09-10,North Kariland,AZ,RB,74,289,73
3750,Linda,Smith,1995-11-18,Hallville,AL,RB,69,225,93
3751,Michael,Adams,1991-06-08,Stephaniefurt,NJ,QB,76,198,96
3752,Megan,Lopez,1995-08-18,Port Rachaelshire,TX,QB,70,182,12
3753,Shawn,Miller,2002-04-23,Port Michaelborough,DE,WR,76,225,84
3754,James,English,2007-01-10,Joannaberg,MS,QB,79,166,5
3755,Jennifer,Pacheco,1996-06-24,Port Andrewton,AR,RB,69,221,32
3756,Kevin,Lloyd,1991-10-28,New Davidbury,AL,TE,79,251,6
3757,Stephanie,Brown,1999-08-18,South Chad,GU,QB,79,228,51
3758,Beth,Drake,1988-08-07,Port Zacharyland,WV,QB,72,162,21
3759,Tiffany,Scott,2004-05-24,North Andreashire,PA,TE,71,237,8
3760,Mark,Schroeder,1993-04-27,Vasquezland,PR,WR,68,183,48
3761,Steve,Hill,2006-12-22,Marissaland,AR,WR,70,279,99
3762,Kelsey,Salas,2001-01-08,East Rebeccaview,NH,TE,73,292,33
3763,Eric,Knapp,1987-10-05,North Kristaburgh,NV,TE,76,159,37
3764,Leslie,Stokes,2008-02-02,North Tiffanyport,VI,TE,70,298,26
3765,Meagan,Thomas,2006-10-21,South Manuel,FM,RB,80,220,40
3766,Patricia,Russell,1997-08-17,Jillville,VT,TE,77,224,73
3767,Ellen,Owens,2001-07-07,Port Michelleside,GA,WR,72,274,43
3768,Jessica,Mckee,2004-05-04,Hancockfurt,MA,WR,77,249,18
3769,Sheila,Evans,1989-01-22,Paulville,OH,RB,74,287,22
3770,Anthony,Acevedo,1999-04-12,Bakershire,VA,RB,70,209,23
3771,Amanda,Smith,2001-12-30,Cookshire,FL,TE,69,266,58
3772,Erin,Berger,1999-07-02,North Patrickland,MI,QB,70,232,37
3773,Yvonne,Evans,2006-10-13,South Kimberlyshire,WV,QB,80,300,80
3774,Andrea,Mckee,1997-01-03,Jessicachester,WV,QB,71,193,29
3775,Beth,Garcia,1986-03-20,South Matthew,SD,QB,80,202,6
3776,Kathleen,Mcdonald,1992-01-26,West Roberttown,KY,TE,79,243,21
3777,Victor,Ross,2004-03-12,South Michelle,KS,WR,71,270,49
3778,Jacob,Ayers,1990-02-12,North Kellymouth,DE,WR,68,267,98
3779,Cody,Wood,1992-09-16,North Christine,MS,WR,80,236,0
3780,Mark,White,1993-11-21,Port Laurieborough,SD,WR,75,198,32
3781,Timothy,Kelly,1994-11-11,Barneshaven,OR,WR,73,240,4
3782,Tina,Foster,2004-09-29,Andersonport,NY,WR,73,216,14
3783,Martha,Valdez,2003-07-31,New Amber,MS,QB,69,300,17
3784,Samuel,Morgan,2004-01-17,Zoeshire,DE,QB,76,287,26
3785,Mary,Jones,1994-04-15,Lake Christopherview,CO,RB,79,220,50
3786,Stephanie,Brown,1992-03-21,Tylerview,DE,TE,69,207,4
3787,Jessica,Harris,2000-04-20,Kennethmouth,GU,TE,72,197,85
3788,Charles,Harris,1999-10-19,East Danny,TN,WR,70,222,66
3789,Matthew,Morris,2006-11-30,East Jamiemouth,AK,WR,77,154,1
3790,Stephanie,Miller,1987-08-07,Davidchester,GU,RB,69,242,20
3791,Cassandra,Ball,1991-11-10,Stevenberg,FL,RB,69,159,86
3792,Katie,Contreras,1992-05-19,South Dillon,WI,WR,77,241,63
3793,Willie,Sparks,1987-01-18,Roberthaven,NE,TE,72,157,51
3794,Zachary,Bryant,1997-06-25,Lindsayville,MS,RB,71,175,76
3795,Angela,Smith,2006-05-27,Lake Kyliehaven,NC,WR,80,189,35
3796,Matthew,Johnson,2004-10-05,South Jamesland,VT,QB,70,223,79
3797,Debbie,Calderon,2007-09-11,Dixonport,RI,WR,73,229,30
3798,Bryce,Knight,1988-04-21,Powellfort,SD,QB,80,226,35
3799,Richard,Hunt,1986-05-14,Port Christian,RI,TE,72,264,27
3800,Rebecca,Jimenez,1993-07-15,Brianview,LA,WR,74,249,34
3801,Parker,Taylor,1986-02-08,Brianport,NJ,WR,78,203,69
3802,Robert,Nash,2004-05-03,West Jennahaven,MH,TE,76,150,77
3803,Monique,Carr,2001-07-29,South Jacqueline,PA,QB,78,255,81
3804,Andrew,Todd,1993-10-27,Lake Kevin,MP,RB,79,161,86
3805,Roberto,Meyer,2001-02-20,Floreston,OR,TE,77,151,6
3806,Kevin,Barnes,1990-03-02,South Marcus,UT,TE,78,271,56
3807,Marissa,Fox,2003-01-14,Dannyberg,ID,TE,80,191,10
3808,Tyler,Compton,1986-03-15,Brewermouth,WI,QB,75,150,43
3809,Danielle,Drake,2006-05-06,North John,MD,QB,68,277,57
3810,Angela,Garcia,1994-06-10,Port Joshua,NJ,RB,72,266,18
3811,Joshua,Henderson,1986-02-20,Haydenside,VT,WR,78,282,18
3812,Bryan,Kirk,1986-03-19,Garzafort,SD,WR,77,259,19
3813,Angela,Palmer,1988-04-26,East Jennifer,CO,WR,75,226,65
3814,Lisa,Jones,2005-03-14,Smithberg,WA,WR,73,241,56
3815,Natalie,Murray,1999-09-20,East Michaelmouth,KS,WR,71,207,78
3816,Lisa,Porter,2001-10-11,North Sara,DE,RB,79,264,47
3817,Amy,Hamilton,1991-04-30,Alexanderview,PR,TE,79,275,72
3818,Christian,Smith,2003-03-06,South Staceyfort,UT,QB,76,283,37
3819,Christopher,Crawford,1994-05-16,East Thomas,MA,WR,73,243,10
3820,Dawn,Brady,1996-01-30,Fischerport,VA,WR,74,186,44
3821,Daniel,Grant,1994-12-20,Phillipsville,MO,RB,69,261,50
3822,Sharon,Jackson,1989-10-29,Michaeltown,NJ,WR,71,252,70
3823,Nancy,Anderson,2005-10-30,East Christine,NV,RB,76,277,29
3824,Michael,Lang,1995-08-25,North Dwayneville,WI,RB,68,209,71
3825,Alexander,Thompson,1989-03-24,Pamport,VA,QB,69,163,23
3826,Diana,Haley,1986-03-09,East Justinview,SD,QB,74,192,73
3827,Kristin,Reyes,2006-04-06,East Curtis,NC,QB,78,206,92
3828,Amanda,Lewis,1990-08-25,South Lisahaven,MP,RB,76,224,9
3829,Timothy,Nunez,2005-08-10,South Jefferyberg,MT,TE,71,180,99
3830,Pam,Reed,1991-10-11,West Lisa,FL,RB,79,164,90
3831,Sandra,Harrell,1992-09-23,New Amybury,DE,TE,79,283,52
3832,Allison,Hawkins,1992-08-04,Angelamouth,VT,WR,69,278,78
3833,James,Cook,1998-04-12,West Cynthiastad,NJ,TE,77,173,19
3834,Katherine,Thomas,1990-04-24,New Danielle,FL,TE,76,212,68
3835,Brittney,Patton,2003-11-13,New Heather,NC,TE,77,222,90
3836,Abigail,Robinson,2006-08-30,Brownmouth,NY,QB,70,257,90
3837,Todd,Allen,1992-04-01,Blairmouth,NJ,RB,71,276,26
3838,Madeline,Allen,1996-08-12,Port Luke,DC,TE,80,163,43
3839,Eric,Carey,1998-03-24,Valeriehaven,LA,RB,73,228,70
3840,Brittany,Henderson,1992-06-21,Danielland,KY,QB,76,266,46
3841,Matthew,Brown,1995-07-13,Samuelshire,GA,WR,78,241,56
3842,James,Hamilton,1989-05-28,New Meganmouth,VA,RB,68,284,65
3843,Jaime,Flores,2002-07-29,Webbchester,MA,QB,74,266,40
3844,Thomas,Mathis,2004-07-21,Wilsonfort,CO,QB,76,298,91
3845,Stephen,Moses,2007-04-27,New Anthony,MA,WR,79,275,57
3846,Madison,Lynn,1995-08-03,Danielmouth,GU,WR,72,286,28
3847,Matthew,Webb,1996-10-30,Nicholaston,SC,WR,69,183,29
3848,Lynn,Rodriguez,1999-09-05,Ianborough,FL,QB,77,231,14
3849,Douglas,May,1986-02-28,Lake Kristenhaven,NJ,TE,70,253,65
3850,James,Rojas,1999-07-27,East Elizabethfort,KY,WR,80,193,81
3851,Hannah,Campbell,1996-03-04,Ryanport,NJ,TE,78,207,26
3852,Destiny,Parker,1990-09-13,Zhangside,WV,WR,71,176,1
3853,Shari,Pruitt,1985-07-22,Lake Logan,NM,QB,80,161,19
3854,William,Wiggins,1989-01-09,North Ginaton,NE,RB,80,170,37
3855,Karen,Schaefer,2003-08-08,Lake Kevintown,RI,WR,69,289,56
3856,Michael,Burton,1994-04-11,Millerside,MI,WR,75,244,56
3857,Toni,Porter,1991-04-02,North Courtneyburgh,MO,WR,74,224,29
3858,Heather,Le,1989-10-23,South Sherri,AZ,RB,78,274,93
3859,Christopher,Rocha,2001-11-26,South Samantha,PW,WR,74,185,75
3860,Robert,Andrews,1997-04-27,New Beth,GA,RB,73,284,33
3861,Kevin,Hughes,1989-04-30,New Markbury,NH,TE,68,257,64
3862,Cynthia,Armstrong,2000-09-01,East Michael,UT,RB,68,174,21
3863,Samantha,Walton,2003-08-05,South Jeffrey,MD,WR,72,286,77
3864,Ronald,Rodriguez,2001-12-07,New Jimmyport,MD,QB,72,156,59
3865,Victoria,Wells,1985-09-28,East Victor,IL,QB,80,274,43
3866,Shelby,Gonzalez,1985-10-24,Melissachester,FL,TE,76,262,25
3867,Alyssa,Doyle,2004-11-10,Barberborough,AS,TE,69,282,88
3868,Gregg,Powell,1989-05-25,Rebeccaton,MO,TE,68,268,26
3869,Eddie,Miller,1990-02-16,Kellyton,OH,RB,68,164,8
3870,Jeffrey,Martin,1989-11-17,East Christopher,MP,QB,77,190,73
3871,Samantha,May,2002-08-05,North Roberto,NE,WR,70,245,43
3872,Donna,Green,1986-10-25,North Danielfort,AS,RB,74,274,12
3873,Anna,Gardner,2003-03-04,Francisfort,WA,QB,79,206,19
3874,Michelle,Hunt,1995-08-06,New Robertoville,MI,WR,69,182,71
3875,Whitney,Stone,2007-03-18,South Zacharyfurt,MA,WR,77,233,71
3876,Hannah,Casey,1985-09-18,Teresashire,CA,TE,71,276,16
3877,Theresa,Jones,2001-04-15,Lake Kimberlyton,RI,QB,68,238,19
3878,Lisa,Riddle,1989-02-03,West William,NE,TE,78,159,98
3879,Amanda,Perez,1993-12-14,North Kimberlybury,WV,QB,78,221,13
3880,Lisa,Obrien,1998-12-06,Payneside,CO,RB,69,199,95
3881,Max,Lewis,1996-01-24,Kristashire,MT,WR,77,223,95
3882,Angela,Maxwell,1989-02-14,East Donnastad,FM,TE,75,255,78
3883,Dustin,Bryant,2004-05-04,Longstad,VI,WR,79,261,79
3884,Jeff,Olsen,2001-03-21,Port Karamouth,IA,RB,79,150,37
3885,Shawn,Ortega,2004-08-31,South Jeffrey,VT,QB,70,168,38
3886,Scott,Tapia,1996-05-31,New Deannabury,ID,TE,76,232,2
3887,Samuel,Taylor,1994-08-11,Port Sharonton,WA,QB,74,232,66
3888,Robin,Banks,1996-09-21,West Claire,OH,QB,73,244,10
3889,Christian,Martin,1996-02-20,Lake Scottfurt,OK,QB,73,156,48
3890,John,Moore,2004-11-27,West Cameron,MI,QB,78,296,93
3891,Michele,Payne,1996-06-30,South Catherinemouth,MS,QB,79,183,94
3892,Darryl,Ford,2008-03-03,Jeanshire,AL,TE,78,268,7
3893,Ashley,Mcmillan,1994-06-05,Leland,PA,QB,76,209,64
3894,Jason,Butler,2005-05-26,North Catherine,GA,WR,74,282,5
3895,Logan,Mitchell,2008-01-29,South Tylerfort,AK,WR,77,253,43
3896,Amanda,Mayer,2004-06-03,Carterberg,NH,QB,74,263,57
3897,Cristina,Fox,1997-07-13,New Kelseystad,OR,RB,77,240,85
3898,John,Johnson,1998-12-05,Timothymouth,CO,TE,74,163,33
3899,Andrea,Torres,1998-04-17,East Philipmouth,DE,QB,72,246,9
3900,Joseph,Clark,2006-05-18,Lake Timothyborough,SC,WR,73,172,73
3901,Ashley,Key,1989-03-15,South Matthewstad,NE,QB,76,224,9
3902,Crystal,Ryan,2004-10-02,Allenshire,MT,QB,75,254,11
3903,Hannah,Johnson,2005-02-25,Davilaton,TN,QB,69,244,79
3904,Erik,Wise,2005-11-06,Jamesport,NH,TE,74,175,99
3905,Jeffrey,Garrett,1990-06-11,West Craigchester,VT,TE,72,172,62
3906,Hailey,Fuller,1991-12-14,South Ashley,NV,QB,73,186,59
3907,Brian,Potter,1998-06-20,West Jesse,RI,WR,77,150,58
3908,Joseph,Rodriguez,1992-03-20,West Terry,CO,RB,74,249,18
3909,Ian,Steele,1989-11-30,Port Sandraside,CA,TE,80,233,94
3910,Scott,Webb,2004-05-07,Daniellemouth,LA,QB,72,229,11
3911,Jeremy,Williams,2001-06-23,Martinezland,OR,QB,70,225,39
3912,Margaret,Taylor,2006-01-03,Port Jasonview,WY,TE,71,267,53
3913,Catherine,Ortiz,2003-08-24,Lake Kristintown,PA,QB,72,215,50
3914,Thomas,Mcdaniel,1997-01-25,East Dennismouth,NV,TE,70,281,62
3915,Amanda,Mccarthy,2002-01-26,Perryland,WV,QB,70,208,95
3916,Alicia,Holder,1996-09-24,North Mariaborough,WI,RB,71,265,15
3917,Latoya,Brown,1998-06-26,South Christinachester,ND,WR,73,187,22
3918,Kirsten,Waters,2003-02-15,North James,ME,TE,78,210,96
3919,Kirk,Austin,1999-02-20,Brandonton,SC,WR,68,155,14
3920,Amy,Anderson,2007-04-18,Port Samanthaberg,AL,RB,77,296,97
3921,Daniel,Wilson,1997-01-17,West Nicholas,WY,QB,74,254,17
3922,Lori,Bishop,1998-05-28,Phillipsside,MD,RB,72,256,8
3923,Jennifer,Grimes,1990-12-16,Lake Madison,CO,WR,69,183,2
3924,Noah,Guzman,1995-08-18,West Ryanhaven,OR,WR,75,200,34
3925,Erin,Martinez,2007-01-29,Chelsealand,SC,RB,69,174,66
3926,Charles,Davis,1990-11-22,West Tracy,IN,RB,74,201,73
3927,Amanda,Salas,2000-07-18,Gomezstad,CO,WR,78,180,54
3928,Adam,Mcdonald,2000-07-30,South Sarahberg,LA,WR,79,164,59
3929,Susan,Kline,2003-08-11,Port Robertmouth,GU,TE,71,239,51
3930,Elizabeth,Jacobs,1993-07-28,South Holly,KS,WR,69,165,4
3931,Emily,Rosario,1988-02-12,Jamesmouth,PR,WR,72,258,57
3932,Lori,Hardin,1990-04-23,Stephaniehaven,AZ,TE,69,280,70
3933,Joseph,Smith,1993-09-02,South Danielle,NV,WR,72,212,80
3934,Karen,Patterson,1987-09-30,Port Glenton,NM,WR,69,289,66
3935,Sharon,Burton,1997-09-10,Mccormickport,MT,QB,70,168,78
3936,Clifford,Adkins,1989-06-04,Phillipmouth,NE,TE,80,218,54
3937,Kayla,Wilson,1990-05-25,Kellihaven,WI,TE,76,212,97
3938,Heather,Jordan,2003-01-16,North Tinaborough,MD,QB,80,177,62
3939,Cynthia,Turner,1994-01-13,East Kimberly,FM,WR,75,199,70
3940,Yolanda,Bishop,2003-02-01,Julieton,RI,WR,80,187,92
3941,Ronald,Collins,1999-03-12,Lake Staceyberg,OK,TE,77,159,64
3942,Theresa,Vaughn,1986-11-02,North John,NM,WR,69,188,28
3943,Brian,Glenn,2001-09-02,Port Andrestad,PA,WR,78,197,15
3944,Kevin,Oliver,1992-02-08,Lake Antonio,CT,RB,78,261,59
3945,William,Williams,1993-01-19,Port Patrickland,NM,RB,73,278,29
3946,Dana,Russo,1991-03-20,Lake Jasonstad,MT,TE,72,298,99
3947,Shaun,Wu,1993-06-17,Riveraville,AL,TE,73,185,34
3948,Samantha,Wallace,2007-05-03,North Sarahmouth,VT,WR,79,260,58
3949,Jose,Floyd,2005-04-19,Lake Tammychester,NH,QB,74,170,3
3950,Michael,Allen,1992-04-29,Shafferborough,NY,TE,70,266,70
3951,Gary,Bridges,1987-07-12,Johnshire,KS,WR,69,239,11
3952,Barbara,Patrick,1992-05-12,Sarahport,AL,QB,74,170,60
3953,Sherri,Young,1988-06-29,Arnoldshire,OR,TE,80,166,14
3954,Lisa,Martinez,2007-11-15,Hallside,OK,RB,70,289,99
3955,Michael,Little,1998-05-22,Lake Corey,DE,QB,69,186,5
3956,Jennifer,Dean,1996-02-22,Port Christopherchester,MN,TE,74,191,60
3957,Lori,Dunlap,1991-09-24,Port Kimberlymouth,CA,QB,72,278,39
3958,Jonathan,Smith,1997-05-17,Port Valerie,OK,WR,76,238,54
3959,David,Brown,2000-07-25,Julieton,MH,WR,73,239,56
3960,Jacob,Martin,2002-01-16,West Kelly,GU,WR,70,268,94
3961,Rachel,Harper,1994-08-14,West Meganville,MI,RB,68,198,2
3962,Daniel,Allen,1998-11-04,Nicholasville,MT,TE,77,153,20
3963,Steven,Wagner,2001-01-31,Gregoryburgh,MH,QB,78,264,20
3964,Hector,Williams,2001-03-07,West Courtneychester,AS,QB,71,170,43
3965,Jim,Molina,2005-04-01,East Amy,IN,TE,70,251,49
3966,Thomas,Gonzalez,1987-05-06,Lake Bradleybury,AZ,RB,75,153,59
3967,Amy,Rivera,1997-05-22,Danielport,NJ,WR,77,210,0
3968,Mary,Davis,1990-06-26,Jonesland,WV,RB,80,294,30
3969,Steven,Hughes,2003-11-06,Lake Jason,WY,TE,71,243,37
3970,Vicki,Campbell,1986-10-24,Barbaraton,PA,QB,68,248,92
3971,Betty,Miller,2004-10-21,Valenciahaven,RI,TE,79,295,27
3972,Ruben,Williams,1991-02-09,North Michaelhaven,AK,QB,71,216,18
3973,Matthew,Howe,1988-10-21,West Claireshire,CO,WR,74,225,92
3974,Rachel,Barnes,1988-01-25,South Eric,MD,WR,79,206,4
3975,Brenda,Mcneil,2003-04-14,Evelynmouth,SC,WR,71,186,55
3976,Nicole,Villa,2002-11-09,Marychester,AK,RB,77,288,67
3977,Tonya,Robertson,1998-05-27,Tonybury,LA,RB,75,196,7
3978,Shelley,Harper,1998-03-14,West Robert,AZ,TE,70,153,62
3979,Mario,Turner,1992-01-17,Lake Mark,IL,TE,72,278,95
3980,Joshua,Ortiz,1985-11-10,Ericfurt,ID,TE,79,245,47
3981,Beth,Watson,2001-02-17,South Chadburgh,WI,WR,69,209,60
3982,Justin,Gonzales,2000-10-05,New Shawntown,NH,RB,74,291,61
3983,Courtney,Ray,1993-04-19,Jennymouth,IL,QB,78,153,23
3984,Garrett,Navarro,1993-10-05,Lake Ronniemouth,ND,QB,78,217,86
3985,Kristen,Brown,2003-06-04,East Jerry,VI,TE,70,185,21
3986,Jason,Hayes,1986-09-07,Virginiastad,LA,WR,70,178,7
3987,Daniel,Smith,1994-01-10,Whiteberg,MP,WR,75,156,77
3988,Richard,Gonzalez,2001-08-03,East Conniemouth,SC,QB,74,167,34
3989,Tracy,Brown,1989-11-23,Lake Julie,GU,TE,68,279,66
3990,Sean,Martin,1991-12-29,Alexandertown,MH,TE,68,177,14
3991,David,Johnson,1992-12-16,New Andrewmouth,ID,WR,74,150,10
3992,Edgar,Rocha,1994-02-10,Ellisburgh,OH,RB,75,176,11
3993,Joshua,Lambert,1996-04-04,Lake Kendra,IN,RB,76,284,25
3994,Alexander,Hardy,1995-02-06,Lake Michael,VI,RB,75,205,77
3995,Jonathan,Moon,1989-07-17,Leefurt,AR,RB,71,271,32
3996,Amy,Sanchez,2006-07-18,Brandonborough,DC,RB,71,176,53
3997,Daniel,Ritter,2002-01-28,Stephenchester,NC,WR,69,245,6
3998,Melanie,Fisher,2003-01-31,Adamstad,MD,WR,70,271,34
3999,Danielle,Burns,1987-08-25,Christinahaven,UT,QB,70,155,51
4000,William,Cline,1988-08-26,South Richardhaven,SC,QB,80,216,67
4001,Stephen,Armstrong,2000-11-15,Dianeton,MH,QB,68,249,11
4002,Jason,Nelson,1999-05-31,Jeremyport,ID,RB,80,204,53
4003,Todd,Gilbert,1986-04-04,West Steven,TN,RB,72,168,63
4004,Tracy,Jones,1985-08-27,New Jeffrey,RI,TE,72,211,15
4005,Peter,Baldwin,2000-01-17,South Matthew,MP,WR,71,265,90
4006,Mary,Howard,2004-09-28,Stevenhaven,CA,TE,80,170,79
4007,Mary,Taylor,1987-09-17,New Troychester,NJ,TE,75,233,31
4008,Stephanie,Jimenez,1993-03-04,West Chloeborough,HI,QB,75,205,80
4009,Michele,Hodge,1989-08-28,Port Laura,NC,RB,71,197,18
4010,Jennifer,Nelson,1992-10-21,Bakermouth,SD,RB,71,197,50
4011,Cynthia,Brandt,1996-10-30,Juanview,KY,QB,71,205,7
4012,Chris,Murray,2005-07-12,New Nicole,RI,QB,72,286,65
4013,Monica,Hampton,1997-09-20,West Julieland,NY,RB,68,161,73
4014,Sarah,Heath,2000-02-10,Port Melissa,NC,QB,73,290,62
4015,Susan,Drake,2004-08-19,East Bradleyview,KS,TE,79,233,8
4016,Kenneth,Jackson,1999-08-24,Lake Matthew,MS,QB,71,173,13
4017,Jacob,Snyder,2000-12-11,West Josephstad,NH,WR,73,296,46
4018,Sheila,Schmidt,1992-02-28,New Brianberg,FL,QB,75,259,2
4019,Walter,Gomez,1985-06-29,Jamesburgh,MT,QB,73,293,27
4020,Terry,Bailey,2001-12-17,Bradport,IA,RB,70,246,62
4021,Jessica,Walker,1992-02-07,Maryland,PW,WR,73,210,73
4022,Stephanie,Jennings,2004-04-08,Millermouth,AL,TE,70,286,19
4023,John,Wilson,2004-12-31,Christopherville,MT,QB,69,218,28
4024,Jeffrey,Johnson,1998-05-27,Youngbury,PR,WR,71,160,5
4025,Eddie,Johnson,1998-11-26,New Ashley,TX,TE,80,264,59
4026,Cole,Miller,1994-09-18,Port Hunter,FL,TE,77,214,28
4027,Jacob,Simmons,2005-10-15,Lucaston,IL,WR,71,153,39
4028,Kelly,Wall,1986-09-27,East Kristinafurt,OH,WR,79,279,69
4029,Maureen,Mcdaniel,1985-06-29,New Cynthia,IA,QB,76,285,58
4030,Dakota,Morrow,1994-05-09,West Adammouth,ME,QB,75,203,70
4031,Diane,Wade,1999-08-10,New Shelleyton,IA,WR,77,298,35
4032,Brandon,Sanchez,2005-08-04,Masonmouth,MH,QB,78,176,31
4033,Nicole,Combs,1994-10-08,Martinton,NY,QB,80,193,8
4034,Paul,Warren,1998-08-25,Timothytown,IN,WR,79,264,35
4035,Christopher,Wilson,1998-03-24,North Courtneyborough,TN,QB,75,269,33
4036,Pam,Ray,1994-09-28,Port Beckyshire,VI,TE,77,238,71
4037,Timothy,Kennedy,1995-11-15,South Debbie,VA,QB,70,210,78
4038,Kevin,Harris,1991-08-25,New Scott,PR,RB,75,207,3
4039,Ashley,Richardson,2006-06-07,West Sarah,AR,TE,74,245,22
4040,Veronica,Caldwell,1994-04-30,Port Jasonborough,MT,RB,72,286,8
4041,Daniel,Robbins,2005-03-31,South Russell,NM,TE,76,216,13
4042,Terri,Williams,1990-02-21,Patrickside,MI,WR,78,300,53
4043,Tamara,Terry,2007-02-12,Smithside,MD,QB,74,290,70
4044,Thomas,Moran,1998-04-29,Greenport,PA,TE,76,199,80
4045,David,Yoder,1999-02-16,Port Marisaport,MS,QB,71,188,70
4046,Sean,Paul,1985-06-27,Heidiport,SD,WR,76,233,62
4047,Shane,Dyer,2003-09-16,North Duane,WV,TE,77,243,57
4048,Robert,Sanders,2001-07-15,East Ernest,WY,TE,70,268,68
4049,Robert,Garrison,1986-11-16,West Antoniobury,IA,TE,74,294,25
4050,Jonathan,Krause,1989-08-05,Lisastad,NH,WR,78,237,8
4051,Christopher,Jarvis,1999-07-14,East Williamborough,IA,WR,75,297,3
4052,Emily,Fisher,1989-01-30,Lake Patrickshire,WY,WR,69,151,23
4053,Jacob,Tate,1991-02-04,Lake Johnnyborough,ID,WR,76,284,69
4054,William,Henry,1996-01-06,Bennetthaven,WI,TE,77,262,66
4055,Rebecca,Henry,1998-12-10,Jonathanside,MS,TE,79,274,18
4056,Sheila,Peterson,1988-04-12,Lake Pamelaport,GU,WR,78,263,31
4057,Phyllis,Silva,1986-09-16,North Anthonybury,PR,RB,72,222,73
4058,Ashley,Morrison,1994-11-08,North Nicole,KY,TE,78,170,46
4059,Tyler,Robinson,1995-10-08,New Michele,WI,TE,75,278,65
4060,Paige,Cook,1990-06-05,Lynnburgh,TN,RB,69,266,27
4061,Patricia,Pena,1990-01-28,Florestown,NC,RB,79,226,81
4062,Jessica,Sanchez,1999-04-08,Peterville,GU,QB,75,277,59
4063,Michael,Smith,1996-10-16,South Jack,AR,WR,69,226,11
4064,Jeffrey,Martin,2007-11-04,Port Richard,NC,RB,77,258,17
4065,Thomas,Mccarthy,1987-03-15,Nguyenchester,CA,WR,78,244,65
4066,Cindy,Stewart,1996-05-10,South Rogerfurt,NH,RB,72,172,66
4067,Rachel,Martin,1999-07-08,East Jacobville,WV,QB,75,228,4
4068,Sarah,Bowen,1999-03-23,Jacksonport,PR,TE,71,160,14
4069,Erik,Torres,1988-08-28,Juanfort,ID,TE,79,273,29
4070,Annette,Villa,1985-05-04,North Marc,NV,QB,75,223,28
4071,Sarah,Moore,1997-11-09,Youngchester,CO,RB,71,242,46
4072,James,Hart,1986-06-30,Patriciaton,CA,RB,79,264,80
4073,Derek,Weaver,1991-11-04,Lake Mark,OK,QB,75,297,80
4074,Gabriel,Williams,1997-11-27,Thomasport,MI,QB,78,201,68
4075,John,Spears,1997-02-22,Timothyville,AK,QB,79,290,79
4076,Joseph,Ramirez,2005-10-22,Castanedaberg,NY,RB,68,228,36
4077,Zachary,Andrade,1987-02-16,Lake Bonnie,IN,TE,69,150,39
4078,Natalie,Mitchell,1997-06-19,Hermanton,NH,QB,75,195,22
4079,Craig,Lopez,2004-02-12,West Richardview,MO,TE,72,265,1
4080,Linda,Smith,1992-04-06,Jeffreyland,IN,WR,68,156,69
4081,Steven,Long,1994-08-31,East Justinside,MN,QB,73,169,35
4082,Kristen,Hess,1985-12-31,New Douglas,AL,RB,78,285,34
4083,Kevin,Simmons,1985-10-16,Sherrychester,WV,RB,71,263,26
4084,Candice,Carrillo,1988-10-01,Harrisview,MS,RB,74,164,64
4085,Amy,Parrish,1993-11-07,Port Christina,GA,TE,68,292,40
4086,James,Shaw,1985-12-31,Huynhshire,PW,TE,78,282,26
4087,Tommy,Matthews,1994-05-06,North Sandraview,ND,TE,76,278,28
4088,Kimberly,Owens,2005-06-04,Nicholastown,NY,TE,69,274,33
4089,Jane,Benson,2005-11-21,Kellychester,WI,RB,68,299,11
4090,Jeff,Owens,2002-03-09,Susanshire,VA,RB,73,178,11
4091,Ashley,White,2007-11-14,North Tanya,AZ,RB,68,172,36
4092,Christopher,West,1996-10-11,Lake Gregorybury,IN,TE,79,271,91
4093,Darrell,Gomez,2005-05-27,Hawkinstown,FL,QB,70,196,33
4094,Traci,Wilkinson,1987-01-03,North Nathan,NE,WR,68,153,26
4095,Stephanie,Craig,2000-10-14,South Tiffany,AK,RB,73,194,67
4096,Teresa,Fernandez,1999-01-10,Lanetown,NY,WR,71,223,32
4097,Jason,Mckay,1988-02-05,East Susanstad,PA,WR,69,155,1
4098,Chloe,Rivera,2000-03-24,Josephshire,VT,QB,71,212,51
4099,Julie,Houston,1994-04-30,West Benjamin,VT,QB,76,259,8
4100,Melody,Robinson,1989-11-14,New Kathrynview,MS,RB,76,200,20
4101,Andrew,Owens,1995-04-13,Lake Mike,PR,WR,71,202,4
4102,Rachel,Harris,2000-09-17,Stephenfort,NH,WR,74,277,25
4103,Angela,Trevino,1994-03-05,Taylorfort,VI,WR,75,294,67
4104,Clayton,Dominguez,2004-11-25,Victoriachester,MO,QB,79,224,53
4105,Jessica,Garcia,1989-01-27,Sanchezton,WA,RB,77,185,14
4106,Eric,Clarke,1989-12-24,Wrighttown,OH,TE,74,184,32
4107,Alexis,Anderson,2000-10-07,South Mary,OR,WR,72,166,14
4108,Anthony,White,1996-05-13,Justinland,KY,QB,79,254,8
4109,Eric,Lee,2008-03-30,Brandontown,WA,QB,69,150,3
4110,Julie,Small,2007-11-16,East Deborah,AZ,QB,76,179,30
4111,Dwayne,Walker,1992-12-12,Stevenland,RI,QB,75,221,64
4112,Andrea,Miller,1985-12-11,East Kyleshire,MD,WR,69,194,47
4113,Brian,Hudson,2001-09-15,Kathrynmouth,MT,QB,70,236,77
4114,Kelly,Rangel,1995-07-06,West Eric,MD,QB,70,219,73
4115,Patrick,Branch,2005-11-24,Susanton,NC,WR,78,183,89
4116,John,Williams,1989-08-16,South Ethanfort,ME,RB,79,184,1
4117,Brooke,Bell,1992-09-18,Port Courtney,NV,RB,79,237,50
4118,Craig,Smith,1991-08-28,South Marthaborough,ID,WR,68,172,95
4119,Brittany,Contreras,1995-08-13,South Angela,NV,TE,75,206,39
4120,Brooke,Moreno,2004-03-20,New Johnfort,MH,WR,68,174,57
4121,Sheri,Gray,1993-01-27,New Erica,CO,QB,70,240,20
4122,Juan,Bishop,1999-01-06,Mathisland,MH,RB,75,173,56
4123,James,Skinner,2003-03-12,Wilsonmouth,NE,RB,72,150,68
4124,Justin,Little,1992-02-25,Mcneilshire,AR,RB,79,154,31
4125,Krista,Bryan,1990-02-01,South Kimberlybury,KY,RB,76,183,0
4126,Amanda,Smith,1988-06-24,Ortegaview,RI,QB,76,166,88
4127,Kristina,Baker,1994-08-04,East Donna,DE,QB,69,246,56
4128,Samantha,Carr,2008-01-06,Port Jeffreystad,MN,RB,72,167,2
4129,Hannah,Warner,1987-05-16,New Abigail,PR,WR,76,211,81
4130,Audrey,Greene,2001-09-28,Lake Joshua,NE,RB,73,227,44
4131,Michelle,Williams,1991-08-11,Rodriguezstad,WY,TE,75,155,63
4132,Catherine,Porter,1992-07-30,Jamesberg,PR,QB,68,241,28
4133,Jim,Patterson,1991-05-09,Josemouth,CO,RB,77,263,75
4134,Joshua,Hart,1992-12-09,New Matthew,NY,WR,72,167,83
4135,Jeffrey,Graham,1996-10-08,Lake Lauraberg,OR,WR,69,279,61
4136,Jacqueline,Sweeney,2006-03-22,Matthewland,MI,RB,74,263,79
4137,Christopher,Young,2005-08-27,West Traceybury,NM,QB,77,241,27
4138,Deborah,Allen,2004-10-15,East Kyle,RI,WR,77,197,59
4139,Melanie,Wood,2006-09-20,Hensonport,IL,QB,68,203,96
4140,Jared,Hood,2001-02-04,South Sandra,CO,WR,75,284,26
4141,John,Bowman,1997-03-26,Samuelbury,MP,QB,70,243,47
4142,Douglas,Vincent,1988-01-20,Jacksonhaven,ME,QB,77,161,89
4143,Clifford,Smith,2001-07-27,Port Nicole,CA,TE,74,178,99
4144,Claire,Vaughan,2000-04-16,South Ryanbury,AZ,TE,76,188,32
4145,James,Carter,1991-05-25,Michaeltown,GU,RB,74,221,13
4146,Debra,Bass,2007-05-02,Jamesside,WY,TE,73,160,87
4147,Larry,Ware,1994-08-17,South Kevinbury,ND,QB,80,166,55
4148,Sandra,Shaw,2006-05-31,Richardsfort,UT,TE,79,200,93
4149,William,Barnes,1990-03-09,Brittanyfort,PW,RB,73,196,40
4150,Elizabeth,Johnson,1993-02-25,East Megan,NM,QB,79,183,52
4151,Rebecca,Gilbert,1993-04-23,Paulland,VA,QB,75,160,17
4152,Alyssa,Miller,1986-11-07,North Andrea,CA,TE,73,187,34
4153,Alyssa,Williams,2006-06-14,Chandlerfort,KY,RB,70,296,83
4154,Regina,Neal,2000-01-20,West Barbara,VA,RB,75,179,85
4155,Stephanie,Mcgee,1989-01-16,Perryborough,ME,QB,72,239,52
4156,Amy,Nguyen,1995-08-21,East Amandaberg,OH,TE,72,294,82
4157,Robert,Price,2008-03-24,Port William,PW,RB,80,187,23
4158,John,Mcdaniel,2004-05-18,East Jeffrey,NV,RB,75,169,14
4159,Jonathan,Sanchez,2004-10-18,North Meganville,IA,RB,77,261,68
4160,Ian,Lester,1986-02-07,New Angela,NY,RB,77,228,61
4161,Hannah,Richards,1997-12-22,Port Denisefort,VA,QB,78,283,68
4162,Paul,Thomas,1993-10-11,Mcguiremouth,FL,RB,72,260,28
4163,Heather,Mason,1995-07-27,North Nicholasstad,WA,WR,78,222,35
4164,Pamela,Stewart,2001-08-07,Curtiston,RI,WR,74,182,8
4165,Thomas,Arnold,1994-12-25,Port Lindsay,CA,WR,78,174,78
4166,Denise,Lamb,1990-05-11,Port Brandyshire,MI,TE,68,164,39
4167,Amanda,Barr,1990-09-13,Danielstad,NJ,TE,74,240,30
4168,Gregory,Lee,1987-03-15,North Sandraburgh,KY,RB,80,300,13
4169,Anna,Rodriguez,2004-10-20,North Rebeccatown,MA,WR,80,198,26
4170,Katrina,Hughes,2002-01-26,Hawkinsberg,AK,WR,73,188,8
4171,Jason,Vaughn,1993-07-16,West Danielle,HI,TE,75,232,77
4172,Jessica,Ramirez,1996-02-05,Nathanside,WA,TE,70,273,26
4173,Russell,Hill,1991-06-11,Veronicafort,GU,WR,69,219,17
4174,Christopher,Reed,1991-07-16,South Shaneshire,RI,RB,80,278,9
4175,Kevin,Cook,1988-08-05,Larsenstad,AL,TE,70,194,12
4176,Casey,Cooke,1993-07-01,New Danielton,KS,QB,77,198,11
4177,James,Ferguson,2004-12-18,Ashleyshire,LA,RB,72,178,30
4178,Christopher,Lucas,2007-06-04,North Emily,AS,QB,68,261,96
4179,Brittany,Smith,1991-01-25,Chambersfort,DC,RB,77,265,30
4180,Stephen,Davis,1991-05-18,East Jamiestad,PA,TE,69,189,30
4181,Travis,Baker,1987-12-17,South Margaretborough,FM,QB,77,159,94
4182,Steven,Christian,2001-05-14,Michaelville,WY,WR,76,265,54
4183,Stacy,Chavez,1991-05-30,Nancyborough,AL,WR,72,185,85
4184,Dustin,Curry,1993-11-22,West Joseph,OK,RB,71,232,60
4185,Melissa,Hatfield,1986-02-22,Warnerburgh,WV,RB,70,257,91
4186,Dean,Torres,2007-04-19,New Seanport,HI,QB,76,186,29
4187,Brad,Kirby,2005-09-14,Waltershire,GA,TE,80,206,95
4188,Jose,Browning,2001-05-03,South Darin,UT,WR,78,294,32
4189,Lauren,Johnson,1988-04-01,Gardnerborough,WY,WR,68,248,70
4190,Lisa,Rose,2003-10-04,Johnport,GU,RB,79,175,90
4191,Debra,Koch,1992-06-17,Lewisbury,OR,QB,71,299,69
4192,Allison,Murphy,1987-04-10,Jameshaven,FL,WR,80,159,73
4193,Charles,Gonzales,1997-11-21,Kevinside,AR,QB,80,170,29
4194,Lori,Graham,1996-02-11,Lake Amberburgh,MO,TE,68,273,79
4195,Patricia,King,2004-01-03,Walkermouth,SC,TE,69,299,55
4196,Valerie,Mcdaniel,1994-02-18,New Phillipshire,WV,RB,68,299,47
4197,Michelle,Hopkins,2003-12-16,Craighaven,PW,QB,75,162,63
4198,Brittney,Mack,1987-08-02,South Bailey,TX,RB,70,233,67
4199,Caroline,Mckee,1995-10-01,New Allisonfort,PW,TE,70,204,46
4200,Darren,Patterson,2003-09-20,Debbiemouth,LA,QB,77,216,33
4201,Deborah,Jones,1996-05-23,North Josephchester,AZ,TE,77,232,48
4202,Brianna,Peck,1992-09-29,Richardside,AZ,QB,77,190,73
4203,Kyle,Smith,2001-06-19,Lake Jacob,MO,WR,76,232,92
4204,Tyler,Wilson,2004-06-29,Marcusburgh,WY,TE,73,194,86
4205,Matthew,Fox,2006-08-28,Port Juliaport,SD,WR,72,170,60
4206,Cheryl,Santos,1998-07-24,West Terrence,CA,QB,73,243,12
4207,Lauren,Sanchez,1992-05-16,Charlesshire,WI,QB,80,298,35
4208,Kathy,Weaver,2007-10-30,Kimberlybury,SC,TE,71,279,94
4209,Kayla,Parker,1993-04-10,Thompsonmouth,MO,WR,78,210,83
4210,Kevin,Beard,1987-09-16,Bentonland,WI,RB,78,204,58
4211,Crystal,Trujillo,1997-05-05,Jessicastad,NV,TE,69,167,74
4212,Rachel,Shaw,1989-06-23,Jasonmouth,OK,TE,74,196,64
4213,Michael,Smith,2000-12-04,Lake Sarah,MI,TE,75,175,28
4214,Todd,Barker,2006-05-10,New Hannahborough,NC,TE,78,288,85
4215,Sarah,Mason,1992-04-09,Port Julie,AL,QB,76,222,45
4216,Colton,Brewer,1992-10-26,North Edwardberg,DE,WR,77,189,59
4217,Kristina,Solomon,1995-04-26,New Richardborough,AR,WR,71,232,53
4218,Jason,Sanchez,1985-08-09,Lake Pamelafort,MH,QB,79,294,95
4219,Jennifer,Thompson,2002-02-10,Luismouth,MT,TE,78,256,84
4220,Sarah,Odonnell,2002-06-19,Joshuaview,MS,RB,77,276,75
4221,Gary,Zamora,2001-01-02,East Mike,MH,RB,70,203,19
4222,Keith,Young,1995-06-04,Lake Annette,IL,TE,68,235,70
4223,Debra,Stewart,2007-08-13,West Jeremybury,MD,TE,73,153,16
4224,Anne,Cohen,1995-11-04,West Benjaminmouth,NM,QB,70,200,23
4225,Frances,Rice,1985-06-24,Howardland,AK,QB,80,205,40
4226,Lauren,Garcia,1989-03-27,Jessicaport,OK,TE,76,276,84
4227,William,Richardson,1989-01-27,Jerryborough,IA,TE,72,158,50
4228,Deborah,Harrington,1989-02-11,Markmouth,IL,QB,71,261,37
4229,Kellie,Alexander,1987-01-29,West Jefferyberg,CA,WR,78,288,55
4230,Keith,Wilson,2006-06-02,Richardville,FL,QB,79,201,80
4231,Carlos,Stevens,1987-11-09,Robertbury,NH,WR,79,252,13
4232,David,Armstrong,2002-12-07,New Ryan,LA,TE,74,258,51
4233,Tammy,Hardy,2004-12-03,West Arielstad,PA,TE,70,256,2
4234,Robert,Smith,1995-11-13,Juarezfort,WI,WR,76,274,20
4235,Dennis,Harrison,1994-03-22,South Brianhaven,AR,QB,71,157,17
4236,Steve,Parker,2000-06-08,Danielmouth,KY,TE,72,153,47
4237,Samantha,Walker,1993-01-28,Patriciaville,VT,RB,75,215,6
4238,Jason,King,2000-10-15,Perezshire,VI,TE,78,201,20
4239,Howard,Richards,1991-04-26,Pattersonside,ID,QB,76,268,63
4240,Justin,Novak,1997-03-18,Lake Briannamouth,NY,WR,75,203,65
4241,Christy,Garner,1998-11-08,Carrfort,FL,RB,71,167,31
4242,Joseph,Miller,1998-08-15,Traceyside,CA,RB,78,239,78
4243,Caleb,Rich,1993-12-27,Matthewport,WA,QB,70,239,24
4244,Erica,Davis,2007-06-30,Russellmouth,MH,TE,68,151,49
4245,Matthew,Schaefer,2000-07-02,Ericchester,AK,RB,74,274,96
4246,Joseph,Mason,1995-10-26,Lake Kyle,TN,TE,78,271,99
4247,Jerry,Flores,2004-03-09,West Jessicahaven,IL,TE,80,229,39
4248,Joshua,Lopez,1990-09-22,North Mollymouth,MH,RB,72,151,76
4249,Aaron,Mckinney,1993-11-28,New Williamview,ND,WR,76,250,34
4250,Maureen,Conner,1994-03-28,East Lindseychester,AZ,QB,76,168,29
4251,Jorge,Rodriguez,2006-07-30,Lake Jordanfort,PW,RB,76,256,71
4252,Tiffany,Jones,1985-04-29,Perezhaven,SC,WR,80,256,51
4253,David,Brown,2007-04-13,North Christinehaven,TX,RB,73,276,81
4254,Marissa,Kennedy,2000-11-11,East Kim,AS,WR,76,159,99
4255,Leah,Gonzalez,1998-03-02,Rickyhaven,PR,QB,69,279,62
4256,Dana,Woods,2006-10-14,Amandabury,WY,WR,76,243,39
4257,Zachary,Taylor,1998-12-10,New Kathryn,VT,RB,71,153,57
4258,Amy,Martinez,1993-07-17,Hernandezborough,FM,TE,73,244,45
4259,Meghan,Turner,1995-04-23,New Scott,WI,WR,80,238,78
4260,Scott,Taylor,1995-10-28,Tranton,TN,WR,69,289,79
4261,Zachary,Collins,2000-05-11,Port Ivanberg,ND,WR,73,230,39
4262,Joshua,Rose,2004-04-11,Berryborough,TN,RB,68,300,34
4263,Megan,Patton,1986-07-11,Brandonburgh,ID,RB,72,266,60
4264,Thomas,Shields,1999-04-03,Michaelland,NM,TE,75,267,87
4265,Roberto,Caldwell,1996-09-21,Hoodville,PA,TE,73,203,64
4266,Claudia,Weber,1991-07-01,New Corey,PR,QB,70,260,44
4267,Daniel,Horne,1992-06-19,Stanleyport,NC,QB,70,287,37
4268,Angela,Smith,2005-02-12,Ericmouth,IA,RB,70,277,15
4269,Kurt,West,2007-10-22,Jenniferport,KY,WR,73,177,17
4270,Carly,Leon,2007-04-11,Thomasborough,IL,QB,78,264,42
4271,Danielle,Perkins,1985-07-10,Caseytown,MD,QB,77,231,81
4272,Daniel,Hoffman,1995-04-10,North Vicki,WV,RB,70,221,86
4273,Penny,Anderson,1987-08-21,Jonesside,NJ,WR,69,243,66
4274,Rita,Stanton,1988-01-07,Derrickborough,WI,WR,71,194,45
4275,Traci,Johnson,2004-08-10,Lisabury,CA,QB,72,167,31
4276,Vanessa,Green,1986-09-20,Micheleville,MT,WR,75,181,62
4277,James,Gardner,2001-08-16,Thomastown,PR,TE,77,258,32
4278,Karen,Rodriguez,1994-08-27,Williamsport,MN,QB,73,180,49
4279,Donna,Williams,1992-06-04,Donovanview,LA,WR,78,208,89
4280,Michael,Miller,1990-02-26,Jeffreyshire,SD,QB,80,283,40
4281,Brian,Nguyen,1987-03-02,Youngstad,CO,RB,74,297,69
4282,Joanna,Webb,1993-12-11,West Emily,ME,QB,68,164,0
4283,Christina,Steele,1999-12-25,South Pamelashire,KS,TE,74,235,25
4284,Laurie,Hill,2004-09-20,North Charles,PW,QB,69,298,43
4285,Jeremy,Browning,1990-01-10,West Stephanie,PR,WR,71,185,69
4286,Harold,Simmons,1988-01-20,East Matthewtown,ID,TE,80,224,77
4287,Steve,Ward,2001-05-10,North Kenneth,VI,QB,79,198,15
4288,Curtis,Buchanan,1993-07-18,Rachelberg,LA,RB,73,256,44
4289,Rachel,Burton,1999-03-16,West Kelly,LA,QB,77,194,83
4290,Ashley,Hawkins,1987-06-30,Millerstad,PA,WR,74,159,42
4291,Roger,Smith,1996-03-29,Tylerville,OK,RB,73,173,90
4292,Johnathan,Wheeler,1992-10-13,Christopherland,MA,WR,80,169,1
4293,Holly,Kelly,1992-08-05,Penamouth,MA,QB,70,251,62
4294,Kelly,Jones,1999-03-07,East Rachel,ME,RB,72,172,15
4295,Alison,Washington,1994-05-11,Port Mackenzie,ND,TE,68,268,28
4296,Nicole,Taylor,1992-12-11,New Jordan,HI,TE,77,195,48
4297,Kayla,Fuller,1990-05-14,North James,PR,QB,76,291,37
4298,Mark,Smith,1990-12-25,South Melissaland,WY,RB,69,263,39
4299,Jeffrey,Stone,1995-04-25,Shahside,VI,TE,79,230,69
4300,David,Hines,2005-04-27,Port Brucefurt,OH,QB,68,254,34
4301,Heather,Martinez,2004-08-09,West Kenneth,MD,WR,79,155,0
4302,Bethany,Martin,2006-02-26,Port Beverlyview,IN,RB,69,274,58
4303,Justin,Diaz,2002-05-15,North Davidberg,MN,TE,75,202,27
4304,Stacey,Francis,2000-06-18,Lake Jenniferside,AZ,RB,73,186,39
4305,Deborah,Parsons,2002-08-07,Chelseaville,FL,TE,69,235,1
4306,Angela,Richards,1989-10-11,New Michelle,NM,RB,72,190,82
4307,Jessica,Manning,2001-03-11,Patelborough,IL,RB,74,157,9
4308,Kim,Hull,1991-09-13,New Brandon,ME,WR,78,173,40
4309,Jeffrey,Lowe,1999-11-11,Cameronside,MI,TE,73,206,23
4310,Anthony,Anderson,2004-11-24,North Gloria,NE,WR,79,222,81
4311,Casey,Kelly,2004-08-07,New Sarah,WV,RB,74,179,6
4312,Gary,Hodges,1986-02-27,Lake Oscar,IL,WR,70,241,30
4313,Ryan,Yang,1992-06-18,Lake Karen,CO,QB,70,262,94
4314,Jessica,Castillo,2003-04-03,East Amy,GU,QB,70,219,29
4315,Thomas,Sutton,2004-09-05,Port Andrew,MN,RB,72,280,53
4316,Thomas,Huang,1998-05-28,Lake Gina,IL,QB,78,211,12
4317,Gregory,Hall,2002-08-26,Samanthaview,NH,QB,73,151,76
4318,Lisa,Wright,2006-11-16,New Jessica,NE,RB,68,228,45
4319,Tiffany,Ochoa,1999-04-07,Brandonmouth,NJ,QB,78,225,97
4320,Anthony,Hernandez,1989-10-27,South Timothy,OH,TE,75,157,33
4321,Brent,Saunders,2004-09-27,Grayburgh,AL,TE,80,226,8
4322,Chase,Clark,2004-11-02,Lake Daniel,MP,QB,68,282,54
4323,John,Petersen,1990-03-02,West Josephfurt,CT,QB,68,178,51
4324,Timothy,Douglas,2007-09-24,Jennifermouth,SC,QB,71,197,83
4325,Michael,Cisneros,1985-05-15,Alvarezport,NE,TE,78,295,80
4326,Joseph,Brown,1990-12-10,Howellland,CA,WR,79,232,75
4327,Allison,Chambers,1996-04-22,Melissaview,MI,QB,75,162,69
4328,Tammy,Gutierrez,2004-12-19,Jonesport,OK,RB,72,193,17
4329,Julie,Wilson,2003-07-25,Richardmouth,GU,QB,73,267,55
4330,Meagan,Vargas,2008-04-07,Johnland,IA,RB,69,296,1
4331,Amanda,Stone,1996-10-16,Justinstad,OK,TE,72,271,67
4332,Benjamin,Hopkins,1991-01-24,Batesfurt,LA,TE,79,210,74
4333,Jennifer,Shelton,1989-08-20,Cynthiashire,OH,WR,76,184,54
4334,Brian,Scott,1995-04-16,Williamfort,AR,WR,69,295,11
4335,Martha,Gallegos,1991-12-31,Alifurt,VI,RB,80,299,85
4336,Christopher,Dougherty,1989-06-07,West Michelle,NC,QB,80,283,60
4337,Steven,Smith,2002-12-03,Michaelmouth,UT,WR,71,165,53
4338,Shannon,Campbell,2004-05-31,Kylemouth,FL,QB,76,273,32
4339,Keith,Collins,2000-10-06,Lake Jessica,IN,RB,80,229,17
4340,Earl,Calderon,2001-08-24,Jacksonmouth,FM,TE,77,258,23
4341,Maria,Harper,2008-04-20,Port Matthewhaven,PA,WR,78,268,60
4342,Monica,Young,2004-03-02,Maryport,WA,QB,77,285,50
4343,Scott,Jackson,1986-03-03,Doyleshire,NV,QB,76,150,70
4344,Lisa,King,1994-03-24,Andersonton,MN,WR,78,233,52
4345,Jill,Cruz,2006-07-16,North Richard,NE,TE,69,153,6
4346,John,Williams,2001-05-12,New Karen,NH,QB,80,282,33
4347,Brandon,Reeves,1991-03-24,Ericksonmouth,IN,TE,76,265,20
4348,Timothy,Willis,2000-12-02,Hobbsmouth,AS,WR,69,272,15
4349,Lacey,Mcintyre,1996-10-21,Port Austinstad,MT,WR,75,270,36
4350,Kerry,Bryant,1995-06-16,New Mary,WA,RB,75,251,85
4351,Carrie,Ware,1985-05-15,East Richard,HI,WR,77,227,71
4352,Julia,Villegas,1992-07-09,North Anthony,VI,TE,72,271,13
4353,Dawn,Meadows,1991-04-09,Cookfort,FM,WR,77,208,74
4354,Nathan,Coffey,1993-10-30,Theresaton,PW,TE,71,291,18
4355,Victor,Martinez,1990-12-04,Lake Laurentown,MO,TE,70,288,13
4356,Ian,Nichols,1988-04-13,Mcknightmouth,VT,WR,76,230,12
4357,Monica,Lopez,1993-11-02,Theresaton,MO,WR,74,232,8
4358,Sarah,Cunningham,1986-10-02,North Kevin,AS,WR,71,203,63
4359,Cheryl,Martin,1999-03-23,Port Sarah,GA,RB,68,161,24
4360,Patricia,Stewart,2002-08-29,Jeffreyfort,TX,TE,71,300,58
4361,Cheryl,Chang,2005-03-29,North Joeville,MI,RB,80,271,18
4362,Thomas,Blanchard,2000-08-17,Nealfort,AR,QB,75,209,17
4363,Alexis,Campbell,1987-09-01,Jameshaven,LA,TE,71,268,43
4364,Brenda,Lucero,1985-11-23,Tanyaton,UT,QB,68,200,51
4365,Danielle,Williams,2008-01-06,Lake Stevenland,ID,QB,76,252,36
4366,Tammy,Miller,1988-05-05,East Dale,AZ,RB,71,232,90
4367,Kara,Mcgrath,1994-08-03,South Misty,AK,TE,78,291,3
4368,Dawn,Davis,2003-07-30,Stephanieberg,DC,TE,68,222,67
4369,Jacqueline,Wright,1998-10-16,South Laurashire,VI,WR,77,264,88
4370,Thomas,Flores,2006-09-08,Port Mark,AZ,TE,68,257,14
4371,Thomas,Sanders,1989-10-17,Port Larryside,CA,QB,75,207,59
4372,Megan,Reese,2002-05-17,Cooperberg,MN,WR,79,181,92
4373,Charles,Coleman,1994-09-12,West Francisco,IL,QB,78,198,94
4374,Rebecca,Sanchez,2006-02-17,North Yvonneberg,VA,WR,73,199,48
4375,Amanda,Anderson,1986-01-21,Briannaton,WV,RB,73,291,93
4376,Logan,Williamson,1986-03-26,Lisaview,DE,RB,68,224,60
4377,Stephanie,Ramirez,1998-04-29,Millerhaven,WV,WR,71,154,11
4378,Dawn,Martinez,1993-04-21,South Jefferyville,AL,TE,78,259,24
4379,Kristen,Edwards,1987-05-17,Franklinshire,KS,RB,72,222,14
4380,Suzanne,Richardson,2006-09-02,Joemouth,VI,TE,70,152,66
4381,Jessica,Lee,2001-08-11,Cooperborough,MP,TE,80,227,60
4382,Jessica,Welch,2002-10-01,Douglasview,FM,TE,68,159,34
4383,Lisa,Adams,1999-12-11,East Jessica,NC,QB,74,227,91
4384,Joshua,Williams,2007-10-04,Hendersonton,VI,RB,71,222,6
4385,Jessica,Williams,1991-02-02,Hollyland,WA,WR,74,259,54
4386,Jonathan,Williams,1990-03-15,South Jacob,MT,RB,73,176,36
4387,Amber,Robinson,2006-02-22,Zacharybury,AZ,QB,73,287,10
4388,Jeanne,Ingram,2000-07-28,Diaztown,AL,QB,71,188,18
4389,Tiffany,Bean,2006-10-13,New Kristenfort,AZ,WR,70,293,13
4390,Carol,Hernandez,1995-03-25,Donnafurt,MS,QB,72,292,6
4391,Lauren,Jones,1999-03-09,South Sarah,IA,RB,69,187,88
4392,Janet,Blackwell,1990-09-17,Port Nicholas,LA,QB,70,198,24
4393,Christina,Reeves,2006-12-22,West Laurahaven,IL,QB,79,293,37
4394,Jonathan,Beck,2007-06-09,Ramirezfurt,DE,RB,69,244,4
4395,Jill,Miller,2001-10-16,Webbhaven,FM,QB,74,265,8
4396,Jennifer,Davis,1996-07-12,North Angelhaven,WI,TE,74,270,7
4397,Robert,Watts,1996-11-14,Masseystad,FL,RB,73,255,44
4398,Katherine,Clark,1999-04-20,Bridgesview,OK,TE,76,278,15
4399,Andrea,Manning,1990-03-22,Lake Jonathan,MI,TE,72,224,76
4400,Elizabeth,Rodriguez,1987-02-10,Vasquezview,PR,QB,68,182,76
4401,Jonathan,Martinez,1987-02-24,North Scott,SC,QB,75,162,62
4402,Matthew,Olson,2001-06-30,Savannahborough,ND,WR,68,221,1
4403,Lindsay,Lyons,2002-02-21,Petersmouth,TX,TE,80,277,57
4404,Richard,Davidson,1995-08-05,West Michaelburgh,LA,QB,71,194,13
4405,Todd,Lee,1987-07-22,Humphreyhaven,GA,WR,70,269,24
4406,Nancy,Murray,2004-09-21,South Mark,GA,TE,80,299,80
4407,John,Wolfe,2001-08-02,Lake Toni,SC,TE,74,250,83
4408,Leah,Adams,2002-04-16,New Jason,VI,RB,75,224,44
4409,Krista,Dillon,2006-08-10,South Samanthaville,WY,RB,68,270,18
4410,Brooke,Haynes,1998-12-07,Garciaview,NY,QB,72,226,65
4411,Scott,Lamb,1988-06-01,Smithmouth,ME,QB,79,278,30
4412,Michael,Evans,1991-02-11,South Ashleyfort,NE,QB,80,241,32
4413,John,Vaughn,2002-12-20,Port Markton,NY,WR,70,150,25
4414,Desiree,Barrett,2006-01-15,North Michaelside,KY,WR,78,224,56
4415,Karen,Bond,2006-02-28,Middletonfurt,ID,QB,80,218,35
4416,Jennifer,Fuller,2002-11-02,East Stephaniefurt,UT,RB,69,195,69
4417,Howard,Maldonado,1989-11-06,West Alexis,KS,TE,71,230,37
4418,Alec,Peters,1992-12-19,Zacharyshire,AS,TE,69,151,10
4419,William,Molina,1999-01-30,New Sara,MP,WR,77,218,20
4420,William,Murillo,1993-01-28,Christinafurt,DC,WR,77,249,53
4421,Chad,Sanders,2001-08-24,New Beverlyton,TN,TE,71,255,97
4422,David,Haas,2001-03-14,Millerport,GU,TE,68,152,59
4423,Thomas,Tran,2006-07-31,Milesmouth,AL,TE,71,209,12
4424,Patrick,Cardenas,2002-04-09,North Mariachester,WA,WR,75,297,28
4425,Amy,Gonzales,1989-01-06,Ruthberg,MI,TE,76,234,16
4426,Anthony,Cole,2002-10-24,Casechester,MN,TE,79,182,15
4427,Anthony,Edwards,1992-05-29,South Markfort,WY,WR,71,202,79
4428,Donna,Morris,1995-11-10,New Joshuatown,SD,QB,72,198,3
4429,Brandon,King,2001-05-28,Peterfort,NE,TE,75,286,19
4430,Kathy,Thompson,1988-01-24,Port Robert,OK,RB,74,280,59
4431,Crystal,Montoya,1987-07-30,East Roberta,RI,TE,69,213,1
4432,Jeremy,Rodriguez,1995-09-15,South Mariatown,SC,TE,71,158,13
4433,James,Schroeder,1990-11-19,East Briannaville,IL,TE,69,181,72
4434,Heather,Barker,1986-01-12,Vanessabury,AK,WR,72,224,9
4435,Jason,Ray,2000-02-12,Alexandraview,GU,TE,74,225,82
4436,Nancy,Davis,1990-05-18,South Morgan,MH,RB,74,222,66
4437,Christina,Mendoza,1985-08-28,Brownview,NY,WR,80,246,54
4438,Brandon,Morales,1993-04-24,West Raymond,MT,WR,69,164,35
4439,David,Klein,1992-05-16,Mckeetown,AZ,RB,71,213,14
4440,Joshua,Atkins,1991-03-21,Katherinehaven,UT,TE,72,244,52
4441,Keith,Taylor,1985-12-26,Lake Eugene,CO,TE,79,235,80
4442,Ann,Walker,1995-05-06,Michaelton,AZ,TE,77,296,28
4443,Monica,Roberts,2004-05-14,Jacquelineland,DE,RB,76,197,44
4444,Aaron,Hubbard,1997-01-01,Samanthashire,AR,RB,75,203,37
4445,Isabella,Harris,2002-09-29,Georgeview,KY,TE,68,187,62
4446,Anita,Mitchell,2002-07-20,Port Keithberg,WY,RB,77,167,37
4447,William,Mitchell,1999-03-01,Butlershire,KS,RB,76,269,82
4448,Martha,Rodriguez,1998-11-13,Port Loganville,MD,TE,78,231,72
4449,Jon,Guzman,1989-06-27,East Joyton,VT,QB,68,153,51
4450,Nathan,Wright,1993-08-22,Ashleyside,NJ,RB,79,242,69
4451,Mark,Taylor,2005-07-28,North Natalieton,OR,WR,78,186,39
4452,Joanna,Hansen,2003-03-03,East Crystal,AL,TE,73,203,44
4453,Allison,Smith,1991-10-27,East Craig,OK,WR,71,268,92
4454,Christina,Levy,2006-05-17,Zavalatown,ID,WR,73,183,84
4455,Amy,Brown,1988-05-01,South Kathleenhaven,CO,RB,74,290,22
4456,Michael,Adams,2003-03-19,Brandonton,TN,TE,71,284,88
4457,Timothy,Cline,2000-05-12,Sheilaburgh,MD,WR,72,242,9
4458,Zachary,Martin,2007-12-15,New Preston,NV,TE,78,161,75
4459,William,Davis,1986-09-03,Melissaberg,NH,RB,73,162,3
4460,Kevin,Bowers,1989-08-12,South David,AS,QB,69,162,18
4461,David,Snyder,1985-09-28,West Shawnbury,WA,QB,70,181,85
4462,Savannah,Peterson,2001-12-16,North Danielmouth,ME,TE,79,251,14
4463,Robert,Mora,1992-02-09,South Brandonchester,AL,WR,71,187,1
4464,Gilbert,Walker,1991-08-19,Sanderschester,ID,WR,71,166,10
4465,Renee,Galloway,1988-06-27,Rebeccaside,OH,QB,78,230,18
4466,April,Rivera,1987-11-30,Estesfort,WY,TE,73,202,24
4467,Kendra,Wolf,1991-09-18,Lake Derek,FM,TE,77,248,75
4468,Lori,Tucker,2004-06-09,North Lauraberg,WI,RB,72,293,41
4469,John,Lawrence,2005-12-14,West John,IN,RB,77,214,99
4470,Sean,Gibbs,1992-11-27,Brianville,IL,QB,71,174,16
4471,Jennifer,Wang,1992-01-26,East Heidi,PW,QB,71,188,87
4472,Craig,Anderson,1989-08-19,Port Courtney,VT,WR,68,216,74
4473,Christian,Ramos,1998-01-23,New Ronaldberg,HI,RB,75,278,25
4474,Brandon,Hill,1994-05-02,Leonardshire,FM,WR,70,298,21
4475,Daniel,Ho,1999-12-18,Ortizfort,MO,QB,72,199,45
4476,Jeffrey,Fernandez,2007-03-08,North Laura,NC,RB,71,190,88
4477,Chad,Daniels,2005-05-14,New Elizabethside,HI,QB,70,287,81
4478,Jerry,Berry,1999-05-11,North Tammyfort,WY,RB,76,246,93
4479,Sophia,Brandt,1994-08-04,Ericaside,FL,QB,80,276,40
4480,Allen,Walton,2004-11-06,Debraside,IA,TE,79,290,76
4481,Crystal,Ellis,2004-01-11,South Kathy,MS,QB,71,161,61
4482,Sandy,Pratt,1987-04-18,Michaelton,MA,WR,78,211,44
4483,Roger,Garrison,2001-09-21,Lancestad,IL,RB,75,291,24
4484,Julian,Valencia,2000-02-27,Port Morgan,MO,QB,68,251,65
4485,Derek,Smith,1997-06-30,Martinezmouth,CO,TE,74,281,53
4486,Kristen,Robinson,2006-03-03,Lisachester,NC,RB,68,241,1
4487,Jessica,Navarro,1987-12-03,Jennifertown,IA,TE,69,264,24
4488,Catherine,Carpenter,1992-04-29,Davidville,CT,TE,80,210,80
4489,Margaret,Thompson,1986-05-20,Laneburgh,WI,WR,79,265,38
4490,Kristina,Nguyen,1985-09-29,Lauramouth,TX,RB,73,270,76
4491,Michael,Baird,1997-10-10,Port Mario,TX,QB,73,280,47
4492,Christopher,Smith,1985-09-06,West Victor,TN,RB,69,225,29
4493,Richard,Farley,1997-09-06,East Victoriaburgh,DC,TE,76,220,11
4494,Jennifer,Ramsey,2003-10-08,Port Kayla,KS,WR,74,214,80
4495,Savannah,Haynes,1997-05-20,South Carlos,SC,WR,80,253,29
4496,Katherine,Phillips,2007-11-09,Murphyfort,OK,TE,71,295,62
4497,Richard,Ayers,1998-10-21,Potterton,SC,TE,76,227,47
4498,John,Watson,1995-12-19,Port Debraside,NE,RB,71,189,77
4499,Danielle,Calhoun,2000-07-30,Pacefurt,NH,TE,80,246,23
4500,Joanne,Oconnor,1987-12-17,North Alyssafort,RI,QB,78,269,3
4501,Adam,Scott,1987-11-02,Austinchester,DC,WR,68,252,19
4502,Anthony,Guerra,1988-12-04,North Matthewburgh,MD,TE,69,222,85
4503,Antonio,Lopez,2000-10-13,Norriston,WV,TE,68,218,53
4504,Jessica,Huff,1989-07-04,Port Stephenfort,MS,RB,78,171,41
4505,Ricky,Christensen,1986-07-25,Ronaldhaven,IA,TE,68,289,93
4506,Nathan,Bruce,1990-10-05,West Margaret,FL,QB,73,226,97
4507,Michael,Macias,2001-01-06,Mitchellfurt,WA,QB,75,195,32
4508,Elizabeth,Johnson,2000-05-28,North Mitchellfort,WA,QB,69,284,23
4509,Jeremy,Humphrey,1998-08-15,Erikchester,SC,RB,73,270,85
4510,Kyle,Hoffman,1986-08-24,New Candicebury,MS,RB,80,176,84
4511,Alfred,Miller,1985-08-16,Jenkinsville,PR,TE,74,296,17
4512,Phillip,Archer,2002-06-17,Christopherberg,NH,RB,72,245,83
4513,Jennifer,Freeman,1995-10-10,North Terri,MP,RB,80,242,88
4514,Anthony,Lang,1994-01-08,Andrewport,PW,QB,80,299,93
4515,Vanessa,Roberts,1996-04-06,West Stephaniefurt,OK,RB,71,188,4
4516,Kayla,Mckinney,1999-07-15,Timothyview,TN,TE,71,202,19
4517,Francisco,Aguilar,1993-05-03,Lake Kevin,FM,RB,70,212,24
4518,Mark,Stewart,1985-10-21,Curtisview,TX,RB,78,282,92
4519,Scott,Conway,1990-03-22,Williamchester,AZ,TE,80,232,50
4520,Sherry,Mosley,1987-09-06,East Carlos,CO,WR,69,271,89
4521,James,Coleman,1998-11-07,Wellshaven,IA,WR,78,177,72
4522,Adam,Martinez,1994-07-12,Lake James,NE,WR,72,219,97
4523,Dennis,Whitney,1999-12-29,South Brendachester,PA,TE,72,159,7
4524,Jacqueline,Allen,1989-04-04,Lake Bruceburgh,MI,WR,71,267,72
4525,Andrew,Navarro,1994-08-18,West Carolfort,GA,RB,78,281,88
4526,Steven,Reyes,1995-11-15,West Mallory,VI,QB,77,293,11
4527,Kenneth,Macias,2003-02-16,Maryville,NE,RB,80,159,37
4528,Sheila,May,1995-11-22,West Alexandra,OH,RB,68,222,41
4529,Rita,White,1995-11-25,Kylieport,PW,WR,72,280,36
4530,Amy,Clark,2003-09-28,Smithbury,PW,TE,80,275,36
4531,Donald,Moore,1994-06-17,Lake Mariahhaven,WY,QB,79,261,95
4532,Holly,Smith,2003-04-27,West Mirandaberg,AK,RB,80,281,37
4533,Gregory,Case,1985-07-04,East Anthony,TX,WR,73,289,57
4534,Louis,Morris,1994-08-09,East Rachelmouth,ME,TE,72,284,65
4535,Christopher,Peterson,1986-04-05,West Wesleybury,MN,TE,69,288,78
4536,Michael,Holt,1990-04-12,Youngtown,IA,RB,79,273,98
4537,Brian,Hanson,1998-07-29,Loganmouth,PA,RB,78,161,21
4538,Heather,Flowers,1989-02-23,New Mariaburgh,IL,WR,71,236,6
4539,Alicia,Adams,1986-10-04,Angelaport,ND,RB,79,201,95
4540,Laura,Moore,2005-05-12,Rushburgh,HI,TE,73,284,22
4541,Stacey,Rivas,2005-07-09,New Alex,DE,TE,68,229,17
4542,Willie,Wood,2000-03-22,New Jessica,LA,WR,72,197,29
4543,Cathy,Snyder,1991-06-02,West Toddside,MI,RB,80,244,54
4544,Stephanie,Carroll,2005-06-12,Autumnmouth,MI,TE,72,291,64
4545,Jason,Mckinney,1988-08-23,South Ashleyport,AK,QB,73,281,56
4546,Andrew,Hayes,2005-10-18,Lake James,MT,QB,73,255,32
4547,Elizabeth,Mcgrath,2001-01-23,Lake Anthony,WA,TE,79,202,67
4548,Cassandra,Davis,1988-11-07,Toddland,NV,RB,79,282,41
4549,Sarah,Smith,1986-12-01,West Valerieview,NY,QB,79,243,55
4550,Benjamin,Martinez,1993-08-09,Port Lauren,OK,WR,69,168,73
4551,Kristie,Tucker,2001-03-01,Hendersonmouth,NH,QB,77,261,10
4552,David,Mack,2000-10-02,Mackbury,SC,RB,74,163,10
4553,Brandon,Jackson,1990-04-30,Hallton,ND,RB,72,234,43
4554,Wendy,Moore,2007-07-27,Jeffhaven,NJ,QB,75,221,83
4555,Chelsea,Montoya,1998-01-01,Nicolebury,OR,WR,69,288,75
4556,Regina,Johnston,1993-03-31,West Mollyport,OH,WR,73,163,91
4557,Nicholas,Lee,1988-05-31,Danielfurt,NH,RB,75,268,22
4558,Amber,Baker,1990-08-28,Martinezville,AL,TE,72,284,48
4559,Christina,Villanueva,2004-10-06,Wilkinsonmouth,KY,WR,72,170,46
4560,Andrea,Mccarty,1990-01-11,North Monica,CA,QB,76,167,42
4561,Marc,Mccoy,2004-01-16,Port Elijah,GA,TE,79,231,96
4562,Michelle,Cunningham,1995-12-10,Jameston,OK,TE,76,212,10
4563,Robin,Douglas,1986-11-03,Kimberlyfort,RI,WR,75,280,14
4564,Lauren,Daniel,2002-05-01,New Shawnshire,AK,RB,75,224,48
4565,Valerie,Vazquez,2005-08-04,Rhodesfort,MN,RB,75,223,9
4566,Robert,Miller,1985-10-01,New Shawnfort,ND,RB,78,216,31
4567,Jessica,Walsh,1987-01-29,Petersenstad,MT,QB,73,244,43
4568,Jeffrey,Williams,1991-05-12,East Aaron,MP,WR,70,228,12
4569,Arthur,Martinez,1990-02-09,Keithborough,NC,RB,70,300,94
4570,Patricia,Saunders,2005-06-30,New Heathermouth,AK,RB,72,218,88
4571,David,Salas,2007-10-03,New Vincentborough,DE,RB,75,161,80
4572,Ryan,Erickson,1996-03-02,Lake Cynthia,AR,QB,74,253,42
4573,Bethany,Reyes,2006-08-30,Patriciafort,NE,TE,75,244,26
4574,Donald,Smith,2004-08-01,Lake Michael,DE,TE,70,286,0
4575,Alexander,Smith,1999-06-17,Lake Amyside,AK,WR,78,198,94
4576,David,Duncan,1998-04-11,Katherineberg,OH,TE,70,225,28
4577,Susan,Santos,1985-07-03,Lake Philipfurt,VA,TE,74,185,64
4578,Charles,Smith,1985-05-01,Yangside,VT,QB,75,252,93
4579,Christian,Farrell,2001-04-25,Port Jamieland,AK,WR,76,154,12
4580,Clarence,Rogers,1994-05-11,West Mary,NV,RB,77,238,47
4581,Sarah,Hernandez,2005-07-06,Lambertburgh,NE,QB,71,257,33
4582,Joseph,Day,1988-09-09,Jenniferhaven,LA,WR,71,158,35
4583,Jessica,Gregory,2001-04-25,Brendanhaven,RI,RB,71,257,12
4584,Terry,Mitchell,1985-05-15,Jacobton,AL,RB,77,161,85
4585,Brandon,Cantu,2000-01-26,Howardland,NM,RB,71,264,35
4586,Abigail,Smith,1985-07-19,Bellside,IN,RB,68,274,1
4587,Sandra,Donovan,1993-05-15,Lindaville,FL,TE,70,177,29
4588,Mike,Garcia,2003-06-01,Petershaven,MN,RB,74,293,78
4589,Henry,Wong,1997-09-17,West Stevenborough,MS,WR,72,235,25
4590,Marilyn,Montgomery,1999-10-09,Lake Katherine,HI,QB,73,188,69
4591,Jeanette,Ross,1992-08-07,Port Brian,OK,RB,76,221,76
4592,Sandy,Bentley,1994-11-28,Scottside,KY,TE,73,194,70
4593,Jacqueline,Hernandez,2000-06-10,Port Joshuachester,GU,WR,69,270,36
4594,Connor,Guerrero,2003-07-24,West Kimberly,MH,RB,72,248,11
4595,Albert,Lindsey,2001-08-18,Port Emily,MD,RB,70,221,93
4596,Victoria,Graves,2008-03-17,Danielport,NJ,RB,74,250,58
4597,Ivan,Harris,1993-06-01,Richardshire,OR,RB,74,283,79
4598,Stephanie,Morales,1994-04-02,Turnertown,PW,TE,69,265,38
4599,Jeffrey,Gardner,2007-01-08,Lewismouth,AZ,TE,69,150,3
4600,Sarah,White,2001-02-06,Bakerville,VT,TE,70,235,75
4601,Sarah,Palmer,1991-11-25,Martinezburgh,LA,WR,78,172,22
4602,Matthew,Stuart,1997-04-27,Lake Josephberg,UT,TE,70,261,94
4603,William,Donaldson,1997-07-29,East Annabury,ND,QB,76,235,56
4604,Robert,Long,2002-05-18,Port Jaredborough,ME,TE,72,178,48
4605,Connor,Perry,2000-02-20,Pearsonshire,SD,WR,74,288,15
4606,Rachel,Ashley,1996-09-01,Darrenfort,OH,WR,73,154,95
4607,Sarah,Perry,2000-01-08,Jeffreymouth,GU,WR,74,292,17
4608,Mike,Mathis,1990-03-23,North Katherinehaven,ME,TE,77,217,30
4609,Tina,Simon,2003-11-09,Welchmouth,MO,RB,73,199,83
4610,Anthony,Barnes,2003-11-16,West Kayla,MT,QB,73,282,12
4611,Jesse,Daniels,2005-09-22,New Victoriamouth,OR,WR,74,152,43
4612,David,Davenport,1992-04-13,Seanmouth,IN,RB,70,197,17
4613,Jerry,Johnson,2000-12-14,Longshire,NV,RB,69,210,76
4614,Ricky,Martin,2004-11-22,East Jacob,WA,QB,73,261,39
4615,Benjamin,Knapp,1992-12-05,Lauraburgh,IL,RB,68,281,49
4616,Debbie,Cook,2005-05-09,Collinsfurt,MP,RB,68,276,81
4617,Megan,Reyes,1990-10-22,Brianshire,NC,TE,79,165,12
4618,Michael,Richardson,1999-11-15,Andremouth,MD,WR,76,280,69
4619,Regina,Carr,1992-04-12,Michelleton,AR,WR,79,227,29
4620,Robert,Campbell,1986-07-18,Piercefurt,MT,TE,73,221,68
4621,Jennifer,Jenkins,1995-10-13,Chapmanside,PW,RB,72,200,56
4622,Alexandra,Turner,1990-06-10,Portermouth,IA,WR,77,156,33
4623,Michelle,Long,1993-06-13,West Richardton,AS,QB,75,218,32
4624,Veronica,Walker,1994-06-05,Dunnberg,PA,TE,79,189,18
4625,Sarah,Patrick,2002-03-14,Grimeschester,AK,WR,77,158,43
4626,Brian,Mann,2007-05-10,Port Victoria,PW,QB,72,289,62
4627,Christopher,Harmon,2000-08-12,Carolynhaven,CA,WR,69,219,79
4628,Brian,Hart,2001-07-23,Port Gerald,CO,TE,76,190,65
4629,Andrew,Arroyo,2002-03-03,Sandersmouth,TN,QB,77,150,2
4630,Christopher,Wise,2002-11-16,Mckenziemouth,IL,QB,68,253,32
4631,Andrew,Jones,1985-08-24,Nealville,OH,TE,77,206,3
4632,Evan,Erickson,1996-09-30,South Carlaside,AK,WR,73,180,78
4633,Michael,Dennis,2001-03-18,South Eduardo,MT,RB,69,289,30
4634,Sarah,Walker,1994-04-21,Michaelton,DC,TE,78,257,66
4635,Christopher,Jones,1994-04-02,Smithburgh,TX,TE,77,210,38
4636,Adam,Garcia,1991-08-20,East Alexander,AZ,RB,76,234,26
4637,Brian,Trevino,1988-06-17,Noahton,MI,QB,80,298,28
4638,Sarah,Hudson,2004-07-23,Terriburgh,AK,WR,78,225,56
4639,Sheri,Martinez,1994-12-14,Racheltown,TX,WR,73,261,70
4640,Veronica,Parker,1990-12-30,Port Jordan,MD,RB,71,241,81
4641,Marissa,Reeves,1999-04-21,South Jonathan,LA,TE,78,277,18
4642,Dawn,Ballard,1993-12-10,New Heatherburgh,ID,TE,72,219,74
4643,Carolyn,Nelson,1995-02-22,Markland,MP,WR,76,249,72
4644,Marvin,Ferguson,2004-02-23,West Natalieport,AS,QB,71,242,85
4645,Thomas,Velazquez,1995-07-02,East Julie,TX,TE,79,170,6
4646,Laura,Tyler,1994-12-24,Robinsonburgh,TX,TE,79,292,25
4647,Larry,Bennett,1989-03-01,Manuelfort,IA,QB,75,237,99
4648,Vincent,Watson,1993-03-23,Penningtonburgh,MN,WR,78,169,92
4649,Hannah,Mueller,1998-05-16,East Tammy,WV,RB,74,195,43
4650,Karen,Ward,1996-03-23,Hobbschester,WA,WR,79,196,79
4651,Julie,Pruitt,2000-07-28,East Samanthaville,SC,RB,79,239,12
4652,Kimberly,Galvan,2000-06-29,Angelaberg,RI,WR,70,170,7
4653,Darrell,Reynolds,1999-07-29,Andersonchester,ME,WR,77,275,24
4654,Justin,Rivas,2003-02-02,Mooremouth,NV,TE,75,219,91
4655,Dawn,Freeman,1996-06-20,Williamsstad,TN,TE,70,195,44
4656,Ryan,Garner,1991-12-27,South Emily,ME,RB,71,268,59
4657,John,Ruiz,1992-10-14,Walterbury,WI,TE,75,297,74
4658,Michele,Ray,1999-09-30,North Jonathan,NV,WR,79,283,15
4659,Pamela,Stevens,1997-11-07,East Zachary,OK,TE,71,251,30
4660,Phyllis,Johnson,2002-05-26,Lake Brooke,NM,RB,70,293,92
4661,Makayla,Crawford,1990-07-09,North Christie,FL,RB,74,226,35
4662,Jacqueline,Hernandez,1998-02-02,Kimberlymouth,DC,QB,77,250,88
4663,Jenna,Pham,1986-01-19,Heidiborough,VT,WR,70,234,37
4664,John,Smith,1997-06-26,North Thomas,IA,TE,68,258,91
4665,Phillip,Mathis,2003-12-17,Lake Dakota,ME,TE,73,163,91
4666,Susan,Alexander,1998-10-21,Gregoryport,NY,RB,68,234,83
4667,Dominic,Arroyo,2003-07-26,South Michaelfurt,DE,TE,72,232,17
4668,Jeremy,Baker,1989-03-12,Danielberg,ND,WR,78,154,23
4669,Shannon,Hunt,1993-03-29,West Markfort,NJ,WR,79,176,52
4670,Tina,Potter,1998-04-29,Seantown,SD,WR,71,281,11
4671,Edwin,Terry,1991-08-03,Brianchester,CT,TE,69,159,70
4672,David,Hopkins,2002-08-04,Port Amber,WI,WR,76,160,97
4673,Dana,Heath,1996-02-16,Leeburgh,MS,WR,77,253,79
4674,Sophia,Sanchez,1987-09-02,Lake Judithville,AS,RB,75,297,7
4675,Theodore,Park,1990-11-19,New Larry,TX,QB,77,229,18
4676,Melanie,White,1998-03-05,Lake Juan,PR,QB,75,203,64
4677,Christian,Gordon,1989-03-28,Port Carloston,MS,RB,70,263,76
4678,Timothy,Brandt,2002-09-19,Warnerfort,KS,QB,71,258,66
4679,Michelle,Matthews,1993-05-12,Brooksside,ME,QB,79,222,52
4680,Tara,Prince,1992-04-28,South Lisafurt,VI,RB,68,164,36
4681,Mike,Newton,1999-12-12,East Seanmouth,NC,RB,77,218,98
4682,Randall,Collins,1995-04-19,East Leviberg,MS,QB,68,268,90
4683,James,Villanueva,2005-10-01,North Toddmouth,OH,QB,72,230,91
4684,Debra,Gilbert,1990-08-14,South Timothy,PA,RB,77,150,69
4685,Morgan,Payne,2007-06-23,Dustinborough,VA,RB,74,261,25
4686,Jason,Walker,1997-01-26,Perezberg,MO,TE,71,278,36
4687,Ann,George,1988-07-13,East Sarahborough,NM,QB,79,152,44
4688,Johnny,Guerrero,2000-12-27,North Kaitlyn,NY,TE,75,166,20
4689,Brooke,Chavez,1998-12-24,Foleyton,OK,QB,68,163,7
4690,Albert,Cook,1986-01-22,North Danielborough,NM,QB,73,251,77
4691,Erin,Kim,2007-06-10,West Glennport,MH,WR,69,281,90
4692,Chad,Mcdonald,1997-05-23,West Kimberly,OR,TE,70,224,41
4693,Danielle,Hart,1997-08-11,Port Michael,MP,WR,80,297,54
4694,Aaron,Brown,1994-08-03,Andrewville,NY,RB,71,199,95
4695,Michael,Russell,2007-10-31,Hallmouth,TX,WR,69,206,41
4696,Richard,Alvarez,1997-08-09,Port Jonathan,UT,WR,76,226,28
4697,Ralph,Hodge,1987-01-29,Chelseahaven,FL,WR,80,216,4
4698,Dana,Bauer,2002-06-12,North Jasonside,PW,RB,80,287,2
4699,Christian,Fisher,1991-03-14,Rossville,WV,QB,78,239,19
4700,Alicia,Baker,1995-01-09,North Daniel,CO,QB,69,293,22
4701,Eric,Williams,1987-02-25,Davischester,NM,QB,70,190,8
4702,Carla,Simon,1995-02-01,Port Crystal,MP,WR,68,229,94
4703,Donald,Contreras,1998-08-11,East Crystal,LA,QB,80,152,69
4704,Ricardo,Daniels,1988-08-14,Curtisbury,VA,TE,76,270,32
4705,Jesse,Richardson,2007-06-02,South Jeffreyberg,AZ,TE,71,288,99
4706,Carrie,Bray,1993-01-17,North Jennifer,WA,QB,79,274,79
4707,Paul,Leonard,1988-12-30,North Cynthiaton,MO,QB,78,263,64
4708,Amy,Morrow,1993-07-23,Johnborough,MI,QB,78,150,79
4709,Monique,Moyer,1990-03-23,Tiffanyhaven,ID,WR,73,160,39
4710,David,Green,1999-03-04,Phillipschester,GA,QB,71,171,95
4711,Mark,Garcia,2006-09-25,Crossmouth,RI,TE,78,291,89
4712,Danny,Johnson,1985-12-23,Port Jeffreytown,VI,WR,76,157,19
4713,Ariel,Nixon,1992-09-08,East Bradleytown,NV,WR,68,156,72
4714,Grace,Johnson,2005-03-11,Christinestad,NE,QB,68,188,65
4715,Russell,Swanson,2004-12-25,Amymouth,RI,WR,72,156,13
4716,Dean,Dixon,1988-05-08,Sarahburgh,CT,RB,74,296,20
4717,John,Allison,1994-09-14,Billyborough,ID,QB,73,257,21
4718,Melinda,Cline,1985-06-19,Lake Tara,FM,TE,79,241,29
4719,Jackson,Lee,1990-11-11,Velezport,MA,TE,78,281,66
4720,Rebecca,Smith,1996-11-28,Port Kathy,FM,QB,68,225,20
4721,Amy,Wilson,2002-07-07,North Amy,WA,TE,68,230,8
4722,Jacob,Figueroa,1988-09-10,South Donaldshire,MH,RB,77,262,50
4723,John,Evans,1996-02-04,East Courtney,MP,QB,79,189,10
4724,Amy,Harris,1986-04-30,West Victoria,HI,QB,73,212,29
4725,Thomas,Walker,2001-01-15,Sanchezton,AL,WR,77,237,58
4726,Pamela,Molina,2002-01-11,New Danview,MP,RB,79,211,55
4727,Miguel,Jones,2001-05-16,Danaland,AR,RB,78,169,96
4728,Laura,Williams,1992-01-31,Lake Lisaport,PW,QB,73,278,91
4729,Mark,Richardson,1995-09-20,North Kurt,GA,RB,73,232,63
4730,Heather,Harrison,2007-05-20,Davisville,NJ,QB,77,182,94
4731,George,Lewis,1997-06-18,Andreaport,TN,RB,73,246,64
4732,Elizabeth,Anderson,2003-02-18,Port Leslie,GA,WR,70,187,87
4733,Melinda,Gonzales,2000-10-05,Michaelmouth,IN,TE,69,162,20
4734,Megan,Baldwin,1994-06-28,Johnville,WY,RB,78,196,49
4735,Gregory,Smith,2003-02-24,Port Annamouth,DC,QB,74,259,84
4736,Natasha,Smith,1995-08-30,New Jennifer,OR,RB,78,261,19
4737,Antonio,Lin,2003-12-30,New Annaport,FM,TE,68,267,24
4738,Stephen,Johnson,2005-07-16,East Jamesview,MI,TE,77,197,22
4739,Ashley,Taylor,1999-04-19,Shawshire,CT,QB,71,234,69
4740,Melanie,Williams,2001-03-17,West Kennethton,NC,RB,71,204,9
4741,Robert,Tucker,1997-04-06,Alvarezville,WA,WR,75,204,77
4742,Robert,Lucero,1992-11-06,New Stephaniechester,PW,RB,79,153,55
4743,Scott,Olson,1989-11-30,Sharonville,AK,TE,68,266,2
4744,Colton,Tucker,1987-10-02,Martinfurt,UT,TE,75,202,55
4745,Travis,Beasley,2004-07-29,Andrewmouth,VA,QB,77,238,24
4746,Michael,Gonzales,2006-05-08,Michaelchester,FM,TE,68,181,13
4747,Jennifer,Henson,1992-10-07,Kimland,NJ,WR,68,212,0
4748,Suzanne,Tucker,1992-03-23,East Michealport,ND,TE,68,156,13
4749,Mark,Foster,1991-12-16,Port Lisaview,OK,RB,68,195,84
4750,Nicholas,Freeman,2004-09-07,South Jamesstad,WA,TE,76,210,2
4751,Jill,Anderson,1998-05-17,Morrowville,MH,WR,74,267,77
4752,Hunter,Monroe,1990-01-12,Smithville,PW,RB,78,169,73
4753,Raymond,Smith,2002-10-14,South Walter,CT,RB,72,293,86
4754,Michelle,Barnett,1996-07-12,Jonesborough,ID,QB,78,231,31
4755,Nicole,Morris,1994-04-01,Deanmouth,MT,QB,68,252,93
4756,Monique,Garza,1993-12-26,Leeland,SC,TE,76,267,65
4757,Amanda,Carney,1995-10-03,Daleburgh,PA,RB,73,248,75
4758,Kimberly,Lawson,1998-07-03,Mitchellside,NV,QB,79,273,26
4759,Stephen,Vaughn,1996-01-14,Philipstad,UT,QB,80,275,12
4760,Susan,Daniels,1988-02-11,West Makayla,ND,WR,74,205,35
4761,Ian,Murphy,1990-07-28,Lake Kim,MA,WR,80,270,96
4762,Amanda,Love,1991-12-06,South Susan,PA,RB,73,238,7
4763,Kevin,Horn,1985-05-25,South Joshua,KY,TE,70,167,15
4764,Rebecca,Wagner,2005-01-18,Warrentown,NV,TE,73,171,83
4765,Angela,Walker,2000-01-01,Cooleyburgh,MO,TE,76,182,68
4766,Michael,Gonzalez,2000-01-16,Port Brianmouth,NM,QB,72,263,86
4767,Lori,Clark,1990-01-21,East Julianmouth,WI,QB,75,218,79
4768,Robert,Hurst,2006-12-01,Stacychester,IN,RB,76,189,32
4769,Kaitlyn,Figueroa,1989-01-29,South Frankport,NM,QB,80,151,14
4770,Stacey,Moran,2004-09-21,Adamsburgh,WA,QB,73,180,87
4771,Mark,Valenzuela,1998-07-12,West Ronaldburgh,PR,QB,70,168,28
4772,Jeremiah,Kim,1989-07-18,North Masonborough,HI,TE,78,197,56
4773,Michelle,Burns,1998-05-23,Buckleyburgh,NC,QB,78,287,27
4774,Maria,Butler,1994-09-25,West Annafort,VI,QB,73,239,38
4775,Timothy,Campbell,2000-03-18,Karenfort,OH,TE,78,283,0
4776,Bryan,Smith,1990-05-08,Lake Jack,AS,WR,77,257,56
4777,Karen,Chen,1991-07-31,North Johnton,MP,RB,71,227,36
4778,Joseph,Harris,2003-10-22,Lake Robertland,MO,WR,77,152,78
4779,David,Cooley,1998-11-23,Jenniferchester,OH,QB,76,285,60
4780,Tony,Powers,2001-07-03,Lake Henry,WA,TE,78,233,34
4781,Krista,Vaughn,1992-09-15,Braunmouth,IL,QB,74,154,71
4782,Ann,Mcclure,1988-11-28,Velezside,MP,WR,68,300,31
4783,Mike,Ward,2007-05-09,Katieview,OR,RB,77,294,37
4784,Antonio,Doyle,1994-12-05,Annaport,AZ,TE,69,192,32
4785,Ronald,Willis,2005-12-21,North Margaretview,CA,WR,79,193,58
4786,Jonathan,Colon,1997-04-13,New Justin,SD,RB,77,247,22
4787,Timothy,Miller,1994-08-28,East Hollymouth,WA,QB,74,151,86
4788,Jeffrey,Garcia,1999-06-27,East Curtisville,ME,TE,69,270,68
4789,William,Johnson,2004-03-02,Alvinchester,PR,TE,72,193,14
4790,Katherine,Mason,1993-05-22,East Rebecca,NY,QB,69,222,0
4791,Christopher,Nunez,1994-05-19,Lake Valeriefurt,TX,WR,68,277,95
4792,Jacob,Alexander,2006-07-27,Lake Brendanborough,KY,QB,70,212,60
4793,Bobby,Reyes,1999-10-06,Harpermouth,KS,RB,69,244,95
4794,Doris,Boyd,2006-04-17,Petersstad,WY,WR,79,178,40
4795,Paul,Arnold,2001-06-27,Morseport,MN,QB,69,154,59
4796,Nicole,Johnson,1992-06-08,East Alejandro,OH,WR,74,254,34
4797,Sydney,Cook,1985-10-12,East Stephen,TN,QB,74,278,51
4798,Jamie,Hernandez,1995-01-17,West Karen,NM,RB,78,299,22
4799,Steven,Ortiz,1999-01-12,Jessicaview,MS,WR,71,169,17
4800,Emily,Hall,2008-03-20,West Mark,MO,WR,80,162,61
4801,Dave,Thomas,1997-05-05,Hortonland,IL,WR,79,215,75
4802,Ian,Larson,1987-08-07,Lucastown,AL,WR,79,276,89
4803,April,Walters,2002-03-31,South Keith,MO,WR,80,295,58
4804,Lauren,Martin,1996-08-07,West Gloria,MD,WR,74,150,57
4805,Sarah,Galvan,2002-01-29,South Jasonmouth,MS,TE,73,203,30
4806,Shane,Dickerson,1996-08-02,Valenzuelaville,CT,WR,76,225,74
4807,Jeffrey,Fuentes,1996-04-17,New Zachary,VT,WR,76,229,20
4808,Aaron,Brewer,1996-08-03,Amandaville,WA,RB,69,187,15
4809,Karen,Brooks,1998-01-26,Raymondfort,TX,RB,78,203,45
4810,Charles,Brooks,1985-08-28,North Heather,NC,RB,76,240,81
4811,Rachel,Day,1994-12-10,Lake Susan,FL,RB,71,272,43
4812,Andrew,Burns,1999-07-18,Krystalshire,NH,TE,76,254,60
4813,Heather,Smith,1989-01-12,North Moniquebury,AR,TE,71,260,2
4814,Shawn,Gardner,1993-10-10,Brandontown,NY,QB,80,297,99
4815,Jacqueline,Meza,1991-05-08,Jasonland,PR,WR,69,272,91
4816,Henry,Mcclure,1995-03-31,East Christina,NV,RB,69,218,92
4817,Eugene,Brady,1996-09-29,Williamsonport,CA,TE,70,294,82
4818,Jason,Marshall,2002-11-21,West Leon,FM,RB,77,167,17
4819,Kathy,Holland,1993-07-02,Steventown,SC,WR,69,295,59
4820,James,Li,1999-08-16,Johnsonmouth,MT,RB,76,155,23
4821,Peter,Moore,1993-05-11,West Angelafurt,GA,WR,78,157,45
4822,Jeffrey,Watkins,1992-05-21,West Daniel,LA,WR,77,186,31
4823,Reginald,Brooks,1988-01-12,Perezmouth,VT,RB,70,191,94
4824,Carrie,Barr,1993-06-25,New Michael,NV,QB,70,251,61
4825,Shannon,Lucas,1999-09-10,Port Cynthialand,NY,RB,72,198,21
4826,Danielle,Fisher,1986-10-02,Lake Thomas,MH,TE,70,163,10
4827,Tina,Mcdonald,2003-07-21,Heathview,NM,TE,68,273,65
4828,Wanda,Ford,1998-10-01,Port Jamie,LA,WR,68,299,16
4829,Kari,Nelson,2008-04-22,Nataliefurt,MP,QB,72,184,61
4830,Anna,Weber,1986-04-21,Gabrielberg,VT,QB,69,286,17
4831,Carolyn,Conley,2007-03-11,Angelville,PW,WR,79,163,13
4832,Catherine,Holmes,2006-03-07,Campbellfurt,IL,TE,80,226,78
4833,Scott,Johnson,1991-08-22,East Josephside,OH,TE,68,256,12
4834,Nicole,Shepard,1985-12-19,Drewville,NM,TE,75,273,42
4835,Emma,Mcfarland,1990-12-02,South Jennifershire,HI,TE,79,281,98
4836,Gary,Zimmerman,1990-04-09,Sanchezshire,TN,RB,68,183,33
4837,Elizabeth,Flores,1994-09-24,West Amanda,KS,TE,74,155,93
4838,David,Burke,1986-10-02,Lake Morganchester,VA,QB,78,207,36
4839,Brian,Johns,1987-07-22,South Jenniferborough,NY,TE,75,242,1
4840,Stephanie,Chavez,2002-11-23,Amandaborough,AR,RB,80,293,73
4841,Teresa,Estrada,2005-05-09,West Michaelview,MH,TE,80,285,77
4842,Julie,Reyes,1985-05-17,Port Marissashire,WV,WR,69,267,49
4843,Ryan,Brown,2005-05-01,West Sarahmouth,PW,TE,76,286,94
4844,Samantha,Downs,2001-05-14,East Ronaldtown,NE,WR,69,210,7
4845,Angela,Perez,2006-05-19,Lake Michaelshire,PW,TE,80,150,45
4846,Brian,Smith,2000-10-19,Brucetown,NC,WR,70,225,63
4847,Jonathan,Rose,2002-01-06,Butlerhaven,MH,RB,74,259,72
4848,Pamela,Walsh,1989-12-17,Dalebury,FL,QB,70,223,50
4849,Gregory,Rios,1998-01-19,New Angela,VI,TE,71,206,3
4850,Michael,Allen,1995-01-13,South Josephside,WY,RB,71,184,26
4851,Sean,Smith,1999-07-01,West Christian,NM,TE,73,184,94
4852,Nancy,Johnson,1988-06-26,New Stephen,TN,WR,79,280,59
4853,Cynthia,Oneal,2006-06-28,Janetmouth,MO,TE,68,151,45
4854,Jennifer,Hernandez,1985-07-08,West Craigville,TN,RB,72,269,85
4855,Emily,Forbes,1989-11-12,Schmittberg,NH,WR,71,299,99
4856,Tim,Kelly,2002-02-24,Judithfort,FM,RB,78,271,79
4857,Mario,Fitzpatrick,1987-12-21,Zavalaburgh,MN,RB,72,170,56
4858,Zoe,Becker,1998-03-07,West Jameschester,AK,TE,74,210,95
4859,Ronnie,Bradley,1999-01-12,New Jamesshire,AL,QB,69,198,95
4860,Melanie,Davis,2002-08-19,Wangside,LA,WR,69,241,37
4861,Jason,Krueger,2001-11-29,Feliciaburgh,MA,RB,71,220,60
4862,Tina,Benson,2001-01-29,Leeberg,NC,WR,69,177,48
4863,Laura,Howell,2000-01-19,New Catherinemouth,DE,RB,74,245,67
4864,Rhonda,Rose,2005-02-06,West Brookeburgh,WY,WR,75,227,97
4865,Emily,Booker,1990-01-30,Marcomouth,PA,WR,74,291,5
4866,Amanda,Martin,1987-05-23,Robinshire,OH,WR,71,278,82
4867,Jasmine,Ross,1997-12-07,East Jennifer,TN,QB,73,156,27
4868,Carla,Pittman,2000-03-19,Bartlettbury,MS,WR,68,282,72
4869,Wesley,Johnson,1994-02-25,South Krystal,VT,TE,68,276,91
4870,Fernando,Campbell,1987-10-21,North Patriciastad,IL,RB,77,193,75
4871,Mary,Williams,1985-08-14,New Kara,DC,RB,73,205,49
4872,Kristen,Andrews,1995-11-27,New Samantha,IN,WR,74,213,52
4873,Beverly,Rojas,1995-01-24,South Mary,MT,QB,77,283,17
4874,Richard,Moran,1987-08-02,Ramirezmouth,AS,QB,76,207,1
4875,Sara,Arnold,1994-06-22,South Scottland,NM,TE,79,219,24
4876,Kayla,Robbins,1997-01-16,North Danielle,OH,WR,75,295,95
4877,Priscilla,Smith,1989-08-19,West Kaylabury,VA,QB,71,191,20
4878,Tony,Taylor,1998-09-28,Rogersland,NC,RB,79,224,60
4879,Francisco,Stone,1990-01-20,Russoside,OH,WR,70,214,27
4880,Susan,Davis,2002-09-25,Richardland,CO,TE,70,155,36
4881,Kimberly,Johnson,1990-08-24,Brandystad,HI,RB,79,168,57
4882,Patrick,Holden,2005-11-24,Calhounmouth,IA,WR,75,227,39
4883,Holly,Gonzalez,1995-03-13,Diazmouth,IA,WR,75,190,13
4884,Joshua,Espinoza,1999-02-27,Coletown,NH,WR,70,221,25
4885,Joe,Smith,1992-10-04,Michaelton,IN,TE,78,274,96
4886,Debra,Rodriguez,2005-10-26,Shawberg,MD,QB,71,293,25
4887,Steven,Sweeney,2000-02-02,Lake Robertfort,FL,TE,70,274,0
4888,Kathy,Martin,1995-03-20,East David,OH,WR,77,175,20
4889,Laura,Atkins,1996-06-30,Munozstad,LA,RB,69,191,2
4890,Crystal,Rodriguez,1991-09-24,West Donald,MI,TE,73,218,99
4891,Joseph,Chapman,1992-10-12,Cookborough,OH,QB,70,284,83
4892,Paul,Villegas,1992-06-10,Chasebury,AL,WR,70,264,38
4893,Shannon,Flores,1989-06-04,West David,MO,WR,71,268,26
4894,Ebony,Riley,1996-08-17,Lake Stevenmouth,AR,RB,69,258,88
4895,Scott,Hughes,2007-10-02,North Kimberlyport,NY,WR,80,218,98
4896,Vernon,Gordon,1998-08-28,Lake Zoe,LA,QB,68,223,1
4897,James,Sanchez,2004-11-22,North Scottfurt,PA,RB,71,180,1
4898,Susan,Ortiz,2000-01-27,New Wendy,PR,WR,73,235,84
4899,Mark,Spencer,1990-06-22,Leonardmouth,IL,RB,72,182,29
4900,Craig,Clay,2003-12-27,East Brianna,VI,QB,80,273,85
4901,Suzanne,Ramirez,2001-08-30,Port Dennis,AL,RB,76,151,53
4902,Sharon,Taylor,1995-08-30,New Ashley,MI,TE,73,213,40
4903,Crystal,Scott,1986-09-15,Cruzland,CO,WR,77,218,18
4904,Andrew,Herrera,1994-05-30,New Karenhaven,PR,RB,80,292,64
4905,Johnny,Simmons,1995-08-11,Rodriguezside,ND,RB,70,217,71
4906,Matthew,Clayton,2005-11-28,West Bethany,KS,TE,69,267,91
4907,Jeanne,Bailey,2007-06-14,Gregoryburgh,CO,TE,69,232,33
4908,Ryan,Baker,2000-01-23,Autumntown,ID,WR,79,164,39
4909,Jessica,Foster,1988-12-23,Harrismouth,FL,WR,70,245,99
4910,Matthew,Myers,1997-09-23,East Brenda,SD,RB,73,240,2
4911,Erin,Richardson,2002-10-11,Valeriechester,NC,WR,75,216,34
4912,Cassandra,Harrell,2000-10-31,Erinview,NV,RB,78,273,33
4913,James,Riddle,2007-03-31,Bradfordland,CT,QB,72,300,89
4914,James,Scott,2007-11-01,East Troyhaven,AR,QB,69,290,1
4915,Brian,Lopez,1989-05-10,South Jeff,GA,RB,75,259,65
4916,Maria,Ramos,1986-05-09,Booneport,AK,QB,80,222,78
4917,Selena,Kidd,2002-04-27,East Bradley,AR,TE,76,213,46
4918,Christine,Summers,1992-09-04,Torresmouth,NE,TE,77,192,96
4919,Isaac,Hamilton,2005-07-31,Hallfurt,VT,RB,75,268,52
4920,Brenda,Novak,1990-02-21,New Kimberlyborough,MT,TE,73,256,58
4921,Lisa,Hurst,2002-03-03,Lake Jacobville,HI,TE,76,218,15
4922,Tony,Allen,2006-12-27,Molinamouth,MN,RB,74,185,65
4923,Elizabeth,Fuller,1990-11-18,West Rachelbury,GA,TE,72,280,7
4924,Amber,Fitzgerald,2007-05-19,Paulchester,NY,QB,68,179,21
4925,Timothy,Manning,1998-04-09,Patriciachester,DC,WR,69,292,34
4926,Jessica,Rose,1988-04-15,Lake Larryton,VT,WR,73,232,41
4927,Kevin,Randall,1988-04-08,West Brenda,NE,QB,68,296,10
4928,Jonathan,Marshall,2003-07-16,West Briana,WI,RB,73,217,50
4929,Kelsey,Clark,2005-01-12,Anthonymouth,NJ,TE,68,282,40
4930,Nicholas,Trujillo,2003-12-27,Port Benjamin,CO,RB,68,169,72
4931,Shelley,Morton,1989-07-16,Carpenterborough,PR,RB,78,284,58
4932,Vincent,Barr,1990-07-23,North Stevenburgh,SD,TE,69,289,56
4933,Scott,May,1993-12-30,North Jonathantown,IA,WR,72,203,78
4934,Eileen,Young,1996-02-27,Lake Danaborough,OR,QB,68,164,44
4935,Deanna,Randall,1986-03-09,Lake Keithstad,OH,TE,79,198,81
4936,Kayla,Wagner,2006-03-02,Justinchester,NJ,TE,72,242,97
4937,Kristine,Jones,1992-05-27,Thomaston,FL,TE,78,217,11
4938,Christian,Vasquez,1994-05-17,North Dakotahaven,IA,TE,72,263,88
4939,Timothy,Miller,2001-10-25,North Alice,NC,QB,80,173,80
4940,Ashley,Griffin,1992-09-08,Lake Thomasbury,GA,RB,73,190,65
4941,William,Levy,1999-05-19,Rhondaland,KS,WR,70,250,66
4942,Sherry,Garcia,1986-04-23,West Diane,IA,QB,79,282,36
4943,Melanie,Meza,2000-12-30,Jonathanborough,NM,RB,73,162,93
4944,Julie,Brown,2005-08-06,Melissastad,RI,QB,72,209,34
4945,Jordan,Haynes,2004-01-08,Williamshire,PW,QB,74,231,10
4946,David,Coleman,2001-02-16,West Rebecca,WI,WR,79,224,73
4947,Tina,Moore,2001-08-10,East Tanya,NM,WR,71,171,75
4948,Brian,Chavez,1993-05-06,Marissaport,LA,RB,74,210,92
4949,Erin,Shaffer,1997-02-15,North Eugenefurt,NH,QB,68,254,56
4950,Roger,Roy,2003-06-05,Port Madison,WA,WR,73,200,35
4951,Elizabeth,Gonzalez,1985-10-18,Brownmouth,MT,TE,79,191,4
4952,Tyler,White,2004-08-01,Port Nicholemouth,FM,RB,75,200,31
4953,Jessica,Lyons,1992-03-17,Lake Johnny,MI,QB,79,219,59
4954,Erik,Reid,2006-01-30,South Erin,NM,WR,80,276,5
4955,Patrick,Mcintyre,2004-08-13,Port Jonathan,VA,QB,77,210,57
4956,Courtney,Blair,2005-10-19,East Heather,AZ,WR,80,168,19
4957,Jasmine,Tyler,1992-02-21,Barnesfort,NM,QB,78,252,48
4958,Lonnie,Smith,2006-08-13,Jacobhaven,DC,QB,69,152,32
4959,John,Matthews,2004-01-16,Angelaborough,AZ,RB,68,215,80
4960,Justin,Palmer,1997-10-20,Ashleyhaven,NV,QB,72,222,93
4961,Ryan,Smith,2006-05-25,Anthonyland,RI,WR,78,153,3
4962,Michael,Ortiz,2001-01-03,Frederickmouth,ME,WR,79,294,20
4963,Joe,Salazar,1989-10-07,New Chadton,VI,WR,75,208,93
4964,Spencer,Davis,1986-12-07,North Erin,HI,TE,70,150,81
4965,Sharon,Rose,2000-06-13,Davidchester,CA,QB,78,257,49
4966,Timothy,Maddox,1988-08-15,Fraziermouth,SD,RB,80,262,46
4967,Christy,Lee,2003-02-05,Destinyside,VA,RB,71,167,75
4968,Michael,Parks,1997-03-12,Zacharyburgh,WI,WR,78,284,82
4969,Karen,Valdez,1988-03-04,Kristinabury,WV,RB,80,198,11
4970,Lori,Davis,2000-02-07,Paulside,OK,QB,74,223,17
4971,Erin,Miller,1990-06-20,Morenoland,NE,TE,78,231,29
4972,Gary,Orozco,2005-12-28,South Michelletown,PA,TE,69,288,44
4973,Bryan,Lee,2001-01-30,Port Melissa,HI,RB,69,296,97
4974,Chris,Stewart,1996-10-04,Port Wendyshire,NH,QB,68,275,88
4975,Melissa,Miller,2007-06-28,East Michaelville,OR,WR,68,192,76
4976,Robert,Jackson,1992-11-06,Buchananborough,SC,TE,80,183,5
4977,Zachary,Hall,1987-04-11,South Christopherville,GU,WR,73,207,56
4978,Cindy,Harding,1997-11-17,Jennyfurt,LA,WR,71,261,90
4979,Jacob,Davis,2004-10-18,Codymouth,MN,TE,69,241,40
4980,Kristin,Clark,1990-11-13,Nancytown,PW,TE,80,245,21
4981,Bradley,Thomas,1991-12-30,West Vincent,OR,RB,72,205,94
4982,Joseph,Brown,1994-07-15,Jenkinsville,MO,RB,69,194,63
4983,Rebecca,Alexander,1996-01-13,Lynchmouth,WI,RB,76,175,39
4984,Kevin,Bishop,1987-03-17,North John,NM,WR,79,179,29
4985,Vincent,Holden,1994-04-15,Monicaside,MP,WR,80,280,72
4986,Cynthia,Reed,1989-01-18,Port Christopher,PA,RB,72,252,54
4987,Christopher,Davis,1986-04-22,Port Deanfurt,WV,TE,72,275,50
4988,Sarah,Gonzalez,1996-09-01,Marshallborough,WA,QB,68,151,12
4989,Christopher,Woodard,1998-01-13,Lake Stevenville,ID,QB,74,271,24
4990,Vicki,Crawford,1994-09-13,North Lisa,VT,WR,69,205,10
4991,Michelle,Brown,1994-11-03,Ericburgh,WY,QB,71,257,11
4992,Cindy,Maxwell,2002-10-01,Andersonfurt,TN,QB,75,158,4
4993,Debbie,Wells,1991-06-01,West Kimberlystad,WI,QB,76,180,38
4994,Thomas,Green,2003-02-11,Curtisbury,MH,WR,79,200,25
4995,Mark,Anderson,2006-05-29,Port Alicia,TX,WR,73,154,77
4996,Bryan,Spencer,1989-06-18,Wilsonland,AR,RB,68,265,49
4997,Dennis,Garcia,2001-02-11,Dayfort,CT,RB,71,161,58
4998,Paul,Kirby,2001-08-14,Lake Raymondmouth,SC,WR,80,204,3
4999,Richard,Schmitt,1994-03-12,Allisonchester,GA,WR,76,150,52
5000,Frank,Burns,1993-07-02,Kristinfurt,LA,RB,69,257,63
5001,Stephanie,Gomez,1985-10-10,East Ericport,AK,QB,74,172,55
5002,Regina,Dixon,2004-09-30,Stevensberg,AZ,TE,68,244,52
5003,Eileen,Miller,2007-03-22,Georgefurt,NM,QB,69,252,83
5004,Stephen,Collins,1989-10-21,Antoniofort,MN,TE,75,247,17
5005,Bridget,Sellers,1996-09-04,Stewarttown,NV,TE,76,211,98
5006,Garrett,Gallegos,2000-07-03,Zacharyville,ND,WR,79,270,30
5007,Cheryl,Nunez,2000-03-17,Wongstad,IN,WR,71,222,55
5008,Jessica,Garza,1999-10-18,Lake Rodneyfurt,PR,WR,68,285,74
5009,Daniel,Nelson,1989-03-31,Shaneshire,DE,RB,76,294,87
5010,Jeremy,Mccoy,2006-10-15,Ashleyside,CA,RB,69,297,63
5011,Robert,Jones,1999-05-31,West Robert,HI,RB,72,213,44
5012,Alicia,Montgomery,2003-05-06,Josephside,MT,QB,71,267,19
5013,Linda,Williams,1999-05-09,North Michaelview,PA,RB,72,191,96
5014,Ryan,Hopkins,1991-10-13,North Michele,MN,QB,75,295,62
5015,Jennifer,Fox,1986-11-14,East Mike,IN,RB,74,174,77
5016,Jennifer,Reese,2003-07-08,South Jessicaville,GU,TE,75,182,70
5017,Travis,Young,1995-12-26,West Rachel,AR,QB,76,241,98
5018,Veronica,Parker,2005-08-03,Larrytown,NM,QB,75,241,98
5019,David,Taylor,1995-10-05,Jenniferbury,NE,TE,77,162,44
5020,Scott,Delacruz,1992-06-06,North Brandonview,KY,RB,74,268,55
5021,Andrea,Keith,1995-03-24,Turnerville,AR,QB,73,293,39
5022,Luis,Bonilla,1987-05-11,Joneston,MS,RB,77,240,24
5023,Douglas,Sullivan,2002-03-05,West Ruben,OH,TE,73,168,99
5024,Laura,Mcguire,2005-05-02,East Regina,GA,TE,78,288,5
5025,Christina,Ponce,2002-08-03,Kristiberg,MP,TE,72,185,69
5026,Danny,Patel,1985-06-03,Riveraside,AK,RB,70,275,97
5027,Nicholas,Sharp,2008-03-07,Wardton,CA,QB,75,161,69
5028,Olivia,Williams,1988-12-12,Courtneyfurt,GA,TE,69,150,35
5029,Carl,Ballard,1986-10-16,Brianhaven,DC,RB,80,248,78
5030,Meghan,Freeman,2005-10-31,Roberthaven,IN,WR,71,156,27
5031,Alyssa,Barnes,1991-01-20,East Nicoleport,AR,WR,78,192,26
5032,Eric,Miller,1985-05-26,Davidhaven,VI,QB,76,253,40
5033,Sandra,Frazier,1990-03-16,West Jennifer,TN,RB,78,195,52
5034,Gerald,Dudley,1986-10-03,North Karentown,WV,WR,78,261,79
5035,Bobby,Sparks,1992-07-01,West Aaronhaven,VT,QB,76,201,11
5036,Jonathan,Leach,1993-07-04,Evanschester,AS,TE,79,199,53
5037,Jaclyn,Williams,1988-03-22,Katherineport,PW,TE,75,216,32
5038,Jessica,Burgess,1990-02-11,Emilyshire,WV,WR,69,206,72
5039,Jeff,Johnson,1988-04-05,Beardland,ME,RB,68,185,47
5040,Jacob,Roth,2006-12-16,North Mindy,MT,WR,78,176,61
5041,Catherine,Griffin,1986-12-19,Kellyborough,VI,TE,74,271,36
5042,Wanda,Price,1990-07-02,Longmouth,NJ,RB,74,250,81
5043,Haley,Brown,1996-07-08,South Joyce,MA,TE,70,233,45
5044,Derrick,Bell,1987-12-05,Jennifermouth,AZ,QB,79,196,25
5045,Sara,Rose,1998-09-22,Lake Ruthburgh,OH,TE,73,264,72
5046,Meredith,Bailey,2005-12-04,New Bradley,OR,RB,72,199,39
5047,Tyler,Barry,1999-01-17,Martinmouth,AZ,WR,78,288,99
5048,Ryan,Middleton,1991-07-17,Johnsfurt,SC,RB,72,270,34
5049,Nancy,Mccoy,1987-01-30,Snowhaven,VA,TE,72,230,65
5050,Joseph,Moses,2005-12-26,Robertsontown,KY,QB,78,157,11
5051,Angela,Werner,1987-07-12,Bradshawborough,WV,RB,77,197,93
5052,Steven,Smith,1988-04-01,North Cathyville,DE,RB,71,190,43
5053,Ronnie,Horn,1992-03-06,Foxland,MA,RB,80,175,48
5054,Tyler,Cain,2006-12-09,Danafurt,ID,WR,77,156,50
5055,Cynthia,Johnson,1996-11-26,Lake Miranda,OR,TE,78,267,55
5056,Kenneth,Bentley,1997-02-09,Port Andrea,MO,WR,79,231,4
5057,Shari,Diaz,1992-02-07,Gonzalezborough,ID,QB,73,178,11
5058,Christopher,Hunter,1988-10-28,New Georgeport,NH,RB,80,271,59
5059,Steven,Robinson,2007-01-29,Michellestad,AR,RB,75,205,67
5060,Sean,Johnson,1999-08-21,Kelseyland,OK,RB,80,162,51
5061,Sandra,Brown,1993-09-20,Sarahview,AK,QB,68,263,85
5062,Gregory,Thomas,1994-12-01,North Ronniestad,MP,QB,69,150,7
5063,Charles,Gilbert,2006-03-07,Elizabethfurt,DE,WR,76,158,50
5064,Patrick,Stewart,1999-01-30,East Kevin,MA,WR,69,195,25
5065,Cody,Robinson,2005-04-10,Thomasville,MT,RB,74,226,67
5066,Cindy,Alvarez,1995-04-15,Jeremyside,WV,QB,68,292,23
5067,Justin,Martin,1999-03-06,New Michaela,PR,QB,73,174,53
5068,Nathan,Rice,1991-07-07,North Michaelville,NC,TE,76,216,6
5069,Karen,Livingston,2003-04-21,New Angelaton,WI,RB,73,285,54
5070,Crystal,Bird,1987-06-18,North Annaport,VT,QB,80,188,13
5071,Timothy,Garcia,1998-12-04,New Julian,PA,QB,72,240,61
5072,James,Mcgee,1995-03-16,Andersonbury,SD,RB,80,247,69
5073,Jane,Hanson,1989-11-11,Esparzachester,WV,WR,76,192,71
5074,Lucas,Jenkins,1988-02-24,Aprilfort,MP,TE,72,207,63
5075,Cathy,Dennis,1997-08-28,Rachelton,ND,WR,78,192,35
5076,Tamara,Salazar,1994-02-17,Port Stephaniefurt,SD,RB,76,217,2
5077,Nancy,Davis,1992-05-26,South Holly,GU,WR,73,275,73
5078,Crystal,Rivers,2004-05-31,East Emilystad,VT,RB,74,232,52
5079,Jeremiah,Cook,1991-06-20,Lopezburgh,OR,TE,77,239,23
5080,Michael,Williams,1999-01-02,Laurafort,NE,TE,75,268,61
5081,Johnathan,Martinez,1994-04-23,South Paulside,AK,RB,71,187,80
5082,Angela,Gentry,1987-05-01,New Shaunville,FL,QB,70,166,26
5083,Thomas,Lee,2007-12-25,East Lori,GA,RB,70,251,10
5084,Amanda,Hoover,1990-12-05,Lake Billyfort,MA,QB,80,261,26
5085,Michael,Allen,1995-09-27,Cruzberg,MP,RB,70,263,94
5086,Jessica,Daniels,1985-09-02,Port Whitneytown,MT,TE,72,154,84
5087,Thomas,Hines,2003-05-22,Lake Timothy,MH,QB,72,188,51
5088,Ashley,Robertson,1990-10-03,Pricefurt,TX,RB,72,265,93
5089,Jamie,Jennings,2005-04-25,West Matthewmouth,MN,TE,80,273,79
5090,Kathryn,Miller,2003-08-03,Coopermouth,VT,QB,69,241,71
5091,Monica,Anderson,1989-10-15,Davisstad,WY,QB,74,264,96
5092,Patricia,Santos,1989-12-10,Port Heather,MS,QB,77,296,54
5093,Jessica,Johnson,1998-04-06,Port Robertport,WI,WR,75,226,43
5094,Megan,Friedman,2004-09-02,North Alex,MP,WR,70,242,6
5095,Jose,Lane,1996-06-04,Lake Amy,MN,RB,79,247,47
5096,Lindsey,Harris,1992-08-04,Carlfurt,PR,WR,80,240,12
5097,Leah,Lawson,1999-05-31,Lake Jonathanport,LA,TE,75,196,77
5098,Theresa,Anderson,1998-04-17,New Cherylstad,MS,TE,75,162,86
5099,Shannon,Elliott,1999-03-28,East Teresa,NH,TE,77,264,94
5100,Megan,Armstrong,1994-12-16,Mclaughlinborough,IN,TE,68,260,14
5101,James,Brown,2006-09-30,Kristinmouth,MD,TE,72,199,27
5102,Bryan,Price,1997-07-13,Gordonland,UT,QB,69,158,59
5103,Kylie,Smith,1992-04-05,Smithchester,MN,WR,69,218,37
5104,James,Salinas,1986-08-12,Jonesland,MS,QB,78,168,85
5105,Cody,Kemp,2002-01-30,Nicolemouth,WV,WR,74,186,97
5106,Ashley,Scott,2006-04-25,South Amberfort,TN,QB,74,266,23
5107,Benjamin,Taylor,2003-09-03,Reedhaven,SD,TE,72,180,77
5108,Cameron,Rodriguez,1992-10-27,Reevesfurt,MD,TE,80,175,78
5109,Michelle,Levine,1990-04-20,North Donnamouth,MO,RB,69,206,12
5110,Leslie,Sanchez,2002-06-30,East Jenniferbury,CT,QB,74,169,12
5111,Donna,Moore,1998-10-08,Theresaberg,NC,WR,71,236,41
5112,Carlos,Baker,2006-02-27,New Danastad,VI,TE,75,245,14
5113,Lauren,Browning,1990-08-17,Lake Christopher,TN,RB,71,244,10
5114,Stephanie,Salazar,2002-06-29,New Lisaton,FM,RB,71,167,35
5115,Michele,Anderson,2006-11-09,Hartmanside,MS,TE,68,299,20
5116,Debra,Camacho,2000-12-23,Port Cathyport,SD,TE,70,203,75
5117,Victoria,Jones,1985-11-22,Kennedyside,AZ,TE,70,252,96
5118,Daniel,Carrillo,1989-03-14,West Stephanie,KS,TE,75,225,79
5119,Jacob,Henderson,1988-05-30,West Oliviabury,IA,TE,72,268,40
5120,Erica,Lozano,1999-05-04,Michaelmouth,TX,QB,72,281,74
5121,Amanda,Simpson,1986-03-19,Ericmouth,WA,QB,73,185,68
5122,Alan,Williams,1986-07-06,South Robert,MT,QB,76,275,2
5123,Stacey,Rivera,1998-06-05,Bryanville,MD,RB,76,277,51
5124,Catherine,Hill,1990-08-07,Wellsstad,WY,QB,69,251,17
5125,Michael,Ramsey,2007-12-16,East Kevin,KY,WR,71,249,80
5126,Amanda,Brown,1989-09-20,New Laura,FL,QB,70,174,11
5127,Carlos,Peterson,1987-11-06,Rachelfort,NH,RB,74,194,99
5128,Robert,Alexander,1995-03-16,Angelastad,MH,RB,75,165,76
5129,Mary,Wright,2005-05-16,New John,WY,WR,68,292,0
5130,Jeffrey,Mcguire,1996-07-07,Brownfurt,AL,QB,70,244,9
5131,Michelle,Miles,2006-12-14,Cherylport,WA,TE,74,155,40
5132,Kevin,Ewing,1995-09-08,Cunninghambury,ID,WR,71,171,37
5133,Christian,Reyes,1989-08-30,East John,NE,TE,77,154,15
5134,Chad,Wilkinson,1998-05-04,New Jenniferborough,ME,QB,74,168,85
5135,Brooke,Mitchell,2004-01-07,West Joymouth,GU,WR,79,214,81
5136,Emily,Romero,2007-11-23,Williamport,NE,TE,79,254,21
5137,Haley,Powell,1997-03-07,New Juanfurt,IA,QB,73,207,25
5138,Lisa,Bishop,1988-11-30,Dawsonchester,DE,RB,80,221,50
5139,Christian,Shaw,1987-07-29,North Kristinstad,AS,WR,79,283,85
5140,Daniel,Williams,1987-05-27,North Peterburgh,MN,QB,70,161,41
5141,Mario,Hall,1987-01-20,North Michelle,FL,TE,78,219,36
5142,Levi,Gonzalez,1997-04-03,Toddfurt,GA,TE,79,216,1
5143,Andrew,Gray,2003-07-22,Baileyton,CO,TE,78,238,34
5144,Tammy,Grant,1985-07-22,Anthonyside,CA,TE,74,228,52
5145,Arthur,Rodriguez,1988-06-27,West Louis,WA,QB,77,273,71
5146,Richard,Williamson,1986-08-21,Heathburgh,AL,RB,78,213,24
5147,Steven,Olson,2001-12-27,North Nicolebury,VT,QB,76,264,35
5148,Vicki,Brown,2004-10-03,Clairetown,UT,WR,72,292,57
5149,Stephen,Burch,1996-09-29,South Wanda,MH,RB,68,279,15
5150,John,Jackson,2002-01-26,Brittanytown,DC,WR,74,152,89
5151,Michelle,Stanley,2000-12-06,East William,KS,TE,72,164,42
5152,Robert,Lamb,1994-03-16,Kyleland,HI,WR,73,167,49
5153,Lisa,Richardson,2008-03-19,Castilloborough,WI,TE,70,247,92
5154,Deanna,Jones,1988-05-01,Kathleentown,FM,TE,71,267,98
5155,Calvin,Padilla,1991-01-27,Anthonychester,NE,QB,72,207,74
5156,Bethany,Miller,1996-12-20,South Garyview,AL,QB,80,283,33
5157,Brenda,Collins,1995-02-28,New Karenhaven,IN,RB,80,185,34
5158,Amanda,Johnson,1996-03-30,Lake Kara,PR,RB,70,195,84
5159,Angelica,Davis,1999-06-14,Danielburgh,SD,QB,79,257,34
5160,Holly,Craig,1986-05-21,Kerryland,AR,RB,74,164,80
5161,Jessica,Arias,1999-06-03,Smithstad,UT,TE,71,190,1
5162,Melissa,Livingston,1985-12-24,Kathleenstad,MD,RB,68,232,98
5163,Mark,Jenkins,1997-12-18,Maryport,VI,WR,68,273,17
5164,Jessica,Jones,2001-11-22,East Johnton,NH,TE,75,244,57
5165,Sarah,White,1985-12-08,Shelleyberg,AK,QB,69,271,5
5166,Brian,Castro,2002-03-31,Zimmermanport,CO,RB,76,260,78
5167,Chase,Romero,1995-03-11,Lake Juliaborough,DE,QB,68,283,73
5168,Dorothy,Gomez,2003-04-08,Millermouth,MH,TE,68,186,15
5169,Jessica,Garcia,1986-04-08,Jessicashire,UT,QB,75,295,42
5170,Kylie,Maldonado,1991-05-30,Baileyport,NC,TE,76,155,14
5171,James,Soto,2005-04-09,North Daniel,FM,QB,74,269,21
5172,Joseph,Myers,1988-03-17,North Jared,NE,WR,69,266,16
5173,Raymond,Lee,2000-06-15,Stevenmouth,LA,QB,73,164,96
5174,Timothy,Gray,1999-11-30,Port Rogerton,RI,TE,79,165,61
5175,Crystal,Castro,2003-12-20,Georgefort,MD,RB,80,266,77
5176,Shari,Gill,1991-07-10,Lake Brian,LA,RB,75,183,99
5177,Susan,Baker,1999-10-02,Medinaburgh,WY,TE,73,169,68
5178,John,Patel,2002-03-02,New James,MD,WR,77,190,7
5179,Alicia,Meyers,2002-09-22,West Mary,VT,WR,80,270,22
5180,Jennifer,Meyers,1998-08-22,South Jill,AR,RB,70,226,49
5181,Kathleen,Garcia,2007-01-31,North Jared,TN,WR,68,179,6
5182,Megan,Dunn,2001-09-02,West Jennifer,IN,WR,71,294,15
5183,Angela,Simpson,2000-12-21,West Kevinshire,NC,WR,69,242,35
5184,Paul,Daniels,2006-04-06,Lake Jeremymouth,MI,WR,69,257,97
5185,Heather,Gilbert,2004-06-23,Port Frankland,TN,WR,78,242,13
5186,Mark,Zuniga,1999-03-18,Cynthiamouth,IA,TE,79,228,43
5187,Pedro,Smith,1989-06-20,South Christopherberg,VA,QB,75,255,2
5188,Brian,Simmons,2006-10-09,Lake Lisa,VI,QB,71,176,43
5189,Tiffany,Riley,1990-03-01,Gilbertview,VA,WR,71,220,43
5190,Benjamin,Hall,2002-08-24,North Michelemouth,MI,WR,79,155,20
5191,Richard,Keith,2000-06-16,Delgadotown,DE,TE,69,159,79
5192,Emily,Espinoza,1987-10-08,Johnsonport,AZ,RB,72,280,87
5193,David,Orr,2007-12-21,New Erik,MT,RB,77,227,60
5194,Jamie,Crawford,1987-11-11,South Tammyfort,CT,RB,73,236,83
5195,Kyle,Moore,2001-03-25,North Emilyhaven,MO,QB,74,198,75
5196,Darren,Thomas,2004-02-19,Lake Vickistad,ME,QB,72,259,33
5197,Scott,Hodges,2007-06-16,Cobbland,MO,TE,78,292,13
5198,Jordan,French,2002-03-05,Robertbury,OK,TE,70,272,78
5199,Paige,Vasquez,2004-02-11,Nicholsborough,NM,TE,80,257,47
5200,Tamara,Clark,1991-12-17,West Stephaniemouth,IA,WR,77,175,67
5201,Kristen,Smith,2007-06-09,Bethport,KS,QB,78,231,12
5202,James,Brooks,1992-07-02,Stephanieberg,SD,TE,76,299,62
5203,Christopher,Stein,1987-07-01,West David,ND,TE,77,189,64
5204,Shawn,Freeman,2006-08-10,East Jonathanport,ID,TE,79,272,10
5205,Elizabeth,Petersen,1989-03-04,South Lisatown,TN,QB,78,174,3
5206,Christina,Morgan,1997-01-02,New Victor,VI,WR,75,233,48
5207,Diane,Holland,2006-01-05,Griffinfurt,GU,RB,76,275,70
5208,Eric,Ross,2002-04-16,North Ericamouth,TN,RB,77,202,68
5209,Diana,Vega,1988-05-17,Parkerstad,OK,WR,70,280,85
5210,Madison,Diaz,1998-02-16,Normaberg,MD,WR,72,265,21
5211,Michael,Hendricks,2002-01-06,North Brian,OH,QB,74,253,62
5212,John,Clark,2001-08-01,Vargasborough,DC,RB,74,157,39
5213,John,Farmer,1988-08-30,New Chaseview,DE,RB,76,275,13
5214,David,Mooney,1992-06-19,South Destiny,SD,RB,78,166,92
5215,Austin,Wiggins,1996-10-06,Whitestad,IL,RB,75,202,52
5216,Marc,Robinson,2003-09-15,Lake Kristafurt,CO,QB,76,213,8
5217,Michael,Parrish,2002-04-24,New Michelleland,ID,WR,75,259,31
5218,Joseph,Johns,2008-04-11,New Sandystad,PR,QB,79,283,39
5219,Susan,Bailey,1995-10-12,Melissamouth,OR,WR,71,240,17
5220,Jeffrey,Vega,1997-06-13,Robertberg,MO,RB,79,235,69
5221,Ashlee,Wolfe,1986-01-06,Debrahaven,DE,WR,74,178,76
5222,Chad,Pena,2000-05-15,North Andrewfurt,MT,QB,74,274,86
5223,Sabrina,Dean,1996-11-14,South Karen,IL,TE,70,214,87
5224,Tracy,Phillips,1995-07-13,Ryanland,TX,TE,78,290,98
5225,Yvonne,Miller,1988-06-15,Maciaston,NY,WR,71,155,14
5226,James,Morris,1989-02-02,Dennisside,SC,TE,73,250,36
5227,Janet,Barnes,1993-03-30,Joshuaport,PR,TE,68,179,79
5228,Deborah,Woods,1998-03-04,North Heatherborough,GU,RB,75,300,12
5229,Antonio,Miles,1990-04-29,Mcdowellview,VT,TE,79,161,26
5230,Barry,Thomas,1998-07-05,Amyberg,TX,QB,69,151,59
5231,Nicholas,Allen,1989-05-15,Joshuaport,NH,RB,71,186,50
5232,Valerie,Smith,1995-08-12,South Peter,PA,TE,78,250,78
5233,Melissa,Carlson,2001-06-28,Patriciafurt,HI,TE,76,260,15
5234,Stacey,Durham,1991-03-21,Port Tanya,ID,QB,80,249,15
5235,Craig,Rodriguez,2005-07-13,Tanyachester,PA,TE,75,283,57
5236,Alexander,Graham,2003-09-05,Benitezton,ND,WR,80,209,23
5237,Paula,Miller,2005-02-09,Audreyfort,FL,TE,78,280,70
5238,Jamie,King,2005-08-28,Velasquezside,WA,RB,72,236,50
5239,Erin,Parker,1986-11-26,Russelltown,MH,WR,75,299,43
5240,Janice,Woods,1997-10-15,Coleview,NH,TE,76,190,2
5241,Amy,Dixon,1992-01-22,Lake Stefaniebury,WY,WR,72,261,37
5242,Trevor,Diaz,2002-02-16,South Amandaport,NC,WR,69,298,90
5243,Nicole,Scott,2000-09-25,Lake Christina,FM,TE,69,223,22
5244,Virginia,Martinez,2004-06-19,Robinsonberg,NM,QB,78,244,23
5245,Rebecca,Steele,2007-09-26,Jonesfort,MS,QB,72,295,43
5246,Teresa,Nelson,2002-06-29,Lake Oscarchester,NC,RB,76,258,55
5247,Mario,Ford,1993-03-30,Lake Josephview,HI,TE,68,225,40
5248,Jill,Silva,2004-03-19,Lake Matthew,IN,QB,72,284,16
5249,Kathleen,Whitaker,1993-08-30,Port Kimberlychester,MI,QB,72,267,19
5250,Mark,Stevenson,2004-04-16,Andreatown,AS,WR,68,178,86
5251,Barbara,Jenkins,2004-03-09,West Bethanystad,NV,RB,69,232,68
5252,Rebecca,Adkins,1998-10-03,South Brandi,SD,WR,68,289,61
5253,Samuel,Gonzalez,2002-05-29,West Julie,PA,RB,74,289,9
5254,Karen,Fox,2005-03-06,South Savannah,SD,QB,78,188,23
5255,Alexa,Lee,1994-11-02,Bradymouth,WV,TE,73,185,75
5256,Donna,Johnson,2000-07-10,New Paulaland,AZ,RB,74,208,17
5257,Andrew,Smith,1992-07-14,Ruizchester,AK,QB,75,271,37
5258,Robert,Powell,1999-03-10,Carlsonton,WA,TE,79,168,38
5259,Gerald,Wall,2001-11-04,Sydneymouth,ID,QB,69,277,25
5260,Darren,Scott,2005-03-27,North Elaineland,ID,RB,74,264,86
5261,Jason,Trevino,2006-12-30,Myerston,WA,TE,73,243,78
5262,Kathryn,Rodriguez,2006-05-24,Jaychester,PA,WR,75,291,69
5263,Ashley,Richard,1988-04-03,Dustinview,NM,RB,68,238,30
5264,Kiara,Landry,1985-06-09,East Susanview,VT,TE,77,241,42
5265,John,Miller,1987-12-03,South Julia,NM,TE,71,228,14
5266,David,Jones,1988-08-29,Port Betty,ND,TE,68,209,20
5267,Monica,Adams,2005-05-25,Andersontown,LA,QB,68,167,37
5268,Chad,Ryan,1986-03-14,Popeside,MN,RB,69,213,50
5269,Thomas,Davis,2005-06-16,North Ashleymouth,GU,RB,72,173,73
5270,Jacob,Meyer,1990-12-30,North Christopher,NE,RB,74,242,79
5271,Troy,Jones,2002-11-30,West Johnmouth,ND,WR,79,187,80
5272,Caitlin,Ford,1992-02-19,Drakefurt,WA,WR,72,159,79
5273,Autumn,Ford,2003-06-21,New Saraville,PR,RB,78,174,12
5274,Rodney,Jimenez,1985-07-28,Jonesside,MP,WR,79,186,52
5275,Robert,Davis,1988-06-19,Lisachester,AS,QB,68,228,11
5276,Kyle,Clark,1988-12-18,Riveraburgh,MO,QB,74,227,80
5277,Amanda,Sanchez,2003-07-08,Howardmouth,IA,RB,73,191,11
5278,Daniel,Larson,1999-07-26,West Christopher,MH,WR,75,221,61
5279,Robert,Romero,1992-04-08,Port Jayville,OK,WR,76,232,78
5280,Brian,Gibson,2004-12-16,Port Kennethtown,AL,RB,70,290,34
5281,Daniel,Mitchell,1995-02-19,Brianchester,HI,TE,79,245,10
5282,Jennifer,Whitehead,1991-11-19,Amandaborough,MA,QB,75,282,23
5283,Lindsay,Kelley,1987-12-23,South Karen,ME,TE,77,150,78
5284,Dominic,Zimmerman,2003-02-07,Esparzaburgh,MI,QB,73,229,1
5285,Scott,Ochoa,1985-06-21,Cuevastown,OH,QB,70,253,17
5286,Wesley,Martinez,1990-12-30,Hannahfurt,CT,TE,76,265,53
5287,Emma,Fox,1988-01-26,Port Mariaside,AK,RB,71,151,25
5288,Tara,Meyer,1998-01-19,Ramirezville,IL,TE,79,197,4
5289,Cathy,Matthews,2002-12-12,Lake Jonathanchester,WY,TE,77,225,20
5290,Shawn,Moore,2005-04-25,Larsenburgh,GU,RB,77,210,56
5291,Danny,Cummings,1993-06-10,Richardsonmouth,VA,QB,80,191,25
5292,Amanda,Smith,1995-07-28,Richardsonberg,AS,RB,70,276,16
5293,Thomas,Haney,1990-03-22,Lake Veronicaville,NM,RB,71,181,0
5294,Laura,Mcintosh,1991-12-19,New Joshua,AR,WR,75,259,32
5295,Mark,Huang,1991-02-18,South Eric,AR,TE,69,244,70
5296,Christopher,Hall,2002-07-04,West Candacebury,NE,WR,77,203,58
5297,Cheryl,Stevens,1992-03-23,Melissaland,WI,QB,71,270,27
5298,Michael,Armstrong,2003-01-29,West Andrewland,LA,WR,71,218,32
5299,Jamie,Kelly,2008-02-04,Karenland,WA,TE,71,229,77
5300,Matthew,Huber,2002-03-03,Tylerhaven,MD,RB,76,233,12
5301,Megan,Barnett,1985-09-02,Lake Shawn,TX,WR,77,163,15
5302,Stephanie,Stafford,2001-12-30,Davidton,MP,TE,78,266,29
5303,Christopher,Wilson,2006-12-12,Wardshire,OK,QB,76,231,10
5304,Lauren,Davidson,1992-07-20,South Christopher,PW,WR,71,220,73
5305,Nicholas,Walker,1987-09-04,Katherinechester,KY,QB,73,185,27
5306,Elizabeth,Foster,1996-07-27,Rayfurt,MN,QB,76,290,8
5307,Todd,Bowen,2002-11-20,East Heatherport,AL,RB,79,279,61
5308,Kimberly,Owen,1990-11-01,East Timothytown,HI,WR,70,214,66
5309,Joseph,Donaldson,2002-01-03,Lake Amanda,OH,WR,71,238,12
5310,Monica,Bishop,1998-04-10,South David,NV,QB,78,248,51
5311,Stephanie,Foster,2002-11-19,South Roberto,VI,RB,68,285,82
5312,Diana,Travis,2004-08-16,Martinezmouth,OK,RB,68,262,64
5313,Kathryn,Fitzgerald,1987-04-30,Herringborough,NH,RB,76,198,8
5314,Sharon,Jones,1987-06-02,West Lindsaymouth,GU,TE,69,227,5
5315,Linda,Warren,2000-12-08,New Christianbury,WV,WR,72,195,58
5316,Wayne,Moore,1989-06-05,Lopezfort,GA,WR,73,151,52
5317,Hayley,Baxter,2003-01-28,East Michaelview,GU,TE,69,268,32
5318,Patricia,Carter,2003-12-15,South Timothy,OR,WR,72,154,97
5319,Lori,Martinez,2007-09-02,Dyermouth,PW,QB,71,196,73
5320,Valerie,Levine,2004-11-19,Brentmouth,ND,RB,79,287,15
5321,Dwayne,Brown,1991-04-29,Jessicastad,HI,WR,75,276,92
5322,Thomas,Harrison,1990-01-30,West Aliciafurt,SC,WR,74,198,37
5323,Melinda,Pearson,1988-10-23,Robinsonstad,WA,TE,69,219,86
5324,Ashley,Russell,1995-11-08,Mahoneyville,ID,QB,74,292,17
5325,Jillian,Brown,2006-11-29,Rodriguezport,WY,TE,74,286,24
5326,Jeffrey,Herrera,1996-10-11,Jamesmouth,AR,TE,70,270,15
5327,Kent,Beck,1986-02-06,West Jaymouth,UT,WR,74,268,59
5328,Catherine,Ward,1999-12-12,New Brandonville,OH,QB,76,221,2
5329,Christopher,Smith,1986-08-02,Wheelerview,CA,RB,69,287,74
5330,Hannah,Mitchell,2000-06-16,North Karen,NY,WR,71,214,63
5331,John,Ramos,1990-11-21,Port William,ND,WR,68,247,12
5332,Joshua,Jones,2000-11-22,Ryanside,FL,RB,74,154,19
5333,Wanda,Woods,1995-08-22,New Jamesfort,CT,RB,69,175,85
5334,Katrina,Allen,1992-06-03,Port Melissa,MI,QB,78,241,31
5335,Jill,Reed,2006-05-06,Sarahmouth,KY,TE,76,177,20
5336,Timothy,Tate,1987-09-13,North Christopher,KY,TE,78,300,45
5337,Latoya,Barber,1994-08-18,Lake James,ME,WR,73,203,33
5338,Kevin,Payne,1989-04-29,Fosterside,NV,WR,74,261,75
5339,Corey,Ballard,1998-07-20,South Kennethberg,WA,WR,79,255,43
5340,Roberta,Morris,2003-02-01,East Jessica,KY,RB,73,287,64
5341,Justin,Reyes,1997-12-30,East John,NV,RB,76,159,51
5342,Jennifer,Avery,1999-07-01,Crystalstad,VI,RB,75,202,89
5343,Kelly,West,1996-09-09,Lake Julie,MD,WR,80,203,82
5344,Julie,Brown,2006-06-01,West Debra,WA,QB,68,235,14
5345,Brooke,Reid,1999-01-16,North Michaelhaven,NY,RB,80,170,84
5346,David,Cobb,1991-11-30,Port Georgeberg,RI,QB,77,242,94
5347,Noah,Lambert,1991-04-14,Brandiburgh,VA,WR,68,246,48
5348,Jennifer,Flores,1987-02-06,Port Danieltown,WY,TE,77,239,29
5349,Micheal,Martin,1997-10-22,Hernandezfurt,NV,RB,76,258,79
5350,Michael,Gonzalez,2007-01-16,Lake Jacqueline,NC,QB,71,267,33
5351,Lauren,Alvarado,1995-08-23,Torresburgh,MI,RB,68,180,55
5352,Anthony,Ellis,1994-01-21,Josephfurt,FL,RB,80,245,97
5353,Matthew,Jones,2007-07-08,New Benjamin,OK,RB,73,163,60
5354,Brandon,Turner,1998-03-06,North Heidimouth,LA,QB,68,167,25
5355,Shannon,Moore,2005-06-24,West Dennis,MA,RB,70,154,99
5356,Stephen,Mccarthy,1992-08-23,East Gina,RI,QB,75,155,75
5357,Erica,Crawford,2004-12-10,Ericstad,SD,WR,73,273,14
5358,Dawn,Jones,1998-11-22,Nathanberg,PR,RB,77,294,40
5359,Daniel,Buck,1985-11-09,East Jeffrey,FM,RB,70,218,93
5360,Destiny,Brown,2001-11-28,North Jeremy,MO,WR,75,282,69
5361,Erika,Travis,1992-05-02,Jeanborough,VI,TE,76,187,68
5362,Mary,Boyd,1997-01-23,East Christopher,IN,QB,74,224,71
5363,Michael,Underwood,1988-04-04,North Ronaldstad,CA,WR,69,183,82
5364,Micheal,Gilbert,1988-11-03,East David,RI,TE,76,263,30
5365,Olivia,Flores,1986-05-27,Lake Caitlin,AL,WR,70,213,19
5366,Jonathan,Patrick,2004-04-28,North Lindsayfort,CO,QB,73,240,86
5367,Nicole,Williams,1989-07-03,East James,MP,QB,70,234,40
5368,Michael,Oconnell,1985-11-24,North Janeport,CA,QB,76,195,60
5369,Benjamin,Gutierrez,2005-01-15,Jordanfort,NV,QB,72,154,55
5370,Shannon,Peters,1986-02-18,South Shawn,DC,QB,72,257,78
5371,Christopher,James,2005-03-27,Mclaughlinborough,IL,TE,79,159,11
5372,Julia,Ward,1985-07-04,Brianfort,AL,WR,68,238,98
5373,Erik,Figueroa,1989-09-30,Lake Amandaview,HI,WR,69,230,8
5374,Sharon,Young,1993-04-05,Stevensshire,OR,TE,68,164,12
5375,Cameron,Lloyd,2003-12-30,West Sherry,TN,RB,76,290,19
5376,Michelle,Owens,2002-07-13,Shawnport,TX,TE,68,290,99
5377,Lisa,White,2007-11-16,North Kristenberg,KS,QB,71,212,82
5378,Cynthia,Carter,1996-01-30,Port Megan,NV,QB,72,162,8
5379,Kristi,Davis,1987-04-30,West William,CO,WR,68,165,39
5380,Stephanie,Carpenter,2004-12-15,Deckerfort,OK,WR,71,246,99
5381,Brenda,Mccarty,1993-11-14,Rangelview,VA,WR,76,163,11
5382,Karen,Bolton,1988-07-12,South Maria,OK,WR,71,182,5
5383,Thomas,Burke,2002-01-17,New Elizabethshire,DE,QB,69,176,29
5384,Joseph,Evans,2004-06-05,New Edwardborough,VI,TE,73,198,36
5385,Jennifer,Wallace,2005-10-17,New Jessicaville,MP,WR,80,299,84
5386,Danielle,Jackson,2003-08-01,Jessicaburgh,MT,QB,74,189,7
5387,Tamara,Nixon,1995-06-05,Michaelmouth,RI,WR,74,245,24
5388,Kathleen,Rasmussen,2002-12-01,North Cheryl,GU,QB,72,201,89
5389,Dorothy,Nicholson,1986-02-07,South Dustin,OH,QB,70,219,73
5390,Douglas,Marks,2002-06-16,Shannonport,RI,RB,70,188,21
5391,Jennifer,Wilson,2003-06-19,North Jesus,ND,TE,74,196,62
5392,Paul,Brown,2004-06-01,Mcmillanmouth,AZ,WR,80,281,7
5393,Jason,Hall,1996-01-18,West Randy,GA,TE,79,205,30
5394,Robert,Hoffman,1988-01-14,Wilsonshire,RI,WR,76,288,39
5395,Colleen,Lee,2005-05-12,Ericaside,LA,WR,72,278,39
5396,Angela,Mcpherson,1985-10-20,Port Christopherbury,WV,TE,71,187,51
5397,Jessica,Rosales,2000-08-16,Elliottmouth,MN,TE,74,261,64
5398,Benjamin,Reed,2001-05-08,Port Jeremyview,AL,QB,79,234,22
5399,Troy,Gallegos,1995-01-16,Jacobland,CA,WR,68,196,54
5400,Michael,Ramirez,2007-08-16,Port Davidstad,VI,TE,70,184,1
5401,James,Guerra,2003-03-04,Weststad,CT,RB,79,275,38
5402,Robert,Ramirez,2002-10-31,West Amy,NC,TE,76,297,81
5403,Terri,Davis,2005-12-24,Schmidtberg,AL,TE,74,179,7
5404,Cynthia,Baker,1985-05-22,Salazartown,MD,QB,75,297,83
5405,Ashlee,Mitchell,1993-05-07,New Richard,NJ,TE,70,171,47
5406,Theresa,Hernandez,2001-11-04,Reedport,KY,RB,69,283,87
5407,Caitlin,Sharp,2005-11-30,Evansmouth,AK,WR,80,157,80
5408,Ryan,Sherman,2007-10-06,Snyderborough,NY,RB,78,156,28
5409,Jose,Harris,1996-07-09,Edwardton,KS,QB,69,221,18
5410,Andrew,Murray,1999-07-08,East Thomasborough,MA,WR,70,250,75
5411,Elizabeth,Alexander,1997-04-11,East David,GA,WR,80,284,95
5412,Kristopher,Mason,1996-05-07,North Sandraland,FL,TE,75,300,80
5413,Debra,Schneider,1995-10-24,Barbarashire,CT,WR,71,156,1
5414,Gregory,Anthony,2002-03-01,East Kimberly,WI,TE,73,251,93
5415,Laura,Martin,1987-11-30,New Sherry,SC,QB,80,174,23
5416,Andrew,Salas,2002-10-24,Huntside,FL,WR,72,186,60
5417,Gary,Mcgee,2004-12-06,West Lynnville,PW,TE,80,258,96
5418,Stephanie,Wilson,2000-02-28,North Ethanside,HI,TE,77,249,99
5419,Colton,Mcdaniel,1985-05-06,New Brittanyshire,NY,RB,72,189,24
5420,Jennifer,Ferguson,1998-12-22,Garciatown,NH,TE,80,231,41
5421,Claire,Huynh,2003-11-04,Lake Samantha,HI,RB,74,153,71
5422,Christopher,Daniel,1999-05-14,Nicoleberg,NJ,RB,78,249,82
5423,Cheryl,Davis,2001-02-11,East John,SC,RB,71,265,87
5424,Kelly,Evans,2006-11-15,Garrettton,WY,QB,70,155,83
5425,Maria,Carney,1993-01-19,Port Jamesside,OK,QB,76,206,65
5426,Gregory,Hernandez,1996-04-19,West Andremouth,DE,TE,77,237,54
5427,Suzanne,Schmidt,2007-01-26,Rebeccamouth,WV,TE,72,178,5
5428,Lauren,Norman,2006-03-27,Melissaside,SC,WR,71,276,69
5429,Linda,Johnson,2001-12-31,East Amystad,WY,RB,75,198,67
5430,Marvin,Ramirez,1986-06-15,South Bridget,AR,RB,75,183,62
5431,Richard,Lee,1985-08-31,Adamhaven,MA,RB,78,200,35
5432,John,Henderson,1998-03-19,Scottfort,TX,WR,68,210,92
5433,Stephanie,Parker,2000-01-03,Garrettstad,OR,WR,70,224,79
5434,Gavin,Monroe,2002-02-19,Contrerasmouth,IL,QB,68,298,4
5435,Gregory,Ramos,1998-02-15,Fowlerhaven,IA,QB,71,257,54
5436,Christian,Cooper,1996-02-08,Boydburgh,WA,TE,72,300,99
5437,Scott,Martin,2006-08-08,East Vanessastad,KS,QB,79,243,60
5438,Justin,Randall,1998-10-29,North Robinville,AR,QB,75,191,89
5439,Samuel,Martin,1997-03-22,East Ericside,FM,TE,72,212,47
5440,James,Jackson,2008-03-20,Port William,SD,TE,74,265,10
5441,Rhonda,Orozco,2002-07-22,Andrewsshire,PW,TE,71,166,89
5442,Steven,Anderson,2004-11-12,Meredithhaven,MA,WR,76,189,85
5443,Brian,Guzman,2007-05-01,Monroefort,AZ,WR,73,260,55
5444,Timothy,Robinson,2004-11-08,New Robinburgh,MD,TE,77,167,29
5445,Jeffrey,Foley,1995-02-28,Lake Amy,WI,QB,78,181,46
5446,Marcus,Ross,2007-08-21,Lake Williamborough,MS,RB,76,289,51
5447,Shawn,Harrell,1987-03-29,South Greg,PR,WR,79,271,73
5448,Scott,Camacho,2006-08-27,Robinsonmouth,MI,QB,70,273,45
5449,David,Powers,1991-01-24,South Robert,OR,QB,74,288,30
5450,Megan,Gross,1989-12-23,Port Angelamouth,MO,QB,69,216,96
5451,Stephen,Rodriguez,1993-10-19,Amyberg,VT,QB,70,278,20
5452,Virginia,Stewart,1996-01-17,New Sean,MD,WR,71,242,9
5453,Shelby,Shah,2002-03-26,West Brandonfurt,SC,QB,70,241,10
5454,Michael,Adams,1987-02-06,Port Diana,NH,QB,69,181,27
5455,Kiara,Winters,1998-08-06,South Kevinburgh,WI,RB,74,274,12
5456,Jesus,Scott,2007-12-27,North Angela,DC,QB,79,280,75
5457,Theresa,Murray,2003-10-04,Nathanberg,KS,RB,73,233,45
5458,Reginald,Beck,1997-03-14,Marshallberg,MA,WR,74,285,93
5459,Matthew,Jackson,2005-11-12,South Dennishaven,TN,WR,79,287,39
5460,Vanessa,Lopez,1989-05-21,Thomasport,TX,RB,70,295,60
5461,Crystal,Howard,1987-07-25,South Scottberg,PA,WR,76,252,26
5462,Elizabeth,Brown,2005-06-09,New Dianaburgh,MT,RB,77,152,61
5463,Eric,Davis,1986-06-24,South Gail,CA,TE,78,249,8
5464,Tyler,Schmidt,2006-04-19,Barnesview,NV,QB,79,239,54
5465,Laura,Ryan,2002-04-20,Adrienneborough,MA,TE,70,243,2
5466,Theresa,Nunez,1988-02-15,Calderonfort,NE,TE,80,290,31
5467,Joseph,Richardson,1997-06-24,Brownmouth,WI,WR,69,270,73
5468,Laura,Young,1990-09-19,Bellfort,NM,TE,75,216,32
5469,Mark,Crosby,1987-10-13,Kathystad,HI,RB,74,224,86
5470,Kara,Luna,1988-11-10,Port Michelle,HI,WR,69,300,38
5471,Steven,Nunez,1990-05-18,Port Paulview,MO,QB,73,287,70
5472,Samuel,Pierce,1995-01-09,Danastad,MO,TE,73,292,58
5473,Carolyn,Murray,1991-09-14,Lake Wesleyville,MI,QB,76,189,37
5474,Brian,Garcia,2004-06-07,Garcialand,WV,QB,75,215,65
5475,Christopher,Harding,1998-06-07,South Shannonchester,OR,QB,72,231,60
5476,Brenda,Smith,1994-02-10,East Donald,MH,RB,72,157,53
5477,Brian,Sanchez,1988-01-15,Timothymouth,DC,QB,68,178,87
5478,Daniel,Davenport,2005-01-20,North Amyport,OR,RB,70,235,78
5479,Elizabeth,Walker,2000-02-11,East Jeffrey,KS,TE,77,228,98
5480,Michael,Browning,1994-09-29,West Georgeview,DC,TE,73,279,91
5481,Tyrone,Burns,1992-10-17,Pamelamouth,OH,WR,75,198,47
5482,Crystal,Gross,2001-05-28,Port Thomasfort,GU,RB,80,159,5
5483,Jessica,Johnson,2002-11-26,Andreafort,AK,WR,71,206,90
5484,Donald,Warren,2001-08-26,West Aliciahaven,IA,TE,77,194,39
5485,Dale,Reed,1999-07-10,Jacksonland,LA,QB,75,177,80
5486,Max,Bailey,1987-11-09,Darrellfurt,KY,QB,73,243,40
5487,Juan,Rogers,1999-08-26,Phyllisburgh,MS,WR,80,215,25
5488,Marcus,Small,2000-07-22,Mcdanielport,AZ,QB,78,252,76
5489,Jeremy,Reynolds,1990-02-17,Lake Marioport,MS,TE,68,251,2
5490,Jonathan,Thomas,2007-01-23,Jimport,VA,WR,73,252,52
5491,Spencer,Mack,1988-03-16,Martinezview,NE,TE,71,282,41
5492,Ashley,Alexander,1993-10-07,West Anthony,AL,TE,76,255,85
5493,Zachary,Lewis,1999-09-03,Brianton,IL,QB,72,271,95
5494,Donna,Solomon,1993-12-14,Lake Joshuaton,ID,TE,77,217,68
5495,Tiffany,Ponce,2008-01-12,Leonmouth,VA,WR,69,154,90
5496,Alexandria,Melton,1993-01-25,West Charlesborough,OK,RB,77,286,93
5497,Kyle,Palmer,1996-01-07,Andersonshire,PA,WR,72,196,32
5498,Mark,Hart,2004-09-23,Donnamouth,SD,QB,73,229,28
5499,Sean,Webster,2006-05-29,East Paul,DC,WR,68,228,44
5500,Christopher,Perez,1992-05-24,Lake Bonnie,NH,RB,71,281,59
5501,David,Buck,1989-12-01,Carsonhaven,SC,TE,77,239,14
5502,Taylor,Romero,1992-09-22,Port Nicholasbury,PR,RB,77,262,78
5503,Lisa,Pacheco,2000-12-04,Wilsonbury,GU,WR,73,287,16
5504,Amanda,Young,2000-11-01,Amandashire,WY,RB,74,159,85
5505,Aaron,White,2002-08-15,Alvarezville,OH,WR,71,212,68
5506,Aaron,Russo,1986-03-31,Lake Gloriatown,PR,TE,68,251,32
5507,Angela,Peters,2006-09-20,West Ryan,VI,TE,73,206,80
5508,Evan,Villegas,1998-08-15,Lake Tiffany,ME,QB,75,299,47
5509,Alan,Taylor,2006-07-04,Thompsonmouth,AK,WR,73,193,34
5510,Christine,Sanchez,2001-02-01,New Meghan,IA,RB,72,176,9
5511,William,Alexander,1990-02-18,Lake Benjaminbury,TX,QB,76,198,48
5512,Felicia,Fischer,2004-05-26,Saraview,OK,TE,71,238,74
5513,Henry,Woods,2002-01-15,Andrewville,NV,RB,79,165,6
5514,Taylor,Marquez,2003-10-16,Lisaview,FM,RB,69,247,74
5515,Susan,Norman,2008-03-15,North Rosston,MO,WR,75,299,54
5516,Christopher,Norris,2001-06-27,Morganshire,IA,RB,71,264,61
5517,Peggy,Ellis,1998-08-09,East Williamhaven,OH,QB,77,175,66
5518,Jesus,Brown,1996-02-06,East Caroline,GA,TE,74,217,4
5519,David,Hubbard,1990-07-15,Gillespiechester,AK,TE,76,186,7
5520,Shawn,George,2005-11-11,East Jessicaview,SC,QB,76,266,88
5521,Catherine,Walker,1985-12-16,West David,VA,TE,79,198,90
5522,Donna,Morgan,1992-10-11,Johnmouth,MD,RB,72,183,46
5523,Samuel,James,2002-07-20,West Jared,HI,WR,77,228,33
5524,Tyler,Allen,2006-07-16,Lake Douglasfort,WA,TE,74,165,70
5525,Pamela,Adkins,1994-07-06,Port Katie,NV,WR,70,172,59
5526,Rodney,Winters,1990-10-24,Christinefort,MT,QB,71,202,71
5527,Christopher,Sutton,1993-01-06,New Thomas,NC,TE,68,207,77
5528,Samuel,White,1994-03-21,Pittsport,KY,RB,78,227,35
5529,Jimmy,White,1999-02-01,Hannahtown,ND,WR,75,236,92
5530,Dorothy,Stewart,1997-04-29,Pollardchester,UT,QB,76,256,73
5531,Gilbert,Hill,1986-06-21,East Tina,WA,TE,72,208,60
5532,John,Richardson,2001-05-07,Jacobstad,GU,QB,75,275,21
5533,Emma,Martinez,1985-06-30,Mckenzieville,NC,QB,80,173,24
5534,Ashley,Smith,1998-06-09,Burtonberg,NJ,TE,80,182,64
5535,Vincent,Knight,1986-07-09,Edwardsfurt,LA,RB,68,159,21
5536,Jason,Carter,2005-01-12,West Kristinhaven,PW,RB,72,291,14
5537,Peter,James,1997-02-22,South Monicamouth,TN,TE,68,165,74
5538,Julia,Whitney,1990-02-26,Baldwinmouth,VA,QB,78,198,37
5539,Christopher,Hardy,1996-02-10,Leeview,PW,WR,71,216,44
5540,Alexa,Miller,1997-08-21,New Stevenview,SD,RB,79,254,52
5541,Todd,Smith,1999-11-25,Mckinneymouth,KS,RB,75,197,37
5542,Laura,Wilson,1994-06-18,East Steven,SC,WR,68,232,23
5543,Jesus,Garcia,1999-04-27,North Elizabeth,NV,TE,76,250,81
5544,Matthew,Durham,1987-07-27,Santosbury,WI,QB,80,254,52
5545,Julia,Lee,1998-04-30,Port Jesse,OR,TE,68,259,71
5546,Joseph,Garner,2003-12-01,Samanthamouth,KS,TE,71,217,16
5547,Amanda,Cabrera,1994-12-31,East Tammy,CT,WR,68,204,35
5548,Carl,Cooke,1999-06-03,East Pamela,AL,WR,72,200,0
5549,Kristi,Smith,1996-07-31,Brianside,GA,WR,75,220,31
5550,Jordan,Baxter,2001-04-11,Larsontown,FL,TE,78,237,92
5551,Kevin,Young,1991-09-03,West Johnathantown,AL,QB,69,245,47
5552,Erin,Smith,1986-05-12,North Benjaminbury,WA,TE,80,198,21
5553,Robert,Smith,2000-01-12,Angelastad,AS,WR,77,176,27
5554,Debbie,Kirby,1989-03-27,Jesushaven,CO,TE,80,266,3
5555,Caitlyn,Moore,2006-02-07,North Jamesbury,VT,QB,70,296,71
5556,Alfred,Davidson,2008-03-21,Rebeccatown,NE,QB,69,272,39
5557,Jodi,Glover,1990-06-28,East Meghan,CO,RB,77,258,41
5558,Nicholas,Perez,2000-07-30,Matthewport,FL,WR,78,294,89
5559,Kelsey,Vaughn,2002-09-30,New Jesusview,IA,QB,73,207,28
5560,Todd,Henderson,1999-04-05,Robinsonstad,CO,RB,74,232,29
5561,Kevin,Brown,2007-11-02,Parkshire,DE,RB,73,293,33
5562,Megan,Price,2000-06-28,Manuelmouth,RI,TE,71,153,57
5563,Hector,Miller,1994-07-01,Scottville,GA,RB,70,273,32
5564,Frank,Rivers,1993-02-22,Robinside,TX,RB,78,174,88
5565,John,Garcia,1998-08-12,Bradfordton,FM,WR,78,201,12
5566,Scott,Hall,1987-08-26,Lawrencestad,FM,QB,71,176,67
5567,Linda,Davis,2001-11-05,Grayshire,MD,TE,79,160,19
5568,Rhonda,Chambers,2006-06-08,Juliefurt,VI,RB,70,264,17
5569,Gina,Medina,1991-06-28,South Roger,ME,TE,74,221,0
5570,Victoria,Fields,1985-11-14,New Carlashire,PA,TE,74,201,25
5571,Amy,Ray,2000-12-14,West John,SC,RB,80,282,82
5572,David,Larson,1996-04-14,Lake Timothybury,ND,QB,79,169,28
5573,Michelle,Stafford,2005-05-21,West Jennifer,NM,QB,75,186,78
5574,Brian,Gilbert,2006-09-28,Port Amanda,AK,RB,77,253,88
5575,Joe,Young,2003-03-30,Danieltown,DE,QB,70,224,98
5576,Amanda,Hubbard,1991-10-31,Butlerberg,KS,WR,73,211,29
5577,Brian,Benjamin,1990-03-16,Smithstad,ID,RB,76,182,47
5578,Kevin,Miller,1995-01-31,Brittanymouth,NJ,QB,72,177,4
5579,Johnathan,Martinez,1991-03-15,South Christopher,RI,QB,71,196,7
5580,Patrick,Jones,2000-03-26,Port Madisonbury,NC,WR,79,296,16
5581,Kristopher,Clayton,2002-08-10,New Alisonmouth,WV,RB,69,230,19
5582,Kyle,Reed,2004-02-11,West Gregory,UT,RB,78,177,33
5583,Kenneth,Howe,2005-08-18,East Amber,WI,QB,73,253,5
5584,David,Ward,1998-08-09,Richardfort,MT,TE,75,248,8
5585,Shawna,Barnes,2007-11-30,Port Nathantown,HI,QB,80,286,42
5586,Tina,Ross,1988-09-29,East Gabrielhaven,WI,WR,79,274,31
5587,Tonya,Moore,1996-01-23,South Josephborough,WA,WR,80,278,49
5588,Amber,Scott,2004-11-28,Tanyamouth,ND,QB,79,263,73
5589,Rachel,Coleman,1998-10-28,Laurastad,CT,TE,70,288,24
5590,Stephen,Brown,2004-10-19,East Debra,OH,QB,70,186,75
5591,Michael,Fowler,2001-01-18,Charlottehaven,MD,WR,72,151,17
5592,Nicholas,Fields,1992-11-13,Lake Meghan,FM,QB,79,152,33
5593,Becky,Williams,2001-01-09,Kimport,VI,QB,80,230,3
5594,Christopher,Alvarado,2002-10-22,Port Troy,AR,TE,79,225,58
5595,Ian,Sellers,2004-01-18,Sheltonside,WY,TE,75,220,48
5596,Lisa,Rose,1990-05-25,Port Jamie,NE,RB,73,205,59
5597,Brianna,Brown,1992-05-28,Parrishbury,OR,RB,75,220,22
5598,Robert,Howard,1993-07-13,Millerberg,NV,WR,69,234,5
5599,Taylor,Rodriguez,1986-06-08,Acevedofort,MI,QB,74,171,73
5600,Alicia,Lowe,2002-05-19,Chavezshire,MP,TE,76,212,91
5601,Matthew,Mccoy,1989-09-17,East Miamouth,SC,RB,76,280,84
5602,Dustin,Wilson,1993-05-16,East Barbara,DC,QB,76,186,14
5603,Jennifer,Mann,1986-08-11,Obrienstad,OH,TE,71,245,84
5604,Kimberly,Harrison,1992-11-18,East Nicoleton,SD,TE,79,299,90
5605,Shawn,Powell,1992-05-09,Colleenmouth,MT,TE,74,299,58
5606,Benjamin,Holmes,1992-03-25,East Vernon,RI,WR,80,205,61
5607,Andrew,Crawford,1999-01-30,Smithmouth,MS,RB,69,279,19
5608,Anthony,Johnson,2004-12-11,Jamesport,TX,WR,78,164,8
5609,Mario,Hampton,1985-10-02,North Michelle,VT,WR,79,188,66
5610,Laura,Carr,2007-09-06,Desireehaven,GA,WR,80,203,92
5611,Wendy,Brown,1985-08-14,Roseshire,PA,RB,72,208,57
5612,Michael,Brown,1994-05-14,Patelbury,NJ,QB,76,245,2
5613,Ashley,Bishop,1997-09-09,Heatherton,KY,QB,68,191,42
5614,Theresa,Wade,1998-02-02,North Michaelbury,WI,TE,77,268,79
5615,Barbara,Sanders,1985-09-26,New Charles,FM,RB,76,269,75
5616,Christina,Vasquez,1990-07-14,Johnside,MS,QB,73,191,7
5617,Pamela,Schultz,1993-04-07,Pughmouth,WV,WR,75,282,9
5618,Rachel,White,2000-03-17,Carpentershire,TX,RB,71,182,27
5619,Tammy,Hunter,1987-12-18,Jessicafurt,AR,TE,70,268,33
5620,Scott,Kaiser,2006-07-06,East Leslieview,OH,RB,73,284,13
5621,Shawn,Ross,1999-07-16,East Michael,MS,QB,76,292,78
5622,Angela,Phillips,2002-02-02,Smithborough,GU,QB,80,218,45
5623,Vicki,Rogers,1992-04-20,Lake Morganborough,UT,RB,78,199,60
5624,Patricia,Thompson,1989-10-22,Baldwinton,MI,TE,70,282,30
5625,Ashley,White,1991-11-03,Lake Daniel,KY,TE,70,183,13
5626,Ellen,Austin,1997-11-04,Guerrerofurt,MD,WR,69,237,2
5627,David,Hill,1996-05-28,West Brianside,NH,RB,69,271,22
5628,Lauren,Mcbride,2000-11-02,Jameschester,AS,QB,72,183,99
5629,Erik,Santiago,1986-07-13,Maxwellhaven,ID,WR,76,207,68
5630,Hannah,Anderson,1989-07-07,Navarroville,KS,WR,80,185,35
5631,Wayne,Hicks,1998-12-21,Lake Jillbury,NM,RB,80,187,77
5632,Daniel,Villanueva,2003-07-27,South Lorishire,OK,WR,70,266,7
5633,Kayla,Stewart,1996-08-10,West Jody,VI,QB,75,221,89
5634,Charlene,Bullock,1992-03-13,Thomasside,WA,WR,75,286,73
5635,Michael,Sullivan,1985-12-02,Heatherborough,NJ,RB,74,178,72
5636,April,Lamb,1989-02-14,East Matthew,KS,TE,76,228,39
5637,Cynthia,Mcdonald,2003-06-25,East Jamesborough,AL,WR,72,277,72
5638,Nicholas,Long,2003-07-15,Port Rhondaview,CO,RB,77,185,66
5639,William,Ware,2002-11-10,North Tiffany,AZ,WR,72,220,86
5640,Heather,Watkins,1996-09-26,Lake Cindy,ME,RB,79,182,65
5641,Carol,Brown,2003-11-07,South Diana,ME,WR,69,227,75
5642,David,Mcpherson,1987-06-01,Brianview,MD,RB,68,183,12
5643,Karla,Howard,2000-05-18,Mcdanielshire,FL,RB,71,223,80
5644,Shannon,Mason,2006-04-23,Harrisonmouth,MD,QB,80,176,99
5645,Aaron,Wagner,2007-01-21,Port Brandyfort,WA,RB,76,290,4
5646,Mark,Anderson,2007-10-07,East Teresa,PW,WR,77,201,79
5647,Samantha,Moore,1989-08-07,North Valerie,WI,QB,74,264,70
5648,Michael,Williams,2008-01-26,Port Antonio,MT,QB,69,177,71
5649,Gabriel,Kelley,1990-08-15,Port Alexfort,MH,RB,76,168,58
5650,Joshua,Gray,1995-01-18,Duranton,NJ,TE,69,217,12
5651,Victoria,Anderson,1994-11-09,Heatherchester,AS,RB,77,176,49
5652,Ryan,Guerra,1998-05-10,Susanburgh,IL,RB,76,219,28
5653,Casey,Baxter,2006-02-26,New Stacyton,WV,RB,80,189,74
5654,Michael,Kim,1991-04-13,Woodshaven,KS,RB,72,213,62
5655,Beth,Thomas,2004-06-12,Hermanborough,AZ,RB,79,232,73
5656,John,Smith,1990-03-25,Suzannetown,UT,WR,80,224,67
5657,Jason,Allen,1992-02-02,Lesterfort,KS,RB,78,278,36
5658,Beth,Owens,2004-03-14,East Lynnstad,ID,TE,73,228,49
5659,Denise,Rodriguez,1996-08-29,Johnsonbury,GA,TE,73,180,52
5660,Morgan,Soto,1991-11-29,New Franklinport,OH,QB,76,178,88
5661,Nathan,George,1999-11-19,Brendaview,MH,RB,72,157,39
5662,Julia,Robinson,1989-12-14,South Natashaland,AZ,TE,69,270,62
5663,Pamela,Johnson,1987-03-07,South Elizabethport,NM,WR,73,265,65
5664,Megan,Brown,1985-12-24,New Zachary,DC,TE,69,229,37
5665,Cheryl,Watts,2006-12-08,Port Robertberg,MP,TE,71,181,68
5666,Diana,Riley,2001-10-10,Huntborough,SC,QB,74,225,29
5667,Brett,Roach,1986-05-10,Fraziermouth,PW,RB,75,194,15
5668,Eduardo,Austin,1990-01-13,Juanshire,KY,QB,74,160,4
5669,John,Holmes,1994-09-22,Stephanieborough,WA,TE,69,170,25
5670,Paige,Campbell,2006-06-19,North Jennifermouth,MS,RB,79,221,26
5671,Patricia,Mason,1993-08-14,Heidimouth,TX,QB,78,195,62
5672,Kimberly,Fernandez,2004-02-18,Stacystad,FM,QB,80,172,89
5673,Michelle,Harris,1996-09-22,Masonview,OH,WR,76,260,28
5674,Benjamin,Camacho,1997-08-22,South Jordan,TX,TE,74,195,17
5675,Natalie,Williams,1989-10-29,Lake Sarah,FL,TE,74,211,37
5676,Joel,Jones,1990-10-21,Alvarezbury,FL,RB,71,184,10
5677,Samuel,Lewis,1990-04-11,New Nancy,KS,TE,70,153,44
5678,Cynthia,Juarez,2005-03-23,Luismouth,ME,WR,79,172,93
5679,Jeremy,Aguilar,1999-10-10,New Regina,VA,WR,77,257,96
5680,Daniel,Arnold,1999-03-24,Horneshire,AK,RB,78,211,78
5681,Christopher,Martin,1996-05-29,South Robert,NV,WR,76,216,26
5682,Robert,Carlson,1993-02-14,South Arthur,CA,TE,80,170,97
5683,Stephanie,Bowen,1989-03-03,South Tyler,FM,TE,78,226,88
5684,Robert,Cruz,1999-04-23,West Rebeccahaven,KS,TE,78,247,30
5685,Javier,Gutierrez,1987-12-21,Kaitlinburgh,NJ,WR,76,161,93
5686,Zachary,Rios,1996-10-16,Port Jamesburgh,WI,RB,79,224,8
5687,Deanna,Livingston,1990-01-18,Christinetown,WI,WR,79,150,21
5688,Kimberly,Macdonald,2001-11-28,Lake Heather,MS,TE,70,232,11
5689,Adrian,Wood,2007-08-14,New Paul,MO,TE,72,186,47
5690,Angela,Murphy,2003-07-26,Leberg,NM,QB,78,160,36
5691,James,Gray,1987-09-10,Thompsonville,AK,WR,70,151,85
5692,Anthony,Brown,2005-08-09,Daniellefurt,MT,WR,74,211,81
5693,Timothy,Clark,2001-09-08,Adamchester,MA,TE,76,213,89
5694,Michael,Allen,2003-05-19,Kristinamouth,MT,WR,69,179,90
5695,Robert,Johnson,2004-09-17,New Drew,PR,TE,70,264,76
5696,Michael,Collins,1997-02-28,Brandonberg,DE,RB,69,248,8
5697,Sean,Wilson,1989-06-10,Martinezshire,AS,TE,71,254,39
5698,Patricia,Bishop,1995-11-19,Stephaniefort,IA,TE,74,208,94
5699,Sharon,Stevens,1989-05-24,Griffithhaven,VA,TE,73,299,92
5700,Matthew,Contreras,1999-12-10,New Michael,NV,QB,77,214,17
5701,Thomas,Simpson,1985-11-14,Steveburgh,VI,TE,71,203,15
5702,Stephanie,Lamb,1990-08-09,Port Lee,KS,WR,72,224,90
5703,Rebecca,Espinoza,2001-12-17,South Jacobtown,GA,TE,77,273,57
5704,Jonathan,Pittman,1995-10-26,Kylefurt,TX,RB,78,300,91
5705,Mark,Reed,2007-03-28,Port Justin,OK,TE,72,198,24
5706,Connie,Thompson,2006-04-07,Dianachester,VA,RB,75,156,95
5707,Gary,Smith,2001-03-09,New Susanton,NC,TE,70,196,51
5708,Frederick,Gibson,2006-10-04,Lake Cassandra,CT,TE,73,170,79
5709,Matthew,Gardner,2003-09-23,South Michaelstad,NJ,QB,75,170,6
5710,Jacob,White,1994-04-09,New Rodney,WV,RB,80,241,92
5711,Pamela,Fisher,1987-02-17,Hurstchester,PA,WR,74,191,95
5712,George,Martin,2001-01-05,Brockton,PW,TE,77,289,34
5713,Henry,Martinez,1988-03-30,Robertview,UT,RB,70,203,0
5714,Walter,Rasmussen,2004-08-20,Lake Louisfort,NM,RB,72,199,55
5715,Joshua,Petty,1985-10-04,Port Robertmouth,MI,RB,70,185,19
5716,David,Warren,1994-01-05,Katiefurt,NY,QB,77,175,14
5717,Jeffrey,Griffin,1998-05-03,North Kelseyfort,AS,TE,76,196,85
5718,Megan,Oconnor,1997-04-06,North Traciburgh,GU,TE,73,293,25
5719,Darren,Lee,2000-04-16,Doylemouth,CO,QB,76,224,75
5720,John,Harris,2006-07-24,South Emily,IN,RB,69,214,39
5721,Troy,Wagner,2000-04-15,Nicoleborough,MP,RB,79,299,81
5722,Ronald,Davis,1997-12-26,South Linda,NM,RB,72,276,72
5723,Elizabeth,Parker,1998-03-31,New Michelleshire,GU,RB,74,203,30
5724,Lisa,Martinez,2005-12-21,South Traciport,HI,RB,78,231,0
5725,Jonathon,Jordan,2005-06-06,Austinshire,NJ,QB,79,184,77
5726,Linda,Carson,1993-06-04,South Stephanie,MS,TE,79,191,52
5727,Kimberly,Nguyen,2002-05-26,West Cathy,TX,QB,68,164,10
5728,Julie,Mcclain,2007-06-27,South Connor,MD,WR,73,292,72
5729,Felicia,Jacobson,2004-05-15,Maryshire,IA,RB,76,253,29
5730,Kathy,Massey,2007-09-05,New Benjamin,ID,TE,73,228,81
5731,Frank,Tran,1993-12-06,Lindsayburgh,OK,TE,68,214,51
5732,Cindy,Thompson,2006-10-02,Martinborough,FL,QB,73,182,49
5733,John,Vaughan,2005-01-11,North Melissaton,AK,RB,77,260,60
5734,Ryan,Smith,1997-05-31,Trevinoborough,SD,QB,68,269,60
5735,Thomas,Valentine,2005-11-25,South Kathleenchester,MT,QB,77,254,34
5736,Linda,Garcia,1991-07-20,New Daniel,MS,TE,78,244,79
5737,Austin,Lee,2005-03-03,Port Williamchester,FM,QB,75,224,78
5738,Anthony,House,1999-07-17,West Christopher,OK,QB,71,236,80
5739,Peter,Smith,1992-07-19,Kennethport,AZ,QB,73,160,59
5740,Joshua,Martinez,1995-06-08,Brownfurt,AZ,WR,77,164,49
5741,Victoria,Gomez,1994-02-24,Thompsonbury,MS,QB,74,226,27
5742,Jacob,Rivera,1988-01-19,Gabriellefurt,KS,WR,73,174,9
5743,Jack,Vasquez,1998-07-01,Benjaminmouth,PR,WR,71,159,89
5744,Holly,Wilkins,2001-12-03,Whiteville,CO,TE,80,226,88
5745,Regina,Hayes,1994-04-22,Mitchellbury,ID,WR,75,270,12
5746,Michael,Mcguire,2003-05-18,Jonesside,UT,TE,69,155,18
5747,Lisa,Hardy,2004-11-18,Port Molly,UT,WR,75,294,22
5748,John,Pearson,1997-02-02,Perezview,ND,QB,70,222,7
5749,John,Griffin,1990-09-22,Valenciaton,FL,TE,68,228,90
5750,Grace,Brewer,1989-07-16,Beckside,NV,QB,77,265,65
5751,Joseph,Schroeder,1987-04-01,South Danielle,NH,TE,68,176,99
5752,Linda,Ross,1987-11-07,East Ashleytown,NH,QB,72,297,59
5753,Heather,Moyer,1993-05-19,West Nicholas,NC,TE,72,153,81
5754,Michael,Ortiz,1998-11-01,Justinview,CT,WR,79,154,29
5755,Lisa,Robinson,1988-10-08,Shawnfurt,NY,RB,77,246,90
5756,Amy,Sanchez,1994-06-11,Lake Brianfort,KY,QB,74,234,3
5757,Joshua,Parker,1998-04-19,Millershire,SD,WR,79,227,34
5758,Jaime,Alvarez,1999-03-05,South Jaredberg,NM,RB,73,297,68
5759,Juan,Foster,2000-10-11,New Andrea,CA,RB,80,184,11
5760,Angela,Ramirez,2002-10-03,Port Monique,LA,WR,76,264,97
5761,Patricia,Benjamin,1996-10-09,Kramerburgh,MD,QB,75,170,93
5762,Kimberly,Brown,1999-11-03,Isabellaton,ME,WR,76,222,8
5763,Wayne,Salas,2002-02-02,East Megan,FL,TE,71,203,23
5764,John,Reynolds,2000-03-23,Williamside,AL,TE,68,267,17
5765,John,Page,2004-07-17,Rodriguezfurt,TN,RB,69,294,76
5766,Michael,Perez,2000-03-30,North Erin,FM,RB,70,256,26
5767,Lisa,Kerr,1994-05-03,New Jennifershire,NH,TE,78,212,93
5768,Katie,Gibson,1986-07-15,New Tylerside,HI,WR,71,190,10
5769,Mary,Tyler,2007-01-06,North Sarah,PA,TE,68,230,91
5770,Jonathan,Luna,1997-04-25,Osbornebury,DC,WR,70,181,8
5771,Gabriel,Ball,1994-02-06,East Elizabethton,TX,QB,78,261,3
5772,Sue,Kennedy,1995-11-20,Cummingston,AK,TE,71,217,52
5773,Pamela,Fisher,2006-11-01,Port Nicholas,VA,RB,78,299,6
5774,Caitlyn,Blake,2001-01-23,Schneiderhaven,GU,RB,75,268,93
5775,William,Smith,2001-02-22,Lake Carolstad,AR,QB,74,293,64
5776,Maureen,Lane,1993-01-07,South Amy,AK,RB,78,293,75
5777,John,Gutierrez,2001-06-26,Schmidtbury,NV,RB,70,187,72
5778,Kelsey,Jensen,1997-02-19,Amberburgh,IA,RB,79,275,26
5779,Christine,Griffin,2005-12-07,Port Raymondberg,AR,RB,74,268,96
5780,George,Hurst,2001-02-12,Lake Kaitlinton,VA,QB,73,202,10
5781,Denise,Moreno,1997-11-09,East Clarenceview,WA,RB,79,173,9
5782,Beth,Smith,1993-01-30,Andreaville,TN,WR,75,231,92
5783,Sharon,Hall,1995-07-08,South Sherimouth,VA,WR,77,288,67
5784,Shannon,Hernandez,1989-04-29,South Todd,MH,QB,78,194,78
5785,Karen,Murphy,1986-11-30,Danielfort,OH,RB,70,186,49
5786,Bryan,Gibbs,2001-05-26,Munozbury,ID,QB,72,205,24
5787,Christopher,Kaiser,2002-09-27,Nguyenbury,MT,WR,78,268,48
5788,Michael,Garrett,1995-04-27,Lake Kimberly,UT,QB,80,170,42
5789,James,Foster,1989-10-16,Evansside,HI,WR,73,155,50
5790,Robert,Peters,1998-05-30,New Ivantown,FL,TE,71,273,11
5791,Matthew,Miller,1989-10-30,Gonzalesside,MS,TE,68,159,85
5792,Gregory,Barry,1995-12-31,Greerville,HI,QB,73,192,61
5793,Heather,Doyle,2001-10-30,Greenbury,AK,QB,69,281,25
5794,Paula,Kelly,1990-09-06,Johnsonport,SD,TE,73,157,51
5795,Maria,Wolf,2004-03-07,New Darrenburgh,AZ,WR,80,204,30
5796,Troy,Nelson,1993-01-29,Coxborough,AL,RB,71,207,62
5797,Francisco,Hicks,2001-08-13,Lake Mitchellfort,IA,WR,77,288,44
5798,Jacob,Lewis,2003-10-26,Randytown,AK,QB,78,205,28
5799,Megan,Ortiz,1993-03-23,Michaelchester,CO,WR,75,212,67
5800,Meagan,Russell,1998-12-24,Lake Michael,VA,TE,70,191,39
5801,Gregory,Moore,2001-12-22,West Amanda,DE,RB,72,210,76
5802,Shelly,Hunter,1997-06-23,Port Wesleytown,AK,TE,70,269,35
5803,Joshua,Dean,1996-08-04,Stevenbury,OK,WR,80,208,26
5804,Lisa,Thornton,1992-02-09,Andrewborough,ND,QB,72,153,50
5805,Karen,Rivera,1996-01-29,Jeffborough,VA,QB,69,222,86
5806,Matthew,Graham,1987-11-15,Port Scottchester,VA,TE,73,250,65
5807,Kendra,Allen,2005-06-21,Bankstown,FL,RB,74,251,55
5808,Austin,Young,1990-08-17,Port Daniel,PR,WR,75,282,19
5809,Amanda,Copeland,1997-12-20,Wardside,DC,WR,78,288,16
5810,April,Delgado,2006-04-30,Riverachester,OK,RB,73,224,13
5811,Stephanie,Hayes,1998-08-11,Baldwinberg,GA,QB,73,197,24
5812,David,Wright,2003-02-24,Michaelberg,TN,WR,70,227,17
5813,Erin,Jones,1986-01-26,Lake Cody,AS,WR,79,196,52
5814,Kimberly,Davis,2004-01-17,Rogerchester,NY,RB,78,243,43
5815,Steven,Michael,1996-03-04,West Andrew,NH,WR,78,233,43
5816,Douglas,Jackson,1999-02-22,Melissamouth,AL,QB,80,177,75
5817,Allison,Davis,1999-02-18,Evanmouth,AZ,QB,79,230,30
5818,Rachel,Brooks,1999-01-07,Jesusmouth,VI,WR,68,283,88
5819,Ashley,Moran,1988-04-04,Tamarachester,OR,QB,79,186,13
5820,Ryan,Hall,1994-03-05,New James,PR,WR,78,180,77
5821,Jamie,Hoffman,1993-01-17,East George,NE,RB,71,252,41
5822,Joe,Terry,1989-01-16,Port Christian,VT,RB,76,261,12
5823,Kristin,Robertson,2005-12-23,Lake Robertfurt,CO,QB,68,255,92
5824,Kelsey,West,1993-06-17,Caldwellmouth,OH,WR,80,202,72
5825,Kathleen,Richards,2004-04-19,East Christina,PA,QB,69,204,81
5826,Amanda,Adams,2004-03-30,West Maria,PW,WR,73,186,29
5827,Caitlin,Morales,2002-12-23,Mccartyhaven,KS,QB,77,282,39
5828,Shannon,Lloyd,2006-01-16,Clarkport,NJ,QB,72,243,74
5829,Patricia,Torres,1986-05-26,Campbelltown,MA,WR,76,276,47
5830,Misty,Taylor,2001-07-03,Saraburgh,ID,TE,78,198,27
5831,Elizabeth,Williams,1995-12-11,Mcdonaldhaven,WY,RB,77,160,3
5832,David,Melendez,1998-08-04,Harrismouth,VA,RB,76,296,65
5833,Juan,Todd,2000-10-25,Evanshaven,WA,TE,70,286,73
5834,Steven,Rice,1995-05-22,Teresaport,RI,TE,79,206,42
5835,Todd,Murray,1994-09-21,Lake Mitchellfurt,MD,TE,69,265,36
5836,Brandon,Medina,1995-01-12,Andersonfort,MS,TE,72,206,31
5837,Donald,Gilbert,1993-05-16,Lisafort,LA,RB,76,181,22
5838,Cole,Camacho,2007-05-02,Smithberg,AS,QB,78,288,51
5839,Tanya,Green,1999-01-27,Joneston,MH,TE,68,282,4
5840,Ariana,Romero,1999-12-07,Patrickland,PA,TE,69,285,3
5841,Kimberly,Henry,2001-03-24,Tanyaborough,CT,RB,80,152,54
5842,Michael,Taylor,1993-04-16,South Prestonville,ND,RB,72,252,34
5843,Eric,Williams,2000-01-24,East Emilyton,CO,WR,68,150,3
5844,Kevin,Robertson,1990-08-03,New Johnville,WA,TE,72,252,45
5845,Kenneth,Jefferson,1987-09-22,North Cherylhaven,MH,WR,71,179,89
5846,Lynn,Nelson,1990-10-20,Kevinville,GA,TE,78,297,87
5847,Diana,Hicks,1992-02-07,West Michael,MS,QB,76,176,97
5848,Oscar,Brown,1989-09-06,West Mark,NY,QB,70,230,45
5849,Tyler,Tucker,2000-12-22,Chungview,WY,RB,71,249,90
5850,Natalie,Moore,2008-01-18,Shannonhaven,AL,RB,76,194,95
5851,Michelle,Rodgers,1986-05-24,Cookmouth,NH,TE,79,171,5
5852,Bryan,Cortez,2006-11-13,Prattbury,DE,QB,70,165,73
5853,Julian,Jones,1992-01-07,East Benjamin,MD,TE,70,182,96
5854,Michelle,Snyder,1988-07-24,Port Noahburgh,AK,WR,79,269,72
5855,Matthew,Duran,2003-04-20,East Markhaven,ID,QB,72,190,46
5856,Jeffrey,Clark,1992-06-23,Thomasbury,MS,QB,72,193,58
5857,Matthew,Burgess,2001-08-01,Port Shane,IL,QB,71,236,53
5858,Jenna,Harper,1999-10-12,Port James,VT,RB,76,252,34
5859,Sydney,Berry,2005-07-11,Harrishaven,AS,WR,72,201,19
5860,Cassandra,Cole,2007-09-16,East Victor,PR,WR,77,176,70
5861,Holly,Ramirez,1985-05-13,Port Kimberly,WV,WR,68,163,80
5862,James,Hoffman,1992-12-04,Santanaport,OH,RB,72,203,97
5863,Whitney,Fields,2000-11-20,Chaneyberg,NV,RB,76,211,82
5864,Julie,Stevenson,1990-05-08,Armstrongmouth,LA,WR,78,223,90
5865,Carl,Brown,2001-12-01,Jonesstad,AK,QB,75,276,10
5866,Matthew,Alexander,1987-01-28,South Mike,ME,RB,77,200,58
5867,Mary,Smith,1986-12-27,Williamsburgh,CO,RB,76,192,31
5868,Cynthia,Peters,2000-09-08,North James,LA,QB,76,151,67
5869,Audrey,Koch,2004-09-11,North Nina,GA,RB,77,192,59
5870,Jessica,Hill,1988-08-31,Lake Corey,IN,QB,68,264,59
5871,Becky,Rivas,2007-05-01,Cynthiaberg,IL,QB,76,283,27
5872,Erin,Garcia,1986-04-12,Kristinshire,RI,RB,77,191,20
5873,Dominic,Sanchez,1996-01-22,Pughberg,IL,QB,68,181,61
5874,Allison,Davis,1994-09-21,Lake Troy,LA,TE,68,163,54
5875,Ashley,Lopez,2007-05-03,Port Matthewbury,MO,RB,69,219,38
5876,Erin,Snyder,1994-10-20,Gordonchester,WI,WR,79,160,41
5877,Katherine,Hanson,1987-06-05,Espinozastad,TX,QB,69,204,78
5878,Theresa,Duke,2004-05-27,Woodardburgh,WY,TE,70,222,93
5879,Devin,Nolan,1991-09-02,Tracybury,WA,WR,75,177,40
5880,James,Jordan,1995-09-19,Jasonland,IA,TE,77,299,7
5881,Deborah,Silva,1990-09-16,North Amandafort,PW,TE,73,192,81
5882,Arthur,Chen,1999-02-03,Jamesland,TN,WR,75,276,74
5883,Sydney,Morgan,2001-01-30,New Samuel,FL,TE,77,267,87
5884,Emily,Weber,1987-10-23,East Erin,NC,QB,68,162,31
5885,Andre,Roach,1986-09-18,Lake Laura,DE,WR,68,251,63
5886,Danielle,Burnett,1988-03-11,South Cesarville,NE,QB,70,234,23
5887,Tiffany,Johnson,2008-03-06,Palmerside,NE,RB,80,222,10
5888,Rachael,Montoya,2003-12-15,Austinchester,NJ,WR,78,291,79
5889,William,Dunn,2003-03-02,Brianamouth,MI,WR,74,208,13
5890,Carl,Owens,1992-11-01,Lake Richardhaven,SD,WR,70,168,97
5891,Abigail,Powers,1999-11-30,Port Monicafurt,GU,QB,80,159,79
5892,Jennifer,Little,1989-09-29,Laurashire,PA,RB,69,274,40
5893,Sean,Simmons,2002-02-15,East Georgeshire,MH,TE,69,230,85
5894,Julie,Sutton,1998-04-15,New Melissaview,MO,QB,75,247,53
5895,John,Browning,1989-07-29,Allenton,FL,QB,76,161,94
5896,Gregory,Nelson,2006-03-07,Farmerburgh,PR,TE,69,233,33
5897,Donald,Wong,1995-10-26,Wendyview,KY,QB,77,229,92
5898,Brian,Jackson,2004-04-16,Lake Judith,AL,QB,80,292,23
5899,Robert,Brewer,2000-03-28,New Williamton,VA,TE,68,221,54
5900,Oscar,Patel,2008-01-06,East Melindastad,VA,TE,71,253,98
5901,Kevin,Hunt,1991-06-07,Haynesland,DE,WR,68,297,52
5902,Robert,Smith,1989-03-06,Gomezmouth,KS,RB,72,166,34
5903,Peter,Harris,2001-07-13,Carlosview,IL,QB,79,240,79
5904,Alison,Ryan,1986-11-26,Stewartville,MO,QB,77,157,19
5905,James,Miller,2007-08-24,West Carlos,KS,TE,68,162,28
5906,Damon,Lawrence,1985-05-13,Port Lucas,CA,WR,73,155,94
5907,Brandon,Garcia,1998-07-04,Brockview,MI,RB,68,174,89
5908,Marvin,Walker,2000-10-07,Johnburgh,NJ,WR,77,231,4
5909,Carlos,Murphy,2005-11-17,Josephborough,CT,QB,74,297,87
5910,Paul,Lopez,1992-05-08,Fitzpatrickshire,NE,TE,80,274,62
5911,Lori,Smith,1996-01-11,East Jane,MS,WR,71,165,99
5912,Jessica,Robbins,2002-10-27,North Samuelberg,MI,QB,70,295,68
5913,William,Wilson,1998-08-02,North Sarahfurt,OR,TE,71,195,12
5914,Jacob,Bolton,1991-10-20,Brownberg,TX,RB,80,293,61
5915,Michael,Farrell,1999-11-01,Lake Eric,MA,WR,68,150,12
5916,Shane,Porter,1991-04-14,Gregville,MI,RB,76,249,67
5917,Randy,Smith,2000-07-17,Port Christineton,MT,TE,71,240,53
5918,Kendra,Mathis,1996-02-28,Wellsville,GU,TE,75,188,5
5919,Cynthia,Hanson,2003-06-18,South Jeffreyhaven,SC,TE,68,184,77
5920,Katherine,Ewing,1985-08-21,Markside,AK,TE,69,226,73
5921,Emma,Grant,2007-05-12,West Scott,VT,TE,68,181,24
5922,Susan,Perez,1993-02-12,East Danielchester,RI,WR,80,154,39
5923,Erica,Chan,2001-02-19,Wheelerville,VT,QB,79,254,34
5924,Rachel,Johnson,1998-12-05,Brianmouth,RI,TE,69,191,79
5925,Richard,Wilson,1995-07-12,Emilyland,WV,WR,77,299,20
5926,Denise,Scott,1994-04-18,Myersshire,MO,TE,70,274,20
5927,Zachary,Johnson,2003-05-17,Lisaborough,WA,QB,78,275,59
5928,Ashley,Rodriguez,2000-06-17,Thomasbury,GU,RB,69,202,15
5929,John,Shaw,1995-02-25,Lisatown,GA,WR,68,180,40
5930,Sarah,Kim,1993-08-10,Atkinsland,DE,QB,73,221,72
5931,Wanda,Thomas,1998-04-25,New Maureen,SC,QB,72,296,93
5932,Amy,Brown,1989-10-07,Melissatown,AL,RB,80,208,93
5933,Amanda,Weaver,2005-02-03,Lake Georgeside,OR,WR,77,290,44
5934,Kimberly,Smith,1988-01-25,Parkerside,WY,TE,74,253,55
5935,Michelle,Humphrey,2002-01-11,Smithmouth,IL,WR,75,167,46
5936,Kristen,Adams,1989-10-14,East Amy,NC,RB,75,179,8
5937,Kathryn,Smith,1998-06-24,Port Nicolemouth,IA,WR,76,211,83
5938,William,Solomon,1995-08-17,West Michaelport,VI,RB,71,185,88
5939,Suzanne,Holmes,2006-02-22,Jessicaton,CA,WR,70,275,6
5940,William,Weber,2006-05-21,Port Staceytown,NC,RB,76,297,75
5941,Christopher,Miller,1992-10-12,Amandabury,CA,WR,79,190,88
5942,Caitlin,Booker,1994-08-31,Davidchester,TX,RB,70,181,48
5943,Madison,Townsend,1989-03-06,North Michellemouth,IA,RB,76,281,13
5944,Johnny,Ruiz,1986-11-08,Lake Pamelamouth,MT,WR,68,209,77
5945,Christopher,Rangel,1985-06-17,East Jessicaborough,NC,RB,80,188,45
5946,John,Green,2008-04-22,Millermouth,WV,RB,75,203,2
5947,Karla,Maldonado,2001-09-25,Howellborough,VT,WR,80,255,67
5948,Jacob,Henderson,2005-08-09,West Briannaport,MO,WR,76,183,46
5949,Leonard,Sanchez,1989-11-10,Walkerville,NY,QB,76,298,55
5950,Julia,Thomas,2001-08-17,North Kellymouth,NH,QB,79,266,27
5951,Kenneth,Daniel,1990-10-29,Lozanotown,FL,WR,71,157,83
5952,Jose,Martinez,1999-02-25,Johnberg,KY,WR,76,299,74
5953,Sandra,Lambert,1999-03-11,Port Andrew,VI,WR,78,232,19
5954,Maria,Randall,2000-01-19,Natalieburgh,PA,TE,74,234,38
5955,Crystal,Cardenas,2003-03-29,South Bridgetbury,GA,QB,68,229,36
5956,John,Robertson,2006-07-11,Selenastad,PR,QB,72,277,25
5957,Lacey,Edwards,1999-03-25,Davidfort,NM,TE,76,218,9
5958,Richard,Williams,1996-01-18,Terryland,NV,QB,71,277,4
5959,Michael,Taylor,1997-10-25,Mooreburgh,CT,WR,72,161,3
5960,Rachael,Murray,1999-02-19,Heatherport,DC,RB,71,164,62
5961,Monica,Hancock,2002-04-20,West Maryburgh,GU,QB,73,227,34
5962,Laura,Valdez,2005-03-04,South Tammyport,PR,TE,80,278,95
5963,Julia,Baldwin,1991-05-08,Alanville,GA,RB,72,220,99
5964,Christopher,Sanchez,1999-12-28,Maddenport,ND,TE,75,222,42
5965,Patrick,Baker,2007-12-20,Perryton,KS,TE,77,203,17
5966,Heather,Garcia,2001-06-13,West Becky,NH,WR,79,176,83
5967,Jason,Taylor,2005-11-15,South Michaelshire,SD,RB,76,242,75
5968,Justin,Roach,1998-05-03,New Lori,NV,TE,77,227,79
5969,Erica,Young,1997-05-26,New Bradley,HI,RB,77,168,58
5970,Holly,Allen,1999-02-28,South Angela,MP,TE,72,162,9
5971,Natasha,Clark,2002-11-07,Lake Sheriland,ND,RB,73,259,12
5972,Julie,Peterson,2003-01-27,Lake Wendy,PW,TE,79,205,52
5973,Jesse,Jones,1996-04-13,New Patricialand,AK,WR,78,180,68
5974,Carrie,Lowery,1993-12-07,Adamsberg,IN,QB,68,213,19
5975,Betty,Randolph,1990-05-28,North Christopher,AL,RB,72,227,41
5976,Bruce,Hahn,1991-08-13,Kevinborough,FL,QB,73,171,71
5977,David,Fuentes,1997-01-02,Palmermouth,UT,WR,79,243,9
5978,Robert,Torres,2005-03-17,North Heather,NY,QB,74,245,32
5979,Darren,Taylor,2005-03-28,Katherineland,WA,RB,75,273,60
5980,Stephen,Campbell,2002-07-10,North Rebeccachester,NV,QB,73,267,15
5981,Victoria,Sharp,1999-11-13,Eduardomouth,MI,WR,76,202,12
5982,Kimberly,Dean,1987-12-04,New Cindy,MP,TE,68,176,74
5983,Elizabeth,Johnson,1999-04-26,South Michellefurt,MN,TE,80,246,14
5984,Lori,Clark,1988-11-04,Hendersonfort,PW,RB,80,176,42
5985,Daniel,Butler,1992-05-13,Mossmouth,AZ,TE,79,300,73
5986,Kari,Beck,2000-04-07,Bryanfort,PR,RB,70,166,44
5987,Phillip,Johnson,1998-08-16,East Darrellside,CT,RB,71,270,80
5988,Jessica,Brooks,1985-07-30,Maldonadobury,AR,TE,75,268,89
5989,Nicholas,Nicholson,2002-08-22,Munozburgh,GA,QB,71,269,12
5990,John,Ramos,1988-04-10,Camposberg,NY,RB,75,189,92
5991,Thomas,Baldwin,1990-04-24,Jimmytown,CO,WR,70,193,48
5992,Craig,Johnson,1994-03-25,Knappton,FL,TE,71,166,66
5993,Andrew,Moreno,2007-05-19,Galvanview,MT,WR,78,249,13
5994,Daniel,Hendrix,1988-05-29,Allenmouth,OH,RB,74,241,90
5995,Kyle,Martinez,2001-06-02,West Charles,GA,TE,70,241,64
5996,Thomas,Little,1990-02-18,Lake Yeseniafurt,NE,TE,80,151,91
5997,Ann,Barajas,1987-07-10,Moniquetown,MH,QB,70,231,48
5998,Christopher,Yang,1989-10-30,South Crystalborough,RI,RB,77,283,90
5999,Kevin,Powell,1987-03-08,Travisberg,KY,RB,73,268,93
6000,Lisa,Moran,1997-10-02,Port Michaelhaven,PW,TE,80,182,88
6001,Mark,Hoover,2005-02-14,Lake Jessicaborough,MA,TE,75,280,24
6002,Larry,Phillips,2002-07-29,Lowerymouth,HI,TE,79,231,68
6003,Tiffany,Knight,2000-07-06,Barajasport,PR,TE,70,258,63
6004,Scott,Smith,2000-02-13,Port Albertborough,IL,WR,74,173,19
6005,Brandon,Lee,2006-12-28,Christinastad,NJ,RB,68,152,21
6006,Wendy,Tucker,1998-09-22,Markhaven,AL,TE,75,206,24
6007,Christopher,Obrien,2003-05-28,Port Kristina,WV,QB,79,270,75
6008,Keith,Davidson,1988-12-24,New Kimberlyfort,FL,WR,79,195,91
6009,Eric,Barnes,1992-05-10,Mcgeestad,VI,WR,76,258,71
6010,Christian,Velazquez,1986-10-07,Vincentton,CA,WR,78,170,0
6011,Cynthia,Pugh,1995-03-06,South Michealchester,MO,TE,80,281,28
6012,Steven,Jackson,2007-11-28,Harveyhaven,NJ,RB,76,297,92
6013,Keith,Davis,1987-07-08,South Ethan,FL,QB,71,288,83
6014,Michael,Rasmussen,1985-06-30,Lake Melinda,CA,WR,78,247,82
6015,Joshua,Mcbride,2003-09-01,East Jared,NV,RB,74,182,13
6016,Elizabeth,Norman,1994-03-07,Lake Lisahaven,NY,RB,75,291,54
6017,Timothy,Gonzalez,2003-10-25,Lake Jeffrey,LA,WR,72,281,45
6018,Clarence,Willis,2007-06-02,Laurenburgh,PA,WR,76,284,44
6019,Cynthia,Gonzalez,1988-12-11,Tracyfurt,WA,RB,70,189,82
6020,Christopher,Thompson,1991-04-10,West Heidi,SD,QB,74,240,74
6021,Christopher,Wilson,1990-10-26,Craigton,ME,TE,77,174,13
6022,Laurie,Clarke,1994-10-13,Kylemouth,WY,TE,69,156,62
6023,James,Rose,1994-08-22,New Aliciaside,VA,WR,69,162,0
6024,Brandon,Perez,2007-08-30,Johnsonshire,IL,QB,78,226,53
6025,Christopher,Gordon,1992-07-03,Garciaton,MT,QB,76,217,73
6026,Louis,Fleming,2003-04-30,Martinezburgh,LA,QB,76,229,34
6027,Amy,Graves,2000-01-11,North Megan,WI,WR,73,281,84
6028,Erica,Hicks,2006-09-25,Davisview,PW,WR,70,297,57
6029,Denise,Thomas,2005-06-24,Hoport,PA,QB,77,160,49
6030,Roberto,Barber,2006-08-26,East Thomas,NH,WR,71,235,32
6031,Joan,Nguyen,2007-11-14,Kristinastad,PA,WR,79,289,23
6032,Sarah,Roberts,1995-04-15,East Lisa,CA,QB,77,276,39
6033,Gabriel,Bowman,2005-03-31,South Jerryburgh,MS,RB,72,168,94
6034,John,Gross,1986-05-02,North Frank,NE,TE,80,228,51
6035,Jonathan,Lucero,1987-04-08,Lopeztown,NH,TE,80,150,77
6036,Meagan,Torres,1994-07-23,Mckenzieville,VA,QB,71,192,39
6037,Casey,Hurley,2003-06-13,West Susanfort,SD,TE,79,262,10
6038,Gabriel,Gonzalez,1986-10-05,Port Wendy,MI,TE,71,274,78
6039,Mitchell,Dominguez,1994-07-11,Allenport,VT,QB,77,299,14
6040,Kimberly,Howard,1991-04-28,Hensonchester,SD,QB,71,240,85
6041,Isaiah,Becker,2005-06-21,Johnsonmouth,FL,RB,72,279,71
6042,Breanna,Webb,1987-09-17,North Lauren,CO,RB,73,175,54
6043,Ryan,Greer,1988-12-14,Davidville,NV,RB,70,233,15
6044,Leslie,Fuentes,1998-01-02,Alexborough,SD,QB,68,228,44
6045,Melinda,Nelson,1993-01-04,Vargasstad,RI,QB,71,234,2
6046,Richard,Wells,1992-03-07,Davismouth,CA,RB,68,204,36
6047,Pamela,Bray,1987-07-18,Fisherborough,IL,TE,73,217,35
6048,Gerald,Molina,2006-05-02,Port Deborahfort,AR,QB,74,168,43
6049,Ernest,Hill,2001-01-18,Fordfort,MT,RB,75,232,74
6050,Samuel,Harrington,2003-04-12,Weberville,CO,QB,80,284,98
6051,Candice,Greene,1992-02-06,Lake Wendy,CA,RB,69,257,14
6052,Eric,Jenkins,2006-07-11,Curtishaven,VT,WR,80,268,8
6053,Brenda,Smith,1996-10-13,North James,NE,RB,72,265,82
6054,Cory,Mcdaniel,2006-09-30,Cassandramouth,DC,TE,72,153,56
6055,Christopher,Lee,1987-02-21,Lake Sandra,VT,RB,75,281,65
6056,Melissa,Chavez,2001-09-08,West Tommyview,PR,TE,75,241,58
6057,Dean,Stewart,1991-05-13,East Robert,OH,TE,79,299,10
6058,Samuel,Atkinson,2006-10-23,Lake Traceybury,PA,QB,71,239,75
6059,James,Mann,2005-07-24,Port Melissa,PA,WR,69,218,83
6060,Matthew,Wade,1991-01-05,Simonshire,WA,RB,71,155,73
6061,Donna,Bush,1991-11-25,New Ryanburgh,SD,QB,78,229,11
6062,Robert,Jimenez,1989-03-05,Foxfurt,AR,RB,72,256,33
6063,Javier,Hayes,1987-05-11,Lake Joel,TN,TE,72,247,26
6064,Mark,Wyatt,2008-04-19,West Herbert,NM,TE,76,205,29
6065,Debbie,Powers,1986-03-29,New Lanceside,KY,QB,80,208,14
6066,Robin,Norman,2002-09-16,East Joanbury,MO,QB,77,197,81
6067,Alexander,Graham,1988-06-04,Port Cheryl,MD,WR,78,197,81
6068,Kathleen,Sherman,1992-12-25,Adammouth,AL,QB,70,230,41
6069,Gregory,Ross,1999-01-07,Port Jesse,OR,WR,70,183,69
6070,Zachary,Roy,1996-04-16,West Mark,PR,QB,71,288,74
6071,Michelle,Miller,2005-10-11,East Melissaport,IA,RB,73,264,5
6072,Melanie,Hall,1999-10-10,Angiefurt,SC,TE,74,157,16
6073,Tonya,Jones,1985-07-30,Deborahville,SC,TE,68,281,35
6074,Alexis,Chase,1997-02-20,Michaelhaven,FM,RB,69,294,58
6075,Keith,Riggs,1995-12-27,Port Caroline,OR,RB,76,166,49
6076,Joseph,Patterson,2008-04-18,Lake Chad,CO,RB,73,281,19
6077,Beverly,Johnson,1995-11-21,Lake Abigail,VA,QB,71,275,32
6078,Charles,Rhodes,1985-12-22,Lisastad,RI,TE,71,210,66
6079,Alexandra,Mack,1994-12-16,Lawrencechester,IA,RB,78,231,97
6080,Barbara,Blankenship,2006-11-29,New Vanessabury,NM,TE,71,182,83
6081,Marcus,Sullivan,1988-09-18,Butlershire,AS,WR,80,166,98
6082,Rachel,Thomas,1991-03-09,East Jeffrey,ND,RB,75,236,14
6083,Donna,Hines,2000-08-04,Bensonshire,MI,WR,79,230,11
6084,Robert,Joyce,1991-10-13,East Thomas,OR,RB,72,213,55
6085,Thomas,Lewis,1992-05-20,Buchananshire,CO,TE,69,291,87
6086,Amy,Richardson,1992-05-12,East Michaelville,MP,RB,74,201,14
6087,Scott,Ray,1990-11-29,Mathewshaven,CO,QB,70,235,18
6088,Katherine,Webb,1999-01-05,Bartontown,GA,TE,73,191,6
6089,Stephanie,Schwartz,1992-03-29,South Oscarshire,IL,RB,79,153,54
6090,Carolyn,Meyers,1986-06-10,Williamside,MO,WR,79,197,69
6091,Heather,Sheppard,1986-08-29,Smithmouth,MI,RB,68,201,48
6092,Joshua,Jacobs,1995-01-01,Port Jenniferport,SC,RB,68,174,5
6093,Robert,Coleman,1989-07-27,Lake Jeffery,HI,TE,73,197,53
6094,Patricia,Morgan,1985-12-31,East Timothyshire,MO,QB,68,176,53
6095,Austin,Dominguez,1988-10-20,Sancheztown,WV,QB,69,174,47
6096,Margaret,Burns,1993-03-19,West Maryville,CO,TE,73,294,18
6097,Mark,Holloway,1998-09-04,East Jamesborough,MA,QB,75,246,20
6098,Joseph,Singleton,1997-10-23,Port Douglasborough,PW,QB,78,250,81
6099,Robert,Villanueva,2007-06-24,Rodriguezland,VA,TE,72,273,91
6100,Patricia,Orr,2003-11-03,New Russell,NE,WR,74,205,39
6101,Dustin,Thomas,2006-09-26,Danielfort,IA,WR,80,236,86
6102,Travis,Sherman,2005-07-05,Simmonsburgh,RI,RB,69,181,2
6103,Kevin,Johnson,1995-06-08,Lake Anaborough,TN,RB,75,172,53
6104,Elizabeth,Graham,1997-05-13,Petersonchester,CT,WR,76,286,13
6105,Christopher,Walker,1987-09-17,New Stephanieland,MT,QB,71,223,89
6106,Lindsay,Petersen,1992-10-16,Vincentville,AS,WR,72,211,58
6107,Daniel,Greer,1994-10-14,New Brianmouth,RI,WR,68,192,87
6108,Kelli,Welch,1988-11-01,New Nicholaschester,ID,QB,80,186,63
6109,Donald,Savage,1993-08-19,Willisfurt,ME,QB,74,295,92
6110,Douglas,Lee,1992-10-26,Angelabury,PW,WR,69,219,85
6111,Jose,Christensen,2002-11-06,East Kayla,KY,QB,79,262,53
6112,Melissa,Curry,1988-12-07,Micheleland,VI,WR,74,200,2
6113,Devin,Brown,2001-02-09,Joneshaven,MO,QB,75,279,98
6114,Briana,Roberts,2003-02-03,South Jose,MT,RB,77,235,39
6115,Jennifer,Page,1987-04-13,Evanmouth,IA,WR,70,265,15
6116,Sherry,Hines,1998-05-11,Janicechester,NJ,WR,69,270,6
6117,James,Williams,2000-04-12,West Brittany,MS,WR,79,271,86
6118,Thomas,Stark,1991-05-10,North James,OH,WR,76,256,47
6119,Cynthia,Stewart,1996-03-22,Shellyberg,AS,QB,71,216,2
6120,Kelly,Collins,2005-05-16,West Oscarview,OR,QB,72,159,84
6121,Kathryn,Bishop,2005-02-13,Hodgesshire,FL,TE,79,213,2
6122,Jonathan,Wilson,2008-04-07,Lake Audrey,GU,TE,79,178,4
6123,Anna,Thomas,1993-05-01,Watkinston,PW,TE,79,207,34
6124,Eric,Hicks,2006-12-11,Port Jerryland,MI,RB,70,233,40
6125,Brenda,Lamb,1997-06-20,Port Michaelfort,KY,WR,69,206,0
6126,Amber,Allen,2001-09-04,West Eddieberg,CT,QB,74,217,50
6127,Patrick,Jones,1990-02-20,Port Denise,NH,WR,68,300,29
6128,Tina,Stevenson,1986-05-31,Strongton,NE,TE,71,200,70
6129,Catherine,Todd,1985-10-15,East Douglas,OR,QB,72,207,46
6130,Jeanette,Duffy,2003-03-10,Port Debbie,MN,QB,69,187,69
6131,Michael,Smith,1992-03-10,South John,DE,QB,73,249,65
6132,Dale,Williams,1994-08-12,North Hannahside,VA,WR,76,214,24
6133,James,Fowler,1991-07-02,Juarezview,ID,WR,73,168,48
6134,Marilyn,Lewis,1994-07-05,Morenostad,NY,RB,79,229,75
6135,Stephen,Jones,1986-12-07,Ryanborough,GU,WR,74,258,62
6136,Steven,Johnson,1987-07-25,Stewartmouth,PA,WR,78,290,73
6137,Michael,Jones,1990-01-17,Ibarraview,SD,RB,77,289,28
6138,Steven,Gould,2001-07-02,Lake Jennifermouth,OR,RB,68,289,46
6139,David,Taylor,1997-06-08,Haysborough,MT,WR,75,222,88
6140,Martha,Davis,2005-11-27,Deannaberg,GU,WR,70,185,6
6141,Brian,Davis,2008-02-02,East Jonathanville,WY,WR,68,215,57
6142,Jessica,Williams,2003-07-20,Carrbury,OH,RB,75,179,70
6143,Caitlin,Collins,1994-11-05,Haastown,GA,QB,69,185,21
6144,Christopher,Dorsey,1985-06-23,Duncanborough,NY,QB,80,160,49
6145,Grace,Mcpherson,1997-12-06,Lake Grant,AZ,QB,79,202,1
6146,Emily,Ellison,1993-06-16,Martineztown,LA,QB,70,210,95
6147,Christopher,Shelton,1985-06-27,Lake Sarah,NY,TE,72,189,81
6148,Kristin,Ramos,2004-05-05,Lake Marymouth,TN,TE,79,273,8
6149,Nicole,Chandler,2003-12-18,South Sherihaven,VI,TE,72,293,40
6150,Valerie,Reynolds,2006-09-03,Robertchester,VI,RB,78,261,92
6151,Paul,Reese,1997-10-19,New Dustin,MN,QB,74,277,10
6152,Timothy,Morales,2008-03-01,Lake Mark,DE,QB,73,206,96
6153,Sandra,Edwards,1999-05-14,Jenniferport,NC,QB,72,223,77
6154,Joseph,Miranda,1987-09-21,Port Madisonton,IL,QB,78,182,31
6155,Cody,Schultz,1991-02-16,New Judithton,TX,TE,76,206,49
6156,Lindsey,Scott,1995-11-05,South Jillhaven,MS,WR,74,265,53
6157,Michele,Fischer,1995-02-09,South Rachelbury,TX,RB,72,183,44
6158,Crystal,Matthews,1994-09-19,South Saraland,KY,WR,73,215,50
6159,Brian,Wright,1993-02-19,Padillahaven,MS,RB,78,222,34
6160,Kristina,Miller,1986-02-25,Jamesfort,AR,RB,78,205,60
6161,Sabrina,Phillips,2005-07-14,South Erinmouth,OH,RB,73,268,91
6162,Rachael,Woods,1990-09-04,West Ashleymouth,PW,QB,69,265,7
6163,Kimberly,Mullins,1991-06-19,New Brandon,KS,RB,77,291,3
6164,Tracy,Valdez,1986-07-07,Christianton,MO,TE,69,212,64
6165,Jimmy,Watson,2007-03-13,Valdezhaven,PA,TE,78,200,23
6166,Angela,Berg,1994-06-20,East Amandabury,PA,WR,72,153,84
6167,Julie,Todd,2002-09-01,Melindaberg,MA,RB,68,182,30
6168,Christopher,Perry,1999-11-16,New Dannyville,CA,TE,69,161,39
6169,Stacey,Ramirez,1985-10-20,West Aprilfurt,MS,WR,80,251,17
6170,Kathryn,Zimmerman,1998-05-27,Walkerview,UT,RB,70,244,31
6171,Sara,Bruce,1991-01-03,Haleyview,NJ,RB,72,227,80
6172,Melissa,Rodriguez,1986-07-25,Lake Peterbury,PA,WR,71,298,99
6173,Manuel,Coleman,1990-04-08,New Jasonchester,IA,TE,79,204,16
6174,Sharon,Benitez,1987-07-04,Ianville,MN,TE,76,240,90
6175,Amy,Nelson,1997-12-21,Kevinville,AL,TE,80,189,74
6176,Peggy,Bennett,1994-10-14,Lake Carlburgh,KS,QB,76,229,14
6177,Fred,Wolfe,1998-06-21,Lake John,PW,RB,75,228,99
6178,Kelly,Franklin,1990-04-02,Port Jessica,OR,RB,70,235,79
6179,Keith,Davidson,1989-06-19,Linbury,TN,QB,77,300,38
6180,Julie,Fischer,2007-05-29,North Edwardside,SD,TE,74,254,35
6181,Charles,Weber,1986-09-12,Lake Troyland,TN,TE,68,251,11
6182,Gary,Olson,1988-04-10,North Markshire,HI,WR,69,233,46
6183,Monica,Oliver,2003-11-13,New Ambermouth,MN,TE,74,265,76
6184,Jessica,Harris,1992-12-18,Arnoldstad,MT,RB,77,229,88
6185,Stephen,Moss,1995-10-27,South Jessica,MI,RB,74,289,55
6186,Deborah,Watkins,2005-08-22,Cookmouth,NH,WR,75,274,46
6187,Robert,Richardson,2000-10-19,Lake Victoriaborough,WI,RB,79,153,7
6188,Michael,Bowman,1998-04-07,Adamville,WA,QB,78,267,22
6189,Tiffany,Thornton,1990-09-13,East Keithview,MI,WR,74,288,42
6190,Michael,Davis,1991-06-20,New Victorview,OR,QB,73,247,41
6191,Michelle,Patterson,1996-03-16,Williamsonfurt,PR,WR,69,160,34
6192,Christopher,Davis,1995-03-20,Montgomeryborough,AL,WR,73,293,87
6193,Tony,Wade,2005-03-29,Knightside,VT,WR,80,229,77
6194,Leslie,Lopez,1999-03-14,South Donnafort,MO,QB,74,233,54
6195,Paul,Martin,2000-01-14,Troymouth,MO,RB,79,194,49
6196,Amy,Rose,1997-06-13,Lake Jeremy,MT,WR,73,177,18
6197,Timothy,Davis,1986-12-10,North Christine,MS,TE,76,297,29
6198,Megan,Dominguez,2007-06-24,Ronaldside,CA,WR,74,290,60
6199,Bobby,Thompson,1997-09-11,Laurenside,OH,RB,77,156,87
6200,Jessica,Norris,2000-03-27,Morrischester,UT,WR,68,245,92
6201,Kimberly,Richard,1988-02-23,Courtneybury,NM,WR,72,190,9
6202,Shaun,Thompson,2007-02-14,Alexanderborough,GU,RB,75,198,83
6203,Elizabeth,Mckenzie,1989-04-10,Bakerside,NC,QB,76,285,62
6204,Luis,Pope,1999-07-02,Donaldland,NH,WR,71,284,53
6205,Andres,Jones,2004-11-06,Veronicahaven,NY,QB,80,196,39
6206,Sharon,Baxter,1997-11-30,Kimberlychester,NY,WR,76,161,76
6207,David,Johnson,1987-04-12,Cunninghammouth,FM,TE,74,195,31
6208,Margaret,Williams,2002-09-30,Stewartton,RI,WR,80,180,50
6209,Christopher,Briggs,1990-03-16,South Christopher,AK,QB,79,163,98
6210,Gary,James,1999-06-05,North Malik,MD,WR,80,167,71
6211,Charles,Lin,1998-12-11,New Jillianview,FL,RB,73,235,14
6212,Julie,Krueger,1996-11-20,South Michael,KS,QB,74,191,15
6213,Cristian,Cooper,1985-12-08,Chavezberg,IA,WR,70,292,84
6214,Cindy,Bauer,2001-01-19,Wolfeside,LA,TE,71,264,44
6215,Sara,Wright,2007-06-19,North Natalieburgh,SC,TE,75,298,25
6216,Tyler,Ramirez,1998-06-03,Lake Georgeshire,VI,TE,68,227,79
6217,Patrick,Castillo,1998-04-13,Kathrynbury,NE,TE,77,163,40
6218,Andrew,Camacho,1988-07-10,South Kimberlybury,FL,QB,71,248,70
6219,Seth,Gomez,1988-11-03,Melaniefurt,MD,TE,72,170,23
6220,Cassandra,Brown,2004-03-21,New Tarahaven,IL,TE,68,269,60
6221,Jason,Hernandez,2002-10-05,North William,WY,QB,77,152,1
6222,Michael,Williams,2006-07-04,Floresstad,AK,QB,73,197,99
6223,Erica,Price,2006-05-03,East Michael,LA,RB,80,235,81
6224,Monica,Yang,1988-08-08,Port Dean,TX,TE,76,283,75
6225,Olivia,Garcia,1992-05-05,Jamesberg,MN,TE,76,165,99
6226,Hannah,Smith,1998-04-06,North Teresa,MI,RB,70,215,80
6227,Karen,Hicks,2003-08-30,West Charleschester,NH,QB,68,186,97
6228,Tony,Stevenson,1991-12-02,New Tracyview,VT,WR,68,273,59
6229,Michael,Stout,2001-02-07,Kyleland,NC,WR,74,153,10
6230,Joseph,Hawkins,1998-12-25,Russotown,GU,QB,80,193,90
6231,Stephen,Hess,1996-11-10,East Abigail,IN,QB,79,240,36
6232,Amanda,Mills,2005-08-12,South Adrienne,AR,QB,73,281,14
6233,Frank,Rhodes,2001-10-07,Powershaven,MA,QB,80,254,81
6234,Sara,Salas,1995-02-13,Brownview,VT,RB,73,263,4
6235,William,James,1997-12-18,West Danielleville,PR,TE,69,215,54
6236,William,Dickerson,1991-06-13,Deborahberg,WI,RB,80,262,21
6237,Marc,Walters,2004-07-05,Toniton,AR,RB,74,294,6
6238,Tracy,Simpson,1989-01-02,Lake Troyton,AR,WR,73,197,32
6239,Julian,Wilson,1986-04-14,Jenkinsside,AR,RB,77,155,95
6240,Jill,Jones,1993-04-28,New Dianafurt,MS,WR,77,218,16
6241,Phillip,Hill,1989-04-21,Cohenburgh,OK,QB,76,248,58
6242,Jillian,Miller,2000-07-21,New Gabrielside,MA,QB,78,175,42
6243,Michelle,Lawrence,2001-02-10,East Rachel,TN,TE,69,254,66
6244,Joshua,Fischer,1995-02-04,South Kristen,OK,RB,70,166,44
6245,Deborah,Price,2002-04-07,Monicahaven,DC,TE,78,222,44
6246,Nicole,Fry,1998-11-09,South Nicoleview,DC,TE,80,294,44
6247,Julie,Oconnor,1988-12-14,Fieldsland,MA,WR,76,180,79
6248,Joshua,Williams,1990-06-26,Johnsonberg,VI,WR,71,185,54
6249,Karen,Ayala,1993-11-02,New Jennifertown,MP,WR,79,259,1
6250,Anthony,Foster,1997-04-30,Stanleychester,FL,TE,69,160,40
6251,Joanne,Barnett,1989-07-27,East Gabriela,CT,TE,77,253,63
6252,Sandra,Ingram,1992-12-16,Richardsville,AK,QB,72,296,71
6253,Kiara,Bell,1997-05-12,Christopherborough,CT,QB,75,289,42
6254,Robin,Shea,1988-02-04,Lake Terryhaven,CO,WR,70,159,59
6255,Amanda,Stephens,1991-09-24,New Christinatown,NM,QB,71,150,1
6256,Mary,Williams,2003-09-29,Michaelburgh,OH,TE,71,288,93
6257,Sarah,Walker,1999-12-29,Lukeburgh,WY,RB,71,274,99
6258,Emily,Mitchell,1995-11-12,Port Rachelmouth,WA,RB,78,214,67
6259,James,Lopez,2000-02-11,Kathyborough,MA,QB,77,216,59
6260,Kristina,Brown,2002-02-12,Porterburgh,MN,TE,76,215,34
6261,Scott,Smith,1987-04-06,Grantborough,WI,QB,80,214,59
6262,Nancy,Ryan,1991-08-07,Troystad,AZ,QB,73,179,12
6263,Brian,Warren,2007-02-01,South Josephfurt,WY,RB,77,251,21
6264,Timothy,Bryant,2006-06-19,Craigfort,AL,RB,77,187,68
6265,Aimee,Smith,1986-10-03,Colemanfurt,CO,TE,69,279,11
6266,Ray,Daniel,1985-05-23,North Christopher,WA,WR,70,271,73
6267,Stacey,Sparks,1991-12-11,West Garyburgh,FM,WR,75,173,86
6268,Matthew,Banks,1996-03-29,Caldwellmouth,TX,RB,80,220,81
6269,Rebecca,Strong,1997-07-14,East Sheenafort,CT,TE,73,232,93
6270,David,Ramos,2003-07-09,Padillaland,SC,QB,79,213,60
6271,Katelyn,Jackson,2006-09-18,Yangville,NC,TE,76,235,65
6272,Christopher,Hicks,1992-07-18,Walterburgh,MS,WR,68,222,9
6273,Noah,Contreras,1993-01-18,Port Wanda,PA,WR,71,251,16
6274,Matthew,Barber,1995-12-19,Coopertown,MI,QB,69,243,54
6275,Brittany,Williams,2004-01-15,Gonzalesville,IA,TE,69,233,85
6276,William,Newman,2002-05-06,East Jennifer,NH,RB,75,241,49
6277,Ryan,Ramirez,2001-08-31,Lake Sandrafurt,NJ,RB,74,173,41
6278,Jason,Walker,1990-02-25,North Vanessatown,GA,QB,76,247,28
6279,Kathy,Baker,2005-10-28,New Robert,ND,TE,69,202,75
6280,Lisa,Ruiz,1992-02-04,Jasonshire,FM,RB,69,226,71
6281,Kristy,Lamb,2007-04-25,Jonberg,VA,WR,68,163,7
6282,Anna,Cruz,1987-07-12,Garnerhaven,IN,QB,72,169,92
6283,Zachary,Bowman,1989-01-01,Millermouth,OR,TE,79,268,65
6284,Allison,Baxter,1993-07-12,North Douglas,OH,QB,71,196,28
6285,Kelly,Barton,2006-07-20,East Jeffreymouth,VA,WR,77,207,61
6286,Mark,Harris,1993-10-07,Port Kathleen,MS,WR,80,209,64
6287,Derrick,Trujillo,1997-02-04,Morriston,CT,TE,80,247,6
6288,Jennifer,Mack,2004-11-03,Fosterburgh,NE,TE,71,191,69
6289,Anthony,Hardy,1999-08-05,East Ronald,SD,RB,73,208,0
6290,Julian,Knight,2001-03-11,North John,CA,TE,69,280,59
6291,Jordan,Boyle,1987-09-16,Walkerview,OH,RB,73,285,25
6292,Chelsea,Shelton,2000-03-15,Tinamouth,NJ,QB,69,187,63
6293,Paul,Navarro,1997-04-01,Port Jameston,IA,QB,73,283,53
6294,Curtis,Lopez,2003-07-19,South Craigport,HI,WR,80,279,16
6295,Samuel,Thompson,1996-11-16,North Juan,TN,WR,68,177,43
6296,Felicia,Parks,1997-09-07,Calderonmouth,NH,RB,80,245,5
6297,Robert,Pham,1996-02-01,South Markfort,OK,RB,76,270,76
6298,George,Tran,1992-08-10,South Stephanie,OR,RB,70,262,79
6299,Theresa,Snyder,1988-10-25,Vaughanburgh,MA,RB,76,280,29
6300,Christopher,Clark,1999-04-16,Walkerland,DC,QB,68,248,25
6301,Kyle,Bradley,1995-09-25,Singletonville,TX,QB,74,152,69
6302,Christopher,Mitchell,2002-03-02,Wallside,MT,TE,74,162,31
6303,John,Carrillo,1988-06-29,Woodsborough,MD,WR,69,168,42
6304,Teresa,Green,1997-06-10,East Steven,MS,RB,77,278,66
6305,Michael,Brown,2003-08-22,New Sarah,IL,WR,77,192,36
6306,William,Davidson,1986-03-07,East Jessica,SC,TE,75,232,12
6307,Debbie,Meyer,1988-10-20,Reynoldsborough,MA,QB,78,214,55
6308,Haley,Brown,1993-12-30,West Robert,NY,RB,74,220,11
6309,Angela,Mercado,2001-11-18,Cruzton,WY,WR,69,231,26
6310,Susan,Robbins,1992-11-30,North Thomas,KY,RB,73,298,71
6311,Thomas,Hubbard,1996-04-13,North Alexandriafort,ID,QB,73,211,7
6312,Kevin,Soto,2001-06-07,Donaldton,ME,RB,77,230,97
6313,Emily,Moore,1995-12-23,South Elizabeth,OR,WR,70,277,30
6314,Jonathon,Merritt,1998-06-14,Foxton,WY,QB,78,294,17
6315,Jay,Henry,1985-10-29,Simmonsfurt,CA,RB,70,182,52
6316,Erin,Roman,1987-06-12,Lopezmouth,WA,RB,73,257,81
6317,Patricia,Roth,1999-01-26,South Margaret,PW,WR,77,169,11
6318,James,Smith,2007-12-15,Rodriguezland,MI,WR,72,225,22
6319,Lucas,Mclaughlin,1997-03-07,Christinaberg,FM,QB,78,185,55
6320,Ashley,Smith,2006-03-14,East Jack,NJ,RB,74,234,28
6321,Katie,Brown,2001-05-19,Port Jose,LA,QB,72,228,26
6322,Michael,Jones,1996-04-02,Isaacshire,IN,WR,73,257,53
6323,Marcus,Fuller,1996-05-04,Port Beth,VA,QB,74,162,55
6324,Mark,Brandt,1989-08-08,Julieside,MA,TE,80,205,45
6325,Kristin,Nguyen,1997-03-13,Stephaniehaven,NE,WR,69,208,82
6326,Stephanie,Gonzales,2008-01-26,North Jameshaven,KY,QB,80,238,59
6327,James,Greene,1995-09-22,South Marissa,FL,QB,77,219,84
6328,Christopher,Li,1995-05-31,East Rebecca,ND,WR,75,219,23
6329,Todd,Fisher,2007-02-27,South Kristenbury,PR,TE,79,245,18
6330,Rebecca,Hayes,1997-11-28,North Hollystad,IN,TE,72,227,16
6331,Ashley,Melton,1998-07-01,West Sandra,AK,QB,78,230,65
6332,Amy,Fitzpatrick,1997-06-23,Lake Marcusstad,MH,RB,77,215,68
6333,Sarah,Kline,2004-01-26,North Tammy,MA,QB,69,191,53
6334,Henry,Mason,1986-12-30,Laurenport,MD,TE,72,281,95
6335,Philip,Mccoy,1993-06-17,Johnsonbury,MN,QB,80,219,80
6336,Kyle,Glass,1998-11-06,Lake Staceyburgh,NJ,WR,75,261,58
6337,Jonathan,Collins,1993-09-13,Andersontown,AK,QB,69,259,12
6338,Brianna,Beck,1985-06-20,Terryshire,WI,QB,70,299,44
6339,Kayla,Alexander,1985-05-25,Phillipberg,DC,RB,77,264,90
6340,Karen,Vargas,2004-08-20,Port Aaronside,MN,QB,73,198,53
6341,Terri,Thomas,1999-09-13,East Lisamouth,ID,RB,72,265,35
6342,Juan,Joseph,1994-03-12,New Michael,AZ,TE,74,225,26
6343,Ashley,Gordon,1995-12-29,Johnsonmouth,AS,TE,70,218,73
6344,Benjamin,Davis,2004-11-09,West Christopherborough,TN,WR,75,176,88
6345,Marvin,Cooper,2002-07-14,Gonzalezview,AR,RB,72,298,81
6346,Darren,Wilson,2006-09-05,Stevenshire,MS,QB,73,249,28
6347,Alec,Brown,1987-04-23,Lake Michael,WI,WR,73,178,58
6348,Anna,Hayes,2003-04-13,West Richardland,OH,TE,71,203,85
6349,Marcia,Erickson,2007-11-11,Rodriguezchester,DE,WR,76,229,34
6350,Vanessa,Mcgee,1989-07-08,East Danielle,IA,WR,74,174,76
6351,Nicholas,Hurst,1991-04-25,West Donnafurt,AZ,RB,75,246,5
6352,Krystal,Jenkins,2007-11-04,Port Cynthia,KS,WR,80,263,9
6353,Jerry,Murphy,2000-09-05,Lisafurt,AR,QB,68,207,54
6354,Randy,Bennett,1990-09-27,West Veronica,MP,WR,70,291,71
6355,James,Larsen,2006-05-01,Nelsonview,OH,RB,69,276,17
6356,Lance,Brown,1989-01-11,Port Lindsayport,MI,TE,70,223,50
6357,Jonathan,Ferguson,2002-09-10,Jenningsbury,NV,TE,76,258,97
6358,Brian,Jones,1986-10-30,Diazchester,DE,RB,73,261,47
6359,David,Ortiz,1985-08-14,Dunnstad,CA,QB,73,280,8
6360,Linda,White,2004-02-02,New Michaelside,MN,TE,75,280,20
6361,Carla,Thompson,1989-08-27,Lake Jessica,KS,WR,71,167,63
6362,Glenn,Pollard,1988-05-30,Bradyburgh,UT,TE,77,198,53
6363,Joshua,Reilly,1994-02-18,South Rebecca,NM,RB,73,269,18
6364,Christina,Thompson,2003-01-18,Frankville,NM,QB,75,283,14
6365,Adam,Buchanan,1995-06-26,Lake Wanda,HI,WR,77,280,79
6366,William,Greene,1988-03-31,North Darrellbury,VT,TE,75,165,76
6367,Brian,Harris,2003-03-24,New Jacobtown,FM,QB,68,264,41
6368,Joseph,Franklin,1992-04-08,East Elizabethside,NJ,WR,77,220,47
6369,Christina,Love,2001-03-04,North Timothymouth,NY,TE,69,250,89
6370,Robert,Rodriguez,1997-11-23,Jenniferberg,HI,TE,78,214,74
6371,Alex,Watson,1998-07-18,North Dwayne,AK,WR,75,265,88
6372,Sara,Yoder,2000-10-07,South Derrick,NE,TE,71,260,5
6373,Luis,Rodriguez,2005-10-24,Watkinstown,MS,RB,75,170,9
6374,Rachel,Smith,1995-01-31,East Jessica,VT,WR,76,160,16
6375,Vicki,Gonzalez,1998-10-05,Jeremyfurt,PA,TE,73,204,51
6376,Andrew,Davis,2005-08-28,Colleenshire,MS,TE,71,248,55
6377,Lindsay,Sanchez,1994-01-16,East Daniel,MD,WR,70,228,80
6378,Amanda,Smith,2002-10-15,Martinezborough,AK,WR,71,185,3
6379,Thomas,Romero,2004-04-20,Port Lisaville,VI,RB,76,267,21
6380,Crystal,Doyle,2006-09-14,New Heatherland,IL,QB,79,277,20
6381,Brandi,Hines,2000-12-30,Karenside,MP,WR,69,261,54
6382,Sarah,Jones,1986-11-12,Lake Jessicafurt,WA,RB,76,259,37
6383,Arthur,Bates,1992-08-02,New Jack,WA,RB,71,227,38
6384,Kristen,Taylor,1988-08-11,Kevinberg,SC,RB,72,198,40
6385,Patrick,Phillips,2005-04-20,West Cheryl,SD,WR,76,240,48
6386,Erica,Cohen,1995-03-15,Patelview,ID,WR,80,171,7
6387,Juan,Wise,1988-01-11,South Nathaniel,AK,TE,77,245,99
6388,Michael,Caldwell,2002-04-08,Stephanieport,IL,TE,69,166,92
6389,Matthew,Huffman,2003-01-28,Johnsonville,GA,TE,70,201,36
6390,Denise,Wolfe,2006-02-15,Vincentmouth,UT,RB,69,199,56
6391,Raymond,Hughes,2000-02-11,Lake Ericaside,MS,TE,73,207,44
6392,Keith,Watkins,1995-03-14,Buckleyland,FL,QB,76,234,54
6393,Taylor,Hicks,1988-11-25,North Jeffreyburgh,MO,RB,70,213,60
6394,Linda,Zavala,2000-02-03,Carolynhaven,ND,QB,73,292,68
6395,Karen,Hobbs,1990-12-13,South Benjamin,AK,RB,72,256,44
6396,Ashlee,Ortega,1994-04-25,Lisamouth,NC,QB,72,210,12
6397,Anna,Byrd,1988-11-16,South Georgemouth,WI,WR,76,281,6
6398,William,Holland,1990-12-08,Dillonside,NH,TE,72,257,85
6399,Karen,Morris,2004-04-22,Lake Brandonton,PW,TE,74,227,31
6400,Angie,Smith,2002-04-11,East John,CA,TE,69,268,20
6401,Tracy,Olson,1988-11-14,New Amy,KY,WR,68,177,93
6402,David,West,2002-01-17,Fergusonshire,SC,WR,72,159,38
6403,Patricia,Nash,1996-10-31,Stacymouth,VA,RB,75,276,8
6404,Anthony,Castillo,2004-06-19,Murrayburgh,IA,QB,72,227,92
6405,Virginia,Harvey,1986-04-10,Richardmouth,IN,RB,70,241,65
6406,Wayne,Farley,2002-07-25,Deniseview,WY,RB,72,221,7
6407,Jeff,Scott,1989-12-04,West Troytown,OK,WR,73,233,19
6408,Alicia,Harvey,2002-11-08,Rebeccafurt,AZ,QB,76,232,35
6409,Cindy,Frey,1986-04-22,North Andreburgh,MD,WR,74,206,23
6410,Lisa,Parker,1991-11-29,South Dustinside,RI,WR,78,155,48
6411,Rachel,Martinez,1992-06-30,New Deborah,FL,TE,73,182,11
6412,Jason,Lopez,1999-08-11,Olsonshire,NM,TE,78,225,81
6413,Jacob,Peterson,1996-10-05,Jonesbury,LA,RB,76,261,60
6414,Erica,Wilson,1999-03-12,Spenceburgh,PA,TE,75,220,83
6415,Seth,Simpson,1996-07-21,North David,OK,RB,75,286,37
6416,Leah,Giles,2002-12-27,Frazierbury,MD,QB,70,156,4
6417,Katherine,Dixon,1995-09-26,Burketown,AS,QB,76,190,79
6418,Jane,Alvarado,2007-09-09,East Mckenzieton,IA,TE,70,211,35
6419,Michael,Perez,1992-07-12,Port Robert,IL,TE,76,218,44
6420,Shannon,Cole,2001-12-03,West Candice,NY,TE,71,154,92
6421,Zachary,Welch,1994-01-13,South Dominiquemouth,ME,WR,80,217,45
6422,Mark,Hamilton,2000-12-29,South Christopher,MN,QB,72,273,9
6423,Edward,Baldwin,2002-11-21,Brucebury,NH,WR,72,217,75
6424,Karen,Charles,2001-08-01,Steveville,GA,QB,71,273,7
6425,Joshua,Garza,1991-12-22,New Natashaview,AZ,TE,71,254,91
6426,Bobby,Pineda,1987-05-31,Wilsonside,PW,WR,73,272,13
6427,Craig,Suarez,2000-07-23,Stephaniefurt,WI,WR,80,272,90
6428,Robert,Peters,1998-07-28,Jerryport,HI,TE,69,281,74
6429,Nancy,Kennedy,1999-07-23,Joyceberg,UT,QB,76,190,45
6430,Susan,Nicholson,1991-10-30,Dustinfort,MI,TE,68,192,60
6431,Elizabeth,Richardson,1989-12-30,East Kelsey,MA,QB,77,270,34
6432,Jill,Henderson,1998-01-08,West Aprilborough,FL,QB,80,159,69
6433,Michael,Rodriguez,2003-05-04,Amandaville,LA,WR,74,159,67
6434,Connie,Snyder,1992-08-13,South Derek,VT,WR,75,252,65
6435,Michael,Wright,1989-03-18,Brianton,PA,QB,69,213,43
6436,Dawn,Webb,1997-01-15,South Morganhaven,MP,RB,68,206,29
6437,Jessica,Anderson,2000-10-24,North Julia,VI,TE,69,170,1
6438,Kayla,Martin,2004-10-07,Port Joshuafort,WV,TE,74,246,74
6439,William,Meyer,2005-07-26,Hamptonview,NY,TE,77,154,97
6440,Veronica,Whitaker,2002-09-28,Rebeccaburgh,SC,RB,74,249,54
6441,William,Tyler,1996-12-19,Port Omar,MO,TE,73,153,20
6442,James,Schaefer,2000-08-27,New Meganfort,AZ,WR,68,172,33
6443,Brian,Carson,1988-04-06,East Dominique,NC,WR,71,190,34
6444,Tracey,Chambers,1991-04-02,Stoutfort,MS,RB,72,184,7
6445,Jason,Singh,2007-06-17,New Patrick,AL,TE,68,183,75
6446,Eddie,Hurley,1996-01-28,Johnburgh,NE,QB,75,200,22
6447,William,Garcia,1991-09-28,Mcconnellland,ND,TE,72,236,85
6448,Megan,Francis,1995-12-31,New Alexandra,RI,QB,69,259,54
6449,Jill,Weiss,1996-01-02,New Jessica,ID,TE,75,168,98
6450,Michael,Gilbert,1985-09-16,Port Coreymouth,VI,RB,79,183,86
6451,Ricky,Hernandez,2004-02-14,Aaronchester,OR,WR,79,257,21
6452,David,Patton,1990-10-06,Marksmouth,IA,RB,78,281,72
6453,Jose,Casey,1999-12-17,Gonzaleston,NY,QB,70,180,26
6454,Timothy,Fisher,1987-09-05,Lake Evanstad,MD,WR,80,281,51
6455,Arthur,Allen,1989-02-16,New Wendybury,GU,WR,79,241,60
6456,Terri,Cobb,1986-01-21,East Ericberg,MA,RB,71,193,24
6457,Erika,Carroll,2004-09-11,Johnmouth,AZ,RB,71,200,39
6458,Emily,Payne,1987-08-15,Cindyview,PR,WR,75,180,54
6459,Christina,Ford,1987-04-24,Nicholschester,MP,WR,73,193,82
6460,Kelsey,Mendez,1985-12-12,Gonzaleston,FM,RB,74,277,30
6461,Shelly,Bryant,1992-09-09,Michaelberg,IN,RB,78,233,15
6462,Scott,Jackson,1987-01-01,Port Joshuafort,WV,WR,74,283,70
6463,John,Rivers,1986-04-06,Sheriland,PW,QB,71,264,82
6464,Rhonda,Montgomery,2008-02-04,Crystalmouth,LA,WR,70,299,10
6465,Timothy,Stevens,2004-05-17,North Brandiborough,ND,RB,78,169,40
6466,Christopher,Johnson,2002-06-08,Antonioside,MH,WR,72,172,98
6467,Jose,Lowery,1986-03-10,Virginiaville,MI,WR,68,218,6
6468,Sarah,Moreno,1992-01-24,West Destinyhaven,PW,RB,76,202,51
6469,Morgan,Williams,1985-05-20,East Emily,ID,QB,78,267,35
6470,Mark,Christensen,1996-08-02,East Karenton,WY,WR,68,159,64
6471,Bradley,Crawford,1986-08-05,Rickyton,IL,TE,68,153,94
6472,Christine,Watts,1987-07-04,Shawland,RI,QB,77,300,42
6473,Elizabeth,Hubbard,2002-06-19,South Franciscohaven,CA,TE,80,266,47
6474,Aaron,Hill,1995-11-19,North Jason,RI,WR,75,270,53
6475,Alexis,Harrison,2006-03-18,Sarahton,TN,QB,79,169,44
6476,Michael,Peters,2003-03-11,Silvaland,CO,WR,73,292,56
6477,Sarah,Black,1986-05-08,South Shannonville,RI,TE,76,249,40
6478,Nancy,Peters,2004-12-01,North Jonside,CO,WR,68,178,39
6479,Gary,Thornton,2001-12-21,West Jenniferside,DE,RB,71,234,50
6480,Cassandra,Mack,1985-06-04,South Charlesland,MT,QB,72,299,22
6481,Samantha,Carrillo,1993-03-02,New Derekstad,VI,RB,79,243,67
6482,Scott,Brown,1988-04-24,East John,ID,RB,75,206,2
6483,Adam,Webb,1995-03-06,Toddland,PR,QB,68,236,54
6484,Charlene,Ramirez,1986-03-26,Laurachester,OR,WR,77,174,39
6485,Jimmy,Douglas,2002-09-21,East Robertport,WI,TE,69,207,11
6486,Meghan,Hernandez,1988-02-26,Paulstad,GU,TE,78,213,94
6487,Larry,Adams,2001-11-13,New Katie,GA,TE,75,290,52
6488,John,Baker,2000-06-01,North Matthewhaven,SC,WR,74,275,91
6489,Janet,Fischer,2000-11-12,Lukemouth,PW,QB,75,236,1
6490,Pamela,Curtis,2006-08-11,South Katherine,RI,QB,76,203,0
6491,Paul,Mitchell,2000-05-10,Timothytown,VA,RB,68,216,24
6492,Adam,Mccormick,1989-10-19,North Donald,TX,QB,80,211,10
6493,Kimberly,Dillon,1990-06-18,Margaretbury,WV,WR,68,247,65
6494,Kevin,Jones,1997-03-15,Chenville,MN,QB,79,257,91
6495,Bobby,Kelly,1987-10-04,North Rebecca,DE,TE,78,272,52
6496,Joshua,Miller,1995-12-17,Davidtown,VA,WR,70,238,99
6497,James,Barry,2006-10-10,Lake Tracy,RI,TE,78,222,32
6498,Michelle,Bailey,2006-05-18,Carlosburgh,AR,WR,68,233,4
6499,Shawna,Johnson,2003-01-05,Lake Kellyland,CA,QB,75,271,72
6500,Anthony,Harrison,2008-01-21,Lisatown,FM,QB,69,268,95
6501,Christopher,Valentine,1987-10-10,Michaelbury,AR,WR,75,159,68
6502,Elizabeth,Stewart,1985-12-29,Hallchester,VA,TE,78,212,42
6503,Brian,Skinner,1999-02-22,Marshallmouth,MH,TE,73,161,24
6504,Maurice,Ryan,1998-10-24,Emmaburgh,NJ,RB,73,271,85
6505,Donna,Guzman,2001-03-28,Port Savannahstad,WI,WR,77,160,50
6506,Patrick,Hall,1993-12-05,Lake Christopherchester,NY,WR,77,242,5
6507,Justin,Suarez,1991-09-02,Port Zachary,WI,QB,78,167,78
6508,Jacob,Quinn,2002-06-13,Durhamberg,AK,TE,74,271,62
6509,Paul,Monroe,2006-11-07,New Joshualand,TN,QB,70,251,55
6510,Rachel,Parker,1990-05-24,Michaelland,PA,QB,71,189,58
6511,Antonio,Middleton,2002-07-14,New Amy,CT,WR,78,202,62
6512,Bailey,Jones,1992-07-29,Collinshaven,PW,QB,75,177,43
6513,Robin,Luna,2005-03-27,Knightmouth,IL,WR,73,251,35
6514,Oscar,Ferguson,2007-10-26,Port Briannamouth,TN,TE,75,156,69
6515,Lindsey,Nelson,2000-04-20,Hernandezland,HI,RB,71,267,85
6516,Brian,Howell,2005-11-15,Lake Julie,LA,WR,77,268,81
6517,Tim,Patel,1995-09-27,New Joshuaberg,MN,QB,80,198,30
6518,Daniel,Johnson,1993-08-19,Bellhaven,PW,RB,68,280,36
6519,Elizabeth,Haynes,1995-09-07,Thompsontown,NC,RB,68,276,44
6520,Heather,Wiley,1995-03-16,Schmittmouth,FL,QB,80,250,47
6521,Melanie,Olsen,1989-05-26,Lake Billy,MI,TE,80,178,1
6522,Bradley,Stephenson,2007-03-05,Holmesville,TX,TE,73,236,65
6523,Patricia,Allen,2003-11-24,Lewisview,VI,WR,68,188,24
6524,Patrick,Fitzgerald,1988-05-29,Lake William,ME,RB,75,276,96
6525,Robert,Morales,1998-06-13,Humphreyport,DC,QB,77,176,62
6526,Anna,Bray,2003-11-07,East Michael,DE,WR,73,218,41
6527,Jennifer,Ward,2006-07-28,Port Daniel,NV,TE,75,288,3
6528,Christopher,Conley,1992-04-17,North Pamelaview,DC,TE,79,251,53
6529,Phillip,Chavez,1985-11-10,New Melvin,NV,WR,72,269,17
6530,Brian,Jones,1992-10-01,Amberchester,KY,WR,76,218,63
6531,Michael,Bush,2007-04-05,New Jonathan,MA,WR,72,210,97
6532,Kimberly,Coleman,2004-05-15,Adamside,TX,WR,79,174,8
6533,Wanda,Carey,1993-12-19,Paulland,FM,TE,74,271,12
6534,Michael,Schwartz,1986-02-27,Kerribury,SC,TE,77,247,15
6535,Monica,Zhang,1985-09-27,Samuelport,OH,TE,71,213,36
6536,Christopher,Velazquez,2001-06-09,New Victoria,FL,RB,78,193,54
6537,Sarah,Warren,2006-01-14,Whiteheadchester,RI,QB,77,192,25
6538,Bailey,Gross,2001-09-16,Murphyton,FM,RB,78,196,26
6539,Roger,Watson,1986-01-27,Christopherfort,MO,RB,71,188,62
6540,Amanda,Young,1987-03-12,Burtonmouth,MP,RB,68,199,13
6541,Nicole,Rodriguez,1992-11-14,East Annachester,NJ,WR,73,181,97
6542,Kara,Farrell,1988-12-22,East Samanthaport,NM,QB,72,298,98
6543,Eugene,Hawkins,1995-11-30,East Laurie,GA,WR,71,246,69
6544,Frank,Mcconnell,2004-06-22,Marcusside,SC,QB,68,219,65
6545,Michael,Silva,2006-10-16,North Nicole,HI,QB,72,242,2
6546,Victoria,Nguyen,2000-03-05,Port Paige,TN,TE,75,207,38
6547,Michael,Adams,1995-02-02,Port Mollyton,IN,TE,73,288,1
6548,Sharon,Williams,2005-04-19,South Anthony,IN,QB,79,181,80
6549,Travis,Vaughn,2007-05-24,South Kevin,NY,QB,75,181,7
6550,James,Long,1990-05-17,Port Amanda,MS,RB,71,229,62
6551,William,Williamson,2001-06-15,South David,NV,WR,74,285,51
6552,Kevin,Mitchell,2004-08-16,New Benjaminside,HI,QB,76,205,48
6553,Andrew,Davis,1998-02-09,West Andrew,CA,WR,76,225,81
6554,Larry,Sullivan,1987-11-12,Kellyfurt,SC,RB,78,222,48
6555,Judy,Sims,1987-08-28,Williamsville,KS,RB,79,233,40
6556,Mary,Craig,1999-10-19,South Adrianchester,GA,WR,68,224,35
6557,Justin,Walton,2005-02-03,Lake Nicholaschester,UT,TE,78,254,35
6558,Melissa,Blevins,1989-06-15,Gilmorestad,NM,QB,74,277,13
6559,Mark,Edwards,1986-12-17,Petersenberg,ID,WR,70,227,62
6560,Theresa,Smith,2006-07-24,West Shannonville,CA,WR,78,248,10
6561,Brandon,Smith,1999-01-04,Cordovaland,NJ,WR,78,212,48
6562,Julie,Cole,2007-08-08,Hernandezville,CO,RB,79,225,54
6563,Rachel,Johns,2003-04-14,Rivasside,ND,RB,72,186,10
6564,Teresa,Walsh,1999-11-10,Diazstad,KY,RB,69,208,42
6565,John,Cooper,1993-10-06,East Jeremymouth,LA,RB,80,285,81
6566,Dennis,Singleton,2000-11-02,Sharonville,GA,WR,80,290,53
6567,Stacy,Thompson,2007-03-03,Ricardoton,KS,TE,72,219,69
6568,John,Chavez,1997-11-11,Port Kyleland,DE,QB,74,260,3
6569,Sabrina,Brown,1991-04-23,West Candiceport,AS,RB,78,211,14
6570,Lori,Peterson,1989-04-28,Lake Allison,KY,WR,79,214,41
6571,Travis,Sandoval,1989-03-27,Turnerstad,VT,TE,74,270,93
6572,Beverly,Davis,2001-03-13,Mannville,NY,RB,73,273,27
6573,Michelle,Archer,2003-03-11,Gonzalezhaven,AZ,RB,80,152,90
6574,Stephanie,Christian,1994-08-08,West Hannahburgh,SC,RB,74,238,35
6575,Kathleen,Weeks,1989-02-09,Kimhaven,MN,WR,74,262,7
6576,Charlene,Parker,1998-08-13,New Jenniferfort,KY,TE,69,232,68
6577,Christine,Maldonado,1992-11-22,Hortonhaven,NJ,TE,69,280,52
6578,Robert,Flores,1994-07-20,Barrettfort,MN,QB,80,172,57
6579,Beth,Vazquez,2007-10-11,South Wyatt,MP,WR,80,270,77
6580,Bill,Mcdonald,1988-12-12,Reneeville,AZ,WR,74,183,33
6581,Ryan,Campos,1998-12-20,Allenmouth,WI,QB,77,247,60
6582,Erica,Smith,2003-10-20,Port Matthewview,AK,TE,73,204,92
6583,Randall,Davis,1990-12-16,Rachelshire,NV,QB,76,261,58
6584,Kerry,Fritz,2004-12-10,Smithhaven,MP,RB,68,240,2
6585,Rachel,Taylor,1989-04-02,Hectorland,AR,TE,74,233,6
6586,Michael,Andrews,1994-01-06,Scottside,VT,TE,69,154,9
6587,Samantha,Garcia,1996-12-31,Michaelport,IN,QB,80,163,89
6588,Jesus,Flores,1999-06-27,Port Stephanie,NH,TE,78,195,0
6589,Sarah,Love,1991-02-17,Lake Thomas,WY,QB,73,259,30
6590,Brian,Gill,1990-07-07,Lake Sueview,FM,RB,76,260,76
6591,Jacob,Henderson,1989-09-17,East Catherine,CA,WR,75,267,1
6592,Brenda,Brown,1994-04-07,South Ryanbury,RI,TE,68,186,65
6593,Thomas,Reed,2002-09-04,Abbotthaven,KS,QB,79,248,39
6594,Mallory,White,1997-09-15,Kerrport,MA,TE,71,194,57
6595,Latoya,Jones,2006-12-13,Ashleyborough,CA,WR,74,174,75
6596,Brian,Evans,2002-03-30,New Josephbury,VI,TE,73,261,9
6597,James,Sanders,2007-03-14,East Jamesside,PW,TE,80,213,96
6598,Jennifer,Roman,2005-05-09,West Emily,UT,QB,75,214,90
6599,Darrell,Figueroa,1997-03-15,Port Leslie,FM,WR,69,283,19
6600,Donald,Erickson,2007-08-15,Ginatown,NM,WR,80,282,82
6601,Julie,Carter,1997-11-30,Piercechester,KY,WR,79,265,38
6602,Carla,Jones,1994-03-06,South Stephaniebury,VI,RB,78,230,16
6603,Kelli,Davis,1990-02-16,New Maria,AK,QB,70,277,51
6604,Jose,Walker,1992-12-03,East Rachelfurt,SC,TE,72,251,18
6605,Samantha,Adams,1986-08-18,New Andrew,PA,QB,76,226,64
6606,Robert,Lane,1998-07-20,South Markmouth,VA,QB,78,177,98
6607,Michelle,Hodge,1991-10-26,Jeffreyhaven,OH,WR,68,152,86
6608,Darryl,Walker,1989-05-20,West Angela,IA,RB,69,274,32
6609,Joel,Roman,1998-07-06,Port Prestonfort,MO,RB,78,224,1
6610,Marvin,Nguyen,1999-11-03,South Karenside,AK,WR,70,300,5
6611,Robert,Carter,1991-10-17,North Theresafurt,CA,TE,74,253,67
6612,Patrick,Baker,2001-01-15,North Maryland,KS,TE,74,214,74
6613,Alexis,Reyes,2005-11-08,Lake Susan,TX,TE,69,241,11
6614,Jose,Murphy,1996-06-26,South Christopher,TN,TE,68,275,75
6615,Gregory,Brown,1987-10-05,Michaeltown,TN,TE,74,267,94
6616,Bryan,Mcbride,1994-12-06,Lake Toddberg,WI,TE,80,187,33
6617,Martin,Sutton,2006-05-02,New Fernando,NY,WR,69,238,12
6618,Brenda,Davis,1999-05-01,Patrickberg,IN,TE,76,151,22
6619,Patricia,Perez,2001-04-30,Jasonland,LA,QB,71,197,10
6620,Felicia,Thompson,2001-11-17,Ruthmouth,MI,WR,78,239,56
6621,Stacy,Rasmussen,2006-05-05,Livingstonville,NE,RB,78,225,38
6622,Anna,Bennett,2002-12-19,East Autumn,SC,RB,74,203,49
6623,Lauren,Patterson,1997-06-04,Jenniferstad,WA,RB,73,191,21
6624,Keith,Fowler,2005-11-28,East Jessicafort,ID,RB,76,203,34
6625,Andrew,Davis,2007-05-12,East Joannaberg,GA,RB,68,279,12
6626,Lori,Thompson,2006-12-23,Lake Jamie,FM,RB,78,178,14
6627,Stephen,Gomez,1997-09-24,Shelbymouth,FL,WR,68,172,23
6628,Randy,Taylor,1991-09-18,Huntershire,AL,WR,75,225,15
6629,Logan,Shannon,2001-03-06,Lake Lisa,LA,WR,73,242,40
6630,Jennifer,Griffin,2003-06-24,South Mariahaven,GA,RB,71,153,61
6631,Emily,Salazar,2000-07-09,Lake Miranda,DE,WR,78,186,25
6632,Tamara,Brown,2001-08-14,East Laurieberg,FM,RB,80,217,66
6633,Terry,Anderson,2007-05-22,Clarkborough,MD,RB,78,224,70
6634,Maxwell,Stephens,2007-03-27,New Davidchester,NC,QB,79,164,16
6635,Kimberly,Bowman,1991-08-09,Greerfort,IL,QB,74,159,84
6636,Allison,Mcintyre,1998-03-18,Amystad,ND,WR,68,227,6
6637,Sherry,Jones,1989-11-21,Martinport,KY,QB,77,175,29
6638,Laura,Warner,2002-09-20,North Pamelaburgh,AK,QB,75,219,12
6639,Ruth,Collier,2002-12-11,Josephchester,NJ,QB,78,153,9
6640,David,Richardson,2001-10-24,Michaelhaven,WY,RB,71,289,22
6641,Christina,Hudson,2008-02-05,Jeremyfurt,MS,TE,71,211,19
6642,Gina,Higgins,1986-12-13,West Timothy,FL,WR,76,226,64
6643,Reginald,Baldwin,2001-01-24,Westshire,FM,RB,73,274,37
6644,Antonio,Miller,2004-12-07,Lake Robertton,TX,RB,77,248,88
6645,Edwin,Webb,1989-12-20,New Bradleyfort,NC,TE,78,229,85
6646,Alex,Warren,2005-12-17,Bullockhaven,AZ,QB,72,287,89
6647,Jimmy,Gregory,1987-07-30,North Dustinview,IN,WR,79,215,10
6648,Jonathan,Christensen,2001-12-15,Kennethborough,UT,QB,79,152,86
6649,Courtney,Stewart,2004-03-08,Leestad,NH,RB,79,184,5
6650,Kara,Chambers,2000-05-08,Lake Kara,OR,WR,78,183,94
6651,Willie,Williamson,1985-07-30,Zamoraport,MS,WR,73,229,7
6652,Edward,Lowery,1993-12-05,East Colinbury,TX,RB,76,200,67
6653,Jennifer,Holden,1988-10-16,Taylorshire,NM,RB,77,269,90
6654,Virginia,Christensen,1997-10-01,Taylortown,SD,QB,68,274,66
6655,Rebecca,Riggs,1999-03-29,Garciaton,AR,RB,74,275,45
6656,Bradley,Johnson,1995-01-07,Cainville,MH,TE,69,232,33
6657,Albert,Walker,1997-10-13,Thomasberg,NE,QB,72,186,6
6658,Bryan,Phelps,2006-08-25,Navarroview,PR,QB,70,220,55
6659,Duane,Murillo,1987-03-24,Ericaview,VT,TE,73,284,87
6660,Peter,Marshall,1989-04-15,Port James,MP,WR,80,237,66
6661,Laura,Lopez,2000-12-12,Diazview,NE,WR,72,256,61
6662,Kimberly,Anthony,1992-10-02,Stevenport,IN,WR,68,166,17
6663,Katelyn,Gomez,1995-08-28,Lake Maxwell,AS,QB,80,262,77
6664,James,Keller,1989-03-27,South Cheryltown,DC,WR,79,239,84
6665,James,Brown,2001-06-27,Sanfordberg,GU,RB,73,253,40
6666,Amanda,Garcia,2004-07-03,East Annafurt,TN,RB,78,169,60
6667,Katherine,Mosley,2004-05-21,Lake Shelbyburgh,IN,QB,69,248,44
6668,Emily,Hughes,1987-06-04,Russellstad,ND,RB,77,220,77
6669,Pamela,Cisneros,1991-04-05,West Danielle,VT,WR,77,163,7
6670,Heidi,Williams,2001-01-27,West Stephaniefurt,FM,RB,79,217,7
6671,Seth,Sanchez,1985-05-27,West Patrick,CT,QB,74,300,14
6672,Amy,Turner,1998-08-09,South Jessicaside,ID,WR,76,166,96
6673,Lisa,Wade,1989-06-24,Theresahaven,CO,WR,69,186,44
6674,Jenna,Lambert,1991-08-26,Davidbury,UT,QB,76,247,49
6675,Aaron,Smith,2003-01-08,Nguyenview,WA,WR,78,188,92
6676,William,Levine,2004-11-03,South Jonathanton,MO,TE,71,171,70
6677,Brian,Olson,1992-03-15,Lake Maryville,GA,QB,72,234,4
6678,Mark,Stanley,2007-02-18,New Shirley,IL,WR,74,283,54
6679,Daniel,Abbott,1996-05-07,New Robertland,ID,RB,77,196,2
6680,Logan,Carter,1992-03-02,North Scott,MD,QB,72,175,81
6681,Joseph,Williams,1987-11-16,West Alexandra,CO,WR,75,232,28
6682,Christian,Williams,1989-06-20,Herbertmouth,MS,TE,72,225,17
6683,Patrick,Collins,1994-10-08,South Sharonport,IN,RB,72,163,54
6684,Martha,Bray,2006-01-28,Bakerburgh,NY,RB,74,203,22
6685,Judy,Jones,2005-03-15,New Crystalshire,WV,QB,74,213,61
6686,Christina,Hernandez,1998-07-25,North Catherinefort,CA,WR,74,207,61
6687,Joanna,Middleton,2000-11-16,Port Eddie,PR,WR,73,290,32
6688,Micheal,Sanchez,1995-01-22,Brianbury,SD,TE,70,155,74
6689,Anthony,Young,1999-01-12,Marcusstad,MI,WR,71,175,68
6690,William,Smith,1998-04-18,West Tyler,VI,RB,80,211,33
6691,Timothy,Baker,2004-03-08,Lake Alexander,OH,QB,71,175,32
6692,Edward,Landry,1995-06-27,Robertstad,NE,WR,77,294,26
6693,Larry,Smith,1996-04-04,Melissafurt,NC,QB,75,183,44
6694,Jordan,Silva,2003-12-23,East Robertfurt,OH,WR,73,187,0
6695,Brandon,Hurley,1991-11-02,North Michele,MT,RB,75,151,98
6696,Jason,Ross,1986-10-31,Turnershire,WY,QB,72,240,17
6697,Lori,Brooks,1989-10-13,Lake Danielside,CA,TE,72,152,66
6698,Michael,Johnson,1986-12-07,Lake Jennifer,AL,WR,75,277,23
6699,Brad,Baker,1987-12-10,Port Raymond,SC,RB,77,177,28
6700,Jared,Perkins,2005-09-09,New Juliashire,NV,WR,77,196,65
6701,Steven,Blanchard,1998-04-14,Leestad,IA,TE,78,248,45
6702,Joann,Smith,2000-03-26,South Joycefort,SC,TE,73,186,78
6703,Aaron,Gibson,1985-10-31,New Scott,RI,RB,77,188,98
6704,Kristin,Thomas,1990-11-02,South Lisa,VT,TE,79,196,95
6705,Heather,Peters,2003-06-06,North Kimberly,NM,WR,68,246,45
6706,Rebecca,Smith,1991-10-27,Port Paultown,KS,TE,80,209,55
6707,Kayla,Hill,1989-04-01,Kaylamouth,WI,TE,68,246,68
6708,Angela,Allen,2003-10-01,New Ashley,DC,TE,79,209,81
6709,Michael,Pratt,2003-11-04,North Christopherton,KY,RB,74,171,33
6710,Kristen,Ellison,2004-02-21,Jacobstad,IL,QB,71,168,60
6711,Robert,Maldonado,2002-11-09,Jeremyburgh,ME,WR,77,292,11
6712,Rachel,Clark,1990-11-02,Ryanberg,NY,TE,78,224,15
6713,Zachary,Wall,1993-03-06,Shelbychester,CT,RB,71,213,52
6714,Benjamin,Stewart,1995-07-20,Savageborough,WY,WR,71,212,52
6715,Sherri,Wilson,1989-07-11,Christopherborough,NV,RB,79,267,5
6716,Timothy,Goodman,1996-01-15,Mitchellberg,IN,TE,75,258,3
6717,Lisa,Gates,1996-04-03,Port Jennifer,FL,QB,79,174,70
6718,John,Fry,2005-04-23,Murrayville,ID,WR,71,223,10
6719,Claudia,Rich,2007-09-08,North Charles,ND,WR,79,175,53
6720,Jason,Williams,1986-03-05,Erinmouth,NE,WR,80,159,92
6721,Michelle,Smith,1999-11-04,North Justin,MO,WR,72,273,68
6722,Natalie,Castillo,2000-06-24,Port Jenniferstad,MN,TE,69,175,86
6723,Samantha,Sanders,2001-11-17,New Robert,MI,WR,78,213,82
6724,Scott,Reed,1989-12-25,Priscillaview,NH,RB,70,185,6
6725,Diana,Ellis,2000-02-02,Port Manuel,MT,RB,72,283,49
6726,Derek,Mendoza,1988-12-13,Collinston,KY,RB,74,222,77
6727,Jessica,Randall,2008-03-24,Taylorstad,MH,WR,68,169,26
6728,Matthew,Porter,1989-03-05,Smithbury,VI,WR,80,254,51
6729,Lindsey,Mcclain,1988-04-12,East Johnborough,FL,WR,70,276,12
6730,Alicia,Gilbert,1992-08-09,Lake Grace,NY,TE,71,151,11
6731,Nancy,Mcdaniel,1992-11-30,Laurieside,KY,QB,71,187,42
6732,Kimberly,Osborn,1993-05-22,Howellmouth,TX,WR,77,278,52
6733,Cody,Garcia,2003-11-17,East Melissafurt,NH,RB,80,243,3
6734,Janet,Dickson,1991-04-02,Tinaberg,CO,RB,79,285,65
6735,Amy,Williams,2005-11-15,Townsendton,OK,QB,71,225,48
6736,Joseph,Schultz,1993-02-24,East Linda,LA,TE,72,229,83
6737,Sharon,Rivera,1994-06-18,Jamesbury,DE,RB,78,156,85
6738,Holly,Vance,1994-11-01,Lake Ryan,DC,TE,71,287,97
6739,Julia,Williams,1993-11-29,West Tracy,IN,QB,71,263,73
6740,Ian,Christian,1991-06-11,South Paulfurt,ME,QB,72,271,1
6741,Jorge,Carter,2000-09-27,Lake Michael,GU,WR,68,255,27
6742,Ryan,Conrad,2007-09-21,Brittanyshire,TN,QB,80,151,82
6743,Tammy,Zimmerman,1995-08-01,Mccoyville,FM,WR,69,177,82
6744,Joe,Hamilton,1999-08-03,New Sheila,DC,WR,76,203,77
6745,Patricia,Walsh,1990-09-15,Sydneyhaven,LA,QB,77,284,76
6746,Elaine,Wright,1988-04-24,Lake Ryan,ID,RB,73,174,80
6747,Patricia,Olson,1995-03-21,Normantown,NJ,QB,80,162,93
6748,Patrick,Davis,2004-11-23,Nelsonville,ME,TE,73,273,1
6749,Katherine,Clark,2007-04-08,Port Joseph,AL,QB,71,261,99
6750,Kelly,Carroll,2005-04-13,Danielfurt,AR,WR,73,227,49
6751,Ricky,Wright,1993-10-02,South Stacy,MI,TE,76,222,41
6752,Brittany,Vaughan,2001-07-27,South Spencer,TX,RB,69,222,23
6753,Robert,Turner,1993-12-22,Kimport,WV,WR,73,168,36
6754,Jay,Thompson,1992-02-16,South Christopher,ND,WR,70,189,4
6755,Douglas,Gray,2000-01-30,Tammyborough,AR,RB,75,166,38
6756,Sabrina,Moreno,1989-02-24,East Kimberly,MA,TE,76,248,41
6757,Theresa,Wong,1995-01-06,North Annaburgh,IA,RB,68,186,14
6758,Alicia,Serrano,1986-01-04,North Mikayla,MI,TE,68,296,4
6759,Julia,Sherman,2005-10-12,Richardport,LA,WR,73,171,70
6760,Clifford,Cook,1992-01-27,Merrittland,MT,WR,69,195,15
6761,Anna,Smith,1987-03-08,New Mary,MH,RB,74,220,26
6762,Devin,Thomas,1986-05-28,Michelleview,ME,WR,73,299,47
6763,Stephanie,Mckee,1986-09-30,West Lisamouth,OH,RB,71,175,54
6764,Ryan,Peters,2005-12-31,West Zacharyside,HI,WR,79,280,67
6765,Alicia,Williams,2004-10-02,West Tommyville,NV,RB,80,296,72
6766,Cory,Erickson,2008-01-22,Angelhaven,NC,WR,74,208,81
6767,Kimberly,Mason,2006-03-15,West Joshuaville,MN,QB,80,232,84
6768,Chad,Harvey,1998-08-09,New Dawnchester,MD,TE,78,230,59
6769,Gregory,Chavez,2001-03-08,New Nicole,MN,RB,74,240,19
6770,Billy,Hart,1988-04-08,Jonathanshire,AZ,WR,75,274,55
6771,Tony,Banks,1998-09-27,North Kimberlyville,IN,WR,71,239,97
6772,Kim,Hunt,2002-10-06,Wongview,OH,TE,71,253,23
6773,Megan,Gutierrez,1999-04-19,West Elizabethfort,MT,WR,70,168,8
6774,Marisa,Hoffman,2000-07-11,East Stephaniestad,MS,TE,79,268,66
6775,Zachary,Davis,2002-03-14,Dawnborough,VI,RB,70,241,20
6776,Joseph,Campos,1988-08-04,Wardhaven,AR,RB,71,260,73
6777,Julie,Guerra,2006-10-23,Davidfurt,NH,WR,80,228,99
6778,Kelsey,Miller,2006-04-03,Michaelbury,SD,RB,68,182,10
6779,Jacob,Nelson,2004-03-17,Williamchester,SC,QB,76,207,95
6780,Zachary,Avila,1993-05-06,New Natalie,ID,RB,71,297,97
6781,Allison,Cuevas,1989-11-02,North Angela,VI,RB,68,212,6
6782,David,Dominguez,1985-08-14,New Elizabeth,ND,WR,68,299,9
6783,Cynthia,Trujillo,2006-09-29,North Marthafort,OH,WR,72,155,0
6784,Victoria,Caldwell,1989-10-03,Port Georgemouth,MA,TE,69,181,19
6785,James,Manning,2004-03-16,South Shawn,DC,RB,71,267,14
6786,Hannah,Li,2007-05-30,West Heather,NJ,QB,75,215,66
6787,Mary,Olson,2000-10-29,Kathleenstad,MI,RB,75,284,59
6788,David,Miller,2001-12-18,Lake Janiceland,MD,TE,70,262,23
6789,Nathaniel,Martinez,1993-03-30,North Jason,SC,RB,74,168,13
6790,Rhonda,Todd,1996-05-03,North Curtisville,WY,RB,74,198,58
6791,Daniel,Obrien,1994-06-06,North Brittany,ME,TE,80,240,24
6792,Katherine,Knight,2001-05-09,Lisachester,MI,TE,74,198,9
6793,Mary,Gonzalez,1985-07-11,Timothybury,FL,WR,76,247,20
6794,Brian,Jones,1991-04-07,Langview,IL,RB,76,188,6
6795,Lindsay,Davis,1998-02-02,West Jonathanside,NV,TE,71,175,30
6796,Jesse,Walters,1987-03-26,South Sheila,NC,TE,75,279,70
6797,Christopher,Taylor,2002-03-03,South Melissastad,OR,TE,73,263,82
6798,Robert,Spence,1997-06-27,North Jacquelinebury,OR,RB,77,294,19
6799,Suzanne,Mcdonald,1995-06-15,Port Rebeccashire,NM,RB,73,196,23
6800,Phillip,Pena,1990-08-08,Allenbury,CT,QB,68,270,94
6801,Andrea,Zuniga,2000-11-27,Lake Michael,DE,RB,72,197,63
6802,Jennifer,Gonzalez,2004-12-11,North Tracy,PA,WR,78,297,27
6803,Melanie,Ingram,1994-02-10,Joanneberg,IL,RB,71,278,28
6804,Stacey,Chavez,1985-08-06,New Donald,MH,TE,72,211,68
6805,Alexis,Gonzalez,1996-09-17,North Cody,IN,WR,73,285,43
6806,Nathan,Vasquez,1996-11-27,Lake Zacharymouth,MO,RB,74,242,97
6807,Pamela,Estrada,1987-05-18,Russellstad,WV,RB,80,162,63
6808,Brenda,Blanchard,1996-01-26,Lake Danielland,MD,TE,76,208,76
6809,Kevin,Boyer,1994-10-19,Carlosside,VT,RB,79,200,97
6810,Lauren,Holland,1986-04-20,Wardmouth,NY,QB,77,251,24
6811,Debra,Mitchell,1993-03-26,Riversshire,AR,TE,68,191,25
6812,Cory,Edwards,1985-05-20,Jeremyville,VI,WR,71,245,80
6813,Patricia,Pierce,1987-10-01,East Vanessahaven,OK,QB,75,296,17
6814,Christopher,Adams,2000-05-31,Lake Wanda,MP,QB,73,223,95
6815,Ashley,Ward,1997-08-11,Ellishaven,NH,QB,72,196,22
6816,Luis,Stein,2001-01-27,East Anthony,WA,RB,73,174,81
6817,Rachel,Garza,1997-03-04,Port Hannah,IL,QB,78,229,32
6818,Andrew,Small,2007-04-29,South Reginald,DE,TE,77,228,16
6819,Joseph,Craig,1986-06-29,West Peterview,CO,RB,76,173,16
6820,James,Clark,2001-02-11,Port Jared,WY,RB,75,212,77
6821,Eric,Hernandez,2003-08-31,Lisaport,RI,QB,69,219,29
6822,Samantha,Frazier,1986-04-21,Monicafurt,HI,QB,79,209,31
6823,John,Medina,1986-11-25,South Miguel,FL,QB,77,262,51
6824,Lauren,Parker,2000-09-11,Lake Jacobberg,OH,TE,78,193,1
6825,Jeffrey,Deleon,1985-12-25,Navarrofurt,MH,WR,71,154,66
6826,Christopher,Chandler,1985-06-11,New Ashley,SD,TE,79,245,71
6827,Deborah,Jones,2004-06-06,New Sarah,NE,WR,71,160,52
6828,Danielle,Blanchard,1998-09-09,North Jesusmouth,MN,QB,77,283,11
6829,Jean,Phillips,2004-09-08,Davisview,ND,WR,75,189,33
6830,Troy,Cobb,1994-12-29,Wrightberg,IL,TE,73,222,26
6831,Diane,Powell,1987-12-30,East Dianafurt,UT,WR,71,276,23
6832,Gerald,Roman,1985-08-18,Jamesland,MN,RB,75,243,80
6833,James,Brown,1999-10-01,Lihaven,SC,WR,71,204,94
6834,Matthew,Reynolds,2003-08-30,Curryhaven,IL,TE,77,219,58
6835,Brenda,Sawyer,1990-11-06,North Brentfort,MT,QB,69,180,26
6836,Tyler,Valenzuela,2001-05-21,Yorkchester,HI,TE,78,281,23
6837,Kyle,Bonilla,1987-09-13,Jessefort,ND,TE,78,170,90
6838,Kevin,Wells,2006-12-19,Brianton,MS,TE,75,241,99
6839,Sandra,Robertson,1988-07-30,Johnsonbury,OR,WR,70,202,47
6840,Susan,Thompson,2002-07-17,New Virginia,MH,TE,68,224,44
6841,Sean,Roberts,1990-04-05,North Stephanie,IN,QB,77,244,60
6842,Calvin,Martin,2000-10-03,Scottmouth,MD,WR,79,262,56
6843,Rebecca,Fernandez,1990-12-12,Lake Lindaton,MN,TE,80,265,76
6844,Jim,Roberts,1994-11-08,Lauraland,CT,TE,71,249,25
6845,Sarah,Nichols,2003-04-13,North Stephanie,VA,TE,70,223,66
6846,Victoria,Farrell,1988-05-10,Hendrickshaven,NM,TE,79,154,43
6847,William,Davis,1986-11-30,Port Andrewland,AL,TE,77,258,78
6848,Mary,Horne,1989-02-25,East Adrienne,WY,WR,80,168,19
6849,Gina,Ramirez,2001-03-30,Valerieshire,OK,WR,68,184,58
6850,Nancy,Matthews,1993-06-21,North Jake,PA,QB,77,169,28
6851,Jacob,Hoffman,2004-04-23,New Isaacport,GA,TE,68,190,69
6852,Robin,Anthony,2001-06-11,New Jeremyborough,SD,WR,74,217,10
6853,Christopher,Perry,1989-05-31,Monicahaven,NE,WR,69,246,5
6854,Jean,Parker,1991-01-07,Port Nicoletown,NC,QB,79,247,4
6855,Thomas,Davis,1992-12-01,North Devonland,CO,WR,75,234,71
6856,Matthew,Watson,1985-09-05,East Christophershire,WV,QB,68,281,46
6857,Karen,Morgan,1987-11-10,Arellanoborough,AZ,WR,79,152,51
6858,William,Jackson,2003-02-14,North Jessicabury,NV,WR,77,163,42
6859,Joyce,Jennings,1991-07-26,Port Kimberly,MP,WR,79,220,49
6860,Wanda,Smith,1993-04-09,Bishopberg,MO,QB,70,267,69
6861,Sydney,Berg,2007-08-22,East Brett,NV,WR,68,178,20
6862,Debra,Davis,2003-06-20,Guzmanchester,FL,WR,80,229,70
6863,Nicholas,Phillips,1988-11-08,South Jefferyshire,WI,QB,70,276,11
6864,Diana,Watts,1995-12-04,West Mary,OR,TE,72,276,42
6865,Nicholas,Alvarado,1999-05-22,New Donald,UT,QB,72,232,62
6866,Jennifer,James,1993-01-25,Jenniferland,CT,QB,72,244,15
6867,Brittany,Oconnell,1999-06-21,Martinezview,AR,WR,68,187,87
6868,Andrew,Aguilar,1993-12-19,Jeffreybury,MT,WR,75,260,98
6869,Amy,Petty,2005-03-22,West Cindyberg,VI,WR,74,206,89
6870,Matthew,Parks,1988-06-23,Elizabethhaven,WY,TE,80,283,44
6871,Frances,Evans,1997-12-27,Martinton,ME,RB,77,300,55
6872,Elizabeth,Stewart,1997-09-26,Glennberg,MH,WR,74,166,54
6873,Jason,Ortiz,1989-10-03,Tyroneland,ME,TE,78,246,63
6874,Aaron,Guzman,1985-07-10,Jasonmouth,MN,WR,73,226,25
6875,Tracie,Castillo,1994-02-02,Macdonaldtown,MP,QB,72,276,2
6876,Kenneth,Love,1991-05-21,West Jonathan,PW,QB,68,178,91
6877,Christopher,Taylor,1989-07-13,South Nicholasshire,AL,WR,80,202,91
6878,Melissa,Davis,1986-08-27,North Jessica,IA,WR,75,248,88
6879,David,Blair,1995-02-04,New James,AR,WR,79,229,63
6880,Lisa,Meyers,1995-08-10,New Brett,SC,WR,75,251,20
6881,John,Rocha,1986-01-14,Port Sandra,MH,RB,68,274,28
6882,Steven,Cook,1994-01-18,Port Heidi,HI,RB,78,226,62
6883,George,Dixon,2000-01-11,East April,NH,TE,74,216,68
6884,Savannah,Hansen,1989-11-05,Lake Lauraton,PR,RB,69,206,66
6885,Robert,Ortiz,2006-11-29,North Ericfurt,NH,QB,75,185,32
6886,Madison,Martinez,1997-05-08,South Tina,ME,WR,73,153,77
6887,Patrick,Moss,2000-06-30,Amyfurt,FL,WR,74,268,82
6888,Brittany,Thomas,2006-10-09,South Joshua,ID,QB,76,250,88
6889,Christopher,Glass,2001-12-31,Aaronborough,MT,WR,72,156,48
6890,Javier,Fernandez,2004-06-18,Heiditon,ND,RB,72,253,15
6891,Amber,Small,2000-01-21,Terryburgh,ID,RB,80,247,23
6892,Paige,Garcia,2006-04-04,East Katrina,RI,RB,68,200,38
6893,Steven,Murphy,2001-02-21,West Nathan,WV,TE,77,208,21
6894,Lisa,Pena,1989-09-25,South Jenniferview,ID,WR,69,230,37
6895,Kimberly,Finley,2002-09-13,Drakeville,NC,WR,79,234,72
6896,Brian,Dunn,1998-02-13,Lake Ryan,PA,QB,80,201,47
6897,Adam,Lyons,2001-11-02,North Michael,VT,TE,69,278,2
6898,Andrea,Carter,2004-01-12,Nataliebury,KY,TE,70,247,41
6899,Kristina,Cox,2002-06-27,Robertmouth,IL,WR,78,234,58
6900,Lisa,Hernandez,2005-05-25,Laurenfurt,TN,TE,77,212,14
6901,Jason,Dominguez,2006-06-09,West Benjaminmouth,NM,RB,76,239,79
6902,Joshua,Parker,2004-04-30,New Charlestown,MS,TE,68,162,78
6903,William,Young,2005-03-11,East Bethhaven,FM,TE,68,177,71
6904,Martin,Banks,1989-05-05,East Wesleyberg,NE,TE,70,300,35
6905,Amanda,Ingram,2006-06-07,Perkinsfort,UT,TE,72,152,96
6906,Gregory,Johnson,1985-12-10,New Deborah,CT,WR,74,240,75
6907,Teresa,Clark,1990-11-08,South Katrina,NV,RB,79,158,84
6908,David,Russo,1999-04-03,North Jessica,NC,TE,73,291,98
6909,Scott,Dalton,2005-03-20,New Mitchell,OR,RB,75,201,22
6910,Whitney,Vaughn,1995-10-13,Dorothyton,OK,TE,74,212,96
6911,Kimberly,Baker,1985-05-15,Anaborough,AZ,RB,78,291,48
6912,Omar,Cook,2003-03-17,Gregstad,CO,RB,79,259,59
6913,Shelby,Mccoy,1991-12-05,Lindamouth,PR,RB,75,188,93
6914,Donald,Murphy,1997-10-21,Markland,KS,RB,68,193,83
6915,Michael,Lambert,1999-07-20,Christophermouth,VI,QB,76,160,86
6916,Nancy,Rivera,1985-10-09,Lake Jackie,NY,RB,76,239,4
6917,Robert,Gonzalez,1990-11-28,Lake Josephville,IL,QB,69,199,13
6918,Adam,Acevedo,1988-01-24,North Katieland,KY,TE,80,241,31
6919,Allen,Frank,2004-04-12,East Elizabethburgh,AZ,QB,80,258,99
6920,Jeffrey,Rice,1991-08-17,Chavezview,AK,WR,75,180,91
6921,Charles,Gates,1989-02-05,Greenhaven,NM,TE,78,276,73
6922,Whitney,Wu,1996-06-06,Sanchezview,DE,WR,68,248,61
6923,James,Nichols,1989-04-14,Port April,CO,QB,80,199,40
6924,Alexis,Hardy,1996-06-19,Mortonland,SC,WR,75,278,75
6925,Dana,Gomez,2000-05-26,North Riley,FL,TE,76,291,93
6926,Barbara,Flynn,1985-07-17,Thompsonstad,FM,QB,79,239,24
6927,Heather,Burton,1991-08-25,Obrienstad,ND,TE,69,277,42
6928,Brandi,Miller,1992-06-14,Craigstad,ND,TE,68,265,46
6929,Erin,Ramos,1986-03-11,New Elizabeth,NM,RB,79,287,44
6930,Mary,Becker,1986-11-26,Port Kristen,AZ,RB,78,229,24
6931,Steven,Graham,2002-10-29,Port Meganhaven,VT,QB,74,194,8
6932,Edward,Hogan,1998-12-31,South Jeffreymouth,WY,RB,69,251,79
6933,Angela,Santiago,1992-02-09,Millerhaven,VT,RB,78,157,43
6934,Carl,Frey,1987-05-30,Johnsonland,VI,TE,74,163,66
6935,Jessica,Jackson,2005-05-02,Stephaniechester,DC,WR,79,197,78
6936,Kyle,Harper,1995-12-14,West Hunterburgh,NE,QB,68,152,68
6937,Brandon,Mosley,1995-10-05,Thomasshire,IN,RB,76,272,87
6938,Lindsay,Lewis,2005-01-16,Janetshire,NM,WR,69,240,45
6939,Michael,Ingram,2002-12-07,Matthewhaven,PW,RB,71,229,36
6940,Daniel,Robertson,1996-10-28,Lake Katelynburgh,ME,TE,77,165,50
6941,Jacob,Davis,1999-05-29,Michaelstad,ND,QB,73,210,13
6942,April,Sandoval,1999-01-05,Christopherville,MS,TE,72,251,18
6943,Natalie,Boyd,1997-02-18,Jamesview,MP,WR,68,280,89
6944,Steven,Aguilar,1985-06-10,West Ronald,PA,TE,69,203,22
6945,Stephanie,Sanchez,2007-03-25,South Allisonview,ID,WR,74,263,67
6946,Sheri,Fisher,1997-09-08,North Amanda,HI,WR,70,262,29
6947,James,Gregory,1995-08-07,Cookchester,IL,QB,71,180,14
6948,Jessica,Abbott,1998-09-17,South Christopherfurt,NH,TE,75,171,7
6949,Christopher,Combs,1999-07-28,Port Carlosfurt,NM,QB,77,258,35
6950,Anne,Randall,2003-12-02,Greenchester,GU,TE,77,276,79
6951,Stephanie,Contreras,1998-02-22,Watsonburgh,MI,WR,77,279,1
6952,Frank,Hill,1987-04-16,Tiffanyborough,ND,TE,78,284,96
6953,Tammy,Long,1997-11-30,Davisport,NC,RB,79,150,28
6954,Alisha,Sanders,1994-07-27,Kentborough,ND,QB,73,228,51
6955,Wyatt,Harris,1993-12-24,Juliebury,VT,QB,70,267,46
6956,James,Robinson,2007-08-24,North Kimberly,DC,RB,73,180,51
6957,Gregory,Mckinney,1985-05-28,East Gary,NE,TE,80,188,92
6958,Timothy,Graves,1994-11-10,Wandamouth,SD,WR,78,258,71
6959,Anita,Rodriguez,2006-04-28,East Tina,OK,WR,73,185,32
6960,Alejandro,Martinez,1986-07-07,Julianhaven,KS,RB,70,155,45
6961,Mary,Bennett,1997-10-12,New David,WY,TE,78,241,87
6962,Diane,Cohen,1986-11-06,East Courtneyport,NE,TE,77,218,10
6963,Daniel,Andrade,2005-10-04,Halltown,ND,QB,76,167,11
6964,Sabrina,Harris,1996-04-13,East Melissaport,AZ,QB,80,162,43
6965,Derek,Griffith,2002-09-15,Guerrerotown,MT,RB,72,277,13
6966,Dale,Castillo,2005-03-04,Ortegashire,VT,WR,71,230,33
6967,Sarah,Foster,1998-05-12,Port Lisaville,SD,WR,74,255,64
6968,Paul,Davis,1999-01-31,New Ernestview,OH,QB,75,275,7
6969,Tina,Murphy,1985-12-27,Douglasbury,MN,TE,76,240,73
6970,Rose,Lopez,1987-10-18,New Elizabethland,PR,QB,72,237,39
6971,Jeffrey,Scott,1992-05-26,East Paulfort,VA,RB,78,250,4
6972,Tina,Turner,1987-03-21,New Tinaborough,MO,WR,73,281,7
6973,Amanda,Fowler,2004-06-20,Port Sarahaven,KS,TE,80,175,23
6974,Matthew,Robinson,2001-10-16,Deborahshire,PR,RB,75,199,80
6975,Michael,Martinez,2003-01-23,Steeleview,ND,RB,69,213,78
6976,Ronald,Stein,1994-09-25,Smithton,AZ,QB,74,265,21
6977,Kevin,Mcdonald,2000-06-01,East Jessicamouth,KY,WR,70,239,42
6978,Sabrina,Elliott,1998-02-11,Port Christopherburgh,ME,RB,78,289,94
6979,Danny,Wolfe,2002-11-30,Lake Natalieside,ND,WR,80,282,8
6980,Patricia,Marks,1993-03-26,North Frank,NM,WR,72,193,15
6981,Jennifer,Velez,1988-06-20,Reneeland,GU,QB,71,281,1
6982,Steven,Klein,1991-02-04,Jasonville,MD,RB,78,153,80
6983,Tina,Jordan,2007-12-18,Thompsonstad,AK,RB,78,251,53
6984,Nicole,Byrd,1987-08-16,Vincentside,RI,TE,78,199,20
6985,Phillip,Freeman,1991-06-09,Pattonside,DE,TE,74,275,75
6986,Heidi,Spence,1996-08-16,Port Randyview,CA,WR,78,247,90
6987,Denise,Johnson,1991-12-06,Port Danielleborough,WA,WR,78,188,68
6988,Mary,Sherman,2003-05-18,South Cole,AK,WR,71,179,97
6989,Peter,Neal,2003-12-21,East Nancyberg,TX,WR,72,216,85
6990,April,Hill,2007-04-23,Thompsonhaven,GA,QB,80,274,50
6991,Christina,Howard,2004-04-22,Cortezburgh,VT,TE,71,244,34
6992,Ryan,Barnett,2002-05-15,North Crystal,TX,WR,69,237,43
6993,Timothy,Andrews,1986-09-23,Chasetown,ME,WR,68,233,6
6994,Bradley,Miller,2005-01-19,Myersburgh,AL,QB,71,169,89
6995,Joan,Moore,2003-10-25,Fosterport,NV,TE,80,240,76
6996,Douglas,Edwards,2006-05-29,West Evelyn,KS,RB,79,224,87
6997,John,Phillips,2006-09-03,West Linda,RI,WR,71,228,15
6998,Jennifer,Harper,2008-01-18,Lake Roberto,PA,WR,76,258,4
6999,Laura,Hall,1991-09-30,Colefort,DE,TE,78,154,51
7000,Dale,Yoder,1990-03-06,New Scottchester,HI,TE,80,236,69
7001,Steven,Hill,2004-04-05,Sharonstad,SC,WR,72,234,4
7002,Stephanie,Warner,1991-04-05,Lopezfort,AS,TE,69,265,57
7003,Brandy,Ochoa,1999-10-17,South James,MN,TE,69,237,53
7004,Marco,Perez,1993-02-28,North Seth,NJ,TE,80,189,37
7005,Sarah,Miller,1999-03-11,Port Lacey,KS,RB,71,275,62
7006,Jamie,Schwartz,1993-10-24,Port Lindsey,MH,WR,79,167,2
7007,Brandy,Carroll,1995-12-16,Brandtmouth,CT,QB,76,206,54
7008,Carmen,Solis,2007-05-30,Jacksonbury,IN,RB,80,199,12
7009,Kenneth,Villanueva,2002-01-02,Andreafort,CA,QB,69,159,57
7010,Larry,Stevenson,2000-03-29,South Tylerport,PR,WR,73,198,32
7011,Shannon,Carlson,2003-07-25,Cochranstad,WA,TE,77,226,47
7012,Pamela,Allen,1993-06-27,Kellerbury,WI,RB,80,278,58
7013,John,Wallace,1995-08-11,Jacobsbury,AR,RB,79,269,62
7014,Patrick,Gregory,1987-04-09,East Richard,MH,TE,72,231,98
7015,Cassandra,Nguyen,1996-10-30,Lake Bradleytown,PW,RB,79,229,74
7016,Courtney,Long,1998-05-19,Thomaston,GA,RB,75,193,1
7017,Kenneth,Nichols,2007-12-02,Brandymouth,OH,TE,72,178,97
7018,Carrie,Garza,1993-11-06,Evanston,NC,QB,76,214,56
7019,Latoya,Smith,1991-10-16,Medinaland,IN,WR,75,180,78
7020,Michael,Mitchell,1988-11-04,Lake Michelleland,AR,TE,71,221,84
7021,Patricia,Blanchard,1997-07-19,East Josephmouth,IA,QB,78,242,42
7022,Carolyn,Morrow,2000-08-19,South Victoria,LA,QB,69,248,8
7023,Phyllis,Roberson,2001-12-17,New Marisaborough,TN,QB,78,185,44
7024,Olivia,Savage,1999-05-24,Joneshaven,WY,WR,70,233,72
7025,John,Davis,1997-01-04,Mcdonaldport,HI,WR,71,228,35
7026,Wendy,Brown,2000-11-24,Roseville,NJ,RB,79,259,29
7027,Matthew,Dixon,2008-01-30,West Mitchell,GA,QB,71,199,17
7028,Stacey,Morris,1996-05-24,New Jason,MA,TE,69,268,28
7029,Jessica,Bailey,1993-11-01,Davidstad,MI,WR,68,252,92
7030,Andrea,Castillo,1988-05-16,East Peggy,SC,RB,70,164,85
7031,Sally,Dunn,1995-06-22,Banksbury,MP,TE,71,240,46
7032,Kristina,Bradshaw,1999-08-27,Jonathanland,WI,TE,76,153,28
7033,Ricky,Thomas,1986-03-16,New Noahville,MP,TE,69,194,78
7034,James,Edwards,1999-07-19,Port Kimberlyview,LA,RB,75,256,93
7035,Theresa,Hernandez,2007-06-01,Matthewmouth,WA,TE,77,162,29
7036,Andrew,Wilson,1999-12-06,Guerrerofurt,MO,WR,72,251,42
7037,Lynn,Fisher,1994-05-12,North Matthewtown,KS,RB,70,251,88
7038,Christie,Preston,2002-11-13,Bishopshire,MH,TE,70,254,15
7039,Veronica,Sullivan,1992-06-15,Port Timmouth,AR,QB,79,252,31
7040,Amanda,Butler,1988-08-01,Hortonmouth,HI,TE,73,206,21
7041,Peter,Hanson,1990-04-02,Lake Randyport,NE,TE,75,209,86
7042,Daniel,Villegas,1993-01-12,Lake Emilyhaven,PR,QB,72,201,39
7043,William,Le,1997-03-08,Lake Ianshire,NJ,TE,80,291,14
7044,Melissa,Flores,2006-03-07,Lake Kayla,KS,QB,79,187,67
7045,Jeremy,Roman,1998-12-20,Lake Walter,MP,WR,79,240,28
7046,Eric,Neal,1995-08-23,Lake Timothy,DE,QB,74,281,48
7047,Deborah,Owens,1988-06-05,Marvinfurt,MP,RB,80,202,10
7048,Tara,Wood,1990-01-11,Pamelaville,MI,TE,69,156,60
7049,Elizabeth,Campbell,1996-06-10,North Leroy,WA,WR,70,198,18
7050,Dawn,Davis,2002-08-07,East John,CT,WR,79,293,25
7051,Carrie,Roberts,2004-02-09,Kimshire,MA,WR,69,266,39
7052,Eric,Maldonado,1999-06-25,Annatown,CT,WR,72,188,3
7053,Rebecca,Green,1995-10-11,Smithport,GU,WR,72,190,87
7054,Steven,Williams,1994-05-26,Curtisside,SC,RB,74,255,17
7055,Tyler,Rodriguez,1994-06-20,Anthonybury,GU,WR,72,282,75
7056,Wesley,Farmer,2001-09-24,Lisaborough,WA,QB,80,240,77
7057,Sophia,Singh,2004-06-11,Port Lindaville,IA,QB,71,225,11
7058,Meagan,Wood,1994-12-01,New Veronica,DE,WR,70,238,44
7059,Joseph,Garrett,2007-04-22,Richardmouth,UT,TE,75,256,47
7060,Dustin,Baker,1993-06-22,Melissaborough,GU,RB,70,289,73
7061,Ryan,Vasquez,1989-08-23,North Lisa,ID,TE,74,202,51
7062,Kelly,Weeks,1991-11-17,New Charles,AL,QB,79,165,64
7063,Alice,Gates,1990-06-13,Port Richardside,LA,TE,78,296,93
7064,Betty,Johnson,1993-01-16,New Adrian,IN,RB,74,252,77
7065,Ronald,Blevins,2006-05-19,Lake Jeremyview,MS,TE,76,268,23
7066,Kim,Moran,2006-01-20,Danielchester,WI,TE,70,221,3
7067,Alexander,Salazar,1988-03-20,Julieberg,IN,WR,75,207,90
7068,Gilbert,Haynes,2008-01-26,North Nicoletown,WY,TE,76,166,34
7069,Richard,Warren,2004-09-05,Stefanieton,AZ,QB,69,266,92
7070,Stephanie,Morrow,1999-08-16,South Christopherhaven,MD,RB,73,208,54
7071,Donald,Montgomery,1989-06-22,Port Patricia,MA,QB,72,297,72
7072,Frank,Spence,1991-06-09,Gonzalezview,NY,TE,68,283,82
7073,Briana,Johnson,1997-08-11,Brianfurt,MO,RB,80,184,14
7074,John,Walker,1999-07-14,South Penny,MH,RB,68,245,57
7075,Courtney,Montes,2007-09-16,Smithstad,FL,TE,78,299,34
7076,Crystal,Castillo,1985-09-20,South Edwardville,MD,TE,77,169,7
7077,Aaron,Baldwin,2000-08-19,Johnsonborough,CA,QB,76,299,10
7078,Richard,Patrick,2003-06-04,Johnsontown,CA,TE,73,233,89
7079,Keith,Fisher,1988-08-16,New Andre,MS,TE,76,265,10
7080,Wayne,Hill,1993-03-13,East Robertfurt,FL,QB,78,247,75
7081,Joan,Graves,1997-06-13,Marshallstad,IL,WR,69,224,6
7082,Bryan,Bell,1985-07-27,Shannonview,ND,RB,75,189,64
7083,Donna,Ross,1988-07-30,West Jennifermouth,MA,WR,72,210,58
7084,Kevin,Adams,1993-05-28,South Tiffanystad,CO,WR,75,163,61
7085,Melissa,Atkinson,1987-10-08,Heathermouth,FL,WR,80,277,65
7086,William,Mack,1992-08-12,Port Williamshire,SC,QB,78,179,53
7087,Rebecca,Jackson,1992-02-14,Karamouth,GA,WR,69,257,73
7088,Jason,Smith,1993-04-13,Jeanneshire,DC,RB,68,229,3
7089,Duane,Brown,1998-07-22,East Jeffrey,LA,QB,72,238,39
7090,Zachary,Kelly,2000-06-20,Isabellaside,MP,WR,75,227,50
7091,Jacob,Brown,1995-12-03,Port Johnville,NV,TE,78,224,35
7092,Aaron,Bishop,1992-05-25,Port Melissa,RI,TE,72,161,9
7093,Ariel,Clark,1997-06-19,West Kristen,NV,WR,80,212,75
7094,Stephen,Price,1985-11-03,Jasonfort,IN,TE,68,267,42
7095,Cassandra,Wallace,1998-01-27,Port Anthonytown,KS,WR,80,250,68
7096,Wesley,Hopkins,1996-05-25,Laurenhaven,MP,WR,75,251,46
7097,Eric,Day,1999-12-19,New Stephanieshire,MP,QB,69,153,65
7098,Kevin,Kelley,1998-08-22,Ramirezville,MS,TE,77,177,9
7099,Travis,Hawkins,2005-07-30,East Natalieborough,ID,WR,71,247,75
7100,Joel,Gallegos,1987-01-09,East Toddstad,FL,RB,75,267,21
7101,Chad,Clayton,1992-10-04,Leeville,NJ,TE,69,203,3
7102,Melissa,Miller,2002-11-21,West Garrettmouth,VA,TE,79,226,46
7103,Damon,Johnston,1994-06-25,West Audrey,IN,WR,70,156,27
7104,Jennifer,Gallagher,1996-04-15,Morrisfort,MN,TE,69,174,56
7105,Brittany,Jenkins,1990-09-01,Ryanberg,OH,QB,78,204,14
7106,Toni,Morris,2006-12-02,North Richardchester,VA,QB,70,154,45
7107,Martin,Morris,2006-11-30,Markton,WI,RB,69,220,12
7108,Dalton,Cummings,2006-04-14,South Deannaville,LA,WR,76,180,82
7109,Kim,Gallegos,1993-11-05,Shannontown,OK,TE,79,298,6
7110,Meghan,Ryan,1985-12-31,Benjaminborough,NM,QB,78,258,19
7111,Carlos,Flynn,2001-01-25,Payneville,NJ,WR,78,200,14
7112,Jonathan,Allen,1987-04-21,Peterstad,DE,RB,74,154,1
7113,Alexandra,Gray,1995-02-02,Turnerside,DC,WR,77,282,63
7114,Jessica,Burnett,1991-11-08,West Joseph,OK,WR,77,153,94
7115,Anthony,Scott,2003-07-20,Bryanland,WI,QB,68,269,48
7116,Sara,Conner,2006-06-20,Butlerview,OH,TE,73,222,67
7117,Patrick,Marquez,2006-06-28,West Adammouth,SC,WR,77,170,76
7118,Samantha,Lee,2002-12-27,New Lisa,MS,WR,72,165,99
7119,Steven,Roberts,1986-03-16,North Steve,IN,RB,80,243,79
7120,James,Wilson,1986-12-24,North Davidport,NY,TE,72,203,29
7121,Kevin,Davis,2008-01-27,Nathanshire,SD,WR,73,233,34
7122,Hannah,Prince,1993-06-01,Kennedyfort,ID,WR,71,285,62
7123,Mary,Lawson,1989-02-28,East Evan,VA,TE,71,246,48
7124,David,Marshall,1995-09-26,Toddside,CT,WR,79,273,99
7125,Rebekah,Perez,1998-06-19,Lake Melissa,ND,QB,73,193,15
7126,Thomas,Mckinney,2005-03-26,Huntborough,NM,TE,72,224,53
7127,Joshua,Maddox,2002-11-16,West Kendraview,MN,RB,71,274,18
7128,Sarah,Porter,2005-08-11,Brownstad,DC,TE,72,246,48
7129,William,Baker,1993-11-23,North Maryport,IL,RB,70,239,70
7130,Rachel,Bass,2004-10-26,Moralestown,PR,RB,78,189,57
7131,John,Cooper,1989-01-08,Washingtontown,FM,QB,77,199,76
7132,Shawn,Berger,1988-10-11,West Mikeview,OH,WR,80,226,46
7133,Ryan,Johnson,1998-11-26,East Jeffery,NV,TE,70,287,21
7134,Stephen,Morris,2006-08-13,Douglasview,MH,QB,80,164,82
7135,Cassandra,Brennan,1994-02-12,Robertton,FM,RB,72,205,20
7136,Charles,Madden,2003-02-06,Jessicamouth,PR,QB,73,160,78
7137,Mark,Lopez,1987-01-02,Gonzalezborough,AL,QB,75,175,94
7138,Matthew,Floyd,2008-02-12,Lake Catherinechester,TX,QB,80,299,83
7139,Keith,Gonzales,2003-09-24,Valdezfort,MO,TE,68,160,7
7140,Victoria,Kelley,1986-04-24,North Karen,WY,RB,77,193,61
7141,Kim,Mclaughlin,1995-08-19,Blaketon,MI,RB,69,178,20
7142,Dan,Thompson,1988-06-15,Taylorland,NE,RB,75,271,32
7143,Laura,Marquez,2002-12-10,Woodardborough,DC,QB,79,153,69
7144,Anthony,Lang,2002-07-28,Harrisfort,NJ,WR,78,299,79
7145,Brandon,Fowler,1987-05-17,South Todd,AZ,QB,77,262,13
7146,Christopher,Beck,1987-01-02,South Deborah,VA,QB,68,283,59
7147,Megan,Ruiz,1985-10-16,New Shelly,VI,QB,68,185,68
7148,Vanessa,Acosta,2000-12-21,Monicaside,ME,WR,78,247,72
7149,Jennifer,Koch,1997-11-08,East Andrew,VA,WR,70,235,0
7150,Sherri,Lynch,1994-04-29,New Joseville,KY,QB,68,233,67
7151,Erica,Cox,2007-08-29,South Melissa,NH,RB,73,228,84
7152,Alyssa,Jackson,1988-03-15,Greenshire,GA,TE,75,234,18
7153,Anthony,Henderson,2000-03-22,North Matthewview,NM,RB,79,215,81
7154,Monique,Cardenas,2004-12-30,West Aaronville,NE,RB,70,169,3
7155,Pamela,Ware,1998-04-19,Brittanychester,IN,WR,71,179,50
7156,Todd,Allen,2007-11-17,South Lisaberg,MD,WR,69,298,84
7157,Tanya,Ingram,2001-01-16,North Kathleen,DE,QB,74,245,70
7158,Jessica,Rodriguez,2005-03-25,New Mark,WI,RB,80,152,45
7159,Ryan,Lamb,1992-05-31,East Adamton,KY,TE,74,292,82
7160,Yvonne,Lara,1997-03-04,Johnsonport,NH,TE,70,270,11
7161,John,Allen,1994-11-05,Angelaton,LA,QB,69,239,29
7162,Brett,Torres,2002-08-03,Summersland,AR,QB,74,273,79
7163,James,Brown,1988-01-09,Port Tina,GA,RB,76,255,5
7164,Melanie,Thompson,1985-08-24,Cruzfurt,OK,TE,72,165,52
7165,Michael,Robinson,1991-02-18,Kevinchester,OH,TE,68,280,44
7166,Elaine,Garcia,2006-02-22,West Larryfort,NH,WR,70,176,0
7167,Madison,Fisher,1993-11-08,North Timothyburgh,VA,QB,75,261,56
7168,Rita,Smith,1985-10-05,West Andreaburgh,IN,RB,71,178,61
7169,Jeffrey,Solis,2000-11-15,South Maryland,IL,TE,78,243,46
7170,Eddie,Hickman,2001-01-06,Nicholshaven,GU,WR,69,161,71
7171,Brooke,Morris,1996-01-23,North Mark,MT,TE,71,169,90
7172,Michelle,Davis,1998-12-15,New Matthewmouth,AR,WR,78,236,88
7173,Justin,Daugherty,2004-09-21,South Davidstad,NC,WR,70,194,54
7174,Douglas,Macias,1989-03-18,Evansstad,AL,TE,72,170,19
7175,Randy,Solomon,1989-10-13,North Anne,ND,WR,75,171,70
7176,Robert,Taylor,2007-11-03,West Margaretview,AK,TE,73,281,97
7177,Albert,Velazquez,1989-08-13,New Kayla,NY,RB,78,281,0
7178,Megan,Clark,1988-08-21,West Robert,DE,QB,75,244,86
7179,Robin,Romero,2001-12-05,Timothybury,MS,WR,73,176,46
7180,Nancy,Bailey,1989-02-06,Michaelfurt,ME,RB,72,218,7
7181,Brenda,Hall,1998-08-04,Lake Daniel,MT,WR,75,199,22
7182,Richard,Chaney,1998-06-13,East Emilystad,IN,QB,79,280,86
7183,Brian,Cole,1994-11-04,Dayborough,MN,RB,68,256,11
7184,Martin,Bates,2000-04-02,Jaimeborough,ID,QB,73,265,25
7185,Wanda,Kelly,1999-02-27,West Dawnport,CA,WR,73,167,53
7186,Carlos,Lee,1997-09-04,South Marieshire,NC,QB,68,155,17
7187,Erik,Lambert,1999-07-13,Joshuamouth,NE,QB,77,245,69
7188,Cathy,Davis,2002-05-13,Mirandaport,WV,RB,73,294,70
7189,Brooke,Gonzalez,1987-09-10,Port Kenneth,ID,WR,72,242,95
7190,Virginia,Morales,1998-10-04,Wheelerfurt,GA,WR,74,265,75
7191,Jeffrey,Yang,2001-12-07,Shawnmouth,IN,WR,79,267,7
7192,Devin,Pace,2007-01-11,North Saraland,ID,QB,78,196,75
7193,Nancy,Dickerson,2007-01-14,Lake Jenniferland,ME,WR,71,213,44
7194,Eric,Cameron,1990-03-14,Joseview,IL,WR,77,179,9
7195,James,Frye,2002-07-05,Michaelstad,NE,WR,79,278,81
7196,Brian,Miller,1998-05-12,North Donaldstad,ND,TE,77,166,25
7197,Andrea,Jenkins,2007-10-30,North Lindsey,SC,QB,79,185,68
7198,Calvin,English,1989-04-27,North Christianview,MT,RB,75,216,55
7199,Hannah,Clark,2004-06-02,Charleschester,IA,RB,74,223,80
7200,Alyssa,Little,1988-07-20,West Hannahtown,MI,TE,70,155,80
7201,Rachel,Rios,1987-06-21,New Molly,WA,TE,70,210,65
7202,Jesus,Lopez,1987-03-02,North Clintonton,NH,RB,70,198,58
7203,William,Johnson,2005-10-01,East Georgehaven,CT,RB,80,226,68
7204,Mckenzie,Elliott,1997-08-06,Janechester,NC,QB,77,213,83
7205,David,Mcdonald,2005-02-21,South Cynthia,MS,RB,80,222,30
7206,Philip,Adams,1996-03-05,Ramosview,WI,TE,72,218,87
7207,Kevin,Wilson,1988-05-26,Santiagoshire,CO,WR,72,183,80
7208,Andrea,Parker,1987-10-27,South Christianview,OK,RB,72,246,49
7209,Carolyn,Jacobs,1996-03-21,Pattonfort,PR,QB,76,225,59
7210,April,Nguyen,1989-01-31,West Aprilmouth,NV,RB,72,203,55
7211,Henry,Cruz,1992-06-25,Sherryfort,AL,WR,70,237,22
7212,Raymond,Holt,2003-08-23,Port Denisechester,FL,RB,76,268,62
7213,Kim,Booker,2005-03-15,Richardbury,PR,QB,68,251,61
7214,Diana,Welch,1997-10-17,Haleburgh,AL,TE,73,261,86
7215,Kristi,Martinez,2005-01-09,Brittneyton,AL,WR,68,211,40
7216,Patty,Anderson,1997-09-30,West Jennifer,IL,QB,80,159,49
7217,David,Mitchell,1996-04-27,Edwardstad,WV,QB,70,230,78
7218,Jonathan,Turner,1995-01-09,Woodsborough,MH,RB,79,293,94
7219,Kristin,Schroeder,2003-08-25,Vincentfort,NJ,QB,79,198,59
7220,Lisa,James,2000-08-01,New Emilyborough,MA,RB,74,239,38
7221,Keith,Davidson,1996-03-06,East Destiny,TN,RB,70,266,1
7222,Alan,Adams,1988-11-22,South Brian,AL,RB,70,184,36
7223,Steve,Wiley,2005-07-15,South Pamelaside,OH,QB,75,217,40
7224,Theresa,Ortega,2008-02-28,Lake Brianfurt,TX,QB,71,203,22
7225,Kyle,Nelson,2002-01-06,North Dianaville,WV,QB,69,281,7
7226,Robin,Terry,1991-05-17,Port Loganfort,NC,QB,68,189,82
7227,Lisa,Smith,1996-05-03,West Kenneth,MA,TE,76,206,51
7228,Travis,Ward,2002-07-15,Port Kellyborough,IA,QB,71,182,48
7229,Teresa,Greene,1988-01-01,Aimeeview,IA,QB,77,233,81
7230,Crystal,Butler,2000-11-12,East Timothyville,SD,TE,74,183,45
7231,Brett,Wilson,2007-10-18,Danielfurt,OK,WR,73,179,66
7232,Kristina,Grant,1994-11-26,Port Matthew,WI,RB,71,234,25
7233,Wayne,Stanton,2001-01-15,New Victoria,MA,WR,72,281,73
7234,Lance,Perez,1989-11-06,New Marissabury,NM,WR,71,233,78
7235,Carl,Miles,2006-09-16,Lindabury,FL,RB,80,222,33
7236,Brandi,Parker,1985-08-24,Gardnerton,OH,TE,68,177,48
7237,Cheryl,Newman,1985-09-14,Douglasport,GU,TE,73,255,74
7238,Eric,Norman,1987-04-04,Port Kirkfurt,TX,WR,76,154,17
7239,Marvin,Mcdonald,1992-05-01,Port Anthonyborough,MD,RB,76,172,77
7240,Drew,Gallegos,1993-07-18,North Laura,AR,WR,80,278,19
7241,Kevin,Washington,1999-12-08,North Troy,MS,RB,75,213,58
7242,Daniel,Carey,2007-09-28,Carterfort,DC,WR,69,182,24
7243,Charles,Ford,1986-11-17,North Alexandria,AK,TE,78,225,70
7244,Andrew,Wilson,1996-07-22,Nelsonside,NY,TE,79,154,38
7245,Mariah,Rodriguez,2007-11-06,Mosleyburgh,FL,QB,69,263,7
7246,Rebecca,Chambers,2001-12-02,Veronicashire,KS,WR,74,163,53
7247,Adam,Smith,1987-08-31,Carriechester,WI,TE,70,271,57
7248,Juan,Mitchell,1995-07-03,South David,UT,WR,68,291,99
7249,Brenda,Williams,2000-06-15,Elizabethhaven,NM,WR,76,251,99
7250,Kevin,Wilson,2007-07-10,Nelsonmouth,AR,TE,73,167,85
7251,Christian,Mitchell,2004-03-27,West Erikland,OK,RB,80,254,4
7252,Russell,May,1987-06-04,New Rachel,FM,WR,71,204,84
7253,George,Hernandez,1997-06-13,Chloetown,VT,QB,75,203,50
7254,Paul,Thompson,1997-08-13,Palmerfurt,GA,RB,80,153,65
7255,Robin,Cohen,2005-06-08,Patriciaburgh,PA,RB,70,240,41
7256,Zachary,Williamson,2000-03-25,Bradleyland,SC,QB,69,185,18
7257,Judy,Johnson,2003-07-13,North Davidport,AR,WR,73,228,79
7258,Michael,Scott,1998-04-15,Matthewton,UT,RB,68,290,66
7259,Annette,Gray,2004-11-12,West Brian,UT,TE,71,182,37
7260,Kimberly,Gordon,1990-05-21,South Tammy,GA,TE,76,174,4
7261,Angela,Stanton,1988-04-22,Clineside,FL,WR,70,198,34
7262,Kimberly,Young,2003-11-28,Taylorville,HI,QB,69,284,64
7263,Christie,Miller,1998-08-10,Port Timothybury,NM,WR,80,263,99
7264,Samuel,Edwards,1990-07-23,Singletonview,KY,QB,79,292,35
7265,Ashley,Crawford,1993-04-12,Lake Stephanietown,NY,RB,76,266,10
7266,Desiree,Kim,1998-06-08,Port Roger,FM,TE,77,291,2
7267,Morgan,Farley,1998-04-16,Gallegosberg,TN,WR,71,208,44
7268,Lisa,Howell,1994-03-25,Michaelshire,AS,QB,71,229,96
7269,Pedro,Herrera,2004-05-28,Allisonchester,RI,QB,72,295,69
7270,Ana,Snyder,1997-06-26,Jenniferfort,TN,WR,68,238,36
7271,Jacqueline,Allen,1998-02-03,Jasonton,IN,WR,70,228,83
7272,Emily,Perkins,2002-09-08,South Kristin,FL,TE,76,269,23
7273,Teresa,Harris,1994-01-24,East Keithside,MO,RB,74,248,22
7274,Robert,Webb,2007-08-23,West Sandraland,NJ,RB,70,210,69
7275,Carlos,Pitts,1996-05-21,Laurentown,TX,TE,79,241,21
7276,Justin,Martin,2003-03-20,North Nathaniel,CO,WR,76,235,88
7277,Samuel,Reyes,1991-07-11,East Daniel,TX,WR,76,269,81
7278,Christopher,Cameron,1997-06-08,Rosshaven,NH,TE,78,221,54
7279,Amber,King,2005-07-08,Turnerfort,CT,TE,72,295,84
7280,Sabrina,Montgomery,2003-05-21,Anthonyside,AR,TE,79,247,2
7281,Evelyn,Hill,1990-07-26,East Elizabeth,CO,RB,68,214,70
7282,Jesus,Hood,1989-02-26,West Jenniferstad,VT,TE,70,255,29
7283,Michael,York,1986-06-24,Fitzpatrickville,TN,RB,77,260,17
7284,Joseph,Obrien,2004-06-27,Brandonville,NV,WR,69,264,46
7285,Michael,Griffin,2005-07-15,Davidberg,UT,WR,75,208,30
7286,Grace,Robinson,1989-02-07,Grahamfurt,VI,QB,74,285,56
7287,David,Ball,1993-02-06,Port Lisabury,WV,TE,77,222,79
7288,Andrea,Jones,2001-12-01,New Sara,KY,TE,71,250,75
7289,Tara,Harvey,1990-06-01,Mayborough,KS,WR,70,233,25
7290,Angel,Thompson,2000-10-23,Lake Richardton,IN,QB,79,178,52
7291,Carlos,Butler,2006-04-04,Oconnellville,KS,RB,71,217,1
7292,Sarah,Howard,1996-07-11,West Rebeccaland,KS,RB,78,290,74
7293,Jacob,Johnson,1992-05-27,Brownfort,ID,WR,68,241,93
7294,Erin,Taylor,1991-09-27,West Amyborough,GA,QB,76,237,70
7295,Alexis,Sherman,1992-08-13,Lake Miguelmouth,MH,WR,72,300,14
7296,Linda,King,1992-06-05,Lake Lesliemouth,WY,WR,73,216,45
7297,William,Sparks,1988-11-04,North Theresaborough,FL,QB,75,188,97
7298,David,Barrera,2005-05-18,North Holly,UT,WR,80,159,10
7299,Troy,Ramirez,1994-02-21,New Kevintown,FL,WR,71,286,32
7300,Jason,Owens,2002-01-18,Lake Allison,DE,WR,78,174,69
7301,Stephanie,Little,1998-03-02,Lesliestad,TX,TE,75,188,71
7302,Thomas,Goodman,1995-07-09,Port Ginamouth,ME,TE,75,277,7
7303,Jay,Murphy,1987-12-16,Lake Jacobport,VI,TE,71,277,62
7304,Rebecca,Petty,2004-11-22,Lisaland,WA,TE,75,203,68
7305,Phillip,Simpson,2000-03-21,Lake Laura,PW,TE,73,270,78
7306,Eric,Richard,1993-04-02,Jonesstad,NC,RB,75,252,18
7307,Laura,Taylor,1991-09-14,West Jeffrey,OH,QB,73,207,30
7308,William,Nelson,2000-08-29,Shawhaven,MN,TE,71,250,17
7309,Matthew,Reid,1995-04-22,Beardport,NJ,TE,78,165,37
7310,Jill,Kelly,1995-05-16,Fieldsbury,MD,TE,79,187,41
7311,Jennifer,Maldonado,2001-07-19,Farmermouth,AK,RB,75,220,26
7312,Jeanette,Jones,1986-01-29,Ericaberg,DC,RB,79,282,88
7313,Robert,Garza,2001-07-08,Jacobtown,NJ,WR,68,187,98
7314,Matthew,Bryant,1991-11-29,Andreburgh,NH,RB,72,219,90
7315,Travis,Manning,2001-02-04,Port Sonia,NE,WR,79,165,83
7316,Kathy,Leach,2003-08-12,Williamsfurt,MN,WR,68,263,83
7317,Sandra,Baker,2003-11-17,Port Rebecca,OR,RB,71,187,85
7318,Shawn,Lee,1999-01-13,North Keithmouth,MP,RB,77,192,96
7319,Michael,Johnson,1996-05-06,Jamesside,VT,RB,79,249,90
7320,Jeremy,Singleton,2004-08-31,East Danielbury,MI,WR,72,248,86
7321,Darrell,Hayden,1995-12-30,Lake Kevinville,WV,TE,80,289,30
7322,Vincent,Lucas,1989-12-23,Devonland,MA,RB,72,240,89
7323,Erika,Kramer,2006-02-10,Thompsonberg,IN,WR,76,194,56
7324,Larry,Jensen,1986-04-06,Jennaport,MH,WR,68,259,60
7325,Eric,Gentry,1996-01-26,Taylorborough,VT,RB,73,173,27
7326,Mark,Brooks,1986-05-18,Brentfurt,AK,WR,75,150,94
7327,Jason,Lewis,1990-04-15,Rushland,DE,RB,71,289,56
7328,Bradley,Cummings,1986-11-30,South Dorothyshire,ME,TE,69,230,35
7329,Martin,Garrison,2000-03-31,East Richard,MD,WR,69,204,93
7330,Stephanie,Rich,1993-04-07,West Tracyland,WA,QB,80,293,53
7331,Alvin,Pena,1994-03-28,Port Mary,PW,RB,70,291,65
7332,Jennifer,Berry,2001-04-13,Francoville,OH,TE,72,278,72
7333,Robin,Franklin,1991-11-04,Lewistown,CA,TE,73,173,58
7334,Kevin,Martin,1987-09-18,Lake Joyce,MA,TE,68,283,58
7335,Martha,Taylor,2000-08-21,East Maureen,NM,QB,77,274,29
7336,Eric,Davis,1993-12-04,Taylorland,MH,QB,76,291,54
7337,Joseph,Smith,2003-08-29,Turnerside,OK,WR,77,291,23
7338,Sean,Zuniga,2005-11-11,Holtville,KY,QB,79,234,33
7339,Jenna,Mullins,1996-11-20,East Whitney,VA,QB,69,175,52
7340,Daniel,Gilbert,2002-05-14,Johnsonville,NY,TE,80,283,12
7341,Pamela,Peck,1990-04-16,West Jacquelinetown,MO,TE,72,181,9
7342,Erin,Rodriguez,1997-07-08,Port Gregoryfort,NE,WR,77,245,96
7343,Kimberly,Russell,2007-10-03,West Tammychester,VT,RB,68,242,12
7344,Mark,Willis,2003-02-28,East Danielview,NY,RB,73,168,66
7345,Michael,Miller,1993-03-05,Wheelerburgh,ND,TE,80,258,87
7346,Travis,Wilson,2001-03-14,Julieport,OK,TE,69,255,46
7347,Dustin,King,1994-11-25,Lake Christopher,ME,RB,69,214,9
7348,Maurice,Nielsen,1999-05-24,New Josephtown,NE,RB,68,179,12
7349,David,Moreno,1997-02-25,Lake Ritaborough,CT,WR,75,293,5
7350,Yolanda,Roman,1987-02-03,Lake Lisa,OK,TE,73,276,49
7351,Jacob,Wilcox,2000-03-08,Port Leslie,NC,RB,78,180,13
7352,Laura,Ramirez,1991-10-13,Brownmouth,CO,RB,76,262,83
7353,Leslie,Mcdonald,2005-07-02,New Michael,MD,WR,77,219,91
7354,Robert,Rodriguez,1999-05-13,North Rachel,WY,QB,80,289,74
7355,Jennifer,Robinson,1998-10-06,New Justinberg,RI,TE,73,292,11
7356,Rhonda,West,1989-02-27,Portertown,MH,TE,75,165,69
7357,Julia,Garrett,2002-11-24,Mccannburgh,MO,QB,73,203,15
7358,James,Price,2003-08-12,Austinmouth,WV,TE,73,293,67
7359,Sheila,Miller,1993-11-24,East Kimberlybury,CA,RB,75,292,42
7360,Julie,Reilly,1986-06-13,New Brittneyshire,DE,WR,72,298,64
7361,David,Benton,1997-09-18,West Jamieburgh,OR,RB,80,273,90
7362,Brenda,Osborn,1986-05-26,East Juanfurt,NM,QB,74,287,5
7363,Felicia,Evans,1990-03-23,Briantown,DE,QB,79,165,7
7364,Eric,Clay,2000-12-12,Patrickchester,DE,TE,72,219,36
7365,Mathew,Cantu,2007-06-06,Martinbury,ID,TE,77,189,66
7366,Scott,Palmer,2006-04-04,Dodsonchester,MS,TE,76,223,72
7367,Ryan,Byrd,1989-03-12,Nicholashaven,MT,TE,73,162,29
7368,Charles,Johnson,2004-03-23,Colemanport,KS,WR,74,217,25
7369,Lauren,Thomas,1993-03-13,Port Lukeland,PA,TE,72,170,23
7370,Kathleen,Preston,2001-02-07,Wendychester,KS,TE,71,159,97
7371,Thomas,Rasmussen,2000-09-15,South Alexandra,PW,TE,69,212,32
7372,Veronica,Burgess,1988-06-17,Scottport,GA,RB,71,194,65
7373,Melissa,Miller,1987-08-17,North Rileyberg,NV,TE,75,156,50
7374,Kenneth,Harding,1994-12-24,West Paul,ID,RB,68,256,7
7375,Nancy,Carey,2006-08-08,North Justin,AL,QB,73,193,6
7376,Oscar,Bean,1992-05-27,Blackport,AZ,QB,68,190,15
7377,Jennifer,Vance,2004-02-17,Stanleyfurt,NE,TE,75,187,28
7378,Michael,Ho,2005-10-23,Blackstad,UT,RB,73,254,6
7379,Steven,Friedman,2006-08-12,Millerberg,MS,WR,78,203,4
7380,Laura,Taylor,1997-07-08,West Katelyn,MI,QB,73,276,17
7381,Melanie,Collins,1993-09-22,North Denise,HI,RB,74,159,0
7382,Carrie,Weiss,2000-02-10,Silvashire,MH,QB,73,289,78
7383,Melissa,Allen,2002-08-31,North Amytown,MI,WR,75,281,99
7384,Robert,Baker,2007-09-14,Lake Amychester,LA,RB,74,267,35
7385,Lindsey,Sullivan,2001-08-12,East Robert,ND,WR,72,254,37
7386,Sara,Rush,1998-02-07,East Johnport,KY,RB,73,193,90
7387,Madison,Webb,1985-04-29,New Robertmouth,CA,WR,76,204,54
7388,Ian,Brown,2000-09-16,New Isabel,AL,WR,78,199,5
7389,Jessica,Hall,1994-05-22,Penashire,NY,QB,73,289,41
7390,Deborah,Jenkins,1997-01-30,Jennifertown,KY,TE,79,194,51
7391,Dana,Aguirre,2003-08-05,Port Ravenmouth,NV,WR,79,292,70
7392,Wendy,Lawrence,1986-12-21,Bryanport,AZ,QB,69,167,57
7393,Robert,Williams,1990-05-28,New Lorifort,FL,QB,80,239,51
7394,Melissa,Jackson,2008-02-03,Joshuaville,NE,WR,78,216,2
7395,Austin,Armstrong,1985-09-03,Robertview,FM,RB,73,189,14
7396,Steven,Gross,1996-04-03,Lake Veronicaberg,SC,QB,80,157,53
7397,William,Miller,2000-03-13,Jessicaberg,AS,WR,71,194,58
7398,Ethan,Kim,1996-02-20,Pamelamouth,IN,RB,70,253,76
7399,Marc,Brennan,2001-03-09,Jonathanborough,ND,RB,76,215,60
7400,Susan,Gomez,1988-01-15,Gregoryland,PR,WR,78,244,79
7401,Colleen,Parks,1990-06-03,Port John,IA,RB,76,242,56
7402,Michelle,Dillon,1998-07-01,New James,TN,TE,80,230,77
7403,John,Jones,1988-08-01,Port Rebecca,KY,WR,80,182,31
7404,Keith,Walters,1995-04-27,North Bonnie,AS,TE,71,226,35
7405,Malik,Wilson,1996-08-28,North Adamview,WI,TE,77,180,39
7406,Melissa,Harding,2001-08-13,East Spencer,IA,RB,78,220,63
7407,John,Greer,1989-04-06,North Kristinaborough,ND,WR,75,250,37
7408,Nicole,Anderson,1991-12-13,Russotown,FM,TE,68,260,0
7409,Ann,James,1994-03-04,Lake Nicolemouth,NC,RB,74,182,45
7410,Paula,Sparks,1993-03-29,East Crystalborough,AZ,TE,74,153,83
7411,Amber,Dickerson,1985-11-16,Hunterport,OR,TE,68,233,93
7412,Jennifer,Gilbert,1990-02-18,Port Monicahaven,PR,WR,77,259,13
7413,Stephen,Richard,1993-01-05,Bakerburgh,MS,TE,68,219,49
7414,Erika,Baker,2007-12-02,Garytown,KY,QB,80,187,74
7415,Andrew,Logan,2000-11-22,West Sandraside,CO,QB,80,263,76
7416,Olivia,Mack,2004-06-04,Lake Sandrashire,GU,RB,77,150,54
7417,Michael,Perez,2007-11-20,Port Alexanderview,MD,QB,71,285,98
7418,Kimberly,Barry,1998-05-09,Andersonview,WI,RB,80,204,75
7419,Sandra,Bates,1986-02-15,Gordonborough,VI,WR,72,221,34
7420,Sandy,Hernandez,1988-04-17,New Kelly,AZ,RB,77,214,43
7421,Joshua,Myers,1991-05-20,Andrewton,MA,WR,74,299,40
7422,Edward,Joseph,1986-07-10,Port Ronald,GU,TE,76,273,32
7423,Anthony,Kelly,2002-02-19,Port Angieborough,FL,TE,72,244,7
7424,Brandy,Dominguez,1994-04-26,East Williambury,UT,QB,69,184,36
7425,Terri,Hughes,1993-10-12,Port April,PR,RB,71,183,86
7426,Jeremy,Bryan,1988-03-12,Johnstonshire,LA,TE,77,253,65
7427,Sierra,Eaton,1995-08-26,New Nicoleport,WV,TE,80,247,19
7428,Cathy,Chavez,1988-10-11,Patriciafort,KS,WR,72,269,19
7429,Stephanie,Morales,2005-01-03,Robinsonfort,KS,WR,72,154,56
7430,Brent,Blackburn,1999-12-25,Kaufmanland,LA,QB,77,264,11
7431,Tim,Davis,1998-09-28,Riggsshire,DE,WR,72,184,95
7432,Pamela,Carr,2001-11-21,Shafferfurt,GU,TE,79,158,71
7433,Shawn,Johnson,1986-01-25,East Andrew,IA,QB,75,201,97
7434,Amber,Davis,1988-08-19,East Christopher,AK,WR,79,232,54
7435,William,Butler,2002-11-28,New Yvonnefurt,GA,WR,71,181,58
7436,Gregory,Flores,2003-05-10,Murphyfurt,MA,WR,77,158,17
7437,Anna,Thomas,2000-05-07,Port Angelamouth,GU,QB,71,159,81
7438,Morgan,Day,1989-04-22,Clarkshire,KY,RB,69,248,64
7439,Monica,Perez,1994-03-14,Thompsonbury,GU,QB,78,270,52
7440,Elizabeth,Henry,1997-05-15,Liuburgh,CA,TE,75,181,5
7441,Kimberly,Mata,1998-10-23,West Erinmouth,CA,TE,75,180,32
7442,Amber,Floyd,2001-12-31,Robertbury,DE,RB,70,267,60
7443,Jeffrey,Kennedy,2002-12-26,Jenniferstad,SD,RB,72,195,64
7444,Carolyn,Williams,2004-01-31,Port Ashley,OK,TE,76,164,90
7445,Antonio,Jimenez,1987-05-02,Lake Michael,TX,QB,77,213,77
7446,Alec,Rivera,1989-06-13,Ernestport,CA,QB,72,254,97
7447,Amanda,Henderson,1992-12-29,Olsonside,TN,WR,76,173,16
7448,Kenneth,Armstrong,1995-12-18,Angelatown,WV,TE,78,254,79
7449,Debbie,Jordan,2001-05-04,North Natalieborough,MA,TE,73,280,40
7450,Rebecca,Bernard,1985-09-18,Michaeltown,ID,TE,68,262,76
7451,Wendy,Henry,2003-01-06,Berrybury,WY,WR,71,257,52
7452,Steven,Becker,2006-09-08,Natalieberg,TX,QB,76,230,63
7453,Betty,Simmons,1988-07-22,South Elizabethfurt,NH,TE,78,189,74
7454,Cynthia,Caldwell,1993-08-19,North Philip,MT,WR,73,210,24
7455,Traci,Schneider,1996-09-12,Cooperhaven,AS,WR,71,255,51
7456,Sabrina,Campbell,2007-03-09,West Bob,NH,TE,80,289,74
7457,Michael,Oliver,1991-01-19,North Jenniferfort,AL,RB,76,224,77
7458,Erica,Newman,1995-04-24,Lake Richard,PA,WR,71,238,65
7459,Derek,Sanchez,1990-01-03,West Lindsay,NV,WR,72,207,87
7460,Kirk,Ruiz,1985-05-13,Elizabethbury,NH,QB,80,184,60
7461,Tracy,Hanson,2006-09-30,New Philipview,MP,TE,70,235,95
7462,Monica,Hernandez,2004-09-12,Port Samuelton,VT,WR,70,197,90
7463,Sarah,Cox,2001-01-14,South Josephmouth,NM,TE,75,207,42
7464,Nicole,Butler,2005-09-04,New Angela,MO,RB,69,251,10
7465,Alex,Brown,1997-09-08,Santanachester,WY,QB,68,194,71
7466,Jennifer,Fletcher,1988-03-28,Williamsmouth,HI,QB,76,295,16
7467,Sheena,Strickland,2000-07-23,Mirandachester,DC,RB,72,228,41
7468,Ariel,Castillo,1995-03-21,Brandyfort,GA,RB,78,200,39
7469,Joseph,Proctor,2001-08-21,West Emilyfort,WV,WR,78,299,74
7470,John,Olson,1995-08-12,West Evanside,SC,QB,77,252,5
7471,Derek,Turner,2001-09-19,Josephshire,VA,QB,73,167,59
7472,David,Hughes,1993-01-12,Lauraland,NE,QB,80,276,68
7473,Steven,Hernandez,1992-03-02,Port Mary,DC,WR,68,209,95
7474,Troy,Porter,2006-02-13,East Erinhaven,OK,WR,71,300,67
7475,Sean,Fitzgerald,1997-01-23,West Tiffany,PA,QB,68,152,45
7476,Arthur,Meyers,2003-07-03,Sylviastad,KY,QB,73,175,15
7477,Carmen,Wilson,1996-11-24,Alexanderchester,VT,QB,74,292,28
7478,Jill,Crawford,1996-09-25,Virginiahaven,NJ,WR,70,171,22
7479,Wesley,Ryan,1986-09-07,Brianaborough,NM,WR,70,196,15
7480,Chris,Mccoy,2004-02-15,Taylorbury,WY,WR,73,254,78
7481,Nina,Pacheco,1989-04-10,Ryanburgh,PR,WR,68,268,45
7482,Kerry,Ross,1986-08-01,Herreraside,AR,WR,76,290,7
7483,Mark,Mullins,2001-05-16,South Jaclynport,TX,QB,77,267,72
7484,Bethany,Brown,2000-06-07,Prattfurt,MS,QB,71,290,12
7485,Carolyn,Ramirez,1994-01-16,West Lindaton,OH,RB,72,198,57
7486,Heather,Bender,2001-07-24,Taylorview,IN,WR,74,186,79
7487,Wendy,Patterson,1987-02-07,North Martin,VT,TE,76,204,1
7488,David,Payne,2003-12-05,East Raymond,DE,TE,79,240,14
7489,Sara,Shea,2004-08-29,Delgadobury,WV,WR,70,189,18
7490,Jerome,Fields,1985-08-26,Port James,MN,QB,73,273,55
7491,Gerald,Johnson,2003-03-26,Kennedystad,KY,QB,77,163,17
7492,Maria,Ramos,1989-12-15,Lake Graceburgh,OK,TE,70,225,33
7493,Rodney,Hernandez,2007-12-25,Port Robertburgh,PR,QB,68,221,28
7494,Kristin,Jacobs,2006-07-10,West Edward,ID,RB,71,154,18
7495,Karla,May,1999-02-25,Shawhaven,MD,TE,72,269,13
7496,Michael,Ward,2000-10-29,Brandontown,NH,RB,75,166,69
7497,Christina,Taylor,1992-07-04,Hernandezfurt,GA,WR,69,295,10
7498,Patrick,Brown,1991-02-06,Donnafurt,ID,TE,72,194,6
7499,Nina,Horn,1988-12-11,South Peter,OH,QB,78,158,61
7500,Courtney,Smith,1994-01-07,Salinasview,OR,RB,71,244,17
7501,Kyle,Smith,2001-02-11,North Carlos,TN,WR,76,286,91
7502,Donna,Rodriguez,1992-07-02,Cruzland,ME,TE,80,264,70
7503,James,Sanders,1994-02-16,Jensenberg,NH,QB,73,192,8
7504,Antonio,Small,2001-12-18,Williamberg,IL,RB,79,238,9
7505,Zachary,Harrington,1988-01-24,North Michaelview,WY,TE,70,279,72
7506,Dawn,Walsh,2001-09-29,North Ethanshire,MT,TE,71,152,11
7507,Kelsey,Tran,2006-05-24,Peterfurt,DE,TE,72,173,20
7508,Karen,Gonzales,2004-05-14,Thomasshire,WY,QB,72,190,10
7509,Jesus,Ortiz,1994-11-14,Payneview,PA,QB,75,169,1
7510,David,Jones,2003-03-04,Johnsonborough,DC,RB,71,181,3
7511,Rachael,Ruiz,2006-02-18,Claudiatown,UT,TE,72,202,55
7512,Carrie,Arroyo,1991-05-17,Port Joshuamouth,FL,RB,69,163,4
7513,Travis,Lara,1992-04-25,Alexanderport,AS,TE,72,283,5
7514,Amanda,Thomas,1988-05-18,Travisfurt,FM,RB,73,196,21
7515,Adam,Cole,1992-10-26,Markbury,SC,RB,70,254,28
7516,Eugene,Lee,1997-08-22,West Rodney,MO,WR,70,287,84
7517,Rhonda,Martin,1992-12-05,Alvarezfort,MD,TE,79,277,26
7518,James,Good,1990-08-03,Sampsonmouth,CO,RB,73,208,46
7519,Robert,Johnson,1985-06-12,New Cody,AS,QB,79,251,78
7520,William,Mitchell,1998-08-09,East William,PW,TE,78,214,10
7521,Brenda,Johnson,1989-12-23,Stephaniemouth,NH,WR,76,193,97
7522,Erica,Clark,2003-12-21,Gallagherbury,AK,WR,73,158,78
7523,Krista,Luna,2003-01-18,Kevinview,NY,WR,71,155,22
7524,Jose,Peck,1992-02-25,Port Josechester,KS,QB,74,217,40
7525,Melissa,Hall,1996-04-20,South Lisafurt,CA,QB,77,293,66
7526,Ashley,Reynolds,1998-04-07,Port Cheryl,PR,TE,70,248,19
7527,Christine,Thomas,1998-03-20,Mcdanielstad,PR,TE,79,183,49
7528,John,Kelly,1992-07-31,Garretthaven,MT,RB,71,156,16
7529,Donald,Drake,1994-02-15,Bryantberg,NH,QB,68,190,59
7530,Charles,Lowe,2007-04-28,Amandaport,MA,QB,80,157,30
7531,David,Cabrera,1990-08-05,West Lauraville,PW,WR,69,291,37
7532,Sydney,Burton,1997-03-08,Tylermouth,GA,TE,71,219,4
7533,Jennifer,Barajas,1988-10-23,Riveratown,OK,WR,69,205,66
7534,Michael,Williams,2001-03-01,Natashamouth,MA,WR,73,212,45
7535,James,Brown,1988-10-08,Watsonbury,PA,QB,68,263,14
7536,Taylor,Carr,2003-03-16,Hartchester,MO,WR,74,242,67
7537,Timothy,Chen,1997-08-29,North Paula,FM,TE,75,261,30
7538,Dustin,Ford,1996-09-23,Port Seanchester,PR,QB,72,218,95
7539,John,Jones,2007-02-23,Madisonport,PA,QB,71,202,84
7540,Thomas,Alexander,1987-12-27,South Timothy,MO,WR,69,171,40
7541,Renee,Butler,2006-06-22,East Joseph,NM,TE,78,169,95
7542,Shelia,Armstrong,2007-10-01,Kennethbury,WY,WR,73,252,80
7543,Kyle,Barrera,2004-07-15,Nguyenville,IA,TE,68,184,36
7544,Ashlee,Brock,2006-09-04,West Gerald,OK,WR,80,292,59
7545,Brenda,Berry,1987-04-12,East Catherine,RI,WR,78,216,67
7546,Jamie,Gaines,1996-10-03,North Megan,PR,TE,74,219,13
7547,Susan,Lee,1997-02-11,Gabrielton,CA,WR,75,246,9
7548,Jennifer,Schneider,2004-08-28,Paulahaven,IN,QB,74,274,68
7549,Carrie,Jacobson,1986-01-24,Josephmouth,NH,RB,68,227,49
7550,April,Johnson,1992-01-14,South Heather,CT,WR,79,184,6
7551,Gregory,Kelley,1991-05-23,Singhborough,HI,WR,74,247,20
7552,Bryan,Smith,2003-04-14,South Mary,MD,QB,72,272,58
7553,Tina,Martinez,2004-09-04,South Don,UT,WR,77,276,80
7554,Evan,Henderson,1994-02-01,Lake Melissa,WY,TE,70,261,50
7555,Christopher,Buckley,1989-12-11,North Barbaraberg,MT,TE,73,270,49
7556,Todd,Jackson,1994-10-12,Brownland,WA,RB,70,197,0
7557,Shannon,Williams,1985-09-16,West Martin,OK,WR,77,240,5
7558,Jason,Davis,2007-08-04,Rosefurt,KS,WR,75,277,91
7559,Joseph,Chavez,1996-12-14,Holmesborough,OK,WR,78,226,62
7560,Alan,Downs,1997-05-05,Melissamouth,KS,RB,76,168,8
7561,Lindsay,Robbins,2003-08-09,West Jennifer,WI,TE,69,162,20
7562,Mark,Moore,1989-01-07,South Rachelshire,AK,RB,68,192,14
7563,Jonathan,Bolton,1989-03-22,Lake Jacqueline,FM,TE,78,206,99
7564,Stephanie,Mosley,1995-12-21,South Meredithbury,KY,WR,78,168,86
7565,Timothy,Bullock,1986-03-15,Dianestad,GA,TE,70,254,14
7566,Margaret,Morales,1992-02-06,Masonmouth,RI,TE,70,160,60
7567,Mary,Edwards,1991-06-04,Travisberg,MP,QB,80,231,47
7568,Melissa,Smith,1999-09-01,Port Lindaview,OR,WR,72,161,98
7569,Terri,Molina,2006-08-17,West Taylorport,OR,TE,73,201,45
7570,Jon,Smith,2001-01-01,East Leonardfurt,WI,RB,69,271,50
7571,Jessica,Hopkins,2004-07-05,South Jason,DE,RB,76,184,74
7572,William,Dawson,1990-09-26,West Marystad,TX,TE,77,206,51
7573,Robert,Hess,2002-02-02,West Stephen,SC,TE,69,172,61
7574,Elaine,Morris,1991-08-17,East Jenniferborough,AZ,TE,74,175,39
7575,Bruce,Robinson,1997-09-23,North Pamelamouth,CA,QB,80,218,24
7576,Jeffrey,Franco,1992-12-15,Lake Jayside,GA,RB,78,186,16
7577,Katrina,Davis,2003-02-14,West Elizabeth,KY,QB,75,225,82
7578,Sarah,Faulkner,1994-11-23,Ramseyhaven,LA,RB,72,176,93
7579,Joseph,Young,1985-08-05,Port Matthewside,ME,RB,76,205,95
7580,Paula,Edwards,2004-07-21,South Amy,RI,TE,77,153,73
7581,Emily,Knight,2004-10-06,Breannaberg,SC,WR,76,272,55
7582,Alex,Wallace,2008-04-13,Grimesshire,WI,WR,77,293,80
7583,Catherine,Chavez,1997-05-31,Parrishmouth,NC,RB,68,283,13
7584,Sandra,James,1997-08-29,Thompsonstad,NE,TE,72,227,82
7585,David,Rodriguez,1986-10-12,Joshuaton,NY,QB,76,161,48
7586,Mary,Vaughn,2007-08-05,Mcgeemouth,NM,QB,69,184,57
7587,Mary,Gomez,1992-09-13,North Alyssafurt,DC,TE,74,281,50
7588,Jeffrey,Ayers,1986-03-10,Port Robert,IN,RB,79,182,58
7589,Timothy,Hernandez,2006-09-02,Port Rachel,TN,WR,74,175,68
7590,Benjamin,Shelton,1990-04-14,Coopermouth,OR,QB,73,268,30
7591,Christopher,Williams,1994-01-03,Thomashaven,CA,RB,77,277,79
7592,Cathy,King,2000-02-27,Rogerstown,ME,WR,71,153,81
7593,Gina,Nguyen,2007-02-11,Brendanview,NE,QB,73,297,5
7594,Andre,Walker,1999-02-16,Sandersland,MT,WR,75,154,33
7595,Kayla,Robles,2003-02-28,Johnport,TN,TE,78,157,70
7596,Gabriel,Simmons,1986-02-19,Jeffreyburgh,VT,QB,76,185,88
7597,Evelyn,Johnson,2002-11-11,North Eric,FM,RB,79,272,60
7598,Elizabeth,Hurst,2008-04-13,New Ricky,KS,QB,78,163,96
7599,Paul,Brown,2008-03-29,Jonathanfort,MP,WR,68,264,63
7600,James,Rubio,1993-11-20,Tracyhaven,ME,QB,75,233,51
7601,Anna,Price,1990-03-20,Ericchester,WI,RB,68,264,23
7602,Omar,Franklin,1997-04-30,East Joshuaside,PR,QB,75,198,93
7603,Katie,Lucas,1997-01-09,South Patrickview,AZ,RB,70,295,23
7604,William,Richardson,1993-01-29,East Dustinstad,WA,WR,79,241,36
7605,Karen,Jackson,1989-07-04,Tammyshire,MH,WR,69,255,89
7606,Jade,Davis,1990-09-20,Trantown,MN,WR,78,160,52
7607,Ashley,Thornton,1994-11-17,Piercetown,AR,WR,74,208,95
7608,Alicia,Prince,1993-06-02,Greenbury,VA,WR,75,243,43
7609,John,Hardy,2003-06-28,Wilsonmouth,KY,TE,69,257,1
7610,Bonnie,Gates,1986-10-25,Ellisonmouth,NC,QB,69,228,27
7611,Jeffrey,Williams,1999-06-15,Michelleview,PW,QB,76,254,71
7612,Brenda,Morales,2003-03-13,Lake Allisontown,MO,TE,79,161,46
7613,Richard,Wright,2007-07-27,Marcland,OR,TE,74,196,3
7614,Andrea,Silva,1988-03-15,Johnstonmouth,NJ,QB,76,210,30
7615,Erica,Washington,1985-11-14,West Georgeshire,TN,RB,68,181,61
7616,Amy,Washington,1989-06-28,Kellymouth,MN,QB,74,193,96
7617,Rhonda,Adams,1989-11-27,New Sarah,NE,RB,69,224,78
7618,Mary,Rice,1988-11-20,Patriciachester,OH,TE,78,238,39
7619,Emily,Burke,1986-02-11,Port Rodney,MN,TE,74,294,24
7620,Michelle,Hill,1995-04-11,West Sandraburgh,VA,WR,70,276,51
7621,Linda,Sharp,1991-07-28,North Brett,PA,WR,76,220,19
7622,Kevin,Roberts,2007-12-04,Lisastad,UT,QB,70,197,22
7623,Kylie,Buchanan,2002-06-22,South Jamesside,AL,QB,72,181,53
7624,James,Sims,1996-05-31,Harrisshire,NJ,WR,76,230,56
7625,Thomas,Jackson,2002-04-06,Port Lynnmouth,MI,TE,69,232,84
7626,Robert,Pham,2007-04-23,Lake Courtney,DC,TE,72,276,8
7627,Matthew,Deleon,2004-05-29,Lake Tomstad,AK,RB,78,281,26
7628,Ashley,Washington,1999-09-22,New Melaniestad,RI,RB,72,210,88
7629,Tamara,Wilkerson,1990-06-16,Port Marctown,CO,QB,70,231,64
7630,Mary,Mckinney,1994-08-21,North Tara,IA,WR,74,276,85
7631,Barbara,Perez,1991-10-05,Port Steven,PR,WR,70,153,46
7632,Ashley,Brown,1989-06-04,South Zacharystad,MH,TE,70,291,25
7633,Lori,Buchanan,1987-10-23,Harrismouth,DC,TE,76,275,94
7634,Valerie,Wilson,2007-05-17,Port Ronald,HI,RB,72,201,3
7635,Ariana,Lawson,1986-07-27,Frazierton,HI,WR,77,295,96
7636,Matthew,Daniels,2004-09-11,Seanberg,IA,RB,71,277,83
7637,Brandon,Flores,1991-11-09,Lake Jared,PW,RB,76,242,58
7638,Donna,Moore,1997-08-14,East Michael,MT,WR,77,237,24
7639,Tiffany,Oconnell,1993-03-07,North Justin,AZ,QB,75,184,87
7640,Melissa,Delacruz,1993-11-30,Schaeferberg,ID,TE,76,209,14
7641,Michael,Moss,1995-11-14,Whiteside,MN,WR,78,150,0
7642,Mercedes,Rowe,2001-04-30,East Ginahaven,NV,TE,70,239,94
7643,Sarah,Sullivan,1988-08-09,West Carolineport,NM,TE,79,251,72
7644,Mark,Harvey,1998-10-01,South Stephen,PW,RB,78,203,64
7645,Kristen,Hanna,1998-05-07,East Brendan,UT,RB,73,215,99
7646,Kristin,Jones,1998-07-04,Smithville,KY,RB,72,225,28
7647,Gary,Strong,2001-05-07,Port John,MN,RB,77,177,33
7648,Nicole,Walsh,1991-06-14,Nathanmouth,DC,RB,75,206,41
7649,Adam,Russell,1992-04-27,Port Michaelville,NC,WR,75,246,37
7650,Jesse,Cowan,1991-10-22,South Scottville,NJ,RB,74,269,4
7651,Albert,Graham,1990-03-09,South Desireetown,PR,WR,80,231,36
7652,Todd,Carr,1989-04-30,Kingtown,TN,RB,75,189,51
7653,Chase,Franco,1990-05-20,Rebeccachester,AZ,RB,79,171,92
7654,Randy,Scott,1999-03-31,South Mariaberg,KS,TE,76,257,34
7655,Christopher,Diaz,2008-04-19,Meghanfort,GA,WR,71,187,23
7656,Jason,Mueller,2004-11-17,East Jeffrey,SC,QB,76,285,72
7657,Megan,Goodwin,1997-01-23,West Marissabury,VI,RB,70,231,32
7658,Samantha,Boyd,2005-11-19,East Shawna,GU,WR,78,191,10
7659,Abigail,Kirby,1996-07-04,Fosterberg,AL,RB,74,186,93
7660,Kelsey,Mcclain,1987-05-20,West Joanna,AZ,WR,68,181,72
7661,Jamie,Willis,1992-03-16,South Isabelside,IL,RB,80,169,61
7662,Jessica,King,2005-05-06,Robertsonberg,MH,WR,77,244,13
7663,Gloria,Jones,1991-11-07,North Annaville,GA,RB,75,236,54
7664,Jennifer,Kidd,1993-05-28,Port Johnside,TN,WR,71,242,78
7665,Kara,Curtis,1992-03-20,West Jamie,PW,RB,75,230,17
7666,Jessica,Horn,1990-05-03,Dominguezbury,MI,RB,79,280,47
7667,Heather,Dickson,2004-12-23,Michellemouth,CO,WR,73,298,29
7668,Michelle,Garcia,2000-02-09,South Rose,TX,RB,80,282,89
7669,Victor,Taylor,1988-08-25,Darrylstad,RI,WR,68,243,64
7670,Joseph,Jenkins,1989-11-20,South Megan,MS,RB,74,296,47
7671,Sheila,Mullen,2003-12-11,Lake Johnberg,CT,WR,78,193,8
7672,Andre,Carpenter,2006-07-28,Tonyastad,MH,RB,77,211,93
7673,Anthony,Mckenzie,1995-03-18,Stephaniebury,WY,TE,74,182,71
7674,Erin,Smith,2005-10-14,Jensenhaven,WI,RB,75,259,17
7675,Tamara,Thomas,2001-03-01,Raymondchester,DC,WR,77,219,48
7676,Sarah,Foster,1996-03-28,Martinezberg,OH,RB,80,192,87
7677,Michael,Alexander,1997-02-10,East Clinton,DE,RB,77,187,36
7678,Ronald,Gomez,2002-10-10,Abigailstad,TN,TE,76,275,49
7679,Kevin,Andersen,1995-11-02,Michaelton,NY,TE,70,219,57
7680,Destiny,Bennett,1987-02-22,Petersland,LA,TE,80,166,74
7681,Aaron,Owen,1999-09-21,East Brentfort,WI,RB,80,225,39
7682,Douglas,Bell,1998-08-01,South Christopher,NC,RB,74,242,15
7683,Meghan,Martinez,1993-11-29,Jessicaton,IA,QB,71,223,82
7684,Larry,Johnson,2006-02-14,South Amber,IN,TE,80,165,81
7685,Justin,Suarez,2004-05-29,Port Brettview,WY,WR,79,234,50
7686,Amber,Brown,1988-12-28,Port Richard,KY,RB,75,284,79
7687,John,Moore,1997-08-27,Danielleberg,IL,QB,71,296,57
7688,Stephanie,Jones,1989-01-12,Davidfurt,GU,WR,68,244,25
7689,William,Jones,1998-10-18,Andreaburgh,FM,RB,72,158,89
7690,Justin,Dixon,2005-06-19,Jonathanfort,WA,WR,70,167,5
7691,Jonathon,Lopez,1991-09-03,New Nathanberg,AL,WR,72,206,43
7692,Jennifer,Lloyd,1998-07-16,North Brian,FL,QB,71,163,81
7693,Benjamin,Jenkins,2002-07-06,North Timothy,FL,QB,71,251,95
7694,Ryan,Page,1991-08-23,Rodriguezhaven,MT,TE,72,162,64
7695,Johnny,Lane,2004-03-03,Lake Marytown,MI,QB,70,181,18
7696,John,Cooley,2007-01-20,New Ashley,PR,RB,79,298,96
7697,Kevin,Mitchell,1988-05-08,Villegasmouth,DE,WR,68,176,76
7698,Diane,Ward,1995-08-14,Kimton,MI,WR,78,199,26
7699,Cheryl,Thompson,1990-03-02,South Jasonberg,GU,RB,75,193,87
7700,Angela,Hardin,1995-03-22,East Chelsea,WV,RB,68,229,95
7701,William,Kennedy,1987-04-21,West Jason,TN,WR,79,289,9
7702,Tyler,Estes,2002-06-01,Angelastad,OK,WR,74,252,10
7703,Mary,Johnson,1991-03-07,East Joshua,ID,WR,69,248,38
7704,Diana,Patel,2006-06-11,West Jeremy,VA,RB,69,232,80
7705,Stephanie,Simmons,2002-06-13,Port Frank,OH,TE,72,239,48
7706,Kristina,Morales,1988-01-01,Autumnchester,AS,RB,71,150,65
7707,Charles,Turner,1992-04-26,Arnoldside,OR,RB,79,195,17
7708,Alvin,Davidson,2007-11-22,South Jasminefurt,CA,TE,74,190,57
7709,Ricardo,Monroe,1986-07-20,West Christopherport,SD,WR,71,239,92
7710,Ricardo,Henderson,2001-09-27,Willieborough,PA,RB,80,286,52
7711,Brian,Henry,1998-02-01,Edgarview,CO,TE,73,201,57
7712,Charles,Brown,1998-08-09,South Michaelmouth,DE,RB,71,227,77
7713,Kathy,Smith,1995-12-23,New Kaitlin,AZ,QB,80,195,53
7714,Samantha,Sims,1990-12-07,Rhodesbury,MI,WR,75,199,20
7715,Nicholas,Lee,1991-02-09,Cindyberg,NH,RB,68,225,57
7716,Sharon,Boyd,1991-05-24,Gregorymouth,MS,WR,75,219,76
7717,Melanie,Abbott,2001-05-17,Patrickburgh,NC,TE,71,277,18
7718,Sharon,Sweeney,2000-03-08,New Rachel,PW,TE,70,189,31
7719,Trevor,Spears,1990-01-11,West Jaymouth,KS,RB,72,226,75
7720,Janet,Poole,1991-02-24,South Karen,PA,TE,80,214,77
7721,Timothy,Moore,1997-02-28,Alvinside,NJ,TE,73,292,29
7722,Tammie,Ellis,2007-01-21,West Jose,OR,WR,74,232,73
7723,Jeremy,Freeman,2003-10-30,Kingfurt,MS,TE,73,264,88
7724,Joanne,Cooper,2004-10-01,North Fernando,NH,TE,76,297,96
7725,Jay,Peterson,2002-10-15,West Angelashire,NE,QB,79,157,27
7726,Jacqueline,Cooper,1994-08-27,North Adamport,MS,WR,73,203,35
7727,Frank,Brooks,1994-12-23,Hoffmanbury,IA,RB,74,272,92
7728,Dustin,Hart,1988-12-11,North Kennethfort,NY,TE,76,280,28
7729,Jessica,Burns,1993-06-27,South Justin,AR,WR,69,231,24
7730,Tina,Gilmore,1989-01-17,Stanleyborough,PR,RB,75,238,38
7731,Michael,Roy,1986-09-11,South Kimberly,MA,RB,78,194,38
7732,Kevin,Soto,1987-08-29,East Samuel,AL,WR,74,297,14
7733,Susan,Santiago,2001-08-16,Proctortown,FL,RB,78,217,39
7734,Brian,Fernandez,2005-10-18,New Tyler,TX,TE,78,216,60
7735,Charles,Bell,2008-04-26,Sandraport,AK,QB,71,268,57
7736,Robin,Sampson,1989-02-18,Jasonfurt,OH,RB,71,300,85
7737,Jesse,Reynolds,1988-04-06,Hernandezland,FL,QB,72,219,59
7738,James,Miller,1989-07-16,Lake Patricia,PW,TE,73,150,32
7739,Raymond,Reed,1991-07-20,South Heather,MI,TE,78,198,13
7740,Antonio,Diaz,1995-09-21,Shelleyburgh,AS,WR,69,263,83
7741,Cheyenne,Franklin,1992-05-02,Benjaminchester,CT,TE,71,283,94
7742,James,Bowers,1997-09-03,East Samanthafurt,NY,WR,69,272,14
7743,Anne,Rubio,2000-08-18,Leebury,IA,TE,78,291,78
7744,Jeffrey,Skinner,1990-01-24,Lisatown,OR,WR,68,178,55
7745,Marcus,Fowler,1987-03-15,West Feliciafurt,FM,WR,76,177,10
7746,Linda,Rivera,2003-04-26,Megantown,AR,QB,70,287,31
7747,Shirley,Jones,2004-02-18,West Melissa,CO,WR,68,191,99
7748,Vicki,Garner,2004-10-10,New Williamside,SD,QB,77,175,41
7749,Nicholas,Garcia,2002-08-19,Jenniferstad,AS,QB,72,228,55
7750,Katelyn,Watson,1999-10-21,Deborahville,NJ,QB,68,270,34
7751,Katie,Freeman,1996-04-29,Hunterburgh,NJ,RB,80,256,75
7752,Joseph,Mathis,1991-01-01,Lake Gabrielle,MI,TE,75,150,36
7753,Heather,Reeves,2004-11-15,North Stephanieport,CT,QB,74,252,57
7754,Michelle,Maddox,1997-02-17,Huntfurt,KY,QB,74,267,63
7755,Chelsey,Pena,1993-07-12,East Ricardo,WV,TE,77,212,85
7756,Vickie,Clark,1994-01-16,Travisside,TX,TE,69,240,11
7757,Leroy,Hall,1985-08-25,Port Terristad,KY,QB,79,283,91
7758,Cory,Bentley,1987-06-05,Port Joseph,GU,WR,69,234,88
7759,Jerry,Gonzalez,1998-09-23,New Coryfurt,AS,QB,75,209,0
7760,Timothy,Gardner,1990-01-21,Ruizport,MN,QB,70,184,57
7761,Jennifer,Thompson,1992-12-01,Darrellview,MO,RB,78,191,96
7762,Jeremy,Galvan,1993-05-30,New Michael,MT,TE,79,267,3
7763,Jim,Yang,2004-07-11,Mariamouth,MN,TE,73,187,85
7764,Wendy,Howe,1994-09-27,Robertsonville,PR,RB,71,157,34
7765,David,Sullivan,1990-02-18,Thomaschester,IA,WR,76,199,82
7766,April,Nguyen,2003-03-26,Port Toddview,PR,TE,77,224,26
7767,Jacqueline,Pineda,1995-10-17,South Kathyfurt,PR,QB,76,182,49
7768,Adam,Calderon,1992-07-14,New Brandonmouth,NE,QB,76,283,87
7769,Victoria,Smith,2006-01-05,North Edwin,ND,QB,74,216,44
7770,Rebecca,Ellis,1986-06-19,Port Jason,OR,RB,79,245,84
7771,Kimberly,Hinton,1994-04-18,Christianbury,WY,QB,79,183,3
7772,Madeline,Higgins,2006-03-01,New Alexhaven,AK,TE,72,263,94
7773,Matthew,Morales,1990-06-02,Victoriamouth,OR,RB,80,296,31
7774,Alicia,Smith,2004-06-08,West Mark,WA,TE,75,203,5
7775,Gary,Craig,2003-08-13,East Dwaynefort,CT,TE,78,159,17
7776,Natalie,Wood,2000-01-30,Robertstad,WV,TE,80,188,87
7777,Gregory,Brooks,1995-06-21,Thomastown,ID,QB,74,151,52
7778,Marcus,Castro,2005-09-09,Dawnton,GU,WR,75,234,69
7779,Matthew,Valdez,1990-11-14,West Amandahaven,NJ,RB,68,160,60
7780,Natasha,Murray,2000-03-10,Lake Mason,OH,WR,68,292,61
7781,Jennifer,Ortiz,2005-09-17,Daviston,AL,WR,73,244,51
7782,David,Lamb,1998-07-06,East Ambertown,NY,WR,72,241,92
7783,Joseph,Woods,2007-04-05,Kathleenland,MI,TE,70,193,23
7784,Tammy,Herrera,2003-02-18,North Steven,AZ,QB,76,214,55
7785,Meredith,Martinez,1992-10-10,West Taylormouth,ME,QB,68,210,71
7786,Michael,Moore,2003-07-18,West Marcusfort,ID,WR,77,277,82
7787,Douglas,Odonnell,1998-06-05,Matthewland,GU,RB,80,190,9
7788,Holly,Johnson,2000-07-26,Huffview,IL,RB,73,244,54
7789,Renee,Odom,1995-05-28,East Paulside,MO,TE,75,244,56
7790,Samuel,Chen,1986-08-30,New Joseph,MH,TE,69,174,95
7791,Katelyn,Davila,2001-04-11,New Kristinaburgh,ID,TE,73,163,98
7792,Brandon,Davis,2008-03-22,Lake Michael,RI,TE,76,156,50
7793,Eric,West,1998-08-25,Weaverside,AS,QB,72,152,13
7794,Justin,Cain,1987-11-07,Shawnborough,NC,WR,80,271,53
7795,Justin,Bryant,2006-09-10,Theresafort,PW,TE,78,175,92
7796,Mary,Malone,1993-04-07,East Kirk,OR,WR,76,200,92
7797,John,Park,1994-06-12,New Alexanderbury,PW,QB,68,242,38
7798,Tyler,Finley,2006-09-09,Port Rodney,MH,QB,72,298,63
7799,John,Lopez,1999-07-04,Woodsville,SC,TE,72,194,7
7800,Michael,Jones,2008-04-08,East Emily,WY,RB,72,275,1
7801,Sarah,Vargas,1992-02-11,Simmonsport,AZ,RB,71,221,85
7802,Travis,Owens,1985-06-12,Davidbury,MS,RB,69,265,32
7803,Ellen,Andrews,2002-01-08,South Melindamouth,GU,WR,75,266,15
7804,Alyssa,Cowan,2003-06-03,North Reginaldview,RI,RB,80,246,49
7805,Amy,Ortiz,1999-10-03,Joyceside,WA,RB,69,216,69
7806,Daniel,Wade,1990-03-05,Shannonburgh,KY,TE,77,298,22
7807,Antonio,Calhoun,1989-01-10,Michaelmouth,MA,QB,68,235,5
7808,Wendy,Small,2004-02-02,Johnland,CA,RB,68,165,90
7809,Eric,Whitaker,1997-12-03,Codyland,MS,TE,71,274,46
7810,Patricia,Brown,1990-08-09,Port Tiffanyfort,MH,RB,73,190,41
7811,Sarah,Banks,2007-01-28,Jackmouth,GU,WR,70,271,48
7812,Sandra,Garcia,1994-08-31,South Gerald,PA,RB,78,218,97
7813,Emily,Orozco,1985-11-17,Lake Belindamouth,FL,TE,70,256,84
7814,Caleb,Strong,1989-12-02,Port Tim,AL,RB,72,291,26
7815,Danielle,Rivera,2003-04-30,Port Michael,UT,RB,78,292,78
7816,Kimberly,Jones,2002-03-10,Williamshaven,MA,QB,71,162,35
7817,David,Jensen,2006-05-23,Madisonville,MA,TE,77,223,5
7818,Robert,Campbell,1987-06-02,South Victoria,MH,RB,69,232,95
7819,Courtney,Randolph,1986-03-04,Ericastad,NY,QB,78,202,85
7820,Brittany,Warren,1995-01-24,Port Karen,MO,TE,72,265,71
7821,Ryan,Parks,1991-04-20,South Joshuaborough,IA,TE,72,181,48
7822,Marie,Long,1994-06-20,Port Claytonshire,ID,WR,75,184,52
7823,Nicholas,Clark,2006-02-03,Shermantown,MO,TE,75,262,44
7824,Joshua,Smith,2000-11-05,New Jotown,CT,TE,76,246,85
7825,James,Austin,1990-03-12,Wardtown,NE,QB,73,252,69
7826,Shawn,Miller,2003-11-05,East Brittany,NH,RB,75,222,27
7827,Michael,Robinson,2003-07-23,Christineshire,PR,TE,72,223,70
7828,Dana,Palmer,2001-10-09,East Hannahhaven,TN,TE,78,239,3
7829,Willie,Gardner,2001-12-18,Lake Rachel,DC,QB,79,257,50
7830,Philip,Park,1997-01-22,Longton,WV,QB,78,216,84
7831,Kelsey,Fowler,1997-04-26,Deborahland,VA,WR,72,198,66
7832,Richard,Kelly,1987-06-23,North Ashleychester,MT,QB,71,287,36
7833,Brenda,Ramirez,2002-02-16,Amberburgh,FM,TE,74,265,13
7834,Benjamin,Bright,1988-02-28,Tinaport,WA,TE,74,287,21
7835,Tiffany,Thomas,2000-07-08,New Alan,UT,WR,70,292,7
7836,Julie,Rios,2000-04-10,Phyllisbury,WY,RB,72,196,84
7837,Jeff,Olson,1993-12-27,Angelaside,RI,RB,69,181,94
7838,Carl,Mitchell,1997-06-20,Hillview,DC,WR,77,245,8
7839,Morgan,Murray,2003-03-07,Melaniefurt,NC,TE,77,186,11
7840,Randy,Garcia,2008-02-27,Ivanbury,WI,RB,77,182,31
7841,Emma,Smith,1995-08-19,Staceychester,IA,QB,75,255,43
7842,Daniel,Hernandez,2003-05-20,Danielland,MI,TE,72,155,52
7843,Michelle,Smith,1995-08-05,Hillchester,NV,TE,68,168,74
7844,Jessica,Henson,1991-12-28,Charlesfurt,IA,RB,74,202,49
7845,Zachary,Smith,2004-03-30,Jameston,NY,QB,77,298,37
7846,Brittany,Donaldson,1997-07-16,East Arielfurt,HI,TE,75,255,2
7847,Sarah,Lopez,2004-07-16,Penaberg,MP,TE,75,159,54
7848,Kathleen,George,1990-03-08,New Andre,MA,RB,70,210,83
7849,Douglas,Smith,1998-03-11,North Patriciafort,NY,RB,68,275,1
7850,Kelly,Scott,2005-08-16,Lake Mark,VI,QB,74,196,1
7851,Anna,Carlson,1997-10-14,Andersonbury,MA,QB,76,245,37
7852,Lynn,Mendoza,1992-02-16,Mullinsland,PA,QB,74,190,38
7853,Denise,Sanchez,1988-08-23,Davisburgh,MO,WR,79,236,42
7854,Virginia,Jones,1995-10-12,Heatherstad,IA,QB,68,217,54
7855,Shelley,Peters,1997-09-09,New Mikehaven,NV,WR,73,266,51
7856,Robert,Perry,2006-05-23,New Brandyfurt,ME,RB,80,256,72
7857,Penny,Allen,1992-07-16,Johnsonland,MI,QB,80,164,24
7858,Michael,Strickland,1999-07-25,Suarezchester,LA,TE,69,190,49
7859,Amber,Ho,1994-01-02,East David,PA,RB,69,181,54
7860,Carrie,Smith,1991-06-10,Valentineshire,WI,WR,76,249,96
7861,Amy,Richardson,1988-12-29,Walterberg,CA,RB,71,213,50
7862,Breanna,Luna,2006-11-23,Jamesbury,MA,TE,69,263,45
7863,Jason,Navarro,1985-05-16,North Jasonborough,OK,TE,79,161,87
7864,Erik,Young,1997-07-04,Lake Tracyview,HI,RB,76,283,33
7865,Andrew,Arnold,2000-03-05,South Lori,DC,QB,70,172,97
7866,Gina,Johnson,2007-06-19,South Amyfort,PR,QB,78,191,52
7867,Alyssa,Evans,2004-09-04,South Christinemouth,PA,RB,71,235,34
7868,Angela,Brennan,1992-11-08,Bryanfurt,GU,WR,74,248,11
7869,Jesse,Schneider,1985-10-22,West Steven,FL,QB,69,196,77
7870,Jeffrey,Castillo,1998-03-20,South Linda,DE,WR,78,300,72
7871,Matthew,Russell,2001-06-29,Janeton,VI,TE,78,189,21
7872,David,Mcintosh,1994-07-15,Jameshaven,KS,WR,76,176,8
7873,Randy,Harrison,1999-02-24,Hannahmouth,OK,TE,78,186,83
7874,Megan,Lewis,1993-06-03,North Victoria,VT,WR,68,275,85
7875,Janet,Thomas,2006-07-21,Port Theresafurt,AS,QB,77,205,39
7876,Debra,Mcdonald,2000-07-08,West Daniel,IA,QB,79,240,33
7877,Blake,Cuevas,1989-12-29,East Maryside,MT,TE,74,164,83
7878,Harold,Riley,1994-12-31,New Mark,NH,QB,70,283,0
7879,Jessica,Knapp,2006-03-31,Ibarrashire,NH,RB,69,299,68
7880,Michelle,Fuentes,2002-12-15,Clarkton,MH,RB,70,257,93
7881,Jamie,Long,1998-12-03,Mayerview,SD,TE,71,176,29
7882,Helen,Wright,2007-03-17,East Christopher,MH,TE,75,195,69
7883,Justin,Mayo,2001-04-21,Steveborough,SD,TE,70,151,70
7884,Gloria,Kim,1985-07-03,Suttonberg,VA,TE,76,278,20
7885,Scott,Scott,2005-06-12,Briggshaven,DC,WR,68,225,75
7886,Stacy,Miller,1985-12-13,North Jason,IL,RB,75,211,93
7887,Michael,Torres,2001-05-12,Fieldsfurt,NM,QB,68,270,48
7888,Daniel,Schultz,2005-07-07,Lake Robin,PR,TE,76,156,13
7889,James,Goodwin,1987-02-09,South Davidview,MT,TE,71,260,2
7890,Jeremy,Huber,1990-12-28,Mathewchester,IN,QB,79,159,74
7891,Rachael,Jackson,1991-12-09,North Alan,VT,TE,74,237,75
7892,John,Pittman,1997-02-21,Berrymouth,NY,QB,77,244,94
7893,Benjamin,Walter,1995-11-15,Cruzberg,CO,QB,69,184,92
7894,Madison,Galvan,2004-11-04,New Maryside,MH,RB,80,168,11
7895,Joy,Davis,1997-12-04,Christopherfurt,DC,TE,79,190,37
7896,Danielle,Clark,2000-07-10,Robertstad,NH,TE,75,269,72
7897,Jacob,Montes,1989-12-06,Mariabury,MN,WR,78,181,31
7898,Jocelyn,Sellers,2005-11-23,Gonzalezstad,NY,RB,70,282,85
7899,Alyssa,Oconnor,1989-01-30,Johnsonfurt,NC,WR,71,169,74
7900,Benjamin,Campbell,1996-10-05,Kimberlyborough,HI,QB,74,199,98
7901,Jacqueline,Martinez,2007-10-29,Dixonchester,IN,RB,72,181,45
7902,Jonathan,Rogers,1985-05-13,West Nichole,PR,QB,75,265,19
7903,Robert,Clark,1986-11-29,New Bryan,CO,RB,68,240,7
7904,Jamie,Clark,1997-02-22,Melissaton,MT,QB,69,159,2
7905,Dylan,Gould,2002-02-08,Gregoryfurt,MO,QB,79,171,3
7906,Adam,Dominguez,1996-10-05,Port Beth,IL,WR,74,166,29
7907,Kyle,Brady,2000-09-10,Nguyenberg,HI,QB,68,154,40
7908,Jacqueline,Cochran,1988-07-29,East Michael,MH,QB,71,188,7
7909,Jennifer,Hammond,2004-05-09,Virginiachester,SD,RB,75,227,77
7910,Pamela,Love,2002-04-23,North Ronnie,CO,RB,74,178,29
7911,Timothy,Anderson,1998-08-26,Samanthaton,AL,RB,70,224,68
7912,John,Cobb,1993-01-31,Smithstad,MP,QB,72,166,97
7913,Christina,Ramirez,1996-02-24,Mathisberg,AZ,TE,77,251,74
7914,Alexandra,Cook,2003-12-30,Gregorychester,MI,WR,73,181,93
7915,Kristin,Garza,1999-10-15,East Sonia,AL,TE,69,261,9
7916,Ronald,Simmons,1999-07-06,South Alecchester,ND,RB,75,236,39
7917,Matthew,Taylor,2000-12-26,Elizabethside,NE,WR,78,217,57
7918,Danielle,Brown,1997-10-02,Juliebury,TX,WR,71,207,91
7919,Veronica,Schwartz,1986-08-01,New Brittany,SD,RB,69,236,26
7920,Isabel,Jimenez,1991-06-18,Spencerside,WV,WR,80,200,15
7921,Steven,Avila,2007-11-18,New Katrinastad,OH,WR,69,157,88
7922,Brandy,Patton,2003-04-06,New Amanda,VI,RB,80,287,25
7923,Nicole,Mcpherson,2007-02-18,Port Jeffville,MP,QB,78,235,43
7924,Diane,Smith,2003-04-09,New Ashleyburgh,MP,WR,75,279,82
7925,Jorge,Giles,2000-07-15,South Brenda,AL,RB,78,179,67
7926,Jennifer,Holmes,1986-03-28,Colemantown,VA,QB,79,204,92
7927,Ryan,Roberson,2004-07-10,Guzmanview,MT,TE,80,269,10
7928,Brianna,Harmon,2001-08-03,West Tinafort,PW,RB,71,240,24
7929,Anna,Cooper,1995-08-05,Johnsonberg,VT,WR,73,170,64
7930,Derrick,Winters,1999-03-31,Meyerville,NY,WR,76,175,52
7931,Rachel,Lewis,2007-08-16,Danielborough,DE,RB,71,228,85
7932,Tamara,Mata,2001-02-13,New Jessicaville,MA,QB,79,298,86
7933,Michele,Hoover,1999-01-31,North Abigail,HI,WR,68,183,32
7934,James,Bush,2002-06-10,Lawrenceton,MH,TE,71,298,31
7935,Jeremy,Mclaughlin,1987-06-19,Amandafurt,KS,QB,72,298,42
7936,Monica,Wilson,1990-08-23,New Ralphbury,IA,TE,72,232,26
7937,Matthew,Duke,1989-09-24,New Jofurt,HI,RB,80,173,74
7938,Suzanne,Ramirez,1999-09-23,West Georgeside,ID,QB,69,245,60
7939,Kent,Stokes,2007-11-24,Staceyshire,MN,QB,76,193,53
7940,Angela,Crawford,1998-05-03,West Robinfurt,PR,RB,75,202,18
7941,Michael,Johnson,1998-12-19,Garrettbury,HI,QB,71,193,61
7942,Justin,Kemp,2003-01-23,Port Ninamouth,AL,TE,72,158,70
7943,Michael,Foster,1993-12-13,North Benjaminshire,AS,QB,72,196,97
7944,Timothy,Beard,2007-01-26,Sarahport,WY,TE,75,274,11
7945,Monique,Hood,2001-10-23,South Staceyberg,NE,QB,79,175,51
7946,Amber,Conley,1999-08-08,East Christy,AL,TE,69,298,50
7947,Alexandra,Warren,2005-07-15,East Brittany,WA,TE,70,265,96
7948,Joel,Medina,1999-05-21,Moorefort,SD,WR,76,177,31
7949,David,Robinson,2002-05-03,Port Allenchester,KS,WR,77,178,46
7950,Christopher,Johnson,2008-04-25,Kathryntown,IA,WR,73,171,38
7951,Erica,Boyle,2002-11-20,Melissaborough,ME,TE,76,192,27
7952,Stephen,Figueroa,1991-04-06,West Michelle,DE,TE,74,295,63
7953,Thomas,Brown,2006-02-08,East Jenniferhaven,IL,QB,71,290,79
7954,Erica,Graham,2002-04-04,Smithhaven,LA,RB,80,179,89
7955,Nancy,Smith,1988-10-16,Piercefurt,FM,WR,78,176,16
7956,Amanda,Thompson,1993-10-28,Bateschester,VA,RB,70,169,38
7957,Alan,Carter,1987-05-31,Stephenport,AK,RB,80,157,20
7958,Hector,Harrington,1991-06-29,New Jessica,MP,RB,74,226,16
7959,Rachel,Peters,1985-11-25,Morriston,CA,QB,77,278,91
7960,Natalie,Sampson,2006-08-25,North Anna,LA,WR,71,172,24
7961,Julie,Chapman,2008-01-17,West Samuelport,RI,RB,68,249,11
7962,Garrett,Taylor,1991-02-18,Smithtown,VT,QB,68,199,89
7963,Diane,Stewart,2007-02-20,North Emily,NH,WR,76,280,74
7964,Richard,Cruz,1998-02-23,Jimenezstad,GA,TE,70,262,38
7965,Thomas,Payne,1997-09-22,New Christinaberg,CO,TE,74,167,10
7966,Kathleen,Long,1991-02-27,East Bethburgh,MS,RB,70,203,30
7967,Charles,Thompson,2006-04-28,Lake Alexander,ID,QB,73,259,50
7968,William,Williams,1987-08-20,Stevenburgh,VA,TE,76,293,92
7969,Joel,Crosby,2000-02-29,South Sandra,NJ,RB,78,244,45
7970,Teresa,Davis,1990-09-20,North Austinshire,MD,WR,71,256,22
7971,Philip,Meyer,1987-06-04,Reillyton,PA,TE,70,176,33
7972,Chad,Ryan,1988-01-07,North Kellichester,OR,RB,72,248,36
7973,Angie,Smith,1996-11-23,Michaelchester,NJ,RB,72,265,88
7974,Heather,Tyler,1997-07-17,Guzmanside,CT,QB,75,155,63
7975,Sarah,Stark,2000-03-05,East Amystad,AS,QB,73,211,30
7976,Cindy,Weber,1986-04-09,West Melissamouth,IA,WR,71,168,30
7977,Andres,Richardson,1988-09-19,Port Meganborough,KY,QB,79,242,65
7978,Kimberly,Mitchell,1993-04-07,East Ashleytown,GA,TE,77,160,31
7979,Judith,Phillips,1988-08-17,Lake Angela,WV,WR,74,204,4
7980,April,Orozco,1992-06-13,East Travis,GU,QB,69,232,25
7981,Krystal,George,1993-04-06,Nicholasfort,CO,QB,68,203,82
7982,Keith,Ruiz,2003-04-25,Jenkinsland,MD,WR,80,250,91
7983,Isabel,Abbott,1987-05-09,North Brianburgh,RI,QB,76,291,28
7984,Danielle,Gomez,1999-02-28,Barrettstad,GA,WR,78,165,71
7985,Luis,Hicks,1991-04-24,Lake Andrewberg,OK,TE,73,225,94
7986,Preston,Graham,2002-03-23,Tracieshire,MD,RB,80,185,95
7987,Amanda,Obrien,2003-01-03,North Wesleyberg,OR,TE,69,278,8
7988,Caitlin,Grant,1991-06-11,Port Melissa,PW,RB,78,183,35
7989,Jason,Taylor,1985-11-02,Jamesville,NC,QB,80,244,37
7990,Lisa,Acosta,1998-11-24,Tracychester,OH,WR,71,294,85
7991,Annette,May,1990-06-17,Port Cherylshire,ID,TE,80,236,80
7992,David,George,2004-10-02,Daisyburgh,WV,TE,79,158,59
7993,Ryan,Butler,1998-05-21,Rayview,OK,WR,77,225,7
7994,Emily,Flores,1990-05-30,New Brianmouth,AS,RB,68,204,43
7995,Dawn,Vargas,1995-11-05,New Adamborough,FL,RB,69,262,16
7996,Stephanie,Lewis,1998-03-13,Edwardsville,SC,WR,79,209,85
7997,Geoffrey,Hicks,2007-05-15,Christophermouth,OK,WR,72,227,59
7998,Julia,Rivers,2003-03-20,West Brianna,FM,TE,73,160,89
7999,Melissa,Brown,2001-03-20,Andrewton,CT,TE,70,172,13
8000,Glenda,Brown,2001-11-29,Mariaburgh,OK,RB,73,160,91
8001,Rebecca,Leach,1991-09-05,Kelseyfort,ND,RB,77,286,48
8002,Hunter,Jones,1993-05-02,East Natalieside,FM,QB,73,225,65
8003,Heather,Stafford,2003-06-07,Lake Nicolefurt,CO,RB,68,167,61
8004,David,Nelson,2006-01-30,Gibsonport,WA,QB,73,272,48
8005,Daniel,Morrow,1996-05-15,North Michaelview,SD,QB,80,230,43
8006,Laura,Arnold,1995-04-14,Lake Susan,MD,WR,76,181,2
8007,Ashley,Munoz,2004-12-09,East Williamfurt,VT,WR,71,286,15
8008,Alicia,Taylor,1989-06-13,Port Rhonda,MS,RB,71,219,63
8009,Roger,Gomez,1997-11-27,Smithfurt,MN,QB,72,174,69
8010,Jodi,Miller,2001-03-08,Ericshire,ME,WR,69,244,70
8011,Dana,Price,2001-02-09,Tiffanyburgh,RI,TE,76,157,77
8012,Martha,Hartman,2004-11-25,Helenport,UT,RB,76,181,50
8013,James,Moore,1999-10-13,Jennifermouth,WA,TE,73,150,43
8014,Melissa,Wall,1995-12-07,Stewartmouth,SC,WR,68,259,94
8015,Andrea,Murray,1986-10-28,Stewartside,CO,RB,78,237,63
8016,Martin,Brady,2005-05-22,Rhondabury,NC,TE,80,183,78
8017,Susan,Colon,2004-02-27,New Emilyfurt,AK,RB,69,278,22
8018,Kelly,Schneider,2004-08-24,East Toddhaven,AZ,TE,74,179,20
8019,Crystal,Garcia,2006-06-05,South Brianton,FM,WR,77,156,82
8020,Carl,Vasquez,1987-08-26,Kennethport,CA,TE,79,265,97
8021,Tommy,Travis,1986-05-03,Ortizchester,VI,TE,79,245,75
8022,Paul,Reynolds,2008-01-15,Stevenport,AR,QB,78,287,54
8023,Mark,Anderson,1998-10-30,Melissachester,MA,RB,76,296,34
8024,Michael,Thomas,1986-11-03,Port Austin,LA,RB,78,269,47
8025,Ryan,Fernandez,2001-01-07,Maloneport,ND,TE,69,240,33
8026,Patricia,Jackson,2006-03-15,Davidland,NC,WR,78,254,65
8027,Leah,Simmons,2006-02-21,Schneiderside,NH,TE,69,169,23
8028,Daniel,Barker,1996-03-15,East Juliamouth,MP,TE,77,285,52
8029,Kelsey,Lee,2000-03-02,New Tinabury,DE,RB,71,270,90
8030,Cindy,Sanders,1997-07-27,Port Eugene,LA,TE,68,235,34
8031,Michael,Mann,1991-01-06,South Hannah,SD,TE,68,281,23
8032,Alexis,Andrews,1988-06-06,Kingstad,MH,RB,72,171,84
8033,Jennifer,Horton,2000-06-21,Shellyview,MI,WR,77,298,27
8034,Amanda,Knox,1997-09-22,West Alexborough,OK,TE,80,289,23
8035,Joseph,Rasmussen,1997-11-04,Thomasport,MD,WR,80,264,14
8036,Rhonda,Macdonald,1987-05-28,Timothyborough,PW,WR,69,286,24
8037,Melissa,Gilmore,1995-05-28,Laurachester,NM,WR,77,157,94
8038,Samantha,Page,2004-08-13,Sancheztown,KS,QB,75,277,33
8039,Gerald,Gonzalez,1990-08-26,Batesberg,DE,WR,77,161,73
8040,Steve,Marsh,1997-06-19,New Roymouth,TX,WR,78,290,18
8041,Johnny,Benitez,1989-09-27,Stevenport,UT,QB,73,286,25
8042,Scott,Campbell,2006-06-28,East Phillipville,PR,RB,69,278,13
8043,Denise,Wilkinson,1995-01-31,Vangfurt,MT,QB,74,193,99
8044,Richard,Hernandez,2004-06-07,Lanechester,IN,QB,73,161,91
8045,Angela,Brennan,2000-10-06,Obrienfort,AL,RB,77,213,12
8046,Jessica,Hopkins,1992-09-22,Justinhaven,PW,WR,75,239,94
8047,Timothy,Bass,1993-08-02,Lake Katelynburgh,WY,WR,77,277,71
8048,Linda,Stevenson,1990-03-23,Wernerborough,SC,RB,80,185,79
8049,Danny,Bennett,1988-02-10,Garciamouth,NJ,WR,77,224,78
8050,Shane,Carter,1999-01-24,Jenniferside,DC,QB,80,221,95
8051,Shirley,Holmes,1998-08-30,Aguirrestad,AZ,TE,77,154,40
8052,Brenda,Rogers,1989-10-06,West Keith,NE,WR,74,200,32
8053,John,Murray,2001-09-29,West Andrewton,MS,QB,70,194,65
8054,Spencer,Mitchell,2007-04-25,East Tonya,OH,TE,71,265,26
8055,Timothy,Jones,2002-04-26,New Angela,MI,WR,70,260,12
8056,Robyn,Sullivan,2007-07-02,South Courtneystad,MI,RB,70,248,39
8057,Mary,Sanders,2001-11-22,Lake Carlatown,AZ,RB,77,233,38
8058,David,Pham,2000-06-30,Lake Kelseymouth,NH,RB,69,286,32
8059,Aaron,Bryan,2006-06-24,West Michele,VT,RB,77,203,78
8060,Dana,Ross,1987-10-12,Webbville,WI,QB,74,282,47
8061,Stephanie,Robertson,1999-01-09,Shermanhaven,DC,RB,73,163,0
8062,Joy,Brown,1988-08-24,Port Clifford,WV,WR,80,195,13
8063,Jeremy,Ward,2001-12-28,New Thomasview,MH,QB,77,295,4
8064,Shannon,Terry,1991-12-23,Amandaburgh,PW,TE,79,170,36
8065,Christopher,Cannon,1998-04-23,Lake Michellefurt,AK,QB,69,206,82
8066,Joseph,Roberts,1994-03-02,Hopkinschester,WV,QB,80,211,56
8067,Carlos,Ellis,1997-03-03,East Christopherland,TN,RB,69,267,6
8068,William,Hull,2002-05-17,Figueroabury,ME,TE,77,268,84
8069,Amy,Nicholson,1991-02-22,Gracechester,ME,QB,80,244,99
8070,Timothy,Gonzalez,2004-01-11,West Christopher,LA,QB,70,227,7
8071,Mario,Reyes,1996-12-29,Port Jon,MT,WR,74,272,55
8072,Daniel,Huang,2002-02-24,Port Josephmouth,LA,WR,69,262,19
8073,Michael,Dawson,1996-04-05,Millerhaven,PR,WR,76,173,65
8074,Matthew,Lee,2001-05-11,East Williammouth,CO,TE,77,253,63
8075,Gabriel,Thompson,1992-09-02,Wellsmouth,UT,WR,72,188,43
8076,Lauren,Brown,2007-09-17,East Rebeccabury,IA,QB,69,231,85
8077,Ashley,Johnson,1990-07-22,South Billstad,GA,TE,78,193,99
8078,Erin,Santiago,1990-05-12,South Joshua,FL,QB,72,268,41
8079,Luke,Brown,2007-06-02,Codyland,AZ,WR,74,157,93
8080,William,Santos,1993-04-03,Courtneyton,WY,TE,72,234,44
8081,Kenneth,Phillips,2006-07-22,West Kathymouth,RI,RB,78,251,29
8082,Matthew,Rodriguez,2007-08-31,Stevenstad,CA,WR,79,281,30
8083,Jeffrey,White,2002-06-01,Michaelport,SC,RB,76,167,71
8084,Dawn,Reyes,1994-10-23,Lake Alexisstad,WY,QB,80,181,94
8085,Joshua,Dixon,1995-07-22,Rossborough,IN,QB,79,244,89
8086,Christopher,Hughes,2005-03-06,West Paul,GA,QB,70,163,48
8087,Eric,Martinez,1992-01-01,Collierchester,MI,TE,75,210,67
8088,Oscar,Parker,1999-04-29,North Mariafurt,NM,WR,75,177,97
8089,Edward,Walker,2001-09-26,Port Alexanderton,ID,RB,72,235,63
8090,Christopher,Gentry,1987-04-06,West Josephbury,MT,QB,77,277,0
8091,Amber,Bowman,1987-06-03,South Kimberlyland,KS,WR,69,240,76
8092,Joseph,Meyer,2005-08-25,Cookestad,VA,WR,72,225,43
8093,Justin,Miles,2004-03-30,New Matthew,NE,WR,69,289,24
8094,Johnathan,Jones,1998-01-19,North Stephanie,MS,QB,71,163,81
8095,Michael,Lee,2000-10-01,North Andrewbury,ID,QB,70,232,1
8096,Zachary,Young,2007-03-05,Gavinberg,WA,TE,80,221,3
8097,Timothy,Howard,2007-01-20,Walshberg,NC,RB,73,170,51
8098,Andrea,Singh,1991-10-29,South Aliciaberg,ME,RB,75,270,35
8099,Jill,Hood,1985-12-30,Williammouth,MI,QB,76,236,42
8100,Gregory,Jones,1988-07-09,West Matthew,HI,TE,69,215,9
8101,Anne,Horn,1997-08-30,Abigailmouth,ID,QB,74,160,78
8102,Jose,Walton,2007-04-02,West Michael,ME,RB,68,290,78
8103,Jason,Parker,1999-05-27,Deniseshire,OR,QB,69,224,62
8104,Marie,Johnson,1999-11-03,North Savannah,TN,RB,73,264,99
8105,Robert,Young,1993-12-27,Sethview,PW,TE,73,204,93
8106,Keith,Bell,1989-01-30,New Andrewmouth,PW,QB,69,223,93
8107,Steven,Dennis,2000-06-05,North Christopherchester,FM,TE,70,256,4
8108,Elizabeth,Moore,1991-03-11,West Jasminemouth,MH,QB,70,159,56
8109,Rebecca,Mckenzie,2003-01-03,Kimberlystad,KS,QB,72,160,53
8110,Gina,Stone,1993-12-11,Billymouth,KS,RB,74,160,99
8111,Jason,Riley,1997-10-08,Nguyenport,FL,QB,70,300,39
8112,Alicia,King,2005-06-29,South Thomasmouth,OK,WR,74,205,59
8113,Ernest,Martinez,1992-04-03,Rogersburgh,IA,QB,70,283,56
8114,Terrance,White,2007-08-18,Whitakertown,SC,RB,78,163,86
8115,Jason,Mathis,2005-09-29,North Andrew,IA,WR,69,280,82
8116,Nicole,Greer,1987-03-17,Greenbury,OK,WR,71,233,14
8117,Devin,Aguirre,1989-02-10,Lake Ernest,NJ,RB,74,238,69
8118,Robert,Yates,1992-07-29,New David,AZ,QB,72,281,87
8119,Kristina,King,2004-05-06,Daniellehaven,IN,QB,78,156,22
8120,Margaret,Castaneda,1994-07-09,South Melindafurt,IN,WR,77,162,5
8121,Amanda,Bryant,1996-02-03,Timport,FL,WR,77,256,51
8122,Matthew,Dyer,1985-10-02,South Michael,NE,TE,75,217,21
8123,Mariah,Erickson,1995-01-31,Chasehaven,AR,RB,72,167,23
8124,Taylor,Hogan,2005-09-10,South Lisa,MP,RB,74,231,38
8125,Kenneth,Keller,2004-02-08,West Kelly,LA,RB,76,251,94
8126,Donna,Gilbert,2004-04-02,Micheleport,GU,WR,70,255,39
8127,Lauren,Campos,2007-07-13,West Albertport,NV,TE,69,210,33
8128,Ann,Stephens,1991-12-09,Changtown,MA,QB,76,211,27
8129,Kendra,Rojas,2002-11-26,East Dustinbury,UT,WR,71,227,45
8130,Bradley,Castro,1988-03-27,Amandamouth,CO,RB,77,263,5
8131,Shawn,Garcia,1998-07-14,Rebeccaport,WV,QB,76,182,37
8132,Veronica,Garrison,1987-12-31,Port Stevenshire,WA,WR,68,248,20
8133,Justin,Lester,1993-02-05,Moraleston,MH,QB,69,247,61
8134,Darlene,Golden,2003-10-17,North Bradleymouth,GA,RB,71,203,45
8135,Eric,Armstrong,2003-08-27,South Brent,WA,WR,72,250,63
8136,David,Walker,1987-06-13,Williamsburgh,MN,RB,69,277,59
8137,Amy,Arnold,1992-01-08,East Carlstad,NM,WR,69,212,57
8138,Tabitha,Walker,2006-10-05,East Loganberg,NY,WR,73,276,20
8139,Michael,Carson,1999-07-17,New Andrea,VT,WR,76,153,5
8140,Robert,Odonnell,1996-04-20,Kirkview,NV,RB,76,198,71
8141,Donna,Hughes,1989-06-07,Port Chelsea,TN,WR,69,175,17
8142,Rhonda,Smith,2004-04-14,Port Jeffrey,MT,TE,76,211,49
8143,Jason,George,1991-03-16,Joetown,NV,QB,75,216,19
8144,Donna,Young,1991-12-27,Michaelview,MO,QB,70,223,88
8145,Robin,Cox,1992-11-22,Rivasburgh,KS,TE,78,283,45
8146,Joshua,Henderson,1985-09-27,Cortezport,VT,TE,79,244,65
8147,Shelly,Pittman,2008-04-26,Lake Markhaven,VA,RB,80,218,50
8148,Krystal,Hudson,1999-03-20,Edwinland,MO,WR,71,156,60
8149,Mikayla,Barnett,2002-08-04,Bethburgh,LA,WR,78,266,66
8150,Aaron,Garcia,2006-04-15,Chelseabury,MD,RB,72,189,7
8151,Stephen,Bradford,2007-11-18,West Shawn,VT,WR,75,151,86
8152,Deborah,Carrillo,1999-11-04,Michaelberg,MS,QB,68,295,27
8153,Sarah,Chang,2005-08-30,Marissashire,NY,TE,70,260,50
8154,Mary,Lewis,1989-09-20,Brandonburgh,VA,RB,77,198,41
8155,Lucas,Castillo,1998-03-07,West Robinstad,NY,TE,73,232,16
8156,Matthew,Lewis,1988-04-24,Bruceton,LA,RB,79,275,14
8157,Kyle,Moore,1990-06-22,Christopherfort,MP,QB,73,300,46
8158,Stephanie,Rhodes,2003-02-08,Hartshire,AR,TE,71,194,74
8159,Amy,George,1993-05-11,Michelleberg,NV,QB,70,154,32
8160,David,Little,2000-12-11,Christineshire,IN,QB,68,254,81
8161,Austin,Willis,2008-01-28,Richardfurt,ME,QB,78,177,64
8162,Jeremy,Cox,1993-09-26,Bennettmouth,AK,RB,68,297,63
8163,Tammy,Lyons,2001-03-29,Lake Jeremiah,TN,RB,77,270,41
8164,Ronald,Mcdaniel,2002-12-21,Eugenechester,MA,TE,73,181,28
8165,William,Wilson,2001-03-25,Rhondaland,VI,QB,80,226,44
8166,Ashley,Cole,2007-09-28,West Amy,MD,TE,77,184,51
8167,Ronald,Gutierrez,1997-03-07,Jamesland,ND,RB,78,242,39
8168,Michael,Freeman,1992-04-30,New Brad,SD,WR,71,298,13
8169,Jerry,Navarro,1986-02-14,Smithfurt,OH,RB,79,299,87
8170,Elizabeth,Vasquez,1992-01-28,Roseland,IL,WR,79,190,60
8171,Tristan,Mendez,1986-12-20,Kristenfort,AK,RB,72,214,55
8172,Kendra,Davis,1987-06-25,West Cynthiahaven,WV,TE,77,223,82
8173,Adriana,Osborn,2004-11-29,Fordstad,NC,TE,68,198,29
8174,Amber,Hawkins,1998-10-17,South Nathan,AR,QB,74,168,71
8175,Justin,Silva,1990-10-11,Stephensport,WV,WR,70,244,37
8176,Paul,Murray,1989-11-09,North Lisaton,VI,TE,74,280,65
8177,Michelle,Carlson,1987-06-10,Riddlemouth,TX,RB,79,267,73
8178,Dean,Gonzalez,2008-03-24,Lake Gabrielle,NV,WR,75,180,60
8179,Brian,Jarvis,1994-01-01,Lake Donald,WA,QB,69,152,78
8180,Robert,Aguirre,2005-07-01,East Tracy,CA,QB,80,280,79
8181,Francisco,Kane,1992-04-19,Jenkinsville,NV,QB,76,249,15
8182,Rebecca,Perez,1991-01-25,Wigginsshire,FM,RB,76,248,57
8183,Jose,Gallagher,1988-07-23,Bookerhaven,OR,QB,78,196,4
8184,Renee,Rogers,1990-01-07,Herringborough,NC,TE,78,225,67
8185,Angela,Glenn,1987-09-02,Fergusonville,OK,WR,76,284,42
8186,Danielle,Riddle,1999-10-27,Monicastad,NE,QB,80,253,65
8187,Brenda,Cole,1997-01-08,Shannonside,MI,WR,80,159,47
8188,Ann,Jackson,2000-12-21,Brettside,IL,WR,70,163,80
8189,Amanda,Park,1996-02-23,Durhamton,SC,QB,80,169,76
8190,Samantha,Dominguez,1999-04-26,West Wanda,OR,RB,76,270,99
8191,Elizabeth,Williams,1991-12-07,Johnsonstad,VA,RB,77,270,13
8192,Jacqueline,Williams,1987-03-19,South Reneeberg,GA,RB,69,183,73
8193,Lorraine,Martinez,2006-08-18,Lake Michael,KS,QB,77,270,84
8194,Tara,Harris,2006-08-06,Saraside,MS,WR,78,193,24
8195,Caroline,Vaughn,2000-09-03,New Josephmouth,ND,RB,78,223,87
8196,Tanner,Henson,1998-02-09,West Bryanburgh,LA,RB,79,292,38
8197,Kelsey,Snyder,2007-05-28,Ericland,DC,RB,78,192,23
8198,Jordan,Bright,1994-11-25,Colehaven,ND,TE,69,229,72
8199,Catherine,Ho,1998-01-12,Ericksonland,NC,QB,79,173,20
8200,Joshua,Barr,1997-11-23,Turnerstad,NH,QB,76,199,59
8201,Elizabeth,Murphy,1994-10-20,Lake Debra,PA,TE,72,193,86
8202,Michael,Roach,2008-03-22,North Tonya,VT,QB,80,234,35
8203,Kelli,Williams,1994-08-14,West Raymondshire,OR,WR,68,246,74
8204,Valerie,Smith,2007-01-01,Loriberg,MD,RB,73,246,38
8205,Jasmine,Miller,2007-05-12,Marioborough,GA,RB,79,219,5
8206,Ashley,Lopez,2001-08-22,Michellehaven,NC,RB,70,300,29
8207,Ryan,Sims,2003-01-15,West Susantown,HI,TE,77,154,99
8208,Steven,Romero,2002-04-17,Port Emily,NE,WR,79,173,22
8209,Sarah,Martinez,1990-09-27,Richardberg,FL,QB,78,265,90
8210,Tonya,Mason,2002-10-01,West Bruce,DC,TE,79,285,73
8211,Diane,Branch,1990-11-07,North Timothyshire,ME,RB,77,162,76
8212,Angela,Mejia,2001-09-11,Thorntonville,SC,QB,72,267,38
8213,Stephanie,Hernandez,2005-02-18,Perkinsstad,ND,TE,77,158,48
8214,Nathan,Haley,1990-11-21,Sweeneybury,AS,TE,73,188,55
8215,Lisa,Harper,1998-02-09,Lauraland,TX,QB,69,235,32
8216,David,Ritter,1991-06-27,Port Anthony,AK,WR,80,161,99
8217,Nathan,Keller,2006-06-19,East Kristine,AL,QB,77,265,63
8218,Helen,Contreras,2004-07-01,Lake Ryan,AK,WR,80,183,10
8219,Meagan,Collins,1997-09-18,East Melindaton,MP,QB,78,247,64
8220,Aaron,Medina,2004-03-18,North Denise,NE,RB,79,173,60
8221,Kathleen,Davis,1985-07-23,Mcclainton,VI,WR,72,174,44
8222,Nicole,Camacho,1986-03-17,Williamshaven,MP,RB,72,239,17
8223,Cathy,Walters,1987-10-15,Lambhaven,IN,WR,78,249,42
8224,Rebekah,York,1999-07-15,Garrettchester,AL,TE,74,267,40
8225,Derrick,Wise,1999-08-11,New Erikbury,MD,WR,69,169,60
8226,Stephen,Cooley,1995-08-22,Thomasfurt,KS,WR,70,260,7
8227,Brandon,Watts,1987-10-15,Anthonyton,NY,RB,80,274,67
8228,Michael,Lane,1999-03-07,Justinville,PR,WR,70,217,44
8229,Lindsey,Torres,1993-09-08,Port Melinda,CT,RB,78,201,34
8230,Allison,Jackson,2005-08-31,Port Amy,AZ,TE,80,198,63
8231,Kyle,Wilkinson,2001-04-06,South Kathrynstad,MS,QB,70,263,65
8232,Robert,Klein,1987-12-19,West Jerry,UT,RB,77,159,79
8233,Jason,Phillips,1992-11-17,West Clarence,FM,TE,68,299,36
8234,Paula,Baxter,1989-06-28,New Amanda,DE,RB,70,231,50
8235,Lisa,Kirby,1987-06-21,Hancockshire,IN,TE,72,181,71
8236,Lynn,Cooper,1999-04-06,Rebeccaview,LA,TE,79,213,10
8237,Jason,Morris,2000-08-11,Waynemouth,CT,TE,71,222,75
8238,Laura,Cox,2003-07-02,New Justinhaven,MD,QB,72,267,27
8239,Kyle,Mahoney,1994-04-30,South Keithfort,MN,QB,71,173,54
8240,Mary,Downs,1998-03-09,North Kimberly,MT,RB,76,191,10
8241,Brett,Cox,1988-06-26,North Kimberly,ME,QB,78,196,39
8242,Amanda,Hood,1999-09-26,New Brian,HI,RB,73,288,52
8243,Robin,Turner,1997-12-12,Martinfurt,NC,QB,70,273,78
8244,Mary,Lewis,1994-04-22,Adamport,KS,QB,70,220,70
8245,Tanya,Dominguez,1994-01-13,Mccartyborough,MP,TE,74,192,45
8246,Troy,Barnes,2007-08-14,Port Carolyntown,OR,RB,68,242,45
8247,Lisa,Thompson,1995-10-31,Jerrytown,KY,WR,78,237,72
8248,Jessica,Jenkins,1987-05-31,Zacharymouth,MI,TE,79,201,94
8249,Jon,Bryant,1996-10-08,New Jasonstad,SD,WR,72,175,51
8250,Kelly,Blair,1990-08-25,New Justin,IN,TE,71,273,63
8251,Amy,Ellison,1995-02-10,West Kevin,HI,RB,77,198,25
8252,Tiffany,Jennings,1995-08-23,West Amber,VI,RB,74,162,61
8253,Joshua,Callahan,2003-03-31,North Stevenchester,WY,RB,73,233,87
8254,Benjamin,Franco,1991-09-25,West Robin,NV,RB,69,269,74
8255,Tina,Jimenez,1998-04-29,Emilymouth,IA,TE,69,291,14
8256,Drew,Rogers,1989-05-15,Douglasville,CA,QB,68,159,72
8257,Michael,Martin,2006-06-24,West Christophertown,MN,RB,74,276,44
8258,John,Day,1997-04-21,South Katherine,OH,RB,79,258,45
8259,Tami,Thompson,2007-01-10,West John,VT,TE,71,248,50
8260,Hector,Moss,1988-05-25,Lake Michaelbury,NE,WR,73,191,62
8261,Michael,Liu,1985-05-31,Port Stevenside,TN,QB,72,168,1
8262,Kristin,Andrews,1986-07-21,Pamelaport,AZ,RB,72,218,45
8263,Troy,Powers,1992-03-31,Jacobchester,AR,RB,68,177,75
8264,Crystal,Nelson,1992-12-22,Jonesmouth,MD,RB,74,248,8
8265,Julie,Romero,1985-06-19,New Derek,ND,WR,79,245,43
8266,Howard,Davis,1998-05-05,Martinezport,CA,TE,73,245,27
8267,Sarah,James,1991-11-27,Michaelhaven,MO,RB,80,295,57
8268,Jamie,Lambert,2002-02-21,Comptonville,OH,TE,72,272,2
8269,Stacy,White,1999-08-19,North Kelly,MT,WR,72,228,11
8270,Alicia,Mitchell,1990-03-02,West Robin,FL,TE,68,201,50
8271,Jeanette,Grimes,1988-02-21,Harrisonview,NM,TE,71,209,45
8272,Jeremy,Harrison,1999-11-18,Markborough,AL,RB,77,284,16
8273,Michelle,Keith,1994-12-29,North Jennifer,WV,WR,77,178,4
8274,Gregory,Webb,2001-01-01,Paulburgh,CA,TE,78,229,77
8275,Amanda,Mccarthy,2000-10-11,Mahoneychester,MH,TE,78,167,19
8276,Zachary,Smith,2000-05-01,Martinside,MI,TE,76,230,85
8277,Beth,Christian,1998-06-07,Wheelermouth,OR,QB,71,204,19
8278,Margaret,Fowler,1994-11-25,Shaunfurt,CO,QB,75,170,65
8279,Frank,Tucker,1993-03-25,West Tammy,VT,TE,70,213,59
8280,Carla,Johnson,1998-12-13,Kingmouth,NE,TE,69,212,47
8281,Rebecca,Roberts,2003-01-20,South Samuel,SD,WR,74,176,87
8282,Lindsey,Schmidt,1994-07-20,Kleinview,WA,QB,70,155,35
8283,Michele,Dillon,1987-09-15,Christophermouth,SC,WR,72,156,69
8284,Casey,Davis,2008-02-15,West Carolynville,AK,RB,80,267,7
8285,Charles,Russell,1989-09-15,West Robertberg,MN,RB,79,168,15
8286,Jennifer,Jennings,1989-02-08,North Lindseychester,MH,RB,76,270,50
8287,Sarah,Ramirez,1987-09-04,Jonathanstad,WY,RB,69,281,9
8288,Sarah,Bentley,1999-04-15,New Nicholas,MH,QB,79,212,35
8289,Jessica,Mccoy,1994-11-03,Thomaschester,DE,TE,70,216,94
8290,Connor,Hughes,2000-10-03,Wisechester,NH,WR,77,277,51
8291,Tiffany,James,1999-11-17,Stewartside,OK,TE,80,257,1
8292,Roberto,Adams,1996-04-23,West Mariah,OR,QB,75,270,64
8293,Brad,White,1999-04-04,East Catherineside,VT,WR,79,184,83
8294,Joshua,Lopez,1985-10-09,Johnberg,MI,WR,72,262,11
8295,Michelle,Stewart,2000-12-23,Henryshire,LA,WR,75,158,57
8296,Selena,Mcdonald,2002-09-21,West Travisport,MD,TE,77,236,95
8297,Nathan,Berger,1990-03-30,Prattberg,CT,RB,78,189,79
8298,Heather,Nolan,1988-05-09,Port Garymouth,AZ,TE,68,193,71
8299,Kristin,Mcbride,1990-01-11,Richardsonburgh,MD,QB,72,245,34
8300,Madison,Davenport,2000-10-30,New Ronald,DE,RB,76,182,40
8301,James,Floyd,1994-03-31,Joshuashire,AK,QB,73,197,26
8302,Randy,White,1985-05-02,Mccormickchester,FM,QB,72,265,72
8303,Justin,Hughes,1992-06-27,West Stephenton,NE,QB,79,239,97
8304,Kelly,Evans,1988-11-20,Rossmouth,AR,RB,75,169,94
8305,Richard,Ali,2007-12-01,Johnsonberg,SD,RB,76,248,1
8306,Michael,Mckinney,2001-05-25,Lake Reginaldport,ID,RB,80,228,31
8307,Randy,Thornton,1988-01-17,East Katherinebury,IL,WR,75,171,64
8308,Alicia,Nelson,1991-12-28,Port Monicachester,AZ,TE,75,252,97
8309,Alejandro,Hart,1989-12-02,Sheltonchester,DC,RB,80,158,31
8310,Christine,Pittman,2003-01-26,Port Bruce,DC,WR,71,270,70
8311,Ryan,Acosta,2005-12-27,Mccoyside,VA,RB,68,199,66
8312,Jeffrey,Smith,2006-08-04,East Cherylberg,OH,QB,68,199,39
8313,Kayla,Perkins,2003-05-20,Sheaborough,IA,RB,80,229,8
8314,Steven,Miller,1998-01-31,Adamsview,WI,WR,75,204,35
8315,Cheryl,Hodges,2005-03-13,Lake Michele,VA,RB,78,231,86
8316,Robert,Johnson,1991-06-01,Lake Justinland,WA,QB,79,187,48
8317,Sharon,Davis,2005-07-09,Port Andrew,PW,WR,76,164,1
8318,Christopher,Coleman,1987-05-09,Lake Katherineview,DE,WR,79,174,12
8319,Angelica,Adams,2001-07-12,Gibsonview,NE,TE,79,275,18
8320,Jason,Taylor,2003-12-05,South Natashamouth,WY,QB,80,198,87
8321,Jessica,Casey,2004-06-23,South Shawn,VT,WR,76,248,34
8322,James,Henry,1987-01-06,New Michael,NC,TE,74,297,15
8323,Danielle,Morton,1986-11-19,Jonathanborough,NC,WR,79,267,76
8324,Jorge,Miranda,1987-05-03,Ruizmouth,FL,TE,70,176,28
8325,Samuel,Warner,2004-10-10,New Richard,MI,RB,68,245,5
8326,April,Burnett,1998-01-19,New Suzanne,GA,WR,71,211,73
8327,Kevin,Diaz,2004-05-18,West Elizabeth,NV,RB,72,237,34
8328,Monica,Ruiz,2004-12-29,Cindyborough,MS,WR,75,275,10
8329,Michael,Hogan,1997-02-07,Lake Amber,WY,WR,68,300,32
8330,Robert,Berg,1992-04-24,East Cherylfurt,FL,WR,79,243,99
8331,Gregory,Saunders,1992-04-08,Harrisport,PR,TE,72,224,95
8332,Melanie,Hall,1998-02-15,Davidville,NY,QB,68,196,41
8333,Stacey,Evans,1992-02-05,East Markville,CA,TE,71,179,49
8334,Dawn,Collins,1992-02-17,Nunezburgh,KS,RB,76,230,30
8335,Shelley,Carpenter,2003-03-11,Port Joseph,FM,TE,76,193,24
8336,Joseph,Rangel,1991-04-21,East Samanthafurt,NY,WR,73,296,25
8337,Edward,Rivera,2003-05-13,New Steve,NH,WR,75,171,6
8338,Roberto,Skinner,2004-05-15,New Leahchester,KS,WR,79,300,64
8339,Thomas,Nichols,2007-05-24,Martinezport,IL,QB,70,258,22
8340,Joseph,Williams,1988-03-24,Lake Gregory,MP,TE,80,277,97
8341,Heather,Richards,1992-02-02,Lynnbury,NE,RB,77,229,77
8342,Larry,Meyer,2002-09-14,Christyberg,FM,TE,70,216,42
8343,Breanna,Gray,2002-04-09,Alexanderchester,FL,WR,68,284,22
8344,Mark,Huynh,1988-05-03,Jenningsside,MI,QB,70,191,47
8345,Sarah,Johnson,2006-09-04,Port Jennifertown,FL,WR,80,281,43
8346,Edward,Hayes,2003-02-24,Garciafort,AL,TE,73,212,20
8347,Dylan,Walker,1995-09-15,East Michael,MN,QB,75,157,90
8348,Stephanie,Wilcox,2000-05-14,Osbornemouth,ID,WR,79,292,41
8349,Emily,Simmons,1988-07-04,Lake Evelynshire,OK,WR,77,241,26
8350,Kyle,Davis,1996-11-16,South Debbie,MO,RB,70,179,62
8351,Jack,Bernard,1991-03-10,New Lisafurt,CA,TE,72,155,70
8352,Raymond,Sawyer,1994-05-27,Port Jennifer,CA,RB,80,191,89
8353,Jacqueline,Matthews,2007-08-22,Monicaton,NH,RB,68,150,68
8354,John,Jackson,1993-06-23,Lake Traci,VI,WR,70,172,88
8355,Shelley,Mccoy,1988-01-21,Leonardmouth,KS,QB,80,226,35
8356,Nancy,Stephenson,1994-10-08,Williamberg,NJ,QB,73,276,45
8357,Stephanie,Chavez,1990-05-09,Port Brianbury,MO,WR,69,213,55
8358,Felicia,Terry,1995-01-12,Stevenland,NY,QB,78,232,53
8359,Natalie,Ryan,2002-02-25,Williamsside,TN,TE,75,275,65
8360,Curtis,Vance,2005-12-26,New Linda,ID,RB,73,253,52
8361,Wayne,Bell,2002-01-28,South Leahfort,VT,WR,77,219,28
8362,John,Bell,1985-09-08,South Cory,MD,QB,78,176,48
8363,Benjamin,Davidson,1987-09-07,Lake Thomas,GU,QB,74,267,50
8364,Leah,Cantu,1991-02-24,New Jean,WY,QB,78,154,89
8365,John,Wallace,1994-11-14,East Kent,HI,QB,68,211,19
8366,Kayla,Barajas,1991-05-28,Lake Jessica,OR,TE,68,257,60
8367,Spencer,Potts,2004-07-30,Jessicaton,UT,WR,78,187,66
8368,Nicole,Wilson,1985-08-28,North Kristie,DC,TE,69,195,1
8369,Maria,Herrera,1993-12-27,Port Jessicaview,MP,RB,70,152,10
8370,Bobby,Hernandez,1991-12-10,Parkborough,VI,WR,68,270,34
8371,Stephanie,Jackson,1997-12-05,Lake Brittanyfort,FL,WR,72,282,20
8372,Sarah,Hicks,2001-09-02,North Williamfurt,MA,WR,72,206,12
8373,Lisa,Price,2006-04-09,West Alicia,DC,RB,73,295,40
8374,Luke,Flynn,2004-09-16,West Kimberly,NJ,RB,73,174,22
8375,Kim,Davidson,2006-11-07,Ericachester,VT,TE,71,198,80
8376,Debbie,Lester,1998-11-14,New Laura,LA,WR,75,249,0
8377,Alexander,Richardson,1995-11-22,Ortizside,NE,RB,70,265,10
8378,Samantha,Brooks,2006-11-29,Sydneyshire,VI,QB,69,171,58
8379,David,Sanders,1995-04-25,East Doris,MN,WR,79,270,57
8380,Jacob,Booth,1990-01-18,East Andrew,AR,WR,75,296,58
8381,Angela,Fox,1989-08-12,New Robert,VI,TE,76,176,35
8382,Robert,Watson,2003-06-07,West Jennifer,MH,TE,76,222,79
8383,Chris,James,1992-08-05,Rodriguezchester,MI,TE,71,163,37
8384,Suzanne,Gonzales,1995-02-15,New Steven,KS,WR,70,263,94
8385,Matthew,Cisneros,2002-06-18,Mooremouth,MI,TE,71,300,72
8386,Jacob,Smith,1999-01-24,Anntown,NH,WR,75,236,9
8387,Lori,Johnson,1995-09-29,Port Selena,DC,QB,76,203,21
8388,Herbert,Beck,1986-05-28,East Corey,ND,WR,79,262,61
8389,Michael,Jenkins,2005-11-05,Lake Barbara,AZ,QB,79,281,51
8390,Jeffrey,Johnson,1998-03-22,Erikmouth,TN,TE,75,218,75
8391,Derek,Johnson,1998-03-13,Micheletown,IN,WR,71,241,31
8392,Shelia,Wheeler,1997-05-15,Mayobury,MD,WR,76,157,31
8393,Marie,Nelson,1997-11-27,South Miguelburgh,AZ,TE,76,170,62
8394,Michael,Berry,2008-04-05,East Robert,CA,TE,75,247,67
8395,Daniel,Chavez,1992-11-28,Port Sara,ME,TE,74,159,18
8396,Katie,Miranda,1988-01-21,Barnesborough,NJ,QB,80,202,99
8397,Autumn,Williams,2004-06-28,West Bryan,NE,RB,73,200,83
8398,Jacob,Deleon,2003-06-03,Moorehaven,SD,QB,69,271,99
8399,Casey,Kennedy,2004-09-21,Matthewton,TN,QB,69,287,19
8400,Beth,Li,2007-05-26,Guerratown,SC,QB,70,156,10
8401,Julie,King,2006-10-24,Port Desireeview,ME,QB,74,175,5
8402,Tom,Mercado,2005-01-03,West David,AR,TE,72,180,51
8403,Craig,Little,1996-08-27,North Jorgeland,TX,QB,73,169,43
8404,Connor,Kelly,1989-11-14,Hernandezburgh,MS,RB,69,284,22
8405,Deanna,Johnston,2004-05-15,Paulafort,AK,RB,72,249,69
8406,James,Shannon,2007-03-06,South Karenbury,UT,RB,74,150,88
8407,Jessica,Salazar,1997-05-09,Martinezborough,AK,QB,72,163,12
8408,Dawn,Lane,1987-12-21,South Maria,WA,TE,78,158,95
8409,Steven,Miller,1996-11-02,Jessicafort,DE,WR,74,205,24
8410,Melissa,Flores,1992-09-14,Port Heatherland,CT,QB,79,233,10
8411,Eric,Dodson,1990-04-29,Martinmouth,SD,RB,70,203,7
8412,Christopher,Garcia,2007-04-18,East Alexaton,ME,QB,71,168,23
8413,Jennifer,Cox,1999-10-12,Martinezmouth,FL,WR,74,219,63
8414,Angela,Pitts,1999-08-28,Andrewport,MN,RB,78,192,82
8415,Susan,Roberts,2002-04-16,Krausehaven,NE,RB,75,199,11
8416,Karen,Cardenas,1989-07-15,North Christineville,LA,TE,75,175,88
8417,Christopher,Ray,1987-08-04,Erinmouth,CA,QB,79,230,63
8418,Joseph,Stewart,2007-07-17,Ericksonhaven,MS,RB,79,222,21
8419,Paul,Smith,1998-01-04,Mooreport,OK,TE,75,212,34
8420,Sarah,Allen,1998-11-30,South Matthew,NY,WR,70,188,82
8421,Penny,Watson,1990-12-26,North Emily,LA,RB,79,272,88
8422,Andrew,Martin,2002-07-14,Harveymouth,MD,TE,77,175,99
8423,Erin,Swanson,1992-03-14,Lake Tiffanyfort,VT,RB,69,297,85
8424,Matthew,Kerr,1989-08-27,North Michael,WI,WR,78,295,45
8425,Tanner,Warren,1987-11-04,Port Caitlintown,TN,WR,73,269,97
8426,Craig,Jones,1996-05-19,Lake Nataliemouth,AS,RB,70,252,77
8427,Evan,Lyons,2001-03-09,Rachelfurt,WY,TE,75,222,60
8428,Anthony,Gallagher,2006-04-12,Lake Christopherport,NE,QB,69,254,22
8429,Donald,Johnson,2003-10-30,Edwardsshire,GU,QB,74,286,71
8430,Tami,Dyer,2007-10-13,Johnsonbury,CT,TE,71,181,2
8431,Haley,Smith,1990-01-06,New Samueltown,MA,RB,71,166,46
8432,Kylie,Nguyen,2006-03-26,Mooretown,NH,RB,73,223,69
8433,Robert,Allen,1989-11-04,Port Jennyside,CA,TE,69,274,50
8434,Angel,Banks,2007-12-29,Lake Maria,DE,QB,72,175,84
8435,Craig,Skinner,1985-06-02,New Michaelshire,PA,TE,73,175,7
8436,Laurie,Cardenas,1989-09-16,Charlesside,GA,RB,78,273,12
8437,Nancy,Harrison,1989-08-05,New Hannah,AK,TE,68,204,26
8438,Tina,Spencer,1997-05-26,Edwardsview,CA,RB,79,154,86
8439,Mark,Craig,2004-02-13,North Sarahstad,NE,QB,80,194,84
8440,James,Miles,1991-07-25,Andrewmouth,MD,RB,69,220,4
8441,Francisco,Robinson,1993-05-07,East Theresa,SC,RB,70,292,13
8442,Christine,Collier,1999-07-25,New Janet,TN,TE,78,181,89
8443,Kristen,Jenkins,1992-03-21,Ramirezshire,HI,QB,80,191,81
8444,Ariana,Ramsey,2001-02-16,Lake Dana,OK,RB,79,248,82
8445,Andrew,Thomas,1994-02-12,Lake Timothy,PR,QB,75,240,40
8446,Joan,Marquez,1986-08-29,Danielville,GA,WR,70,180,51
8447,Sharon,Diaz,2003-06-15,Port Shirley,AR,TE,78,223,18
8448,Lisa,Larsen,1986-06-13,Julieton,UT,RB,70,281,1
8449,Jessica,Richardson,1999-07-04,Jeffreymouth,LA,TE,68,291,62
8450,Melanie,Beltran,1991-11-06,Mayerland,CA,TE,80,195,28
8451,Ryan,Reynolds,1992-12-05,North Benjamin,NY,TE,75,156,14
8452,Ronald,Mitchell,1988-08-05,Lake Susanstad,MT,QB,78,217,83
8453,Erin,Reese,1994-04-26,South George,OK,WR,74,150,60
8454,Shannon,Perry,2001-03-06,New Ashley,DC,RB,74,277,89
8455,April,Nash,2003-11-04,Davidhaven,MT,WR,75,252,22
8456,Miguel,Callahan,1995-06-21,Seanville,PA,QB,79,279,36
8457,Tyler,Scott,2000-09-02,East Hannah,MS,QB,68,228,90
8458,John,Chavez,1997-03-07,Sherrychester,PW,WR,71,183,93
8459,Bradley,Dillon,2003-02-17,Seanfurt,TN,TE,76,202,91
8460,Michelle,Smith,2004-10-27,Lake Mollyport,WY,WR,80,204,19
8461,Matthew,Bender,2003-02-13,East Morganburgh,MO,RB,69,167,98
8462,William,Haley,2005-05-12,South Brian,ND,TE,77,245,99
8463,Michelle,Ross,2003-07-01,Garrisonchester,LA,RB,75,244,63
8464,Jonathan,Hale,2007-09-10,Jonside,FM,RB,77,225,27
8465,Kayla,Williams,1993-09-23,Johnshire,MN,QB,71,226,9
8466,Rebecca,Jones,1997-03-04,Johnchester,CA,TE,78,181,65
8467,Paula,Smith,1997-11-16,East Michael,CT,QB,74,252,90
8468,Kathleen,Jackson,1987-04-03,West Travisstad,IA,TE,80,202,31
8469,Johnny,Paul,2007-05-07,Eugenebury,MH,QB,76,191,86
8470,Nicholas,Sanchez,1999-03-15,New Harry,WY,QB,69,192,83
8471,Russell,Martin,1994-07-06,Johnsonburgh,VA,WR,74,194,4
8472,Laura,Brown,1996-04-20,Steeleshire,MP,QB,72,181,12
8473,Timothy,Kennedy,1999-02-16,North Nicoleville,NJ,TE,74,273,75
8474,Steven,Miller,1995-07-01,New Sean,WA,WR,79,152,91
8475,Keith,Sanchez,1997-03-03,West Barbaraland,MN,QB,73,151,33
8476,Joseph,Keller,1993-05-06,North Kevinland,WA,QB,74,241,13
8477,Andrew,Garner,2000-01-22,Ericburgh,UT,WR,70,209,18
8478,Crystal,Mitchell,2006-02-06,Jacksonmouth,NY,RB,75,221,65
8479,Timothy,Miles,1990-04-22,Farmerburgh,AZ,QB,68,187,96
8480,Antonio,Larsen,1986-09-28,Jessicafurt,NC,WR,78,214,54
8481,Donald,Nguyen,1994-10-06,Port Tommy,MA,RB,69,226,30
8482,Faith,Bishop,1992-02-25,Carlyfort,MA,TE,74,281,73
8483,Shannon,Holland,1994-11-12,Christophershire,NM,QB,79,158,38
8484,Michael,Cohen,1996-11-04,Carolineview,RI,TE,78,175,7
8485,Julie,Greene,1999-07-06,New Joeton,MA,QB,68,212,31
8486,Thomas,Chavez,2004-10-28,Leetown,PR,WR,75,293,32
8487,Peter,Parker,2003-08-28,Clarkview,PW,QB,69,188,10
8488,Crystal,Wyatt,2007-11-27,Nancyside,OK,QB,71,202,38
8489,Elizabeth,Walker,1993-12-22,New Aaron,MI,WR,72,280,93
8490,Maria,Jenkins,1990-08-06,Ashleymouth,MS,RB,78,191,89
8491,Brent,Meyer,2002-08-29,New Russell,MH,TE,68,254,5
8492,Robert,Smith,2002-06-19,New Nicolefort,GU,WR,71,284,20
8493,Michael,Lloyd,1993-02-05,Jennifermouth,AS,RB,79,297,79
8494,George,Bowers,1996-03-27,Andreafurt,HI,QB,78,268,53
8495,Alexandria,Moon,1997-04-24,Andrewsberg,GU,QB,80,202,13
8496,Justin,Long,1998-05-18,Lake Beverlyhaven,UT,RB,71,210,65
8497,Jesse,Lee,2002-07-11,East Dustinburgh,WA,QB,72,285,67
8498,Adrian,Kelly,1991-11-19,Mistyton,AS,TE,69,230,5
8499,Brian,Brown,2007-09-21,West Shelby,MP,TE,76,215,74
8500,Dillon,Stone,1985-05-27,Gabriellefurt,DE,QB,73,214,11
8501,Kristen,Perez,1988-07-09,New Susanport,VT,RB,78,164,60
8502,Susan,Rivera,1997-12-31,West Jacquelineport,WA,QB,73,265,42
8503,Michael,Hudson,1990-03-30,Waltonport,TN,RB,75,263,14
8504,Tyler,Hubbard,2007-05-03,Michaelstad,GU,WR,73,285,59
8505,Jennifer,Zhang,2006-01-08,Brownstad,MH,WR,74,224,15
8506,Teresa,Russell,2007-05-06,Port Patrick,TN,QB,71,249,50
8507,Brenda,Lawrence,1998-04-12,Lake Mary,RI,QB,71,174,69
8508,Shelly,Williams,1994-08-14,Port Jennifer,MA,TE,70,237,23
8509,Shannon,Morris,2003-01-08,Hamiltontown,CT,QB,79,158,25
8510,Sandy,Carr,2006-06-07,Monicahaven,KS,TE,80,246,41
8511,Robert,Walker,1997-11-29,West Martha,AZ,RB,74,300,69
8512,Amanda,Rice,1989-04-15,East Bernard,TN,WR,74,189,25
8513,Eddie,Ford,1990-08-01,Kennethton,OK,RB,68,194,16
8514,Brittany,Smith,2000-04-23,Hendersonfort,LA,TE,77,161,59
8515,Shannon,Peters,2001-09-11,Smithland,PR,QB,73,279,86
8516,Emily,Stevens,2001-01-10,Lake Kristinchester,GA,RB,74,282,58
8517,Daniel,Crane,1999-02-15,Josephstad,LA,TE,77,185,91
8518,Ashlee,Miller,2006-04-22,Stephenshire,FL,TE,76,155,21
8519,Robert,Mcneil,1995-12-29,North Emily,DE,QB,71,208,10
8520,Randall,Collins,2006-01-02,South Andrew,WI,WR,78,217,54
8521,Dustin,Nolan,1991-06-25,South Joshualand,DE,WR,71,202,40
8522,Mark,Johnson,1992-08-27,New Ryanton,RI,RB,79,166,19
8523,Tiffany,Harmon,1996-05-28,West Mollyland,TN,QB,68,193,88
8524,Mark,Mcdonald,1993-10-12,Hicksborough,DC,RB,71,291,58
8525,Leonard,Daniels,1996-06-22,Cainfort,DE,WR,80,160,74
8526,Xavier,Hunter,1991-10-25,Wilkinsonside,OR,RB,71,194,92
8527,Brian,Pena,1987-06-11,Thomasside,WI,RB,73,271,75
8528,Jeffery,Morris,2001-02-28,Port Amanda,FM,WR,72,267,78
8529,Jonathan,Strickland,1990-02-04,Paulstad,PA,WR,76,300,1
8530,Joseph,Dean,2006-09-18,South Kathleen,OR,WR,73,166,66
8531,Preston,Garcia,1995-10-02,Lake Lisafurt,MS,RB,72,247,84
8532,Joann,Jackson,1987-06-03,Andersonberg,ND,WR,69,222,58
8533,Sarah,Serrano,2001-03-07,Browntown,MH,WR,68,163,88
8534,Robert,Williams,1999-02-02,East Franciscobury,NE,RB,70,272,1
8535,Denise,Ochoa,1989-12-26,North Donald,PA,RB,70,270,66
8536,Angela,Cameron,1992-07-10,Castrofort,ME,RB,77,291,56
8537,Jonathan,Chavez,2001-12-04,Richardsmouth,AK,WR,79,193,1
8538,Leah,Pittman,1993-10-13,New Davidfurt,FL,RB,73,264,47
8539,Stephanie,Randall,1991-11-22,Lake Bryan,KS,WR,70,244,89
8540,Martin,Rodriguez,2005-07-27,Rojasborough,AK,RB,68,215,83
8541,Stephen,Torres,2005-10-29,North Karen,SD,WR,75,226,46
8542,Nicole,Drake,2002-11-05,Huffmanberg,OR,RB,69,180,77
8543,Sharon,Miller,1995-10-10,East Andreaview,CA,QB,70,159,29
8544,Michael,Allen,1989-07-05,Whitneyfort,VI,QB,72,218,44
8545,Morgan,Valdez,2005-11-14,North Kelseyland,WI,TE,76,192,41
8546,Shawn,Hopkins,2001-07-14,North Reginafurt,WY,RB,72,203,15
8547,Lisa,Nunez,1999-03-28,Matthewfort,KS,WR,79,275,64
8548,Abigail,Meadows,1994-09-29,South Laurie,NH,TE,73,183,25
8549,Travis,Douglas,1998-11-08,Johnstad,VI,RB,76,256,61
8550,Patricia,Fleming,1991-03-18,Armstrongton,NE,QB,70,221,16
8551,Jo,Jones,2006-07-03,Port Tyler,WA,TE,77,270,66
8552,Sean,Jackson,2004-06-27,Cochranborough,ND,TE,70,261,39
8553,Amy,Brown,1994-01-06,Port Davidmouth,FL,WR,68,216,61
8554,Elizabeth,Hernandez,1991-10-09,Bellburgh,AZ,RB,74,214,93
8555,Christopher,Williams,2004-06-22,Emilyside,TX,QB,75,300,55
8556,Christopher,Stephens,1987-06-26,Lake Christopherton,VA,TE,75,159,22
8557,Brooke,Humphrey,2002-07-30,South Curtisshire,NM,WR,78,210,87
8558,David,Le,2000-11-08,North Sharon,LA,QB,79,236,12
8559,Alison,Blake,1999-02-23,Hartborough,CA,TE,79,249,13
8560,Ricardo,Smith,1998-09-13,East Stephenton,MS,QB,68,157,48
8561,Jonathan,Bell,2001-12-09,Johnsonbury,NJ,QB,70,196,43
8562,James,Hawkins,1987-11-23,Port Nataliebury,MD,RB,69,165,93
8563,Joshua,Wilson,2000-07-22,Wardtown,NH,TE,74,243,45
8564,Steven,Stevens,1994-02-04,Hillberg,IA,QB,80,273,27
8565,Cody,Anderson,1987-07-27,South Jessicaton,FM,QB,69,207,92
8566,Amy,Schwartz,1999-07-02,East Michelle,NJ,RB,69,207,13
8567,Kelly,Vincent,2003-06-11,Port Thomas,ID,QB,74,294,26
8568,Allison,Nielsen,1995-05-20,Cummingsville,NE,QB,78,222,35
8569,Rodney,Bryant,2006-08-22,North Jillfurt,NH,TE,75,280,55
8570,Derek,Thomas,1990-08-18,Townsendland,KS,RB,75,177,12
8571,David,Marquez,1997-08-28,Port Julialand,FM,WR,68,282,39
8572,Mary,Hall,2002-09-30,Terristad,CT,QB,78,172,40
8573,Autumn,Schneider,1992-09-13,Kellybury,LA,QB,72,158,63
8574,Sandy,Good,1997-10-14,Port Raymondport,FM,WR,74,220,78
8575,Victoria,Wilson,1991-03-17,Heatherland,IA,WR,74,256,16
8576,Betty,Holmes,1996-08-02,East Bobby,SC,TE,73,191,45
8577,Angela,Monroe,1986-04-21,Garrettport,HI,RB,77,202,55
8578,Jacob,Singh,1993-11-22,Patrickhaven,NH,RB,72,258,3
8579,Steven,Chan,1987-04-14,Brandiberg,NJ,WR,70,220,1
8580,Nicole,Gray,2000-06-13,Snowstad,ID,WR,76,279,86
8581,Christopher,Zimmerman,2001-07-31,North Taylor,MI,RB,76,250,14
8582,Gail,Johnston,1997-09-30,Dannyshire,MS,WR,75,184,12
8583,Cristian,Bruce,1991-11-19,West Katieburgh,HI,TE,69,228,14
8584,Robert,Harper,1987-11-21,Kerrborough,MA,TE,79,175,91
8585,Holly,Munoz,2007-08-19,Lake Michael,CO,RB,80,278,36
8586,Alan,Thompson,2006-12-27,Mccoyside,DE,QB,80,193,94
8587,Patricia,Bauer,1997-08-02,Jamesville,NH,QB,78,276,86
8588,Michael,Miles,1987-01-24,North Gregorymouth,MI,QB,75,239,79
8589,Wayne,Harris,1986-12-16,Millermouth,NH,RB,80,239,53
8590,Lance,Adams,1988-03-21,South Allenview,AR,TE,69,262,6
8591,Sheena,Wilson,2006-10-23,New Patrick,WA,RB,77,282,90
8592,Erin,Barron,1990-03-01,Lake Zacharymouth,NY,QB,71,264,53
8593,Tanya,Sanchez,1989-05-16,Mendozashire,TN,TE,74,219,43
8594,Charles,Carter,1990-08-03,East Pamela,DC,RB,73,291,58
8595,Jeffrey,Dixon,1988-08-28,Cardenasberg,IA,QB,72,220,65
8596,Jay,Hatfield,2003-02-02,Jonesburgh,MP,WR,74,230,23
8597,Brenda,Richard,2004-07-28,Penningtonton,MA,QB,72,292,18
8598,Emily,Jones,1998-02-19,East Sara,ID,QB,80,152,24
8599,Nicholas,Brown,2007-11-17,Port Susan,NE,TE,80,209,22
8600,April,Nguyen,2005-07-14,West Jeffreybury,OR,WR,69,240,85
8601,Monica,Harris,1997-09-17,Johnsonside,MP,TE,68,197,67
8602,Robert,Wise,2001-01-31,East Angelica,MI,RB,76,156,46
8603,Samuel,Hoffman,1994-09-10,East Selenachester,CT,QB,68,253,54
8604,Christine,Roberts,1995-07-30,Santosland,VT,TE,77,247,53
8605,Christine,Mclaughlin,2002-05-18,Lake Rodneymouth,CT,WR,74,220,4
8606,Sean,Hester,2006-10-27,West Carlland,HI,WR,78,239,63
8607,Lawrence,Farley,2000-10-15,West Rodney,NC,WR,73,217,44
8608,Jennifer,Johnston,1988-11-03,East Jennifer,MN,RB,74,276,8
8609,Melanie,Byrd,1993-08-29,Monicafort,CT,WR,69,154,51
8610,Molly,Soto,1987-02-27,East Nicholas,KY,WR,80,276,81
8611,Sheri,Pearson,1991-02-17,Kingmouth,OK,QB,69,200,33
8612,Samuel,Carrillo,1989-11-13,North Lorraineshire,UT,QB,78,204,92
8613,Diana,Wilson,2001-05-18,West Timothyview,FM,QB,69,220,55
8614,Samuel,Wallace,1986-03-27,South Melissa,ME,TE,69,199,10
8615,Michael,Hodges,1991-11-14,Elizabethfort,IL,RB,71,232,40
8616,Monica,Moses,1995-07-19,East Walterberg,MP,QB,75,196,39
8617,Jonathan,Johnson,1985-09-08,Lake Jennifer,GU,RB,78,258,98
8618,Michael,Henry,2003-02-22,North Adam,GU,QB,69,274,54
8619,Jacob,Foster,1994-10-18,East Jamesfort,RI,RB,72,263,55
8620,Lee,Jackson,1992-09-25,Mooretown,NE,TE,79,233,57
8621,Amy,Singleton,2000-02-17,Anthonyberg,MP,TE,71,277,50
8622,Stephen,Waller,1999-08-03,South Timothyborough,WY,QB,75,224,81
8623,Margaret,Eaton,1989-02-25,West Kenneth,OR,QB,70,254,72
8624,Lori,Freeman,1993-05-11,South Jessicaview,CO,RB,79,163,77
8625,Megan,Rogers,1987-02-02,Melissamouth,CO,RB,76,260,96
8626,Jacob,Cooper,1994-10-10,Michelleburgh,DC,WR,78,157,19
8627,Jeffrey,Martin,1992-04-05,Lake Abigail,AS,RB,75,277,70
8628,Debra,Brown,1991-10-06,Johnstonton,WV,QB,78,172,26
8629,Kristina,Garcia,1994-08-29,Blackburnside,MN,TE,68,187,24
8630,Stephanie,Jordan,1990-04-23,Barrettborough,RI,QB,78,287,65
8631,Mandy,Landry,1993-04-02,East Christophertown,KS,WR,71,217,11
8632,Travis,Dyer,2007-11-21,New Austinport,NM,TE,78,286,60
8633,Amanda,Bell,1998-04-14,Lake Malikmouth,FM,RB,68,244,92
8634,Tamara,Harvey,1998-07-05,North Suzanne,MO,WR,69,270,21
8635,John,Stephenson,2000-04-18,West Jenniferchester,RI,QB,70,194,20
8636,Elizabeth,Becker,1998-09-19,Bruceburgh,AR,TE,72,247,52
8637,Kaitlyn,Brown,1996-04-10,Shannonborough,MT,QB,76,270,29
8638,Mike,Mills,1987-09-01,Martinstad,PA,WR,70,224,74
8639,Christopher,George,1990-11-28,Williamsville,PW,RB,72,235,7
8640,Ryan,Chen,1994-03-30,North Brent,NJ,WR,75,275,2
8641,Tiffany,Clark,2007-12-11,New Brittany,MA,RB,70,275,81
8642,Lauren,Browning,2002-04-22,Bergerstad,AR,RB,69,209,65
8643,Natasha,Sanders,1990-11-02,North John,NC,RB,76,167,57
8644,Michael,Castillo,1989-12-25,Douglashaven,CO,WR,72,293,83
8645,Matthew,Armstrong,1999-03-17,East Jennifermouth,KY,RB,68,169,0
8646,Kim,Lopez,1988-07-30,Jessicahaven,WY,QB,70,236,66
8647,Charles,Stark,1988-11-23,Cobbmouth,RI,RB,79,230,57
8648,Nancy,Lee,1996-07-23,West Dustin,DE,TE,68,277,28
8649,Jeffrey,Morrow,1995-09-09,Clarkemouth,AK,QB,68,202,54
8650,Sheryl,Lee,1988-03-24,Lake Christopher,NY,RB,73,180,64
8651,Kristina,Smith,2008-04-25,East Kaylachester,WA,WR,79,226,96
8652,Mark,Gutierrez,2000-01-05,Huynhmouth,PA,WR,68,278,4
8653,Vicki,Valentine,2007-11-28,Ramosview,CO,TE,69,210,92
8654,Angela,Spencer,2007-04-21,New Carolyn,NM,RB,79,293,4
8655,Tara,Butler,1992-09-30,Port Christopherview,IL,WR,78,227,33
8656,Sheri,Wise,2003-01-23,Mcclainhaven,WA,WR,70,254,35
8657,Mary,Newton,1997-04-26,South Kimside,DE,QB,68,241,42
8658,Anna,Reese,2007-10-05,Meredithchester,NM,TE,77,192,16
8659,Jacob,Thornton,2004-09-05,Bradfordtown,VT,QB,68,175,40
8660,Elizabeth,Watson,2001-06-20,New Nicoleville,MT,RB,78,272,26
8661,Diana,Harris,2006-09-13,South Anna,OH,QB,71,226,82
8662,William,Whitaker,1999-08-11,North Emily,DE,QB,68,201,14
8663,Jessica,Ramos,2004-06-24,Barnesfort,CT,WR,78,165,25
8664,Levi,Smith,2002-12-30,Flynnfort,VI,TE,71,217,80
8665,Henry,Lambert,2002-11-13,North Anita,CA,RB,70,189,50
8666,Gary,Ochoa,2003-10-07,Fowlerville,WV,TE,72,177,36
8667,Shannon,Hull,1999-03-04,New Shannon,WI,TE,72,290,18
8668,Crystal,Peters,1995-05-10,Garciabury,KS,TE,71,258,90
8669,Melissa,Johnson,1991-06-15,East Edwardfort,CO,WR,79,183,36
8670,Shawn,Lewis,1990-11-06,East Gregoryland,VI,RB,73,289,99
8671,Mary,Wolfe,2004-05-09,Roberthaven,GU,WR,69,276,78
8672,Ronnie,Hooper,1993-02-18,Lake Jessica,ID,RB,79,173,14
8673,Nichole,Harris,2007-05-31,New Michael,NY,QB,69,241,44
8674,Lori,Mendoza,2002-12-05,Hernandezhaven,DE,QB,80,268,8
8675,Anthony,Shelton,2001-11-30,Barbaraview,AK,WR,77,221,36
8676,Thomas,Shields,2006-06-04,Lake Christine,WV,TE,76,233,64
8677,Nicole,Murray,2001-05-21,Port Michaelfurt,NM,WR,74,157,25
8678,Cindy,White,2001-06-27,East Shaunfort,PR,RB,68,161,86
8679,Shawn,Richardson,2001-02-19,Luisbury,AZ,QB,74,226,6
8680,Rachel,Richardson,1987-01-27,New Jacquelineport,AR,WR,80,175,4
8681,John,Cooley,1996-04-11,Port Stephenmouth,SC,RB,72,151,97
8682,Christina,Morgan,1988-07-08,New Jonside,FM,RB,75,199,33
8683,Crystal,Williams,2007-06-16,Robertsonland,OR,QB,70,213,89
8684,Stacie,Gallegos,1989-12-01,Johnhaven,OK,WR,79,215,51
8685,Sherry,Jones,2007-03-18,New Carrieborough,SD,WR,75,225,63
8686,Gabriel,Campos,1997-01-07,Lake Albert,ND,WR,74,286,81
8687,Pamela,Preston,1997-03-29,Tateside,MA,QB,68,213,98
8688,Debra,Adams,1995-03-29,Lake Karabury,OH,WR,72,221,37
8689,Connor,Carpenter,1998-08-06,Carterside,MI,WR,76,159,30
8690,Nicholas,Smith,1999-08-04,North Jaredville,IN,QB,70,288,51
8691,Christopher,King,1986-09-02,West Christopher,AZ,RB,74,156,71
8692,Erika,Lindsey,2004-10-10,West Fred,GU,TE,69,228,33
8693,Douglas,Cunningham,1994-05-26,Port Jameshaven,NJ,WR,74,229,62
8694,Kenneth,Gaines,2006-01-05,Griffithberg,WV,RB,73,236,53
8695,Tom,Marquez,2007-08-04,South Emilychester,MH,QB,76,238,2
8696,Stacey,Landry,1992-06-07,Lake Jennahaven,NM,QB,74,235,56
8697,Meghan,Mueller,2005-03-08,Timothyport,CO,TE,79,192,75
8698,Brittany,Medina,2002-06-24,South Blakebury,PW,WR,68,289,62
8699,Amanda,Obrien,2002-10-21,New Shawna,UT,RB,80,299,32
8700,Jacob,Lee,1997-08-26,West Debraview,HI,WR,74,282,67
8701,Larry,Mccarthy,1988-11-10,Port Michaelfurt,MH,TE,68,197,34
8702,Susan,Calhoun,1990-01-28,Port Brett,LA,QB,75,269,13
8703,Carlos,Hurley,2005-12-09,South Jesseburgh,SC,TE,78,169,44
8704,Kimberly,Carey,1986-07-14,New Jamesland,NC,TE,69,288,47
8705,Henry,Le,1999-11-14,Leslieport,OH,TE,80,241,71
8706,Anthony,Gonzalez,1997-04-02,Williamschester,OH,WR,71,223,50
8707,Christine,Camacho,1999-11-06,Huffview,WV,WR,76,241,65
8708,Daniel,Mitchell,1990-03-31,Victoriafort,MI,QB,73,294,72
8709,Joseph,Stephens,1997-06-24,New Tina,IN,RB,74,221,79
8710,Dana,Wilkinson,1987-03-31,New Danielleside,WI,RB,74,225,75
8711,Alexander,Villarreal,1990-08-03,Elizabethfort,MI,RB,78,277,44
8712,Amber,Hansen,2005-05-18,South Madeline,AL,WR,78,236,24
8713,Samantha,Wright,2001-11-22,Mariachester,VA,TE,78,265,38
8714,Corey,Sutton,2000-03-04,Dianafurt,NH,RB,68,151,59
8715,Jamie,Rodriguez,1987-10-10,New Teresaborough,MS,WR,71,283,58
8716,Emily,Dougherty,1993-09-12,Reyeschester,OH,QB,80,246,41
8717,Andrea,Macdonald,1997-02-14,Oconnorside,WY,WR,80,205,43
8718,Jesus,Santos,1991-01-16,Edwintown,CA,RB,76,187,22
8719,Michelle,Collins,1997-09-04,Martintown,PA,QB,71,197,6
8720,Matthew,Sosa,2001-10-19,Gilmoreview,AR,WR,71,223,61
8721,Brittany,Smith,1998-04-04,Johnmouth,WI,RB,69,230,6
8722,Mary,Mckenzie,1990-10-02,Jefferyside,OH,RB,69,297,62
8723,Amber,Smith,1994-10-02,Singletonfort,CA,WR,79,202,96
8724,Rachel,Wilkerson,1986-06-13,Reynoldston,GA,TE,76,160,18
8725,Bruce,Mckay,1999-11-17,South Michael,IA,QB,70,211,7
8726,Wanda,Hunter,1986-09-08,New Jacobshire,ME,RB,75,296,99
8727,Danielle,Johnson,1998-03-29,Hernandezshire,VT,RB,80,207,22
8728,Michael,Walker,1989-12-03,Philipside,TN,QB,70,210,14
8729,Rebecca,Hayes,2008-03-15,North Josephton,FL,TE,70,224,51
8730,Kimberly,Parker,2005-05-27,Sanchezside,KS,WR,68,217,52
8731,Beth,Duncan,2004-07-18,Sarahland,SC,QB,77,254,78
8732,Jeremy,Nunez,2006-09-26,Lake Devinburgh,AS,TE,78,207,14
8733,Brian,Pratt,1996-07-18,Lindaborough,OH,QB,68,172,7
8734,Michael,Brown,2000-02-12,Meltonfort,AL,TE,73,210,47
8735,Sarah,Webster,2007-05-08,Fullerport,NC,TE,77,236,81
8736,Joel,Mendez,1992-03-13,Port Gene,CA,RB,74,254,69
8737,Julie,Rose,1999-10-15,Susanland,KS,TE,73,179,69
8738,Joanna,Thomas,1991-12-09,East Tiffanyburgh,NJ,TE,80,197,34
8739,Andre,Daniels,1986-09-14,Fitzpatrickmouth,WA,WR,80,169,44
8740,Mariah,Owens,1985-11-21,East John,ND,RB,73,153,0
8741,James,Pitts,1990-08-28,Laurenton,DC,WR,71,166,80
8742,Mary,Robertson,1997-01-19,North Matthew,AK,QB,71,203,22
8743,Donald,Yoder,1988-09-01,Tonyaland,MP,TE,68,235,78
8744,Darius,Williamson,2003-04-20,East Lauren,SC,QB,69,254,12
8745,Gary,Chan,1997-08-09,New Thomas,ND,RB,77,187,26
8746,Laura,Diaz,1985-09-04,Lake Garrett,PW,TE,73,187,77
8747,Jacob,Benson,2005-09-11,Lake Bryanberg,TN,RB,78,228,52
8748,Christopher,Flores,1985-06-17,South Drew,ID,RB,72,287,63
8749,James,Brown,2001-11-14,Port Amanda,MN,WR,69,222,90
8750,Claudia,Nielsen,1996-07-02,Erinville,NJ,TE,72,152,31
8751,Denise,Campbell,1994-06-11,New Joel,FL,RB,80,260,77
8752,Amy,Marshall,2007-04-07,Stevenfurt,NM,QB,78,292,91
8753,Connor,Munoz,2007-07-21,North Julie,SD,QB,75,162,83
8754,Joshua,Farmer,2004-02-24,New Aaronmouth,ME,RB,76,284,3
8755,Kayla,Hanson,1989-01-18,West Erinport,PR,WR,75,165,84
8756,Larry,Glover,2003-11-12,East Matthewborough,NM,RB,76,150,16
8757,Jeffrey,Smith,1992-01-17,Reneefort,OR,TE,77,191,29
8758,Joshua,Brown,2003-10-27,Port Timothy,MI,TE,74,217,50
8759,Paige,Mack,1994-11-12,East Anna,WA,TE,73,293,29
8760,Kelly,Jefferson,1997-09-19,Port Lindsay,NE,RB,68,274,77
8761,Brenda,Boyer,2003-11-21,Pruittchester,PW,WR,80,226,5
8762,Michael,Martinez,2001-12-01,Millerport,PW,RB,78,237,29
8763,Ronald,Hurley,1987-04-19,Wyattborough,CT,WR,73,164,76
8764,Anthony,Meyer,2007-05-17,East Ryanton,SC,WR,71,159,12
8765,Rodney,Lawrence,1990-01-19,South Alison,PA,QB,79,230,40
8766,Dustin,Taylor,1992-06-07,Heatherhaven,NY,WR,78,293,6
8767,Kimberly,Webster,1999-04-11,New Maria,AZ,TE,80,288,39
8768,Carol,Wong,2007-05-29,New Danielview,CO,RB,71,295,20
8769,Brian,Singleton,2007-10-04,New William,FL,RB,71,245,50
8770,Tim,Diaz,1998-04-24,Port Victor,LA,QB,79,263,87
8771,Sarah,Lee,2006-02-20,Weeksville,LA,RB,75,217,60
8772,Maria,Brady,2000-01-13,West Joshuaborough,MH,WR,79,185,65
8773,Monique,Murray,1993-05-21,Amyville,ND,RB,75,278,24
8774,Hector,Martinez,1997-06-05,New Stephaniestad,TX,WR,76,290,70
8775,Tammy,Krause,2001-03-04,New Cindyfort,ME,TE,74,234,20
8776,Melissa,Bailey,2001-05-20,Lake Michealborough,AZ,WR,72,284,50
8777,Leslie,Bailey,1988-04-03,Port Robinville,TN,TE,69,150,31
8778,Andrew,Hunter,1990-04-14,Kimhaven,NH,RB,78,154,36
8779,Kayla,Green,1995-09-21,Nicoleton,NJ,QB,69,155,19
8780,Jennifer,Maxwell,1990-01-19,Patriciatown,NJ,TE,77,245,28
8781,Caitlin,Rodriguez,2004-12-30,North Craigshire,NY,WR,80,297,46
8782,Christy,Martinez,2006-06-16,South Michaelstad,MP,WR,77,238,34
8783,Nicole,Moss,1991-07-22,Brittanymouth,ID,TE,69,188,21
8784,Benjamin,Perez,2003-12-08,Fullerview,NJ,QB,72,253,7
8785,James,Navarro,1987-09-27,Port Joshua,VI,TE,74,191,36
8786,Daniel,Brennan,1995-08-24,Port Jesse,KY,WR,75,178,81
8787,Yvonne,Salazar,1994-10-27,South Randall,ID,WR,69,150,13
8788,Beverly,Mercer,1990-05-31,Sellershaven,MO,TE,77,281,25
8789,Jesse,Williamson,2003-03-02,Pricebury,FM,WR,75,213,7
8790,Amanda,Thomas,2002-09-16,North Michaelstad,NY,TE,74,282,78
8791,Nicholas,Fitzgerald,1999-10-07,Port Shannonton,NC,RB,80,272,72
8792,Joseph,Kirk,1998-06-17,North Wendystad,SC,RB,70,179,40
8793,Jesse,Johnson,1985-07-02,North Melanie,VI,WR,78,173,58
8794,Patrick,Flores,1988-04-23,Websterberg,ND,TE,68,189,58
8795,Michelle,Leblanc,2000-11-24,East Adamland,MI,WR,75,282,12
8796,Dean,Mills,1990-12-31,Crossbury,MA,RB,68,246,93
8797,Anne,Miller,2002-04-05,Fraziertown,PR,TE,72,159,98
8798,Kevin,Sanchez,2004-06-26,Lake Jacob,WA,WR,77,213,84
8799,Brandon,Nguyen,2002-05-17,Mosleyborough,MN,TE,79,277,42
8800,Matthew,Brown,1986-12-10,Lake Kimberly,DC,WR,80,227,54
8801,Cindy,Lewis,1986-02-18,Austinborough,VT,RB,80,249,57
8802,Olivia,Herring,2003-03-14,Lake Courtney,SD,QB,75,289,41
8803,John,Evans,2004-04-04,Port Sarah,MN,WR,73,156,78
8804,Jacob,Bennett,1988-09-29,Pruittton,MD,RB,72,256,0
8805,Kathryn,Flynn,1991-09-12,Mcclureport,NH,RB,77,154,53
8806,Susan,Yang,2006-05-17,East Ashleyburgh,FM,RB,75,222,92
8807,Steven,Price,1998-12-31,Bryanstad,VT,TE,76,189,37
8808,Kimberly,Decker,2001-12-25,Guerreroshire,MI,TE,73,190,7
8809,Christina,Cummings,2003-02-25,Hamiltonhaven,FL,TE,70,177,18
8810,Tom,Le,2003-06-17,Lake Kristen,RI,QB,74,218,93
8811,Robert,Miller,2007-08-29,East Susan,GA,QB,80,262,98
8812,Shannon,Jefferson,1990-09-14,Lake Fernando,VA,TE,75,167,65
8813,Alexander,Coleman,2003-07-06,Port Robertborough,MH,WR,69,228,57
8814,Samantha,Mcneil,2007-12-25,Watkinstown,UT,QB,72,190,98
8815,Jamie,Hill,1987-09-15,New Gailbury,WI,QB,71,285,55
8816,Victor,Harper,2007-05-13,Chaseshire,RI,TE,79,232,10
8817,Paul,Ramos,1995-08-20,Port Conniemouth,CO,WR,78,238,59
8818,David,Williams,2001-09-24,Lake Devinside,DC,QB,70,223,62
8819,Natalie,Malone,2008-03-23,Stricklandhaven,MN,RB,76,247,34
8820,Pamela,Ward,1988-05-11,New Courtneyland,NV,RB,78,284,59
8821,Matthew,Willis,2005-01-31,Schmidtton,PA,TE,73,179,70
8822,Troy,Allison,2004-06-21,East Derrick,NY,WR,73,220,17
8823,Jessica,Johnson,1993-07-09,Martinmouth,SC,QB,80,218,78
8824,Craig,Davis,1990-07-20,Sullivanton,KY,WR,72,206,55
8825,Jeff,Graves,2007-04-13,Port Crystal,MN,RB,80,259,80
8826,Joel,Cooper,1988-12-09,Jamesside,NM,RB,74,268,46
8827,Taylor,Horne,1994-03-10,North Patrick,SD,RB,70,182,62
8828,Ana,Barber,1992-09-20,South Jenniferberg,CT,WR,76,157,10
8829,Shane,Neal,1987-04-08,New Carla,FL,TE,73,294,12
8830,Timothy,Stephens,2003-11-20,North Brittany,TN,RB,69,289,3
8831,Rodney,Cross,2003-10-07,Leslieview,NE,TE,69,191,10
8832,Jamie,Montgomery,1993-08-22,Jamesbury,OK,RB,77,220,21
8833,Jenna,Tate,1992-05-06,Lake Karenshire,PR,TE,79,283,58
8834,Thomas,Thomas,1992-12-26,Cynthiachester,GU,QB,74,264,24
8835,Kristina,Curry,2003-12-28,North Nathan,WA,TE,73,252,40
8836,Kelly,King,1987-10-13,Ginastad,GA,RB,71,294,82
8837,Tyler,Newton,1986-06-17,Lake Marie,KS,RB,77,279,67
8838,Sharon,Young,1989-11-06,North Debrafort,CA,TE,71,182,49
8839,Nicole,Ball,2005-09-21,Port Jordan,AR,TE,68,245,38
8840,Rebecca,Hernandez,1996-10-16,North Cathy,PW,QB,71,169,17
8841,James,Jones,1990-04-20,Brucemouth,ID,TE,79,219,53
8842,Robert,Ruiz,1999-12-23,Port Karen,WA,QB,70,247,35
8843,Lucas,Blake,1986-09-27,West Albert,CA,TE,68,201,64
8844,Roger,Lindsey,1993-03-11,Port Steve,ME,WR,69,280,56
8845,Jessica,Jackson,2007-07-18,Obrienhaven,VA,TE,69,180,65
8846,Kaitlin,Acosta,2008-04-19,New Kimberlyburgh,WY,QB,80,200,2
8847,Kevin,Schmidt,1995-02-04,North Leslietown,OH,TE,78,288,19
8848,David,Brown,2002-04-16,Garzamouth,OR,TE,75,258,48
8849,Michelle,Johnson,2007-05-26,North Traci,SC,RB,73,201,34
8850,Marcus,Mcgee,2004-05-04,East Margaretfurt,KS,QB,73,171,64
8851,Michael,Gould,1989-12-14,Hollandhaven,SD,WR,75,287,91
8852,Cathy,Black,2007-05-01,Stacyport,TX,RB,72,164,54
8853,Stephanie,Molina,1988-07-24,South Saraview,NY,WR,75,192,42
8854,Andrew,Robertson,1993-06-01,Harrisshire,MP,RB,70,187,7
8855,Chad,Robinson,1992-04-15,Reginashire,NV,QB,76,273,36
8856,Jennifer,Hays,2002-01-14,Merrittside,CO,TE,78,274,86
8857,Kimberly,Terry,1989-09-27,New Emily,FL,QB,80,189,79
8858,Richard,Martin,1996-06-11,Lancemouth,VA,WR,71,216,41
8859,Alan,Walker,2005-11-01,Lake Ashley,CT,QB,77,169,75
8860,Joel,Tate,1994-05-06,Lake Kaylaland,NV,RB,73,295,93
8861,Richard,Johnson,1988-06-17,East Caitlin,VI,TE,73,259,75
8862,Joshua,Page,1995-04-25,New Anthony,TX,WR,77,195,2
8863,Michael,Mcdaniel,2005-09-09,South Peter,OR,TE,74,153,90
8864,Jeffrey,Green,1988-09-16,Greeneville,IN,WR,75,198,42
8865,Jason,Nguyen,2004-08-25,Burkeview,ID,TE,79,172,87
8866,Erica,Collins,2007-10-27,East Wendy,VA,QB,72,266,54
8867,Monica,Sullivan,2000-07-16,West Jose,NH,WR,70,278,8
8868,Kristi,Harris,2004-07-06,Lake Danielville,SD,WR,70,158,61
8869,Jose,Sanchez,1986-01-25,Escobarborough,PA,WR,79,165,51
8870,Natasha,Sosa,2003-02-28,West Crystalburgh,NV,TE,69,219,92
8871,Kenneth,Poole,1991-05-28,Birdmouth,NC,TE,79,235,4
8872,Becky,Lewis,2008-01-08,Sarafurt,CA,TE,75,299,94
8873,Ryan,Medina,2002-10-13,Ronaldville,MD,RB,71,205,93
8874,Angela,Farmer,1995-11-15,Franklinmouth,AK,TE,79,153,48
8875,Justin,Knight,1991-03-27,Stevenchester,SD,WR,80,259,67
8876,Lisa,Ramirez,1985-12-30,Frederickstad,NY,QB,69,279,80
8877,Caleb,Wells,1996-02-28,Chadfort,FM,WR,80,266,55
8878,Kathryn,Wagner,2002-01-06,Christophermouth,KS,WR,70,193,37
8879,Gary,Trevino,1994-08-13,East Matthew,MS,WR,70,224,48
8880,Amy,Robertson,1991-03-11,Port Amanda,WV,QB,78,205,66
8881,Adrian,Carter,1995-06-01,Gwendolynfort,OK,TE,79,299,2
8882,Laura,Perry,1993-01-31,Diaztown,PR,RB,68,253,11
8883,Christopher,Nelson,2007-05-03,North John,OR,QB,69,216,1
8884,Beth,King,2002-03-25,North Williamburgh,MO,QB,74,280,25
8885,Joyce,Martinez,1986-02-15,Ortizstad,WV,TE,71,276,21
8886,Jerry,Barron,2003-03-17,Gonzalezview,MT,TE,77,222,71
8887,Catherine,Morris,2005-01-12,New Lynn,VI,WR,74,220,58
8888,Luis,Brown,1996-04-18,North Karen,AK,TE,80,246,34
8889,Dennis,Perez,2005-11-18,Lake Henry,PA,TE,78,211,14
8890,Vincent,Reynolds,1995-07-23,Mackbury,NY,TE,72,270,41
8891,Alex,Adams,1995-03-06,Amandaberg,MA,QB,79,198,73
8892,Jonathan,Sullivan,1985-07-25,Port Connor,MP,QB,79,245,26
8893,Carlos,Stewart,1990-04-28,Williamsland,WA,QB,75,258,31
8894,David,Carpenter,1998-07-20,East Michelle,DC,QB,79,177,55
8895,Jerry,Brown,2005-01-11,Rossfort,RI,WR,73,189,42
8896,Aaron,Anderson,1992-11-12,Traceychester,VI,QB,75,263,20
8897,Jasmine,White,1989-09-26,Lake Jason,VI,RB,80,294,9
8898,Taylor,Garcia,1986-01-05,Fosterland,VI,QB,68,177,44
8899,John,Mckinney,2003-09-25,Port Christopherville,GA,WR,80,157,88
8900,Michael,Wade,1995-09-29,Garciastad,AL,RB,76,243,17
8901,Seth,Aguilar,2005-02-03,West Jesse,MO,RB,76,276,7
8902,Anne,Mercer,1997-06-26,West Paula,FM,TE,80,193,19
8903,Wayne,Smith,1988-02-06,Palmerview,WA,QB,70,241,78
8904,Michael,Kim,1996-01-22,New Lisa,MD,WR,74,252,36
8905,Robert,Price,1985-06-15,New Susan,NJ,TE,76,261,58
8906,Louis,Campbell,1995-12-22,Lopezstad,AK,WR,75,196,2
8907,James,Phillips,2000-01-12,South Traciside,MP,RB,73,282,91
8908,Ashlee,Sawyer,1989-04-17,Sydneymouth,VI,QB,78,253,39
8909,Rachael,Cooper,2002-08-25,Alexisshire,AS,WR,77,183,79
8910,Joshua,Cook,2005-04-30,North Michelemouth,SC,RB,71,190,79
8911,Peggy,Atkinson,1998-03-18,Stacychester,DC,RB,72,222,81
8912,Phyllis,Hebert,2007-10-03,Morganhaven,CO,QB,78,287,29
8913,Lonnie,Franco,1996-12-05,Ruizport,MH,QB,74,170,6
8914,Jennifer,Newman,2005-04-01,Lake Dennis,RI,QB,68,180,34
8915,Christopher,Cantu,1993-08-25,East Lisa,RI,RB,79,275,94
8916,Jennifer,Cook,2006-02-25,Elizabethton,PR,RB,78,300,74
8917,Matthew,Beard,1993-01-21,Lucerohaven,WA,QB,75,230,8
8918,Marissa,Leblanc,1992-08-05,Port Lorifort,MI,RB,74,150,59
8919,Joshua,Rice,1996-01-23,Harriston,UT,TE,79,222,41
8920,Kimberly,Mercado,2000-02-09,Ramirezchester,SD,QB,75,263,32
8921,Charles,Huerta,1994-09-08,Martinezburgh,PR,RB,70,234,54
8922,Diane,Griffin,1996-07-08,North Kenneth,AZ,QB,75,268,85
8923,Michael,Horn,2007-05-14,East Christian,TX,TE,73,298,26
8924,Melinda,Ramos,1998-03-28,East Kathleenburgh,GU,WR,69,182,49
8925,Randy,Johnson,1988-11-08,Landryport,AL,QB,72,239,91
8926,Courtney,Fernandez,2004-05-09,Stewartland,UT,RB,70,282,56
8927,William,Carey,1995-08-01,North Jenniferberg,IA,TE,72,205,23
8928,Michael,Hall,2005-02-21,Aliciabury,MI,WR,70,215,31
8929,Jason,Thompson,2000-12-10,Lake Richard,TX,RB,77,250,28
8930,Jennifer,Delacruz,1991-05-05,Perryberg,MN,WR,69,293,56
8931,Tammy,Hall,1993-12-10,Kevinmouth,NH,WR,74,184,59
8932,Andrea,Freeman,1988-01-21,Port Robin,KS,TE,74,286,16
8933,Melissa,Manning,1995-02-07,Smithtown,CT,RB,77,174,22
8934,Jessica,Ellison,2000-05-27,Westside,SD,QB,78,292,96
8935,Alicia,Bryant,1988-07-16,Obrienside,RI,WR,78,171,88
8936,Jenny,Bautista,1987-06-04,South Stevenfort,WA,TE,75,179,43
8937,Kayla,Davis,2002-07-26,Hortonmouth,ND,TE,73,207,75
8938,Ashley,Nguyen,2002-09-06,Gilmoreberg,FM,TE,79,270,3
8939,Caitlin,Johnston,2001-03-05,New Kaylachester,IA,QB,69,167,6
8940,Terrance,Price,2001-10-07,Ianland,PA,RB,80,260,40
8941,Vincent,Glover,1999-02-24,West Lauren,MT,TE,75,264,59
8942,Samantha,Nelson,1995-02-26,South David,FM,WR,79,188,82
8943,Todd,Thompson,1993-04-21,West Kurtton,LA,RB,68,253,13
8944,Juan,Garcia,2002-02-17,Michaelaport,MD,RB,79,275,86
8945,Tiffany,Lee,1992-05-05,Martinton,AZ,RB,76,171,65
8946,Lauren,Miller,1998-11-18,East Jonathan,GU,RB,79,256,90
8947,Tamara,Stephens,1997-04-22,Port Louisside,NV,WR,68,258,87
8948,Ashley,Smith,1986-07-03,Wallacestad,AK,WR,74,164,30
8949,David,Ruiz,1990-11-03,Hartmanshire,AL,TE,71,224,6
8950,Samantha,Diaz,1990-01-23,North Annaport,FM,QB,77,225,37
8951,Sophia,Smith,1998-06-13,Bruceton,ND,WR,68,275,76
8952,Brandon,Hayes,1988-09-16,Lake Roy,GU,WR,78,288,81
8953,Emily,Wright,1991-07-19,Lake Cindyburgh,DC,TE,79,244,14
8954,Mark,Gonzalez,1999-05-24,Huffview,TX,WR,75,186,84
8955,Kenneth,Ballard,1999-09-27,Oliverstad,OH,QB,78,283,6
8956,Dana,Everett,1992-11-15,East Katherine,MT,RB,79,151,73
8957,David,Riley,1986-09-28,South Brucemouth,SC,TE,75,285,95
8958,Kelly,Nguyen,1999-03-25,New Jeremyville,NC,QB,79,152,23
8959,Ronald,Griffith,1999-07-01,West Nancyside,MI,RB,77,270,2
8960,Tanya,Young,1999-07-27,Salazarbury,NH,RB,75,153,51
8961,Sarah,Hester,1988-03-26,New Joshuaport,PA,QB,68,218,40
8962,Nathan,Jones,2003-01-09,Whiteville,IN,QB,75,248,12
8963,Samuel,Browning,2004-03-04,New Jimmy,OK,WR,78,250,42
8964,Nicole,Tyler,1994-06-10,Carlosville,DC,TE,80,278,30
8965,Rodney,Wallace,1992-04-30,Drewview,AZ,RB,71,198,85
8966,Jennifer,Miller,1993-12-10,Hernandezmouth,PW,WR,75,153,6
8967,Jason,Petersen,2004-04-21,East Charlesmouth,GU,RB,79,287,83
8968,Sarah,Harris,1991-10-22,North Jamesburgh,DE,TE,71,261,82
8969,Christine,Dillon,1989-05-08,Benjaminburgh,NE,TE,69,237,26
8970,John,Moore,1988-08-05,New Walterberg,AK,WR,76,238,95
8971,Amy,Jefferson,1991-06-12,Port Lisaview,VI,WR,75,235,23
8972,Cody,Morris,2006-12-21,Edwardland,LA,WR,79,267,60
8973,Darryl,Jones,1992-07-31,Lake Amberfort,DC,QB,73,200,49
8974,Curtis,Lee,1986-01-15,Wardmouth,PR,QB,80,286,57
8975,Brad,Murphy,1987-09-11,Murrayville,GA,TE,71,220,47
8976,Scott,Lee,2004-07-26,Spearsport,WI,WR,73,248,80
8977,Kevin,Williams,2001-08-11,Wendymouth,NE,QB,69,290,5
8978,Michael,Wright,2006-06-27,East Tina,MS,TE,74,211,6
8979,Heather,Nelson,2005-11-02,Leeland,MS,QB,69,271,66
8980,Frederick,Stevenson,2008-03-22,Lake Deborah,NM,WR,77,260,3
8981,Michael,Scott,1987-03-26,New Andrea,LA,WR,69,261,91
8982,Vanessa,Snyder,2007-07-10,West Ronald,KY,WR,74,175,57
8983,Rebecca,Henderson,1990-05-31,Kathleenburgh,VA,RB,77,260,4
8984,Ryan,Rodriguez,2006-04-24,Sheriborough,NE,WR,72,191,80
8985,Corey,Mason,1990-02-13,South Alexander,ID,WR,79,232,79
8986,Jennifer,Jarvis,1996-09-07,New Brooke,ME,WR,79,176,44
8987,Christopher,Wagner,1996-05-08,Lake Rebecca,GU,TE,70,240,92
8988,Tracy,Williams,2005-10-09,Andreafurt,DC,QB,69,200,14
8989,Phyllis,Clayton,2002-10-12,North Randall,FL,TE,80,239,93
8990,Thomas,Benjamin,2007-07-25,New Laura,IN,QB,73,193,22
8991,Christopher,Davies,1991-03-05,Torresmouth,NH,TE,71,281,79
8992,Sandra,Neal,2006-08-01,Lake Kristina,CA,TE,72,159,66
8993,Abigail,Williams,1998-07-26,Matthewside,SC,RB,80,194,64
8994,Christine,Howard,1998-02-16,North Dustinstad,IN,RB,70,242,30
8995,Samuel,Guerrero,1989-05-22,Lake Rachelhaven,MS,WR,72,156,94
8996,Alexander,Young,1997-06-28,North John,WI,RB,71,242,71
8997,Deborah,Brown,1986-02-26,East Darren,WV,TE,71,255,79
8998,John,Stevens,2001-08-24,Nelsonfurt,WA,RB,73,280,76
8999,Stephanie,Farmer,1989-04-05,West Felicia,PW,RB,71,292,38
9000,Matthew,Smith,1996-12-15,Port Rhonda,ME,TE,70,245,50
9001,Andrea,Kennedy,1987-09-03,Terrimouth,NH,RB,74,154,22
9002,Michael,Gomez,1988-12-06,West Michaelhaven,MI,WR,75,256,71
9003,Stacy,Fernandez,1988-08-31,Sharonville,IL,QB,76,283,30
9004,Janet,Hicks,1987-11-30,Ericashire,ID,TE,71,281,60
9005,Mitchell,Olson,1999-09-29,Lauraside,GU,RB,69,272,44
9006,Felicia,Lewis,1997-09-21,Brianside,MO,WR,75,204,65
9007,Sylvia,Phelps,2005-08-22,North Carlview,LA,TE,68,172,88
9008,Tristan,Clark,1988-02-17,East Victorialand,MD,WR,68,161,30
9009,William,Hinton,1990-01-08,Eugeneport,VA,WR,77,275,34
9010,Jessica,Mckinney,2000-10-02,South Jon,CA,TE,72,189,32
9011,Margaret,Joseph,2005-11-23,East Laurastad,TX,WR,71,203,80
9012,Robert,Clay,2004-08-17,South Monica,NV,TE,80,153,88
9013,Charles,Hill,1999-03-22,East Janet,PA,RB,79,233,51
9014,Jennifer,Bradley,2004-06-09,Cynthiaberg,MP,QB,77,154,65
9015,Micheal,Nichols,1996-01-16,Port Roberta,LA,TE,78,182,20
9016,Maria,Harper,1998-09-15,New Gina,KY,TE,74,194,89
9017,Mark,Brown,1992-07-22,Jonathanstad,KY,WR,72,152,91
9018,Sara,Shelton,2000-02-28,New Johntown,WI,QB,68,263,38
9019,Donna,Mcdonald,1987-04-08,South Brittanymouth,MI,WR,70,233,83
9020,Tamara,Perez,2001-11-23,New Maryville,HI,WR,79,183,98
9021,Joe,Chung,1991-06-28,Aaronshire,AR,QB,72,265,82
9022,Max,Kennedy,1985-08-21,East Gregory,NH,RB,71,162,7
9023,David,Gutierrez,1988-06-20,New Christiebury,MP,TE,68,165,73
9024,Ronnie,Griffith,2006-11-05,Jonathanport,PW,RB,70,167,97
9025,Paula,Vasquez,2006-12-31,East Jonathanbury,OK,TE,79,164,38
9026,Angela,Moody,2004-10-30,Randallburgh,RI,WR,71,242,26
9027,Lauren,Thompson,2004-06-23,Deniseport,PA,QB,73,203,94
9028,Brianna,Scott,1987-07-26,Christinafurt,MI,RB,79,242,95
9029,Alexis,Buchanan,1991-02-25,East Patrickmouth,IN,QB,68,210,31
9030,James,Cox,1989-11-24,Townsendbury,VA,TE,69,262,47
9031,Jeffery,Hunt,1989-09-10,Coxton,PA,QB,72,278,26
9032,Rachel,Chapman,1997-08-05,West Anne,VT,RB,72,264,36
9033,Frank,Thomas,1997-10-20,South Tina,SC,RB,78,177,8
9034,John,Mckenzie,1987-11-24,Jessicaport,IN,RB,69,157,56
9035,Abigail,Farrell,1995-06-23,Cochrantown,IA,QB,80,295,60
9036,Judith,Simon,1996-01-28,Williamsonchester,MO,QB,74,184,26
9037,Ryan,French,1998-09-25,South Eric,ND,TE,73,267,0
9038,Meghan,Lawrence,2001-08-10,Garciaville,NJ,QB,73,275,89
9039,David,Smith,1993-03-08,West Robertbury,PR,RB,76,228,39
9040,Eric,Thompson,2000-09-06,Teresachester,IA,TE,76,271,39
9041,Tonya,Jensen,1986-02-05,Morganton,SD,TE,75,294,9
9042,Amy,Johnson,1994-08-07,Port Laurahaven,AL,RB,80,275,67
9043,Eddie,Burch,1998-11-02,Stevenburgh,NE,RB,73,267,41
9044,Michelle,Davis,1988-09-01,Kevinchester,OH,WR,72,293,7
9045,Timothy,Chaney,2008-01-20,Port Scotttown,TX,TE,75,165,15
9046,Mary,Brown,1985-08-25,Lake Samantha,ID,QB,78,156,53
9047,Robert,Campbell,2005-11-21,Williammouth,PA,TE,74,293,55
9048,Patricia,Irwin,2004-08-29,Lake Gary,AK,RB,78,154,5
9049,Angela,Tucker,2005-08-09,East Jesus,ID,RB,71,157,69
9050,Brittany,Bruce,1992-03-16,West Jamesfort,SD,QB,80,226,58
9051,William,Anderson,1987-04-27,West Marcus,MO,QB,75,237,25
9052,Michael,King,1992-12-15,Port Ethanmouth,VA,RB,73,233,87
9053,Dawn,Kaiser,1988-06-05,East Daniel,OK,WR,71,253,32
9054,Joseph,Lawson,2005-01-20,Dawnshire,CT,WR,80,256,31
9055,Linda,Porter,1990-11-09,Lake Aaronberg,CA,QB,69,272,61
9056,Steven,Bradshaw,2002-02-01,Barrettside,VI,QB,77,215,82
9057,Cynthia,Wiley,1990-12-24,Port Jameshaven,CA,QB,70,205,43
9058,Erik,Pineda,1999-09-05,Lake Michael,OK,QB,69,166,55
9059,Grace,Guzman,1989-01-03,West Matthewfurt,NH,QB,69,203,37
9060,Amanda,Greene,2002-09-30,Elizabethstad,NV,RB,72,214,32
9061,Elizabeth,Wagner,1996-05-13,Ashleybury,GA,WR,77,249,95
9062,Robert,Mcclain,1995-01-29,Hallside,CO,WR,73,281,74
9063,Aaron,Boyer,2005-11-27,New Alec,MD,WR,79,278,25
9064,Marcia,Barry,1997-04-06,Carterview,IN,QB,69,261,97
9065,John,Herman,1993-07-19,Dianastad,NM,TE,77,151,16
9066,Derek,Becker,1998-01-03,East Megantown,SC,WR,69,274,11
9067,Andre,Medina,2007-12-29,Port Jeffreyshire,NC,RB,70,254,45
9068,Jennifer,Ray,1994-01-05,Baileymouth,PW,QB,71,243,43
9069,Michael,Mitchell,1997-10-13,Shannontown,TN,QB,72,183,33
9070,Katherine,Aguirre,1985-05-17,Tamaratown,VA,RB,77,210,14
9071,Rachel,Smith,1998-02-03,Cassandrastad,MS,TE,76,291,78
9072,Erin,Sutton,2003-10-14,Markview,LA,WR,73,276,53
9073,Justin,Moore,1994-02-22,East Mitchelltown,TX,RB,76,171,63
9074,Tanya,Gross,1993-07-25,Port Joestad,IN,QB,69,285,80
9075,Diane,Wilson,1990-09-26,North Susanmouth,PW,QB,69,177,85
9076,Michele,Wallace,1996-05-14,Sandrafort,PW,WR,75,183,36
9077,Christopher,Yates,2007-06-05,Johnmouth,WA,QB,74,168,16
9078,Gregory,Burke,2005-09-23,Washingtonview,CT,RB,74,231,80
9079,Eduardo,Marshall,1998-11-15,New Sierrastad,WA,QB,74,299,41
9080,Mary,Smith,1997-09-04,South Jessica,WV,RB,70,299,78
9081,Kendra,Moreno,1996-03-14,North Marialand,NV,WR,70,299,68
9082,Jeff,Jones,1994-03-13,Port Ashleehaven,WV,WR,75,173,52
9083,Kevin,Summers,1987-12-09,Lake Latashaland,ID,TE,73,228,17
9084,David,Kelly,2007-04-08,Simpsonfurt,WV,WR,70,277,7
9085,Rhonda,Melton,1990-02-13,East Brendanland,WI,QB,78,241,4
9086,Laura,Bell,2003-10-16,Wattsmouth,IL,QB,70,169,53
9087,Aaron,Mccann,2005-10-31,Walkerland,NV,RB,78,206,22
9088,Sarah,Ruiz,1989-07-02,Carrilloberg,WV,QB,78,168,22
9089,Michelle,Colon,1988-02-19,North Anthony,WI,WR,70,224,88
9090,Julie,Smith,1988-01-30,East Nicolefurt,ID,TE,77,294,41
9091,Erica,Howell,2002-06-09,Carolynshire,NC,QB,70,164,30
9092,Ashley,Mitchell,2004-01-05,South Vickie,MA,WR,80,193,78
9093,Ryan,Morris,2001-06-29,North Carl,CA,WR,79,188,32
9094,Margaret,Perry,1987-08-28,New Lukestad,KS,TE,75,192,67
9095,Robert,Perry,1998-02-26,Lake Diana,KY,WR,72,206,74
9096,Randy,Phillips,1991-03-16,Gibsonhaven,CT,RB,75,164,17
9097,William,Mitchell,1996-11-15,Ricebury,KS,WR,80,217,3
9098,Nicole,Benson,2005-10-22,West Alyssatown,UT,TE,75,180,12
9099,Tyler,Hernandez,1993-05-14,Brownstad,KS,WR,78,293,59
9100,Donald,Marquez,1993-10-02,Port Benjamin,SC,QB,75,184,52
9101,Tyler,Garcia,1993-06-08,Vegabury,TX,RB,77,218,75
9102,Courtney,Gonzalez,2007-02-06,North Cindyfort,NV,TE,74,169,78
9103,Brenda,Ramirez,1994-11-01,Theresachester,WI,WR,68,249,44
9104,Jesus,Bell,1988-08-21,Rebeccachester,VT,WR,80,238,13
9105,Brian,Kline,1986-06-23,East Cristianport,MT,QB,76,176,99
9106,Theresa,Williams,1998-01-19,East Michael,DE,QB,76,193,67
9107,Chad,Brown,1993-12-12,South Teresa,IL,WR,73,163,25
9108,Sharon,Gregory,1988-06-03,Natalieview,ID,WR,74,221,7
9109,Francisco,White,1993-01-22,Thompsonview,MD,TE,74,201,75
9110,Heather,Hooper,1985-07-17,Knightbury,GU,RB,69,236,93
9111,Jason,Burton,1993-09-25,West Johnnyburgh,FL,TE,74,263,30
9112,Jacqueline,Burke,2007-02-25,Kristamouth,MT,QB,76,263,73
9113,Randall,Moss,1991-06-02,Port Jamesburgh,TN,RB,73,299,25
9114,Jennifer,Rios,2002-02-28,New Amymouth,PW,WR,69,222,11
9115,Michael,Mendoza,2005-08-29,Ashleyhaven,ME,QB,72,259,42
9116,Sean,Greene,1986-10-18,Morganland,MN,QB,69,265,48
9117,Daniel,Cooper,1994-10-06,Lucasport,KY,TE,75,185,3
9118,Christine,Yates,1989-08-03,Thomasborough,WA,TE,79,251,0
9119,Keith,Williams,1995-01-12,Williammouth,ME,RB,73,233,11
9120,Mallory,Valdez,2008-01-26,Lauraland,VI,QB,79,215,3
9121,Sarah,Harris,1988-03-28,Amberburgh,OH,WR,73,150,77
9122,William,Bailey,1999-08-11,Munozborough,MT,RB,80,271,78
9123,Alan,Burgess,2003-03-31,North David,RI,QB,69,266,61
9124,Benjamin,Wilson,2004-05-26,West Jordanville,ME,QB,71,265,41
9125,Sydney,Harmon,2003-02-22,Port Kristin,NC,WR,74,282,96
9126,Colin,Lee,1998-04-07,Lake Lynnton,NC,RB,74,155,20
9127,Angel,Franklin,1994-10-04,West Matthewland,NC,TE,72,258,11
9128,Julie,Rogers,1996-04-13,West Rebeccaberg,OR,WR,77,269,17
9129,Christopher,Church,1993-05-04,Johnsonfort,WV,WR,74,280,48
9130,Steven,Ellis,1990-03-28,Lindaville,DE,QB,77,245,71
9131,Matthew,Stewart,1991-10-01,Holdenstad,MT,QB,76,194,34
9132,Alicia,Brown,1991-03-29,East Alyssa,OK,TE,79,210,44
9133,Thomas,Olson,1999-07-20,Kimtown,HI,QB,68,282,98
9134,Marcus,Parsons,1992-03-14,South Johnny,MS,QB,75,189,75
9135,Amber,Glenn,2005-08-16,Heatherborough,NE,RB,79,183,25
9136,Mary,Finley,1994-07-07,Port Angelaberg,WI,RB,74,197,1
9137,Morgan,Holland,2006-06-16,Victorbury,OR,WR,70,280,82
9138,Angelica,Ware,1990-07-27,Jarvismouth,IN,WR,72,202,90
9139,Jessica,Spencer,1994-05-07,Kennethborough,UT,WR,74,269,98
9140,Richard,Rodriguez,1992-02-11,Lisaberg,KS,RB,70,204,91
9141,April,Miles,2007-03-07,Mosleyfort,MN,RB,71,156,53
9142,Michelle,Hart,2003-06-19,East Crystalberg,PA,RB,69,198,68
9143,Karen,Garcia,1991-09-07,Wilsonville,VI,QB,78,192,43
9144,Debbie,Nielsen,1992-10-10,Andersonland,AK,TE,74,206,52
9145,Glenda,Smith,1988-03-15,North Bretthaven,VT,RB,71,241,81
9146,Dan,Hensley,2002-01-07,Robinsonview,CT,RB,68,157,63
9147,Diana,Harmon,1986-07-29,Murrayton,DE,RB,78,256,87
9148,Elizabeth,Delgado,1991-09-16,Matthewton,VT,RB,78,216,84
9149,Molly,Jordan,1994-02-25,Port Sherry,LA,RB,80,167,96
9150,Melissa,Robinson,2006-08-27,Gabrielside,NE,QB,74,280,26
9151,Dennis,Bradshaw,1996-08-21,Melaniefort,NC,RB,75,174,49
9152,Samuel,Hatfield,1992-04-04,New Patricia,MP,RB,80,204,94
9153,Melissa,Greer,1986-02-26,East Juan,SC,TE,79,221,31
9154,Charles,Wade,2001-07-07,Bushmouth,DC,TE,75,272,46
9155,Gerald,Bryant,1986-04-05,West Michaelburgh,CA,TE,75,252,74
9156,Melissa,Curry,1993-01-24,Torrestown,KY,QB,72,286,32
9157,David,Walker,1992-04-25,North Taylor,KY,QB,70,251,87
9158,Alyssa,Dunlap,1989-05-18,Amberton,NE,TE,69,250,51
9159,Kari,Brown,1993-09-11,Tracifurt,KS,TE,71,289,76
9160,Scott,Nixon,1998-03-27,New Kimberlyville,ME,WR,77,268,58
9161,Kenneth,Wright,1986-08-29,Connietown,WI,QB,79,260,16
9162,Samuel,Smith,2005-12-14,Cameronbury,WV,RB,77,154,16
9163,Michael,Cruz,1993-07-19,Jimton,FM,WR,71,216,78
9164,Paul,Thornton,1995-12-25,Johnsonshire,IA,WR,71,263,65
9165,Brad,Wilson,2005-07-20,Port Jessica,CT,QB,73,162,11
9166,Brad,Obrien,1990-08-16,Port Crystalburgh,CT,QB,68,230,58
9167,William,Pratt,1986-09-04,Matthewborough,MO,WR,78,191,19
9168,Susan,Bullock,2001-08-04,Douglasborough,AR,RB,71,223,49
9169,Colleen,Hughes,1992-02-27,Waltersmouth,UT,TE,70,212,4
9170,Robert,Ibarra,1986-02-09,North Matthew,KY,QB,75,162,45
9171,Michael,Taylor,1993-11-20,East Jessica,MH,WR,68,248,7
9172,William,Hickman,2003-11-04,Sweeneyport,VA,WR,69,211,72
9173,William,Norton,2003-09-17,East Meghantown,KS,QB,78,192,15
9174,Whitney,May,2003-04-03,Rebeccaland,WI,TE,80,207,21
9175,Mallory,Yates,1985-08-03,Smithview,TN,WR,79,152,17
9176,Michelle,Pierce,1998-06-13,Elizabethstad,PA,QB,68,227,81
9177,Justin,Evans,2003-09-18,Garciahaven,WV,QB,74,259,11
9178,Madeline,Saunders,2003-11-10,West Jessica,TN,QB,68,212,35
9179,John,Adams,1988-02-11,Thompsonville,MA,QB,74,171,3
9180,Holly,Valenzuela,1990-07-29,Amychester,MS,QB,79,213,85
9181,Martin,Young,1987-07-12,Lewisberg,TN,WR,73,234,12
9182,Robert,Woods,1988-07-29,Port Justinfort,ID,WR,69,291,29
9183,Samuel,White,2000-11-16,Lake Jamie,MO,QB,80,230,88
9184,Nicholas,Decker,1986-02-04,Sarahland,KY,TE,75,238,17
9185,Brian,Dawson,1996-05-31,South Davidmouth,MN,WR,68,164,16
9186,Kristin,Howard,1989-01-31,Anthonyfort,AK,TE,76,187,65
9187,Michael,Grant,1999-04-01,Jillland,NJ,QB,75,255,18
9188,Laura,Schwartz,2006-05-14,South Chris,AK,WR,75,250,46
9189,Judy,Little,1994-09-24,Ortizmouth,RI,TE,77,208,87
9190,Matthew,Campbell,1992-12-07,Lake Kristinburgh,LA,WR,72,272,83
9191,Curtis,Silva,2007-01-14,Williamsberg,SD,RB,72,160,71
9192,Alexis,Schmidt,2007-03-02,New Vanessashire,VT,QB,69,204,89
9193,Angelica,Strickland,1996-11-26,East Brandon,MH,QB,73,266,90
9194,Charles,Harris,1999-03-19,Jenningsfort,IL,TE,68,152,34
9195,Beth,Andrews,1988-02-12,North Johntown,RI,TE,76,248,12
9196,Kathryn,Bailey,1994-03-03,Woodview,NV,WR,75,248,94
9197,Michael,Ellison,2002-01-25,Toddburgh,WV,QB,77,233,20
9198,Jennifer,Morgan,1990-01-16,Shannontown,DC,TE,71,195,41
9199,Elijah,Lawson,2005-08-31,South Peterfurt,AK,WR,68,166,33
9200,Andrew,Acevedo,1992-04-02,Hinesfort,MN,QB,80,178,22
9201,Jennifer,Navarro,1986-11-14,West Timothy,NJ,WR,69,281,70
9202,Philip,Jackson,1997-05-03,Gonzalezmouth,AZ,TE,75,175,5
9203,Brent,Soto,2000-03-26,Port Emilyfort,UT,QB,68,232,67
9204,Michael,Willis,2005-12-18,Bateston,NH,WR,70,183,26
9205,Jerry,Allen,2005-09-07,Avilaland,MP,TE,79,222,70
9206,James,Dorsey,1988-02-08,North Michelefort,RI,QB,69,207,28
9207,Lisa,Harris,1988-12-30,Lake Daniellefort,AR,TE,77,181,70
9208,Thomas,Dalton,2000-09-17,Port David,MH,RB,79,150,51
9209,Brian,Foster,1997-09-23,Jacquelineport,UT,WR,74,207,40
9210,Dawn,Smith,1998-11-13,New Andreaview,UT,QB,70,291,44
9211,James,George,1997-10-31,Port Carolyn,WA,QB,71,150,32
9212,Elaine,Miller,1995-03-31,West Sarahberg,NH,QB,78,259,26
9213,Jeffery,Turner,2001-02-04,Buckleyshire,ME,WR,79,228,55
9214,Stephen,Hatfield,1992-04-27,Port Susanstad,OK,WR,76,192,25
9215,Melinda,Sanchez,2000-11-19,Nicholechester,UT,RB,80,290,56
9216,Carla,Smith,1985-11-05,North Markburgh,VT,RB,79,216,33
9217,Craig,Manning,1999-05-24,North Julie,WV,WR,70,152,35
9218,Melissa,Santos,2007-10-17,Lake Hannahshire,MH,QB,78,176,90
9219,Kelly,Turner,1999-08-27,Rachelshire,NJ,WR,72,253,67
9220,Michelle,West,2006-03-29,Edwardtown,NE,QB,69,241,54
9221,John,Reynolds,2001-09-26,North Samuel,AS,RB,72,175,26
9222,William,Santana,1986-04-11,New Tinaside,DC,WR,71,159,33
9223,Calvin,Jones,1985-11-27,Lake Susanhaven,VA,RB,69,213,57
9224,Nathaniel,Barnett,2004-04-17,Samuelland,MI,WR,71,241,48
9225,Wanda,Davis,2003-06-30,South Samantha,IN,WR,79,155,66
9226,Megan,Howe,1985-05-07,Lake Melanie,OK,WR,78,185,21
9227,Stephanie,Moore,1995-02-18,West Shelbymouth,SD,TE,79,254,81
9228,Gregory,Sanchez,1992-03-14,Nicholasmouth,MA,WR,77,204,85
9229,Gabriela,Berry,2008-04-12,East Tamaramouth,MO,RB,80,270,86
9230,Sara,Ryan,2002-11-09,Port Maryland,AS,RB,72,181,74
9231,Edwin,Patterson,1997-08-01,Port Curtiston,ME,WR,78,191,45
9232,Kyle,White,1991-02-11,Patrickview,VI,QB,77,179,1
9233,Jennifer,Pierce,1990-12-08,East Victoriaborough,WI,TE,76,265,99
9234,Judy,Oliver,2000-06-02,Lake Danielton,MN,WR,79,280,34
9235,Brian,Davis,1989-12-04,New Jeremiahmouth,LA,TE,71,276,5
9236,Colleen,Guerra,1988-06-26,Raymondborough,LA,TE,75,195,59
9237,George,Page,2004-05-05,Davidfort,HI,WR,70,173,74
9238,Robert,Torres,2005-10-23,Lambport,GU,QB,74,227,2
9239,Elizabeth,Hudson,1990-07-03,Leeside,SC,QB,72,182,77
9240,Nicholas,Lewis,1996-02-13,Sherishire,FM,RB,71,150,97
9241,George,Hernandez,1998-06-08,New Robert,MD,RB,78,213,36
9242,Lisa,Jones,1986-05-18,Stonefort,CO,TE,72,287,32
9243,Dana,Martin,1988-08-21,Kathrynmouth,NE,QB,80,190,94
9244,Rebecca,Fritz,1990-11-16,New Noahfort,VT,TE,73,268,99
9245,Tonya,Anderson,1986-09-24,Lake Brianville,OK,WR,69,268,35
9246,Teresa,Spencer,2002-03-30,West Markport,NJ,RB,70,165,12
9247,Carol,Chambers,2000-12-18,Kennethton,AL,WR,80,254,9
9248,Julie,Ramirez,2006-07-04,South Travisport,NM,TE,72,261,96
9249,Lori,Boone,1992-01-24,Kelleyfurt,DC,RB,79,172,33
9250,Crystal,Horne,2007-05-26,Shellystad,IN,RB,79,150,15
9251,Eric,Ryan,2004-12-08,West Nancychester,MP,RB,79,179,30
9252,Leslie,Rivera,1996-12-09,South Justin,RI,TE,78,245,83
9253,Katelyn,Nguyen,1985-12-09,Melindatown,CO,TE,78,277,58
9254,Daniel,Atkinson,1999-09-13,Port Elizabeth,MP,WR,80,226,5
9255,Jocelyn,Rhodes,1998-09-29,South Gary,OK,WR,73,254,31
9256,Melissa,Huff,1990-01-03,New Chelsea,OR,TE,80,271,67
9257,Patrick,Gallegos,1987-08-06,Benderfort,OK,RB,79,242,71
9258,Jerry,Brooks,1994-09-06,Robertmouth,OK,TE,68,227,55
9259,Christopher,Wong,1990-05-04,Bakershire,WI,RB,70,292,58
9260,William,Watkins,1985-10-28,Port Jimmyport,SD,RB,70,296,34
9261,David,Velasquez,1997-10-21,New Anthony,GA,RB,71,293,3
9262,Jennifer,White,1991-05-30,Savannahfort,OK,WR,69,211,8
9263,Carl,Clark,1997-04-23,Bryanshire,AL,WR,69,182,30
9264,Breanna,Luna,1996-08-11,Lake Aliciatown,GA,TE,70,234,22
9265,Joshua,Reed,1998-08-03,Port Jesseburgh,NH,TE,79,172,94
9266,Elizabeth,Williamson,2008-03-27,East Joshua,HI,QB,68,238,75
9267,Carl,Chaney,1992-02-16,North Keithfurt,VT,RB,76,239,81
9268,Maureen,Dougherty,1987-11-24,Oscarside,WI,RB,70,248,73
9269,Katherine,Matthews,1995-07-21,Williamschester,FM,RB,79,266,44
9270,Cody,Gay,2005-09-13,North Ashley,MS,RB,75,222,86
9271,Stephanie,Johns,1996-12-10,New David,AK,WR,72,186,93
9272,Breanna,Nichols,2002-01-30,Johnborough,AS,RB,75,244,81
9273,Valerie,Sims,1991-09-28,New Andrewberg,IA,TE,69,259,58
9274,Joseph,Nguyen,2001-12-06,New Julie,SC,WR,77,297,60
9275,Joseph,Crane,2006-01-08,Brownfurt,ID,TE,73,213,27
9276,Lisa,Holland,1986-07-30,New Brianton,CO,QB,78,208,49
9277,Jeffrey,Berry,1998-12-03,Robinsonfort,GA,QB,76,217,32
9278,Gary,Conrad,1990-09-27,Brownchester,CA,TE,78,168,41
9279,Derek,Ryan,2007-06-30,North Geraldport,NV,WR,78,160,12
9280,Brianna,Farley,1997-07-21,Browntown,OK,RB,69,228,0
9281,Nicole,Strickland,2007-06-30,New Michaelbury,FL,WR,78,231,70
9282,Kimberly,Greer,1987-03-29,New Gerald,ME,RB,76,189,48
9283,Veronica,Wang,2002-02-23,Ronniebury,NE,WR,76,166,16
9284,Amber,Butler,2003-05-23,West Jessicachester,VT,WR,76,194,13
9285,Ronald,Bauer,1996-01-23,East Darlenemouth,MI,WR,79,253,56
9286,Jennifer,Williams,1999-10-29,Pereztown,WA,WR,74,263,93
9287,Jennifer,Mcintosh,1987-08-07,Tammyfort,UT,WR,73,224,63
9288,Aaron,Morse,2004-10-01,Adammouth,NY,WR,69,197,47
9289,Adam,Osborn,1995-03-09,Juliebury,IA,WR,70,216,57
9290,Troy,Valdez,2008-03-30,Matthewsbury,NM,RB,72,259,10
9291,Aaron,Foster,2001-08-19,West Anthonyburgh,RI,TE,73,204,73
9292,Kelly,Schwartz,2001-08-20,East Deborahberg,VA,RB,77,256,8
9293,Andres,Booth,2007-09-18,Port Andrew,FL,RB,68,153,43
9294,Jennifer,Lopez,1997-05-14,New Ashleybury,ND,RB,80,182,57
9295,Lauren,Jackson,1998-04-24,Audreyberg,IA,TE,70,269,15
9296,Robert,Johnson,1986-02-20,Parkerchester,NC,TE,78,280,79
9297,Donna,Shah,2002-10-26,Kennethbury,WI,TE,74,154,41
9298,Christopher,Pena,1989-03-04,North Clintonton,DC,WR,75,211,39
9299,Luis,Alexander,2007-11-29,West Thomas,TX,WR,77,173,66
9300,Kevin,Davis,1997-12-09,Jimenezland,RI,TE,79,155,28
9301,Olivia,Jarvis,1988-10-28,Smithville,ND,WR,71,294,4
9302,Jeffrey,Alexander,1991-09-20,South Brettshire,IA,RB,73,278,24
9303,Jill,Barnett,1997-08-12,Beverlyview,IN,QB,68,168,3
9304,Jeffrey,Mason,1988-12-15,Lake Jacob,AL,WR,69,288,47
9305,Brian,Nichols,1991-08-22,Lambertfort,OH,QB,70,270,47
9306,Larry,Holland,1992-10-27,Jenniferbury,AS,WR,74,185,62
9307,Keith,Tran,1993-07-31,North Matthew,KY,WR,69,197,30
9308,Gregory,Shepherd,2000-09-19,New Chelseaberg,AK,QB,75,159,32
9309,David,Curry,2005-12-11,Stevenberg,GU,TE,70,217,8
9310,Hannah,Mcdaniel,1999-06-09,Barneshaven,WY,TE,79,244,54
9311,Debra,Zamora,1991-07-10,New Jamiechester,AZ,RB,77,153,59
9312,Ann,Freeman,1985-09-20,Nicholsside,VA,RB,76,209,30
9313,Mary,Lee,2005-04-15,Lauriefort,VA,TE,75,202,23
9314,Mark,Pierce,1986-05-20,East Samanthastad,LA,WR,72,189,85
9315,Nicole,Wilson,1994-10-24,East Scottshire,UT,TE,74,189,22
9316,Ashley,Wilkerson,2000-04-25,Coreyberg,KS,RB,69,209,21
9317,Susan,Dennis,1996-02-07,Hurleymouth,IN,QB,77,212,22
9318,Keith,Hughes,2000-05-27,Aliciamouth,SC,WR,72,277,3
9319,Janet,Barron,1990-08-05,Hostad,MD,TE,75,237,70
9320,Sandra,Duran,1999-03-21,Lyonsmouth,MH,QB,73,226,69
9321,Philip,Morris,1991-11-06,Whitneyfurt,IN,WR,68,237,95
9322,Frances,Campos,1996-07-09,North Christineside,IA,WR,79,281,10
9323,Stephen,Lucas,1993-05-19,Alyssaton,PR,QB,79,235,72
9324,James,Hall,2005-08-04,Cathyville,FM,WR,70,236,90
9325,David,Hudson,1996-01-09,Lake Katherineport,OH,WR,71,202,6
9326,Cody,Lucas,1994-02-01,South Lauren,ND,WR,68,178,4
9327,Jared,Arnold,1986-07-04,Smithmouth,FM,QB,72,185,39
9328,Stephanie,Ross,2003-08-02,Colemanmouth,MP,RB,80,270,9
9329,Trevor,Hunter,1988-08-25,West Ralphberg,NC,RB,71,296,81
9330,Sarah,Stanley,2000-02-21,Nathanshire,NJ,RB,69,213,64
9331,Kelly,Ray,2000-10-29,Jessicaport,CT,WR,71,187,35
9332,Charlene,Romero,2004-02-03,New Micheal,CT,RB,71,171,96
9333,Timothy,Harris,2007-09-01,North Theodore,ND,TE,77,158,49
9334,Paul,Hansen,2000-02-25,Edwardsmouth,KS,RB,78,155,35
9335,Shane,Dunn,2000-05-22,East Amyberg,HI,WR,76,244,50
9336,Michael,Espinoza,2004-12-31,Christinaville,NC,TE,72,259,12
9337,Dana,Olsen,1988-01-01,Deborahport,OK,WR,68,289,55
9338,Cassidy,Navarro,2002-12-11,Adamland,KY,TE,77,187,78
9339,Amber,Wilson,1998-01-22,Hallville,NY,QB,69,186,45
9340,Lori,Johnson,1997-04-20,Sabrinaview,DC,TE,75,244,2
9341,Gina,Harrison,2006-04-16,Nelsonmouth,NJ,WR,75,210,32
9342,Justin,Phillips,1993-10-11,Kingfurt,KS,RB,73,237,6
9343,Carrie,Gaines,1988-12-07,West Lisa,NV,WR,69,295,49
9344,Christian,Woods,1986-12-26,Paigetown,GA,WR,74,288,81
9345,Gary,Keller,1991-12-22,Amyfort,MN,TE,69,279,52
9346,Samantha,Solomon,2004-08-21,Carolfurt,NY,RB,69,266,51
9347,Norma,Leon,2007-01-09,Timothyfurt,ND,RB,68,161,11
9348,Victoria,Hall,2001-12-04,Lake James,WI,WR,73,292,44
9349,Christina,Thompson,1986-02-02,Wilsonburgh,PA,TE,78,213,72
9350,Sarah,Lee,1989-08-20,Janicemouth,TN,QB,79,209,56
9351,Courtney,Kaiser,1995-12-29,Kimberlyland,ID,WR,70,280,82
9352,Heather,Porter,1985-05-06,Kendrashire,NE,TE,69,286,12
9353,Dustin,Bennett,2004-07-18,Cristianport,SD,QB,72,191,42
9354,Mary,Perez,2000-08-23,Loriside,ID,RB,76,150,72
9355,Joshua,Thompson,2000-12-16,Danielmouth,WY,QB,73,233,87
9356,Kelly,Shaw,2000-03-07,Figueroaberg,WI,WR,69,233,61
9357,Eric,Hardin,1991-03-03,Chasehaven,PW,QB,72,288,54
9358,Connie,Lee,2000-03-24,North Brianbury,MO,QB,75,194,40
9359,Sarah,Townsend,1992-10-14,East Brittanystad,MP,TE,71,163,36
9360,Brandon,Roman,1989-09-04,Jennifershire,AS,RB,73,208,23
9361,Tammy,Smith,1998-02-04,North Carlos,WV,QB,78,291,65
9362,Samuel,Smith,2003-12-29,East Norma,AK,QB,79,167,59
9363,Christian,Bauer,2005-01-15,Michaelmouth,PA,TE,69,289,30
9364,Megan,Adams,1995-11-17,New Sharon,SC,QB,68,154,71
9365,Daniel,Hoffman,2002-08-21,West Davidberg,IL,WR,76,258,79
9366,Lori,Jones,2003-09-18,Moorehaven,AR,WR,77,211,12
9367,Christopher,Arnold,1992-04-27,Ericport,MS,QB,69,196,49
9368,Kristin,Moore,1986-04-30,Josephstad,OK,TE,73,191,63
9369,Kim,Davis,1990-12-05,South Chelsea,NV,WR,72,276,83
9370,Shaun,Goodwin,1999-07-01,Shannonbury,FL,TE,77,185,60
9371,Monique,Davis,1986-04-12,Cruzstad,UT,QB,72,274,20
9372,George,Foster,1987-01-01,Johnmouth,AZ,TE,71,281,20
9373,Angela,Graves,1998-03-15,Port Jonathan,MO,WR,77,198,76
9374,Krystal,Schmidt,1995-07-01,Tiffanymouth,PA,TE,69,199,79
9375,Ann,Mendoza,2006-08-05,Buchananfort,LA,TE,73,223,80
9376,Michael,Huffman,1994-12-17,Dunnside,ME,RB,77,169,38
9377,Michael,Anderson,1996-11-08,West Jeremyside,SD,QB,69,220,87
9378,Kimberly,George,1992-08-26,New Brittany,ME,WR,77,177,18
9379,Peter,Hess,2007-03-18,North Staceyburgh,HI,TE,72,230,85
9380,Teresa,Mccullough,1991-10-12,Howardberg,PA,RB,72,284,93
9381,Jonathan,Edwards,1998-02-24,Roseborough,ND,RB,73,190,34
9382,Kelsey,Marsh,1991-02-18,Elliottchester,MA,RB,69,194,69
9383,Jessica,Jackson,2006-04-01,Fieldsland,VT,WR,80,274,20
9384,Jacob,Miller,1993-02-17,New Bonnieview,DC,RB,72,153,84
9385,Desiree,Mitchell,1993-02-21,Rickyland,IN,RB,75,154,40
9386,Gina,Underwood,1986-05-24,Michaelmouth,SC,RB,69,181,26
9387,Jennifer,White,2005-09-19,North Laura,VA,QB,77,205,94
9388,Kenneth,Greene,1998-04-18,East Lindashire,MA,TE,79,246,60
9389,Rodney,Aguirre,2005-11-22,New Brandon,RI,QB,77,188,59
9390,Joseph,Thomas,1992-08-01,Greenmouth,NY,WR,79,296,52
9391,John,Espinoza,1988-08-10,Kingbury,FL,TE,74,292,59
9392,Karen,Chambers,2004-05-14,West Rhondaville,OR,WR,73,154,5
9393,Stephen,Bartlett,1988-09-02,Amyfort,MH,TE,70,198,97
9394,Nancy,Blake,1992-09-23,West Elizabeth,NC,QB,79,215,62
9395,Robert,Carter,1995-12-09,East Kendrashire,WV,QB,77,281,70
9396,Greg,Jordan,1988-08-21,Silvabury,WV,RB,68,254,15
9397,Timothy,Ray,1990-11-20,Port Melissa,AK,RB,77,183,95
9398,Isabel,Morrison,2008-04-01,South Gilbert,KY,WR,74,218,18
9399,Dawn,Buck,1994-05-30,North Brandonmouth,NV,WR,73,234,76
9400,Justin,Bray,1996-06-05,Rodriguezshire,ME,WR,75,270,66
9401,Amanda,Barrett,2003-02-18,Meganfurt,LA,TE,76,154,90
9402,Laura,Hogan,2002-01-22,Hunterport,DC,WR,80,275,13
9403,Joshua,Spears,1996-10-23,Crawfordtown,NY,TE,69,176,83
9404,Robert,Benton,2006-09-11,Nathanielmouth,IA,RB,75,214,20
9405,Mary,Farmer,1991-07-12,Ashleymouth,MP,TE,68,196,31
9406,Heather,Adams,1994-07-23,North Lisamouth,RI,TE,70,202,75
9407,Dillon,Robinson,2004-08-27,West Tracyburgh,PW,QB,80,188,39
9408,David,Stephenson,2005-04-16,New Sarah,MO,QB,70,261,28
9409,Cindy,Munoz,1994-07-03,Fergusonfort,GA,TE,78,246,53
9410,Carlos,Davidson,2006-07-05,Lindahaven,OH,QB,74,154,97
9411,Edward,Webb,2001-03-02,Reevesshire,GU,QB,71,151,59
9412,Gary,Taylor,1991-07-19,New Rachelfort,CO,TE,80,277,54
9413,Sabrina,Pope,2004-05-22,Jenniferburgh,UT,QB,80,162,43
9414,Jennifer,Perkins,1990-09-28,Lawrenceside,GU,TE,72,192,54
9415,Brent,West,1989-03-02,South Anthonytown,NH,QB,79,244,89
9416,Kevin,Walsh,1990-07-12,New Andrew,AR,RB,80,270,19
9417,Steven,Owen,1994-12-18,Morenobury,GA,WR,74,202,50
9418,Jenna,Vega,2003-09-20,Port Alanville,ME,WR,72,280,3
9419,Alexander,Hernandez,1995-09-13,Port Jasmine,NV,QB,72,175,62
9420,William,Jensen,2004-10-10,North Michaelfurt,GU,TE,73,280,75
9421,Rebecca,Williams,1987-10-28,Brownland,KY,QB,73,161,87
9422,Joshua,Gonzalez,1986-05-15,North Rebecca,KS,WR,75,196,18
9423,Jessica,Stewart,2005-04-19,New Jeremyland,IN,RB,76,269,70
9424,Tommy,Hall,1986-08-31,Harperbury,FL,TE,69,258,34
9425,James,Garcia,2006-06-09,Robbinshaven,AR,TE,78,281,72
9426,Manuel,Garcia,1999-03-05,Jefferyborough,OH,RB,68,173,35
9427,Rose,Martinez,1985-09-04,Robertbury,WV,QB,68,286,6
9428,Jill,Rice,1995-08-25,West Catherinemouth,CT,RB,78,298,88
9429,Sharon,Wright,1996-01-26,Austinbury,CO,TE,79,221,42
9430,Lisa,Moore,1990-03-27,West Christinamouth,AS,WR,79,220,3
9431,Lucas,Collins,2007-02-03,West Brandonfurt,TN,WR,73,242,79
9432,Lori,Montgomery,2003-11-28,Elizabethview,FL,TE,70,248,83
9433,Casey,Ramirez,2006-09-04,New Vanessaview,NH,TE,80,256,64
9434,Samantha,Stark,1991-05-27,New Donaldview,PW,RB,73,298,77
9435,Stephen,Osborne,1993-12-24,East Brian,OR,RB,75,190,8
9436,Nichole,Moreno,2006-06-17,East Sandraville,SC,QB,73,255,50
9437,Robin,Perry,2007-04-13,Aliciachester,DC,RB,70,257,38
9438,Stephen,Randall,1995-02-08,Lake Brendaton,MN,RB,70,209,57
9439,Kimberly,Brooks,2003-05-12,Penastad,LA,TE,68,256,10
9440,Elizabeth,Calderon,1986-01-23,New Ginaborough,AZ,RB,72,214,20
9441,Zachary,Goodwin,1996-06-14,Suttonchester,MH,WR,72,171,72
9442,Deborah,Sherman,2002-06-18,Michaelburgh,CT,RB,73,182,96
9443,Robert,Brooks,2004-08-03,Lake Harrymouth,MS,TE,68,198,10
9444,Joanna,Miller,1989-03-10,Piercemouth,GA,TE,73,268,32
9445,Rachel,Jones,2007-06-12,Barkerland,CO,WR,75,250,68
9446,Rachel,Freeman,1995-10-11,Andersonfurt,NY,QB,73,158,68
9447,Jason,Herrera,1998-02-14,Nguyenton,ND,TE,70,238,15
9448,Thomas,Peterson,2000-12-25,New Samantha,OK,WR,74,249,64
9449,Craig,Allen,2006-06-09,South Peterport,FL,RB,73,274,89
9450,Timothy,Riley,2000-10-31,Port Lisaton,ND,RB,80,234,89
9451,Mckenzie,Walker,1988-04-10,Stricklandville,FL,TE,78,204,32
9452,Glenn,Mercado,1999-09-13,West Wesleystad,IL,QB,69,260,41
9453,April,Allison,1989-04-10,Hillville,AZ,TE,79,186,73
9454,Samuel,Mcdonald,1987-08-14,Hendersonshire,CT,QB,69,218,57
9455,Jenny,Tucker,2004-07-23,East Marcusland,KS,QB,77,297,65
9456,Kimberly,Zuniga,2004-09-04,Carsonmouth,NM,RB,78,277,19
9457,Susan,Williamson,2004-05-22,Wallsside,GU,QB,69,194,9
9458,Dominique,Brown,1993-05-15,South Ericview,PA,TE,73,259,9
9459,Jeremiah,Bauer,1989-08-29,Margaretmouth,MT,QB,73,267,52
9460,Ernest,Webster,1997-11-07,Christinaborough,AL,RB,72,244,17
9461,Timothy,Scott,2003-03-05,Melvintown,CO,RB,76,168,18
9462,Cynthia,Townsend,2003-11-15,Johnmouth,VA,WR,71,181,91
9463,Walter,Wright,1986-12-04,West Christine,NJ,TE,76,220,41
9464,Erika,Baker,2002-11-15,Masonchester,RI,RB,78,238,62
9465,Sean,Mays,1999-05-12,Port Shawn,GA,WR,76,203,59
9466,William,Mccoy,1985-10-16,Lake John,GA,QB,71,228,15
9467,Lisa,Hurst,1989-03-17,East Oliviastad,TX,QB,76,238,90
9468,Stephanie,Barnes,1999-12-02,Starkton,DE,TE,80,193,17
9469,Gary,Palmer,1997-08-31,Hesterport,MH,WR,76,243,68
9470,Carrie,Walton,1989-01-20,Tuckertown,MD,TE,79,219,64
9471,Kenneth,Hicks,1995-01-17,Woodsview,IA,WR,79,156,87
9472,Rachel,Noble,2006-10-19,Justinland,OH,TE,73,192,75
9473,Jacqueline,Casey,1997-07-14,Robertbury,FL,QB,70,271,96
9474,Melissa,Tucker,1997-03-28,West Todd,ND,QB,69,189,7
9475,Jeffery,Dixon,1998-12-28,North Donna,MA,WR,70,208,89
9476,Susan,Hamilton,2006-03-25,Sandrachester,MO,TE,77,171,36
9477,Travis,Sanchez,2002-01-06,Farrellstad,KS,RB,75,232,60
9478,Ricardo,Higgins,1991-04-01,Port Johnburgh,KS,WR,72,215,75
9479,Monica,Pierce,1995-09-26,New Marcusshire,MD,QB,75,217,58
9480,Karen,Morse,2007-03-12,Courtneystad,MS,TE,75,281,47
9481,Julie,Wilson,2008-01-23,Millerton,MI,WR,68,242,54
9482,Tom,Rodriguez,2002-04-10,North Michellehaven,MH,RB,79,200,1
9483,Margaret,Young,1986-04-05,Port Marcusfort,MN,WR,77,275,96
9484,Sara,Wells,1995-06-11,Blanchardhaven,KY,QB,69,218,97
9485,Mark,Jones,1987-03-08,Lake Heathermouth,KY,QB,78,294,27
9486,Elizabeth,Nash,1993-05-02,West Sarahville,DC,TE,75,246,33
9487,John,Waters,2002-07-07,South Bretttown,CO,WR,80,233,15
9488,Alexander,Wong,1997-10-25,Timothymouth,MO,WR,76,162,67
9489,Stephen,Cole,1992-09-24,New Elizabeth,KS,RB,69,156,55
9490,Stephanie,Hall,1991-05-19,Port Cody,AK,RB,80,173,18
9491,Lisa,Parker,2007-06-12,West Jeremiah,IN,WR,77,165,78
9492,Tommy,Coleman,1995-11-24,Destinytown,UT,WR,72,207,69
9493,Vanessa,Cohen,1990-05-02,Martinbury,MS,QB,72,170,35
9494,Bridget,Alvarez,2006-08-24,Ballardburgh,NM,WR,73,219,35
9495,Craig,Barajas,1994-04-05,West Chelseaton,AK,TE,74,157,7
9496,Shawn,Gomez,2003-04-03,Suzanneburgh,IL,TE,73,267,72
9497,Tony,Haynes,1994-11-04,West Derek,WA,QB,70,260,43
9498,Melissa,Lowe,2003-07-02,East Sonya,AK,WR,75,254,0
9499,John,Smith,1989-05-23,West Haley,VT,WR,77,154,29
9500,Michael,Logan,2004-03-19,North Willieville,DE,TE,79,169,23
9501,Margaret,Carroll,1986-02-14,Sydneystad,ME,WR,79,255,6
9502,William,Martin,2006-09-15,West Debra,AS,QB,80,191,16
9503,Rachel,Griffin,1990-03-25,Port Anna,IL,TE,70,226,81
9504,Heather,Smith,1996-04-27,South Morgan,NC,RB,69,263,31
9505,Judy,Andrews,1996-06-06,East Paul,NE,QB,68,178,30
9506,Renee,Pittman,1989-09-07,Rivasstad,MD,WR,68,251,77
9507,Allison,Mendez,1985-12-29,Jonathanshire,MO,WR,72,271,0
9508,Michael,Snyder,1994-12-05,New Hannah,OR,RB,74,289,18
9509,Amy,Alexander,2001-02-27,Wilsonmouth,HI,WR,76,243,36
9510,Amy,Coleman,1999-07-08,West Madison,AS,WR,80,288,54
9511,Melissa,Todd,2004-12-28,Lake Angela,VA,RB,69,185,46
9512,Crystal,Kelly,2004-02-27,East Robert,LA,QB,79,180,35
9513,Matthew,Sullivan,1994-02-27,Beltranstad,UT,RB,74,224,19
9514,Nancy,Murphy,1999-08-03,Nelsonport,UT,QB,71,232,22
9515,Scott,Salazar,1987-08-17,Wagnermouth,AK,WR,70,258,74
9516,Kimberly,Suarez,2002-06-02,East Joseph,MP,QB,70,184,96
9517,Tara,Murphy,2007-03-14,Haasview,OH,TE,72,201,8
9518,Tyrone,Coffey,1989-02-01,Brownchester,MA,QB,69,189,90
9519,Eric,Solomon,1987-04-20,Teresaburgh,CO,TE,70,211,26
9520,Sarah,Chavez,1992-08-26,South David,NC,RB,76,169,36
9521,Thomas,Zimmerman,2000-04-04,Barkertown,OH,QB,73,274,23
9522,Barbara,Taylor,2000-04-04,New Mariahshire,GU,TE,80,151,63
9523,Carolyn,Zavala,2002-12-25,South Andreatown,FL,TE,69,262,99
9524,Tanya,Saunders,2000-01-03,South Tracyshire,MH,RB,71,278,79
9525,Juan,Carr,1989-09-02,Stacyfort,OK,WR,73,248,39
9526,Madison,Scott,2002-07-24,Stewarttown,SC,TE,71,260,49
9527,David,Jones,2006-10-29,Jonathanhaven,NY,WR,71,197,29
9528,Michael,Bautista,1996-08-01,South Alejandra,AS,RB,77,264,78
9529,Wesley,Suarez,2001-10-13,Lake Kelly,NV,QB,80,277,65
9530,Patricia,Sanders,2004-06-09,Blackstad,MP,QB,73,292,10
9531,Samantha,Lopez,2007-08-21,Rebeccatown,IL,TE,78,267,67
9532,Tony,Rodriguez,1993-02-28,Petersenmouth,VT,TE,69,238,88
9533,Michael,Roberts,2004-07-18,Jerryside,OH,QB,79,184,56
9534,Veronica,Stewart,1990-01-13,Port Joshua,MD,RB,68,261,3
9535,Carla,Mckinney,1992-06-13,Rebeccaside,CT,WR,74,194,42
9536,Barry,Lee,1994-01-01,Cristianview,MN,WR,75,200,26
9537,Zachary,Thompson,1993-04-13,Port Samuelville,NE,TE,74,245,38
9538,Kathy,Lowe,2004-10-15,East Victoria,MT,RB,71,164,12
9539,Jeffery,Lam,1995-06-06,Virginiastad,MO,TE,71,242,44
9540,John,Navarro,2003-05-14,Johnsonburgh,MN,RB,76,161,65
9541,Christopher,Tucker,1991-07-11,Port Todd,NJ,WR,68,259,76
9542,Victoria,Lee,1985-11-09,Markton,MH,TE,72,190,37
9543,Bonnie,Collins,1993-01-13,Lisaland,WV,QB,80,258,54
9544,Holly,Walker,2001-06-03,Masonborough,PW,WR,69,160,86
9545,Joanne,Hernandez,2004-04-23,Natashabury,MS,QB,69,192,33
9546,Carol,Wells,2005-03-02,Oliverfort,VT,QB,79,201,81
9547,Mark,Johnson,1996-08-14,Port Jeffrey,PW,QB,79,281,4
9548,Monica,Huber,1987-01-10,North Zachary,AS,RB,68,287,94
9549,Linda,Small,1992-08-10,Port Brandistad,CO,QB,71,234,10
9550,Dakota,Riddle,1991-05-14,Kevinton,MS,RB,68,300,34
9551,Antonio,Smith,1988-02-07,Sullivanberg,MA,QB,69,283,57
9552,Stanley,Goodman,2006-07-13,North Javier,NE,TE,70,173,19
9553,Natasha,Jenkins,1995-02-27,Carlsonton,CA,WR,69,204,84
9554,Jose,Garcia,1995-09-15,Taylorfort,HI,RB,80,209,98
9555,Laura,Scott,1995-05-11,Stephaniechester,AS,RB,76,270,55
9556,Stephanie,Gould,1994-05-02,Andersonchester,UT,RB,69,181,96
9557,Jeffrey,Holmes,1987-09-19,Thomasberg,FM,WR,69,158,92
9558,Nicholas,Myers,2002-04-05,Margarethaven,WA,RB,73,188,86
9559,Tim,Hart,1990-06-16,Robertsmouth,MO,RB,75,158,18
9560,Michael,Nelson,1994-08-06,Lake Catherine,MD,WR,69,217,54
9561,Larry,Martinez,1999-07-08,Williamsmouth,WA,WR,69,286,11
9562,Lisa,Roman,2002-08-21,Kevintown,ND,WR,70,225,30
9563,Ashley,Rodgers,1993-05-28,Ginamouth,NY,WR,75,168,54
9564,Nicole,Lane,2002-06-21,North Susan,AZ,WR,75,253,98
9565,Jonathan,Lewis,1990-03-16,New Dustinland,GA,QB,79,207,44
9566,Tyler,Evans,1993-09-23,Jimenezview,FL,RB,77,226,1
9567,Nathan,Cooke,2007-01-15,Alexisberg,SD,QB,77,276,87
9568,Steve,Lee,1992-06-25,West James,WY,WR,75,209,51
9569,Julie,Harrison,1995-11-17,Port Phillipbury,MO,RB,70,178,95
9570,Jacqueline,Delacruz,2002-02-21,Michaelfurt,PR,WR,75,250,74
9571,Stephen,Richardson,2003-07-11,New Ian,IN,QB,76,278,40
9572,Catherine,Hernandez,1991-07-04,East Andrea,FM,WR,74,218,0
9573,John,Hardy,1986-03-04,Moorefort,DE,TE,71,258,5
9574,Michelle,Smith,1996-07-31,Michaelchester,RI,RB,79,257,94
9575,Stephanie,Clark,1993-06-30,Michelletown,MH,RB,79,200,55
9576,Charles,Moreno,2007-05-19,North Davidborough,ID,RB,71,166,65
9577,Cheryl,Evans,2008-01-15,Wrightmouth,AR,WR,69,197,39
9578,Christina,Price,1986-12-26,West Robertburgh,NE,QB,80,283,80
9579,Shari,Parker,1999-08-28,East Amanda,LA,RB,68,277,6
9580,Susan,Harmon,2007-09-07,Jenniferfort,OR,RB,69,195,78
9581,Timothy,Miranda,1994-04-06,Brittanyland,LA,TE,75,221,54
9582,Joshua,Robinson,2004-07-28,Michaelfort,NH,WR,73,236,90
9583,Brett,Ortiz,1996-01-09,Christinaland,IA,RB,80,254,42
9584,Randall,Mills,2001-08-25,Jessicashire,NV,WR,76,255,17
9585,Pamela,Velazquez,1991-12-04,Lake Stephentown,IN,QB,76,231,95
9586,Clifford,Jones,1997-09-21,Ashleyville,UT,WR,72,160,62
9587,Amber,Powell,1989-05-16,Annashire,HI,QB,68,182,72
9588,Greg,Simpson,2002-08-08,South Brooke,CT,TE,71,200,1
9589,Tracey,Douglas,1999-11-14,Hollyview,CT,TE,80,285,7
9590,Julie,Cooper,1998-02-06,Walkerville,AK,WR,79,155,55
9591,John,Anderson,1995-01-08,Teresatown,OK,TE,74,195,19
9592,Larry,Oliver,2001-03-17,Randyside,VA,QB,69,298,61
9593,Andrew,Rodriguez,2001-05-28,Cruzberg,MD,TE,77,259,93
9594,Misty,Deleon,1999-03-19,Stacieview,TN,WR,78,243,91
9595,William,Brown,2000-04-12,Lihaven,HI,QB,68,185,16
9596,Robert,Lambert,1996-01-21,Melindaton,TX,WR,76,282,22
9597,Jenna,Miranda,1998-11-29,North Dustinview,DC,RB,72,257,38
9598,Sarah,Perkins,1994-06-15,Joelshire,AK,TE,78,242,52
9599,Tiffany,Holmes,1990-12-19,Andersonberg,CT,WR,74,298,8
9600,Julie,Sanchez,1991-07-31,North Audreyview,NH,QB,69,293,89
9601,Angel,Jones,2003-10-11,North Anthonyshire,PR,TE,73,187,5
9602,Nathan,Hill,1996-08-17,Kathleenburgh,ME,QB,71,196,36
9603,Janice,Wallace,1999-03-19,New Michellestad,UT,TE,75,192,14
9604,Jeremy,Pham,1995-03-06,Brookeport,NH,WR,73,206,2
9605,Gregory,Nelson,1986-05-05,Port Josephberg,PW,QB,75,282,5
9606,Tracy,Ward,1987-11-17,East Yvetteville,SD,TE,69,187,51
9607,Anna,Armstrong,1985-11-16,Scottburgh,KS,QB,74,281,63
9608,Nicholas,Luna,2006-11-14,East Cynthia,CT,QB,78,222,92
9609,Christy,Moreno,2003-05-26,Lake Gabrielview,RI,RB,70,217,73
9610,Ashley,Jones,2001-11-09,South Albertside,IN,WR,72,250,19
9611,Tammy,Jones,2007-03-29,Archerborough,WI,RB,74,286,66
9612,Hayley,Davis,1999-10-01,Jerryland,UT,TE,80,157,53
9613,Daniel,Montoya,1999-06-03,Morristown,NV,QB,71,258,35
9614,Anne,Garcia,2002-06-03,Brownport,FL,TE,69,268,98
9615,Rodney,Austin,1988-06-22,Smithside,WI,RB,80,248,30
9616,Juan,Mills,2002-10-25,Jacobsonshire,PA,TE,77,167,36
9617,Michael,Brennan,2007-10-12,Allenbury,MT,QB,73,199,43
9618,Billy,Carr,2005-06-30,Kimberlyview,CO,TE,72,252,50
9619,Allen,French,1993-02-25,Port Aliciaville,CO,QB,76,231,33
9620,Joseph,Hill,1992-07-18,Nicoleshire,MS,RB,74,244,60
9621,Melissa,Blake,1990-07-25,Sydneyberg,WY,RB,75,180,92
9622,Paul,Morrison,1998-07-03,Matthewview,MT,TE,80,264,10
9623,Kevin,Stevens,1999-03-10,Lake Douglas,KY,QB,77,197,73
9624,Kelly,Jackson,2004-03-27,New Amy,SD,TE,69,186,25
9625,James,Jacobson,2007-03-21,West Margaret,PW,QB,79,275,23
9626,Cynthia,Williams,1997-05-21,Brandonmouth,IL,RB,71,271,4
9627,Ashley,Brown,1996-05-21,Jonesview,MN,RB,70,174,87
9628,Cody,Anderson,1988-01-07,Wongfurt,MI,QB,70,199,58
9629,Kristina,Booker,1990-06-20,Markchester,MA,RB,70,263,73
9630,Timothy,Mccarty,2005-12-30,South Ginaview,MI,TE,70,248,0
9631,Steven,Goodwin,2001-12-28,Port Samantha,OR,TE,80,225,51
9632,Larry,Morgan,2000-03-03,Joseburgh,NH,TE,80,246,32
9633,Kimberly,Baker,2007-11-10,Kellyside,WY,TE,77,249,83
9634,Anita,Jones,1998-07-01,Bradleyshire,IN,WR,70,186,67
9635,James,Wilson,1999-04-08,East Steven,NY,RB,73,185,27
9636,Kathy,Turner,2003-06-29,Lake Crystal,AK,TE,70,245,59
9637,Abigail,Johnson,2004-01-20,Abbottburgh,AR,QB,78,281,80
9638,Briana,Kennedy,1998-09-15,Lake Danielleport,SD,RB,78,226,28
9639,Angela,Peterson,2006-05-11,Abbottside,DC,QB,68,224,28
9640,Brian,Stevenson,1992-05-21,Port Mary,IA,QB,75,229,63
9641,Juan,Lester,2008-02-15,Gregoryshire,WV,TE,72,239,77
9642,Bradley,Roberts,2004-10-06,East Lisaport,NY,QB,80,169,53
9643,Megan,Carroll,1998-06-06,Elizabethhaven,NC,TE,78,247,31
9644,James,Mcdonald,2000-12-07,Marvinton,AK,TE,72,174,61
9645,Brenda,Wade,1989-06-24,West Cassandraside,SD,WR,72,216,52
9646,Jill,Wong,1988-08-28,Johnfurt,DC,QB,70,158,53
9647,Walter,Townsend,1995-10-23,Courtneyfurt,NC,TE,77,205,84
9648,James,Rodriguez,2007-05-15,Andersonville,UT,WR,76,169,81
9649,Stanley,Oneal,2002-10-05,Lake Ethanborough,IN,TE,80,211,76
9650,Trevor,Collier,1986-02-20,East Michaelmouth,ME,TE,80,270,44
9651,Amy,Griffith,1989-01-19,Hancockchester,MN,WR,74,242,95
9652,Christopher,Jones,1995-08-29,Leeshire,OR,TE,80,227,46
9653,Kaitlyn,Shields,2002-04-21,Smithton,MN,RB,68,290,46
9654,Daniel,Weaver,1997-02-06,East Debbiechester,MN,RB,76,195,8
9655,Jennifer,Klein,1998-10-28,East John,ND,WR,69,278,96
9656,Timothy,Curtis,1989-02-04,North Jenniferhaven,MH,WR,68,226,3
9657,Danny,Knight,1986-10-02,East Barbara,MT,WR,71,215,96
9658,Donald,Wagner,1994-07-09,North Lisashire,KY,WR,70,228,92
9659,Gary,Cohen,1988-02-20,South Cynthiachester,HI,RB,69,236,41
9660,Amber,Johnson,1989-03-15,Port Ritastad,GA,QB,74,216,3
9661,John,Olsen,2003-09-28,Port Jeffrey,MO,QB,71,208,84
9662,Hannah,Williams,1987-08-22,Hornport,KY,WR,75,246,58
9663,Donald,Whitehead,1997-09-22,Juliebury,VI,TE,75,166,89
9664,Brittany,Good,2002-09-08,Williamsview,AZ,QB,71,265,52
9665,Jeffrey,Mills,2005-11-18,Hammondfurt,MS,QB,72,251,66
9666,William,Kemp,1994-08-27,Henryburgh,VI,TE,71,248,45
9667,Tabitha,Hunter,1996-11-18,New Katherineton,DC,QB,73,194,17
9668,James,Scott,2001-06-10,South Nathan,NV,RB,74,202,22
9669,Susan,Case,2002-07-18,Gentryside,MH,QB,71,294,98
9670,Gabriela,Lopez,1994-12-11,New Lisaburgh,MO,WR,76,228,66
9671,Eugene,Mathews,1987-05-31,Samanthaberg,MI,WR,68,175,82
9672,Jennifer,Guzman,2002-01-13,Martineztown,GU,TE,78,262,58
9673,Jennifer,Lopez,2001-12-12,New Katiemouth,VA,WR,69,290,30
9674,Justin,Pineda,1985-08-07,Farmerside,PA,RB,73,226,5
9675,Samuel,Arnold,1996-05-30,North Dylan,NH,TE,74,183,40
9676,Gwendolyn,Davidson,1994-10-16,West Vanessa,DC,RB,78,205,45
9677,Thomas,Davis,1994-11-11,North Mary,WA,TE,68,279,53
9678,Michelle,Mcintyre,2007-01-20,Davischester,CT,RB,77,235,77
9679,Jared,Vasquez,2004-06-17,New Beverly,WI,RB,76,232,64
9680,Michael,Johnson,1995-09-03,Jameschester,NY,TE,71,201,50
9681,Erika,Mullins,1987-02-19,New Michaelburgh,VI,QB,69,276,42
9682,Robert,Jones,1995-12-20,Davisborough,WV,QB,74,213,70
9683,Alan,Flynn,1985-11-21,West Ryanhaven,AZ,TE,68,207,53
9684,Albert,Morales,1994-02-23,Conradville,CT,TE,74,268,85
9685,Marcus,Page,2006-11-15,Ashleystad,SD,WR,75,269,50
9686,Christina,Bailey,1985-11-08,South Richardmouth,WV,QB,70,260,35
9687,Theresa,Sosa,2008-03-21,Garciaborough,SD,WR,70,196,31
9688,Zachary,Martinez,1991-03-25,Kaiserland,AS,TE,72,229,94
9689,Keith,Gill,1987-03-04,South Elizabethside,OH,QB,68,160,91
9690,Cindy,Jones,2005-07-18,North Seanburgh,MT,RB,68,293,91
9691,Ashlee,Mullins,1987-12-30,Debbieburgh,NE,RB,78,296,22
9692,Margaret,Davis,2007-08-20,North Lindahaven,GA,TE,69,180,24
9693,Dean,Robles,1987-12-05,Lake Timothy,NM,WR,79,167,13
9694,Matthew,Barrett,1999-11-11,Barronmouth,GU,TE,73,273,98
9695,John,West,2006-06-22,New Sue,NY,WR,70,199,89
9696,Lisa,Burgess,2001-01-30,Figueroamouth,FL,RB,72,201,68
9697,Scott,Nunez,2007-03-20,Michaelstad,NV,WR,76,177,18
9698,Michael,Taylor,1995-02-22,Ariaschester,ID,QB,76,227,18
9699,Nicole,Johnson,1997-06-10,Lake Jessicamouth,VT,RB,71,269,85
9700,Michael,Aguirre,1996-12-27,East James,FL,RB,73,252,28
9701,Charles,Duncan,2006-05-22,Dylanmouth,HI,RB,80,273,0
9702,Belinda,George,1992-06-04,Port Leahshire,WV,TE,71,295,27
9703,Jason,Peterson,2001-11-11,Jamesbury,CT,RB,73,161,22
9704,Michael,Hayes,1998-01-14,Smithshire,MS,WR,74,285,13
9705,Christopher,Bolton,1987-07-09,East Debra,NM,RB,72,221,84
9706,Taylor,Kennedy,2004-08-04,Rhondamouth,AZ,WR,78,277,29
9707,Kayla,Duran,2007-04-08,Stevenchester,PW,QB,71,289,19
9708,Noah,Cruz,1991-07-31,Paultown,SD,WR,68,222,18
9709,Robert,Patrick,1999-10-18,Whitneymouth,GU,TE,69,262,33
9710,Erin,Duran,2007-01-10,Lake Oscarhaven,OK,WR,71,155,42
9711,Austin,Acosta,1990-04-01,Calebland,SD,QB,77,268,94
9712,Derek,Allen,2003-12-04,Port Martha,MA,WR,78,170,27
9713,Victoria,Taylor,1994-06-11,East Matthew,GA,WR,74,176,80
9714,Brandi,Sutton,1997-05-08,Justintown,NY,TE,68,272,34
9715,William,Flowers,1998-01-06,Josehaven,PW,RB,74,211,36
9716,Julia,Stevens,1992-06-23,Thomasburgh,MN,QB,74,299,77
9717,Jason,Dunn,2006-11-25,North Zoe,IL,QB,79,171,34
9718,David,Bray,1995-02-27,Port Tammyshire,MI,TE,68,248,60
9719,Scott,Reese,1999-01-13,Grantland,NH,QB,71,234,65
9720,Bryan,Carroll,1986-10-04,Crystalberg,MP,WR,69,161,32
9721,Christopher,Ward,1986-07-08,Briggsfurt,AL,TE,76,247,54
9722,Micheal,Banks,2005-07-28,Bennettton,FL,QB,72,219,94
9723,Brittany,Torres,1996-09-28,Wrightmouth,TN,RB,75,172,67
9724,Andrew,Sparks,2005-05-02,Williamsborough,OR,RB,74,154,32
9725,Joshua,Wright,1989-02-13,New Martinview,VI,TE,73,281,74
9726,Selena,Miller,2000-11-01,Floydmouth,DC,QB,72,211,48
9727,Nicholas,Morris,1993-11-30,Lisaside,VI,RB,73,295,32
9728,Brian,Lee,1988-08-04,South Carrie,RI,QB,70,229,5
9729,Rhonda,Sexton,1997-01-14,West Travisside,OH,QB,76,168,58
9730,Kristin,Hoover,2002-12-08,Buckville,LA,QB,78,264,42
9731,Candice,Cruz,2001-11-14,North Lauren,FL,QB,74,183,68
9732,Gabrielle,Torres,1999-01-08,West Becky,WI,RB,69,162,75
9733,Courtney,Higgins,2000-12-11,Ramirezborough,ME,RB,75,150,51
9734,Laura,Lynch,1998-05-23,South Kennethshire,MA,WR,74,212,76
9735,Marvin,Davis,2004-04-05,South Stephenview,VI,WR,71,185,86
9736,Chelsea,Davis,2007-05-19,Lewisfort,GA,RB,76,289,29
9737,Christopher,Thomas,1989-09-18,North Michelleburgh,NV,QB,76,208,9
9738,Savannah,Sanders,2001-03-28,Johntown,RI,RB,80,268,53
9739,Melissa,Lozano,1998-12-24,Danielland,VT,QB,71,225,23
9740,Aaron,Mcmillan,1985-08-17,Cooperport,NC,WR,73,169,3
9741,Mackenzie,Peters,1990-08-23,Lake Robert,TX,QB,76,293,4
9742,Stephanie,Thomas,2000-12-25,Aliciamouth,NH,WR,77,252,2
9743,Andre,Rodriguez,2002-12-27,Meyerton,AZ,TE,72,195,99
9744,Ann,Castro,1988-12-14,West Sherry,PA,QB,77,230,64
9745,Susan,Harris,2004-05-29,Hansonburgh,WA,QB,80,232,34
9746,Mary,Smith,2004-10-16,Schmidtborough,AR,TE,71,243,15
9747,Aimee,Doyle,1994-04-30,South Thomas,HI,QB,78,173,78
9748,Paul,Gray,1997-04-26,Dunnside,ND,RB,71,194,32
9749,Lisa,Kent,1986-09-18,Andrewshire,WA,RB,78,251,1
9750,Benjamin,Sanders,1996-05-17,West Melanieville,MS,RB,69,290,85
9751,David,Davis,1986-04-02,East Laurieview,ID,WR,73,236,95
9752,James,Green,2005-07-02,Port Jamesberg,UT,RB,69,218,16
9753,Amber,Foster,1995-01-22,East Emma,PA,WR,79,285,68
9754,Kimberly,Gutierrez,1999-04-26,West Erica,OH,TE,74,265,92
9755,David,Carter,1992-03-19,Port Davidmouth,NH,WR,80,245,76
9756,Tonya,Adams,1999-08-15,Kington,NJ,WR,69,258,31
9757,Christopher,Williams,2001-12-16,Rollinsside,MO,TE,69,159,18
9758,Stephen,Wood,1992-11-07,Jonesberg,VI,QB,75,283,28
9759,Colin,Gutierrez,1996-06-08,North Rhonda,PA,RB,68,231,33
9760,Michael,Gould,2003-04-01,Woodstad,AZ,QB,69,171,96
9761,Jennifer,Logan,2002-06-25,Jonesland,GU,QB,74,197,44
9762,Kelly,Green,1987-03-03,New Taylorburgh,OH,TE,76,259,18
9763,Jason,Norris,1994-04-18,North Cheryl,PW,TE,68,178,29
9764,Ashley,Gutierrez,1993-08-06,North Michael,LA,WR,74,184,17
9765,Jesse,Murillo,2007-05-21,New Travis,IA,TE,70,266,7
9766,Kelly,Costa,1993-09-30,Leslietown,PA,RB,77,256,19
9767,Victoria,Lee,2002-06-16,Knoxstad,IA,WR,75,159,51
9768,Megan,Watson,2000-07-05,Johnville,KY,RB,73,175,35
9769,Anthony,Castaneda,1998-07-13,Vanessafort,MI,RB,72,279,93
9770,Lisa,Ellis,1988-08-12,Bryanland,WA,TE,78,280,9
9771,Andrew,Cobb,2007-08-28,New Douglasport,GA,TE,76,262,55
9772,Anthony,Turner,2005-12-12,South Jessicaton,ND,RB,72,168,3
9773,Thomas,Taylor,2004-09-19,South Marialand,TN,TE,80,152,31
9774,Jason,Turner,2004-06-06,Andrewfort,PA,QB,74,245,26
9775,Joseph,Martinez,1998-06-30,Mariaborough,WA,RB,79,288,5
9776,Kristin,Castaneda,1995-11-18,Christopherstad,SD,QB,70,275,67
9777,Theresa,Booth,1993-01-16,East Jennifermouth,AR,RB,69,152,81
9778,Lindsey,Leach,1996-08-30,Port Michelle,SC,TE,76,227,49
9779,Sherri,Sheppard,1997-06-04,Port Julia,FL,RB,69,220,71
9780,Nathan,Ayala,2006-06-11,Philipbury,IA,WR,74,225,94
9781,Eric,Warner,1987-09-26,Charlesland,PR,WR,72,295,16
9782,Tyler,Mckenzie,1996-02-17,East Kathleenfort,MS,WR,69,207,93
9783,Pam,Farmer,1991-02-16,Nancyhaven,PW,TE,75,243,74
9784,Stephen,Fox,2005-11-14,Lake Jessica,MD,QB,78,216,18
9785,Kiara,Phillips,1988-11-03,West Michelletown,AL,RB,71,241,47
9786,Lisa,Mason,1998-06-10,Port Melindafort,TN,WR,79,240,95
9787,David,Rodriguez,1995-01-07,East Adam,AR,WR,75,215,10
9788,Anita,Patel,1991-05-01,North Markmouth,KY,TE,69,258,34
9789,Kyle,Campbell,2005-11-18,Ashleybury,PW,RB,69,229,32
9790,Chelsea,Phillips,2003-06-29,East Phillip,FL,QB,71,295,74
9791,Joseph,Lane,1990-06-11,New Crystalberg,OK,RB,78,214,11
9792,Billy,Reyes,1991-03-02,East Jeremiah,VT,QB,79,272,2
9793,Lisa,Smith,1992-03-13,East Jenny,KY,TE,70,225,37
9794,Cassidy,Munoz,2003-02-09,Lake Tammy,IA,WR,69,257,66
9795,David,Chavez,2007-04-07,Warrenshire,TN,TE,73,261,40
9796,Jill,Anthony,2006-08-03,East Madeline,ND,WR,70,257,96
9797,Jennifer,Williams,2001-06-09,East Alyssafort,OR,RB,69,238,89
9798,Patrick,Lopez,2007-01-20,East Robertland,MO,TE,73,195,2
9799,Faith,Pham,1989-05-31,Chelseaburgh,NJ,WR,79,268,24
9800,David,Velasquez,1991-05-05,Rebeccafort,NC,WR,69,281,12
9801,Donald,Rivera,1994-12-28,Schwartzland,CT,QB,80,191,96
9802,Melissa,Anderson,1992-04-24,North Morgan,NV,QB,68,233,14
9803,Miguel,Cooper,2000-05-11,South Vickie,NY,WR,75,169,46
9804,Ashley,Johnson,1986-07-06,South Paulfort,WY,WR,78,297,11
9805,Carla,Lewis,1996-10-10,Seanshire,MH,WR,71,150,59
9806,Sonya,Bates,2006-07-04,Port Michael,TX,TE,69,178,89
9807,Kenneth,Martin,1999-02-26,East Brooke,HI,TE,68,166,5
9808,Eric,Gonzalez,1988-03-28,West Rachel,MH,QB,77,267,52
9809,Dalton,Hunt,2000-10-27,Aguilarfurt,AL,TE,76,208,71
9810,Devin,Price,2003-07-06,Tamaratown,OH,RB,70,191,35
9811,Charles,Garza,2006-05-08,New Melissa,MA,QB,79,185,82
9812,Jeffrey,Black,1999-03-17,East Richardside,MN,TE,70,268,36
9813,Angela,Martinez,1995-08-07,Denisestad,ID,RB,69,156,0
9814,Bradley,Lin,1998-05-17,Chambersfort,WV,RB,79,214,4
9815,Melissa,Scott,1986-01-25,Davidsonstad,CT,WR,79,276,9
9816,Cynthia,Ballard,1997-11-30,West Wesley,UT,WR,76,166,44
9817,Mark,Shelton,1987-12-15,Torresberg,NY,RB,80,284,76
9818,Sean,Fleming,1989-08-12,Meltonfurt,NM,WR,71,229,12
9819,Justin,Nielsen,2003-01-24,Port Randytown,NM,RB,69,236,97
9820,Colleen,Saunders,2007-04-09,Erinchester,PR,QB,71,165,97
9821,Justin,Hughes,1998-07-15,Port Elizabethview,DC,RB,75,246,98
9822,Charlene,Robinson,2005-05-06,Mariaberg,WI,WR,79,226,80
9823,Anna,Rodriguez,2000-07-17,Palmerburgh,TN,RB,75,224,19
9824,Gary,Roberts,1990-11-16,South Thomasside,FL,QB,73,221,12
9825,Christopher,Sanchez,2001-06-26,West Jeffrey,AS,TE,74,273,6
9826,Philip,Gordon,1994-05-28,South Debra,ND,TE,69,231,34
9827,Zachary,Martinez,1992-11-06,Josephbury,MS,WR,77,186,6
9828,Arthur,Pugh,1991-06-04,Port Michelleland,AR,RB,74,269,55
9829,Joshua,Clark,1985-06-14,Scottport,AL,WR,69,158,47
9830,Anne,Wyatt,2004-04-28,North Christopher,IL,QB,71,180,4
9831,Matthew,Kelly,2002-12-23,Hensonport,KS,QB,79,224,17
9832,Jessica,Williams,2005-04-22,East Ryanstad,NH,WR,80,192,29
9833,Amy,Hughes,2006-02-19,Dorothychester,ID,TE,78,156,7
9834,Charles,Garcia,2003-10-23,North Colleenton,MA,WR,72,285,46
9835,Cynthia,Walker,1989-06-06,Kevinview,KY,QB,71,228,93
9836,Joseph,Mosley,2005-07-05,Wigginsland,KS,QB,68,155,35
9837,Chad,Walsh,1987-03-24,West Carl,PR,WR,76,226,81
9838,Rebecca,Cooper,1998-12-15,North Natalieside,PW,RB,79,298,3
9839,Joseph,Stephens,2003-08-20,Smithville,KY,WR,80,209,19
9840,Elizabeth,Jones,2001-10-13,Grantbury,AR,RB,79,253,72
9841,Scott,Brewer,1994-12-09,Greenstad,NY,RB,77,241,81
9842,Zachary,Smith,1987-08-27,Brianchester,PA,RB,72,242,16
9843,Natalie,Woodard,1993-08-29,West Sonyaside,GU,TE,70,156,63
9844,Kevin,Smith,1997-02-03,Johnstonchester,NJ,WR,74,228,22
9845,Glenn,Peters,1998-09-21,West Davidburgh,WY,TE,74,281,23
9846,Jay,Dominguez,1996-08-29,North Frank,WA,QB,77,237,86
9847,Catherine,Armstrong,1999-11-17,Jonesport,TN,QB,70,182,69
9848,Rebecca,Mathis,2007-06-03,Port James,SC,RB,74,249,29
9849,Kyle,Wagner,1999-12-14,Ashleystad,PW,RB,69,300,61
9850,Yvonne,Solomon,1993-05-07,Caitlynmouth,NJ,TE,69,173,65
9851,Laura,Nelson,1991-02-28,Normaside,MT,TE,76,241,68
9852,Trevor,Fox,1997-07-06,Millerview,CA,QB,71,213,72
9853,Amanda,Petty,1996-02-26,Port Cindyfort,AS,WR,79,187,50
9854,Kathryn,Blake,1997-01-02,Wigginsport,MS,TE,68,281,33
9855,Nathaniel,Johnson,1993-10-05,Hancockshire,MO,QB,77,243,78
9856,Stephanie,Wilson,1988-10-18,Brownside,HI,WR,76,170,46
9857,Christina,Chavez,1998-05-18,Kimberlychester,NH,TE,76,248,90
9858,Adam,Aguirre,1995-01-25,Lake Amy,MT,RB,80,186,2
9859,Jamie,Mcguire,2004-09-18,West Lee,IN,RB,76,268,15
9860,Luis,Norris,1990-06-19,Wilsonmouth,NE,QB,69,229,36
9861,Lisa,Cooper,1994-04-11,West Caitlynbury,IA,TE,79,166,13
9862,Kristina,Gutierrez,1986-12-12,Jenniferville,UT,RB,71,160,91
9863,Justin,Rivera,2007-12-12,Lake John,NC,QB,71,157,56
9864,Jaclyn,Johnson,1987-07-03,North Brandiport,PA,RB,70,165,78
9865,Charles,Reed,2008-03-20,Ortizmouth,IN,RB,74,167,7
9866,Roberto,Kelly,1988-10-13,Leslieborough,WI,QB,68,209,33
9867,Frank,Collins,2002-11-14,East Shirleystad,VA,QB,78,229,82
9868,Laurie,Hanson,2005-08-30,Robertburgh,ID,RB,80,157,26
9869,Ronnie,Thompson,1992-04-29,Rodriguezshire,NY,QB,78,269,99
9870,Vicki,Miller,1997-01-22,Lake Stephanietown,MS,RB,80,285,80
9871,Emily,Rivera,2003-08-01,West Donna,MN,TE,79,278,96
9872,Virginia,Brown,1989-12-05,Elizabethfort,HI,WR,74,221,0
9873,Beth,Allen,2002-01-29,South Connorville,SC,TE,72,216,69
9874,Susan,Brown,1994-01-03,Jasminemouth,KS,WR,79,297,85
9875,Steven,Strickland,1997-10-09,Juanland,KY,QB,70,221,41
9876,Jon,Brown,2004-02-07,Vincentport,FM,RB,80,186,76
9877,Nicole,Knight,1996-11-17,Kleinhaven,PR,QB,76,242,18
9878,Cody,Jackson,1986-07-07,Port Karen,NY,WR,72,167,99
9879,Jamie,Lewis,1985-12-07,North Anne,ID,RB,78,193,12
9880,Kimberly,Brown,2006-09-14,North Kimborough,VT,RB,73,258,36
9881,Richard,Phillips,2005-02-02,Willistown,OH,QB,76,192,12
9882,Nicholas,Walker,1992-07-12,New Amber,IN,RB,71,190,64
9883,Tracy,Jenkins,1994-04-23,Bridgeston,IA,QB,75,211,33
9884,Kevin,Kelly,1990-12-29,East Patrickberg,NV,TE,74,175,41
9885,Gary,Davis,2003-02-11,Alyssafort,OK,RB,76,235,32
9886,James,Erickson,1991-02-06,Lake Christopherfort,MA,WR,73,156,6
9887,Briana,Stewart,1994-04-26,Kevinhaven,AL,QB,75,292,77
9888,Veronica,Wright,1994-05-31,South Nathanielhaven,AL,QB,74,225,2
9889,Elizabeth,Smith,1989-03-06,Alexandershire,ND,RB,70,189,90
9890,Anne,Ortiz,1993-04-29,New Mariaport,PW,TE,76,230,26
9891,Bob,Martin,1991-07-05,Fisherburgh,AS,RB,76,273,12
9892,Julie,Holland,1991-01-07,Lake Austinchester,FL,QB,78,242,9
9893,Keith,Jones,1992-08-24,Lake Erika,NH,TE,73,288,8
9894,Patricia,Roberts,1988-04-18,Barryburgh,SC,WR,79,173,34
9895,Dawn,Kelly,1987-07-21,Alejandrohaven,DE,RB,75,200,44
9896,Elizabeth,Carroll,2000-08-14,Dawnport,IL,QB,75,182,1
9897,Kenneth,Serrano,1986-01-30,South Courtneymouth,NC,WR,69,170,19
9898,Kristin,Hendricks,1986-11-06,West Gregoryton,TX,RB,68,256,92
9899,Christopher,Garrison,2006-05-15,Port Sarah,FM,RB,75,183,78
9900,Debra,Guerra,1995-07-10,Katherinefort,VT,WR,74,266,97
9901,Jeffrey,Baker,1985-07-01,Wallaceshire,OH,RB,76,162,99
9902,Manuel,Garcia,1988-12-21,New Arthurmouth,MT,TE,78,291,59
9903,Tony,Moses,1997-01-22,Thomashaven,NV,QB,78,209,12
9904,Ashley,Baker,2006-12-04,West Derektown,AZ,WR,73,164,32
9905,Chad,Davis,1985-08-09,West Tyler,RI,RB,74,291,32
9906,Victoria,Kelly,2005-12-04,Henrychester,ND,QB,72,270,92
9907,Ryan,Powers,2003-04-18,Wilsonton,SC,WR,73,300,30
9908,Joseph,Costa,1988-03-09,West Jamesburgh,HI,TE,79,276,99
9909,David,Mcintosh,2007-09-04,Jimville,CA,WR,68,166,24
9910,Erica,Black,2006-08-06,Coryview,MD,TE,74,151,32
9911,Sarah,Hansen,1994-12-27,East Isaacville,NC,QB,71,208,33
9912,Gary,Johnson,1990-08-09,Erinfurt,IL,RB,69,224,93
9913,William,Stuart,1999-10-05,North Theodoreburgh,LA,WR,76,283,99
9914,Timothy,Figueroa,2008-04-15,West Travisport,WI,QB,76,223,64
9915,Amy,Cortez,1992-08-10,Kelseyton,UT,WR,74,191,22
9916,Kimberly,Banks,1995-10-24,Lake Michaelstad,VI,TE,78,246,62
9917,Amber,Jones,1993-03-24,Lynchshire,MD,QB,77,206,4
9918,David,Tran,1998-02-21,Lindseytown,CT,TE,69,180,45
9919,Donald,Cain,2004-06-05,West Michaelmouth,MH,QB,73,163,25
9920,William,Campbell,1993-01-17,Bernardland,MD,QB,71,258,19
9921,James,Morris,1991-01-09,West Danielside,GU,WR,68,204,66
9922,Brooke,Johnson,2008-02-24,Connorland,HI,QB,73,208,55
9923,Kelsey,Watson,2006-12-07,East Kevinburgh,WA,WR,70,240,97
9924,Katherine,Christian,1992-01-29,Holthaven,ID,RB,68,215,23
9925,Leah,Smith,1997-11-09,Grantland,NM,WR,69,297,3
9926,Kathryn,Dixon,1998-10-21,South Jeffreyfurt,NM,TE,78,195,97
9927,John,Shea,1999-03-17,Jeremyview,VI,TE,72,227,62
9928,Mike,Newton,1986-06-05,Port Anita,DE,TE,72,230,40
9929,Christopher,Moore,2002-04-23,Joycemouth,MP,TE,79,264,47
9930,Jeffrey,Jackson,1986-04-16,Norrisfurt,MT,QB,68,250,81
9931,John,Romero,1987-07-17,West Joseph,AR,RB,75,215,97
9932,Ashley,Roberson,1987-04-13,Munozberg,OH,TE,70,181,94
9933,Frank,Kim,2006-12-14,Turnerhaven,LA,WR,78,224,8
9934,Steven,Henson,2001-03-20,East Zachary,FL,WR,78,293,0
9935,Todd,Jones,1997-08-05,East Johnstad,WA,TE,71,291,59
9936,Ricky,Hernandez,2004-03-21,Buchananbury,AK,TE,76,223,80
9937,Tiffany,Wu,1993-01-13,Port Gregoryville,AZ,TE,74,185,28
9938,Nicholas,Hardin,2008-01-21,South James,WI,QB,72,233,5
9939,Grace,Sanchez,1987-03-14,Bernardchester,WY,QB,73,171,86
9940,Randy,Salas,1985-07-20,Tashaville,DE,RB,74,243,21
9941,Justin,Kemp,1994-12-17,Port Joshua,NC,QB,68,202,44
9942,Crystal,Morales,2003-08-26,Jonathanmouth,MN,QB,74,230,12
9943,Amber,Walker,2003-07-26,Kimberlychester,SC,QB,73,186,68
9944,Andrew,Jones,2002-06-25,East Kathryntown,OR,QB,80,259,88
9945,Amanda,Solis,2007-03-26,East Joshua,AL,TE,68,263,49
9946,William,Tucker,1994-12-30,East Ashley,AR,QB,80,210,43
9947,Susan,Yu,1995-07-12,South Kimberly,RI,RB,69,215,22
9948,Rodney,Murphy,1996-03-14,North Marthaland,WI,RB,77,291,72
9949,Karen,Moore,1998-02-28,West Samanthahaven,FM,TE,73,278,41
9950,Cheryl,Rojas,1994-07-30,South Adamfurt,OH,TE,70,254,80
9951,Gavin,Jackson,2001-03-05,Justinchester,FL,RB,76,163,86
9952,Tyler,Norman,1985-12-18,West Emilyfort,PR,RB,80,278,4
9953,Jeremy,Ramos,2004-12-25,North Andrew,TX,QB,78,197,93
9954,Jeffrey,Meyer,1986-07-07,Port Emily,OR,TE,70,268,90
9955,Gregory,West,1989-08-14,Lake Chad,MS,WR,70,158,71
9956,Kathleen,Ponce,1998-06-06,New Patrickland,MD,RB,77,237,46
9957,Jessica,Hoover,2002-01-25,Danielville,WY,QB,68,168,76
9958,Lindsay,Porter,2005-05-07,New Jasonview,FM,RB,80,181,2
9959,Angelica,Jackson,1989-10-28,West Melissa,MD,TE,78,293,1
9960,William,Ware,2001-01-26,South Hannahtown,FM,WR,78,298,3
9961,Rachel,Floyd,1992-08-26,Petertown,MD,QB,75,279,94
9962,Thomas,Marks,2001-08-11,South Bethland,UT,RB,74,178,72
9963,Kendra,Richmond,2003-01-08,East Shawn,AZ,WR,80,163,29
9964,Gary,Juarez,1988-10-12,Ritterfort,MO,RB,70,184,27
9965,Frank,Houston,2001-06-08,West Thomasside,ME,TE,72,248,81
9966,Oscar,Jackson,1993-02-02,Tinamouth,VT,WR,68,154,47
9967,Sarah,Herrera,2002-11-18,Obrienside,CT,QB,68,216,94
9968,Heather,Shepard,1999-11-13,South Lisa,LA,RB,70,261,95
9969,Mary,Watkins,2004-09-13,Powershaven,FL,WR,69,185,72
9970,Traci,Hall,1993-08-24,Jenniferton,VT,RB,68,299,41
9971,Dustin,Barnes,1990-04-06,Port Jacobview,KY,TE,77,249,69
9972,Dawn,Banks,1987-05-16,Shawnside,MO,QB,79,182,76
9973,Kenneth,Miller,2005-05-30,Bruceburgh,DC,TE,75,156,18
9974,Diana,Knight,2001-05-28,Martinezmouth,PA,RB,68,298,80
9975,Jennifer,Anderson,2003-07-04,South Benjamin,AZ,TE,69,258,41
9976,Megan,Dickerson,1996-04-26,New Danny,OK,RB,76,255,40
9977,Tammy,Salinas,1986-06-04,North Mary,VA,QB,71,233,53
9978,Wyatt,Miller,1996-08-09,North Patriciaside,NV,WR,71,177,99
9979,Carolyn,Anderson,2003-07-12,New Jamesport,MI,RB,69,204,1
9980,Donald,Bolton,1991-05-26,Hillfort,NM,QB,79,167,94
9981,Julie,Hayes,2000-03-08,East Nancy,AZ,TE,76,289,57
9982,Bernard,Warren,1996-12-06,Lake Jocelyn,WA,WR,71,294,62
9983,Mark,Wilson,2005-02-09,Lake Melanieborough,AR,QB,74,204,42
9984,Sierra,Smith,1991-12-30,North Christopher,WV,TE,76,290,46
9985,Alicia,Grant,1999-09-29,East Davidstad,OH,QB,74,247,53
9986,Jose,Young,1992-03-22,Lisaview,VT,QB,71,236,14
9987,Ryan,Walker,1991-09-01,Hammondberg,GU,QB,74,231,60
9988,Michael,Cruz,1991-09-13,Port James,MS,TE,70,235,84
9989,Matthew,Jones,1992-05-04,East Ronaldchester,AK,QB,77,211,12
9990,Michael,Odonnell,2000-08-19,New Johnside,PA,WR,69,256,10
9991,Robert,Sutton,2000-04-13,New Travisland,ME,WR,76,166,82
9992,Mary,Arellano,1990-08-24,Lake Allenshire,NV,RB,73,254,39
9993,Tina,Goodman,1992-06-29,East Adam,DE,WR,75,279,17
9994,Jonathan,Rowe,1995-02-24,South Laurietown,TX,WR,78,158,27
9995,Benjamin,Campbell,1987-04-12,North Charlesmouth,WA,RB,74,241,64
9996,Robert,Alvarado,2003-03-25,West Toni,AS,RB,78,238,34
9997,Franklin,Clark,1997-03-31,Sanchezstad,WI,TE,69,153,19
9998,Carol,Pineda,1988-02-29,Jeremiahmouth,FL,TE,72,253,17
9999,Derek,Moore,1992-08-03,New Christina,NV,QB,80,292,85
10000,Heather,Bailey,1999-03-19,Theresashire,AK,WR,71,164,20
